"Data Source","World Development Indicators",

"Last Updated Date","2026-07-13",

"Country Name","Country Code","Indicator Name","Indicator Code","1960","1961","1962","1963","1964","1965","1966","1967","1968","1969","1970","1971","1972","1973","1974","1975","1976","1977","1978","1979","1980","1981","1982","1983","1984","1985","1986","1987","1988","1989","1990","1991","1992","1993","1994","1995","1996","1997","1998","1999","2000","2001","2002","2003","2004","2005","2006","2007","2008","2009","2010","2011","2012","2013","2014","2015","2016","2017","2018","2019","2020","2021","2022","2023","2024","2025",
"Cote d'Ivoire","CIV","Intentional homicides, male (per 100,000 male)","VC.IHR.PSRC.MA.P5","","","","","","","","","","","","","","","","","","","","","","","","","","","","","","","","","","","","","","","","","","","","","","","","","","","","","","","","","","","","","","","","","","",
"Cote d'Ivoire","CIV","Battle-related deaths (number of people)","VC.BTL.DETH","","","","","","","","","","","","","","","","","","","","","","","","","","","","","","","8","","","","","","","","","","","","661","140","47","","","","","","","98","","","","","","","","","","","","","","",
"Cote d'Ivoire","CIV","High-technology exports (current US$)","TX.VAL.TECH.CD","","","","","","","","","","","","","","","","","","","","","","","","","","","","","","","","","","","","","","","","","","","","","","","","","186084319","197108462","70492080","176346416","96850645","165475569","241143808","187852042","126579773","137431681","78786305","141805000","56250897","56851004","58387740","110019023","86358481","",
"Cote d'Ivoire","CIV","Merchandise exports to low- and middle-income economies within region (% of total merchandise exports)","TX.VAL.MRCH.WR.ZS","1.11547200991531","0.872093023255814","6","3.27719617660446","4.06815020862309","5.60782837786978","5.55555555555556","6.24591236102027","5.10594842992086","4.72223544532775","5.05620565742191","5.27380401140545","7.4222668004012","9.33689826333445","11.2525860614617","15.1072290995269","9.47316721783832","8.81736108336995","7.83667874091457","10.4191993654242","12.1884280452011","15.0833629257472","17.7080413327791","18.388033210194","13.9100499344208","14.2305876132789","14.8268641883024","17.7048438636582","20.6477534110823","21.0090706599704","33.2258514557745","31.9727710570865","32.7446004337202","25.7918691264156","25.8678226182861","22.1273735355483","19.5629673861621","27.8043482968245","27.7694114638062","25.4793237298226","31.5889861296072","30.4456131018001","30.304726297215","24.3548933677425","26.9818330413999","29.5752919007365","29.9948941173731","31.0705994260685","30.8557278000638","29.5827805499528","30.7377041886998","29.5954697035509","33.7664060084145","43.5572076709257","32.5338171999664","28.1017115149081","24.3305754284414","22.6324890629114","23.7119492818814","21.9784912873263","22.6754432551239","18.0995867384302","24.2506356305426","26.4339390906032","","",
"Cote d'Ivoire","CIV","Merchandise exports to low- and middle-income economies in South Asia (% of total merchandise exports)","TX.VAL.MRCH.R5.ZS","","","","","","","","0.0327011118378025","0.0765892264488129","","","","","0.0123782291705349","0.013318771476519","0.00538614145802849","","","","","","","","","","","","","","0.262134887973261","0.173679325327001","0.356933052185747","0.390468965791116","0.352834760543067","0.406011443992855","0.756287369963848","0.583283964528425","0.881738490231725","0.77041329423394","1.58314588921008","2.91972532005032","2.24853273724754","2.119466065541","1.70898311573265","2.0660190514766","2.01675238829969","1.54665383280334","2.60985386879331","2.01853010600173","1.4317477896175","2.97473424626333","2.6220728713276","3.43817666031464","2.07523576484492","4.70506925669722","4.78430871580625","4.2999032601164","3.46805380923945","5.38072543864554","4.9317895004718","3.44399714440886","5.47158850105932","5.92380857732003","2.96651916391991","","",
"Cote d'Ivoire","CIV","Merchandise exports to low- and middle-income economies in East Asia & Pacific (% of total merchandise exports)","TX.VAL.MRCH.R1.ZS","","","","","","0.0752728641324802","0.266134397870925","","","","","","","0.00618911458526743","0.0639301030872912","0.00628383170103324","","","","","0.278955010274554","0.943011587074034","0.708534310266498","1.47820647844705","1.09578418276943","3.7049170830513","1.55382648619033","0.205084302652415","0.290490128876303","1.89700923418457","1.63870714249108","1.85374030493268","2.3146231264271","2.23660086815326","2.7608400527704","2.4360799403955","1.83626856835574","1.6985151996445","1.93710111565181","1.74454651627341","1.73700621575901","1.90004643794186","1.92880416139619","3.32738515036513","3.04436311346972","2.63084136665825","2.8219919304214","2.3332145550504","2.28563325974699","2.80168623312916","3.88005372781956","6.197806589975","5.94546728570894","5.74204455698949","7.570165265971","6.54765256304583","9.33714649724051","12.4992219160575","14.1892528948689","14.3785736144819","16.7216496731737","18.5569155721612","16.4545286931777","16.1749586169472","","",
"Cote d'Ivoire","CIV","Merchandise exports to economies in the Arab World (% of total merchandise exports)","TX.VAL.MRCH.AL.ZS","11.6504854368932","10.2906976744186","8.64864864864865","6.00819299044151","6.01529902642559","6.62401204365826","5.38922155688623","3.69522563767168","2.55297421496043","2.08263912029324","1.32451856629503","1.30382862574026","2.03467545493624","3.89790436580143","3.59251662626639","3.34748691616471","2.27039062244196","1.69825829904526","2.48894516133639","3.76693136063044","3.76329367898343","2.67953827066318","2.38610770108165","1.49798717996696","0.970470334646958","0.952786199354742","1.25217136474256","0.478575192385061","0.542195472153314","1.28280092862151","2.23434181230105","2.34052900086601","2.07424659134591","2.47408403230419","2.12011666591242","1.9062917410473","1.29348679553997","1.80669068683431","2.05531788039921","1.74478947724061","2.24753492319899","1.67676999750869","1.64190276068665","1.85802512615973","1.70825525026689","1.36065224395121","1.76726640058968","2.52291761499534","1.89886806524426","1.67321084630807","1.59061852719005","0.807648525910133","1.81582092248357","1.44814138585701","1.39814293770481","1.17161137679906","1.61327422013452","1.35493204318009","1.20311130159465","1.37303010668107","1.05854406071766","5.64193106822082","4.57025065753895","1.42819507509203","","",
"Cote d'Ivoire","CIV","ICT goods exports (% of total goods exports)","TX.VAL.ICTG.ZS.UN","","","","","","","","","","","","","","","","","","","","","","","","","","","","","","","","","","","","","","","","","0.04","0.06","0.04","0.34","0.79","0.63","0.58","0.42","0.29","0.42","0.21","0.05","0.06","0.08","0.18","0.14","0.11","0.08","0.05","0.05","0.03","0.04","0.05","0.14","0.26","",
"Cote d'Ivoire","CIV","Export unit value index (2015 = 100)","TX.UVI.MRCH.XD.WD","","","","","","","","","","","","","","","","","","","","","59.6","48","43","41.8","46.4","50.1","55.9","53","50.1","43","42.6","42.6","48.4","39.7","42.2","50.5","53","47.6","49.3","48.4","41.4","43.7","56.2","57.7","61.5","70","76.2","87.2","108.6","94.9","109.9","124.1","109","106.1","111.9","100","96.1","87.3","94.2","92","91","105.1","115.1","123.6","178.5","",
"Cote d'Ivoire","CIV","Travel services (% of commercial service imports)","TM.VAL.TRVL.ZS.WT","","","","","","","","","","","","","","","","","","","","","","","","","","","","","","","","","","","","","","","","","","","","","","16.6169337626944","16.6433627358615","15.3365874429456","13.3691716695667","13.1371841895012","12.850234150791","14.4047644657635","13.1176096934594","12.4722519838879","13.8657590883705","13.5306045765238","13.4865915347637","12.1251416584244","12.302700038313","12.0031801459566","6.88552447698261","6.90487964975186","7.33911081232251","6.92389237378308","6.86000939949795","",
"Cote d'Ivoire","CIV","Import value index (2015 = 100)","TM.VAL.MRCH.XD.WD","","","","","","","","","","","","","","","","","","","","","","","","","","","","","","","","","","","","","","","","","","","","","","55.7","55.4","63.2","75.6","66.8","75.4","64.5","93.6","122","106.5","100","82.5","92.4","105.4","100.7","101.2","134.2","171.9","179.9","162.8","",
"Cote d'Ivoire","CIV","Merchandise imports from low- and middle-income economies in Sub-Saharan Africa (% of total merchandise imports)","TM.VAL.MRCH.R6.ZS","1.63216218537926","0.615595075239398","6.32383599722029","4.44027517198249","3.88349514563107","3.11676909569798","4.92985971943888","6.25491738788356","5.49033149171271","5.68339072506678","5.23304030519157","5.86213481000573","6.989543203082","5.84846035128978","8.984375","9.77377098547015","7.23915317813369","6.37933813591896","5.87890172179665","5.54825765005443","5.3532754567499","7.81479017090637","9.36950434870389","14.943689227034","7.51698071727269","20.3743226523134","15.8442575611233","16.644113896864","14.9667345014521","23.4667708648985","31.6314043578465","27.8268423858101","22.9843302567967","23.9218711024032","20.0682750542779","16.4431928471224","22.4881251211997","21.4075398590678","15.1202152364882","18.5563429138202","31.9424014422473","24.9892226801771","20.6821342267646","19.6411306393307","25.215934785341","29.0810875801771","32.7293376272391","31.1417675644636","35.462001718358","29.0060983746336","34.2587755685934","31.9310173351843","32.7395039345632","32.814143985988","28.043237479938","23.5054843416737","17.9645622429417","17.4118146021873","19.9789739097829","20.0657542295415","21.1900510906443","15.4712458522964","19.573404153555","19.4741955976053","","",
"Cote d'Ivoire","CIV","Merchandise imports from low- and middle-income economies in Europe & Central Asia (% of total merchandise imports)","TM.VAL.MRCH.R2.ZS","","","","","","","","","","","","","","0.0367457926067465","0.034304178470255","0.00941052473085899","","","","","","","","","","","","","","0.261399339723449","0.114760307017126","0.0688193571797836","0.0754147625321145","0.0568261038717915","0.190229538541409","0.155312468987564","0.230025068271674","","0.367408350179347","0.408522927981019","0.192018128904705","0.35814064297487","0.427969453913758","0.480616933087526","0.399833237956876","0.601102939641479","0.787593878141767","1.27310978962808","1.47799406269554","1.1784578765217","1.61154052775822","1.83341354564325","1.42625531574235","1.11842622497662","1.19712280848586","1.3857820785465","1.89176517897581","2.53039429230052","2.53784541551577","3.84026108959906","4.03819751257377","3.94726442757296","3.07102740728877","2.17378707552811","","",
"Cote d'Ivoire","CIV","Merchandise imports (current US$)","TM.VAL.MRCH.CD.WT","131000000","169000000","156000000","170000000","235000000","236000000","254000000","264000000","307000000","333000000","388000000","400000000","454000000","710000000","969000000","1127000000","1296000000","1756000000","2326000000","2491000000","2967000000","2382000000","2180000000","1839000000","1496000000","1749000000","2055000000","2370000000","2079000000","2111000000","2097000000","2103000000","2352000000","2115000000","1917000000","2931000000","2902000000","2781000000","2991000000","2898000000","2482000000","2548000000","2599000000","3279000000","4715000000","5865000000","5820000000","6683000000","7884000000","6960000000","7849000000","6720000000","9769000000","12721000000","11118000000","10406000000","8581000000","9614000000","10970000000","10483000000","10527000000","13966000000","17889000000","18842000000","17219000000","19275000000",
"Cote d'Ivoire","CIV","Insurance and financial services (% of commercial service imports)","TM.VAL.INSF.ZS.WT","","","","","","","","","","","","","","","","","","","","","","","","","","","","","","","","","","","","","","","","","","","","","","8.60264635288497","8.69050130641523","8.94499375325159","8.09269745182799","8.38142829073049","7.96910900039647","8.22891096909257","8.14355356950349","3.62991487311796","4.68302382718897","3.88337520455313","3.30342641477462","4.44117209759066","4.97394905339785","3.90150794419828","5.06027636324294","4.65181177385422","3.46478047598465","3.3356185766309","3.95385414943172","",
"Cote d'Ivoire","CIV","Agricultural raw materials imports (% of merchandise imports)","TM.VAL.AGRI.ZS.UN","","","0.911200898492463","0.846504421764664","0.77969556591052","0.650476759417987","0.846194830076337","1.09390858346966","0.629372800551652","0.620764689070903","0.550785924617683","0.628528666772806","0.706484362953653","0.610836756484374","0.732900797278814","0.567814936456831","0.45250315654476","0.523601080054512","0.327387375499065","0.378587812501976","","0.650825420885578","0.4449176052237","0.523540029789696","","1.03649895719902","","","","","","","","","","0.943353557776359","0.866892336790782","1.6861015668784","2.37642497736336","0.878246679797037","1.0578251670044","0.895287599714089","1.03011162736835","0.576385579956127","0.478966548084424","0.45791654453353","0.55607301959679","0.576714307158729","0.64026026817866","0.769777725669088","0.860116417706186","0.856716691397643","0.693188799721124","0.533241230315261","0.533886276950486","0.509914077545652","0.592362498551536","0.582782722895504","0.608491602015515","0.68007149245227","0.625208819958444","0.652556295918596","0.46355283307216","0.484519698911895","0.564590486179344","",
"Cote d'Ivoire","CIV","Tariff rate, most favored nation, simple mean, primary products (%)","TM.TAX.TCOM.SM.FN.ZS","","","","","","","","","","","","","","","","","","","","","","","","","","","","","","","","","","4.78","","","4.75","","","","","11.78","11.78","11.79","11.83","11.82","11.82","11.98","11.97","11.98","11.98","11.97","11.97","11.98","11.98","13.28","13.28","13.26","13.26","13.26","13.25","13.25","13.23","","","",
"Cote d'Ivoire","CIV","Tariff rate, most favored nation, weighted mean, all products (%)","TM.TAX.MRCH.WM.FN.ZS","","","","","","","","","","","","","","","","","","","","","","","","","","","","","","","","","","4.89","","","4.1","","","","","7.22","9.69","9.61","8.54","7.61","7.38","6.65","6.65","7.57","7.23","7.07","6.74","6.74","6.44","8.37","8.74","10.28","10.34","8.24","8.15","8.15","7.57","","","",
"Cote d'Ivoire","CIV","Bound rate, simple mean, all products (%)","TM.TAX.MRCH.BR.ZS","","","","","","","","","","","","","","","","","","","","","","","","","","","","","","","","","","","","","10.96","","","","","10.96","10.96","11.02","11.02","11.02","11.02","11.06","11.06","11.06","11.06","11.06","11.06","11.06","11.06","11.17","11.17","11.23","11.23","11.23","11.23","11.23","11.23","","","",
"Cote d'Ivoire","CIV","Tariff rate, most favored nation, simple mean, manufactured products (%)","TM.TAX.MANF.SM.FN.ZS","","","","","","","","","","","","","","","","","","","","","","","","","","","","","","","","","","4.87","","","4.82","","","","","12.04","12","12.01","12.01","12.02","12.02","11.9","11.9","11.9","11.9","11.87","11.87","11.87","11.87","11.77","11.77","11.79","11.79","11.79","11.79","11.79","11.78","","","",
"Cote d'Ivoire","CIV","Import volume index (2015 = 100)","TM.QTY.MRCH.XD.WD","","","","","","","","","","","","","","","","","","","","","","","","","","","","","","","","","","","","","","","","","","","","","","65.3","60.4","63.2","62.6","66.4","69.4","52.1","76.2","101","89.9","100","84.8","90.5","96.8","95.8","101.5","110","121.5","134","124.2","",
"Cote d'Ivoire","CIV","International tourism, expenditures for travel items (current US$)","ST.INT.TVLX.CD","","","","","","","","","","","","","","","","","","","","","","","","","","","","","","","","","","","","190000000","221000000","200000000","213000000","222000000","189000000","187000000","358000000","387000000","381000000","354000000","373000000","372000000","356000000","343000000","352000000","380000000","364000000","381000000","402000000","357000000","372000000","386500000","416000000","474000000","205000000","","","","","",
"Cote d'Ivoire","CIV","International tourism, receipts (% of total exports)","ST.INT.RCPT.XP.ZS","","","","","","","","","","","","","","","","","","","","","","","","","","","","","","","","","","","","","","","","","","","","","","1.09067506657074","1.11544451555118","1.19701655086909","1.12636181747122","1.32371042795774","1.68973204905226","1.36067599152237","1.31604360712483","1.47058428225888","1.40399855602527","1.71180659620279","4.04344459076362","3.95929255140941","4.21111668899684","3.99182051785075","1.50622739528075","","","","","",
"Cote d'Ivoire","CIV","Unmet need for contraception (% of married women ages 15-49)","SP.UWT.TFRT","","","","","","","","","","","","","","","","","","","","","","","","","","","","","","","","","","","30.4","","","","","28.9","","","","","","","","","","","","","27.1","","","","30.5","32.2815856897314","25.4552216430589","","26.2931131214908","22.3","22.3591872098161","","","",
"Cote d'Ivoire","CIV","Rural population (% of total population)","SP.RUR.TOTL.ZS","81.567484147661","80.2543511774424","78.9482812470666","77.6921264694555","76.528738957531","75.5009764322511","74.6159824860763","73.8332797712839","73.1243798138508","72.460799772958","71.8140568077862","71.1556680775161","70.4571507413285","69.6900219584043","68.825798887924","67.8077953847361","66.3289026554652","64.6862301867098","63.5999984741211","63.1382990194126","62.8174534499758","62.5305464723131","62.2656015551346","62.0325453742258","61.8159220601646","61.6043639999739","61.3865035806764","61.1509731892951","60.8882965131181","60.6074343485968","60.3154570296517","60.0126182762833","59.6996812918368","59.3774092796575","59.0465654430904","58.7079129854808","58.3622151101737","58.0102350205144","57.6527938812357","57.289309240383","56.9159934988087","56.5329850964988","56.140967852272","55.7406255849469","55.332642113342","54.917701256276","54.4964868325674","54.069682661035","53.6379725604971","53.2020403497726","52.7625698476799","52.3202448730377","51.8757492446646","51.4297667813792","50.9826855442632","50.5305105310447","50.070008965968","49.6022690345656","49.1281522243605","48.6485200228759","48.1642339176349","47.6816538043941","47.1507450323327","46.5924798361296","46.0266886059858","45.4510498549239",
"Cote d'Ivoire","CIV","Completeness of birth registration (%)","SP.REG.BRTH.ZS","","","","","","","","","","","","","","","","","","","","","","","","","","","","","","","","","","","","","","","","","","","","","","49.3","55","","","","","","65","","","","71.7","","","","","","","","","",
"Cote d'Ivoire","CIV","Completeness of birth registration, female (%)","SP.REG.BRTH.FE.ZS","","","","","","","","","","","","","","","","","","","","","","","","","","","","","","","","","","","","","","","","","","","","","","50","","","","","","","64.7","","","","70.9","","","","","","","","","",
"Cote d'Ivoire","CIV","Population, female","SP.POP.TOTL.FE.IN","1817920","1883348","1953372","2027386","2104820","2185588","2269787","2357570","2449308","2546411","2650760","2763485","2884640","3013407","3149128","3291505","3429656","3564818","3708178","3860086","4021381","4191355","4369136","4553805","4745097","4942549","5145324","5353289","5567727","5792893","6031002","6280790","6541461","6811471","7089006","7374905","7669820","7973458","8282542","8559908","8803797","9045841","9285402","9522033","9758019","9996275","10236879","10480160","10699283","10892543","11086611","11279700","11465698","11645668","11914771","12280056","12657619","13035949","13407917","13779108","14147956","14518035","14903156","15296021","15687549","16083185",
"Cote d'Ivoire","CIV","Population growth (annual %)","SP.POP.GROW","","3.64787473296497","3.7801925666292","3.84536161076973","3.861456346347","3.86506674136101","3.86679543132556","3.87050352947213","3.88775350131665","3.97214258098608","4.13771557355301","4.32704619605154","4.47886144405413","4.55201755223105","4.56850082736934","4.56278276441697","4.07249869830984","3.6720911398285","3.76833186744558","3.85896757186992","3.95073862771663","4.00453809033992","4.02401173029707","4.01367795897404","3.99320410180932","3.96138352522369","3.9107193170073","3.85686016010409","3.83036325504084","3.86725967111319","3.93204869696274","3.97333758123589","3.99092066742327","3.97762421552749","3.93475451975512","3.90104410052876","3.87367317960594","3.84212357223658","3.7715073412938","3.25878249601035","2.76729583954346","2.67539291726228","2.58396350857445","2.49227881118865","2.42497124712807","2.38748971138117","2.35559796287643","2.3271214491968","2.27477682329573","2.22245214914258","2.20359114199838","2.17265768049368","2.08872019159152","1.99427988380631","2.42493545476417","2.88906178023194","2.90076810314127","2.82237176165589","2.69696827034562","2.61916841176218","2.53019803537112","2.47398737434864","2.51622934953513","2.50384681190665","2.43618201263834","2.40496595908985",
"Cote d'Ivoire","CIV","Sex ratio at birth (male births per female births)","SP.POP.BRTH.MF","1.031","1.031","1.031","1.031","1.031","1.031","1.031","1.031","1.031","1.031","1.03","1.03","1.03","1.029","1.028","1.028","1.027","1.027","1.027","1.028","1.029","1.029","1.029","1.028","1.028","1.028","1.029","1.029","1.029","1.03","1.031","1.031","1.031","1.03","1.03","1.03","1.029","1.029","1.03","1.03","1.03","1.031","1.032","1.032","1.033","1.034","1.034","1.033","1.032","1.032","1.031","1.031","1.031","1.031","1.03","1.03","1.03","1.03","1.03","1.03","1.03","1.03","1.03","1.03","1.03","",
"Cote d'Ivoire","CIV","Population ages 75-79, female (% of female population)","SP.POP.7579.FE.5Y","0.38588046066921","0.387209373944699","0.388584358590079","0.389960370141742","0.391316029086566","0.392640332944727","0.394045784912857","0.395534468867196","0.397071336067167","0.398384235694866","0.39930050262934","0.399839333305591","0.400049988915426","0.400028937345669","0.399920231886414","0.399908248658289","0.401658358739185","0.405728988127865","0.410700349335981","0.415754931916681","0.420266125028457","0.423753127120808","0.425930893430646","0.426983588449659","0.427146167928706","0.42672313415608","0.426066422049766","0.425196507679998","0.424886133964542","0.425115740960518","0.425841379744309","0.427621366102035","0.430087407079244","0.432747965362252","0.436817235025616","0.441531081313517","0.444762690339363","0.446500125792348","0.446469185035875","0.441190489430494","0.432801916763978","0.426289851119971","0.42126878297784","0.417132537918502","0.41349068904252","0.410272826627919","0.407238397915927","0.404273408039572","0.407368418986581","0.414935226102149","0.420358413421307","0.424980293136355","0.430436089910797","0.438132856005647","0.440214083846009","0.436211365811361","0.433766430865332","0.432703441843781","0.432837554110754","0.434088331407229","0.435465730880136","0.436271162040868","0.437145647635117","0.439009596025005","0.442137250307959","0.446124307899079",
"Cote d'Ivoire","CIV","Population ages 65 and above, total","SP.POP.65UP.TO","88678","92475","96477","100627","104896","109291","113827","118516","123391","128560","134149","140204","146690","153514","160607","167991","174729","180944","187687","194893","202472","210320","218370","226600","235406","244814","254435","264249","274313","285602","298300","311646","325564","339928","354565","369269","383904","398373","412212","422693","430009","436837","443262","449000","453985","458442","462368","465952","477035","496652","518575","543353","571578","604529","626492","636194","648878","664046","681553","701561","721753","743222","769851","800410","833154","867987",
"Cote d'Ivoire","CIV","Population ages 65 and above, female","SP.POP.65UP.FE.IN","46923","48669","50505","52417","54396","56446","58576","60787","63086","65507","68083","70831","73746","76811","80021","83385","86718","90094","93775","97727","101916","106287","110782","115378","120272","125457","130726","136069","141546","147391","153646","160179","166963","173932","180991","188042","195017","201857","208309","213165","216554","219655","222484","224840","226717","228325","229611","230662","235614","245164","256249","269136","284083","301639","313305","318265","324599","332143","340858","350863","361471","372837","386535","402494","419849","438442",
"Cote d'Ivoire","CIV","Population ages 60-64, female (% of female population)","SP.POP.6064.FE.5Y","1.7513417115875","1.74431384959126","1.73658633977902","1.72855631057833","1.72033672230007","1.71201068087856","1.70355191918889","1.69473264733023","1.68578226993094","1.67669319681701","1.66718192760153","1.65727333421386","1.64706889717069","1.63691794702806","1.62706946176846","1.61774021306363","1.61003027708901","1.6028307756525","1.59458364727907","1.5912208184972","1.59177924098453","1.59039241600957","1.58748777790392","1.58369758915896","1.57506790693636","1.56224045527925","1.54987309352403","1.53786751118168","1.52515559760743","1.51385499438709","1.50353966915777","1.49125348881271","1.47717000835135","1.46132909186056","1.44331941600839","1.42207245909795","1.39770546129469","1.37060356999435","1.33958262212358","1.30547547940936","1.26898094475491","1.23007364545064","1.18995925001416","1.15022174622679","1.1137096576672","1.08171793993262","1.05210294329468","1.02289468863071","1.01964776518202","1.05572679145142","1.11401947421171","1.18564772049114","1.2663032493226","1.35004272189269","1.39518417936862","1.40667925292849","1.42408700341221","1.44585561051213","1.4727306262412","1.50528974734794","1.5382999494768","1.56740564408338","1.59492051230892","1.62264094694954","1.64812547683116","1.66945472338176",
"Cote d'Ivoire","CIV","Population ages 50-54, female (% of female population)","SP.POP.5054.FE.5Y","2.91599660161157","2.90472074199776","2.89302219622729","2.88134644348596","2.86986467492121","2.85891027952203","2.8487915385893","2.8393436545561","2.83041169179213","2.83281057142779","2.84522121104491","2.85610379647438","2.86538404538938","2.87344192138666","2.87241420482114","2.86359887042553","2.85283713585269","2.83649824479118","2.81434709984256","2.78601269686573","2.75121938846622","2.71136628711165","2.6678157878354","2.62166473970669","2.57308754699851","2.52182628841919","2.46900851442897","2.41531865594043","2.35720070326724","2.29800550433091","2.23775437628394","2.17167744821909","2.10223679389054","2.03393672482322","1.97120724682699","1.91380079378644","1.85917649572112","1.80410431709805","1.7429189165042","1.69765843277755","1.6849889703834","1.69375637344037","1.72198791177808","1.7731349086306","1.83258507695056","1.88795326259031","1.94530979341017","2.00733099494664","2.10043046809772","2.21895372738241","2.33134825111787","2.43356660343656","2.52084533016853","2.59107495632389","2.62830061945798","2.63904333986751","2.64686836627285","2.65483548608544","2.66280362564894","2.67134853722026","2.68456800402828","2.70552109841311","2.7386111123506","2.78745694713677","2.85073522795896","2.92878236093217",
"Cote d'Ivoire","CIV","Population ages 40-44, female (% of female population)","SP.POP.4044.FE.5Y","4.44153085902271","4.47248729390426","4.50149677032926","4.52864045836374","4.53988831826752","4.53681114647408","4.53408183234814","4.53131922515964","4.5281565242101","4.52462308716071","4.5209855813077","4.51723096018252","4.51257427487906","4.50548166908751","4.49435526279021","4.47866553445916","4.44153874324422","4.37475349372675","4.2864716850162","4.17542456626296","4.04318865126043","3.89594726574732","3.74092269043582","3.58819712306522","3.44679992843139","3.3185811612591","3.20074078904061","3.08786774935299","2.96362411447257","2.8743582869561","2.84978373823983","2.85796850396208","2.89561460352664","2.9691606239798","3.05361569732061","3.12678582796756","3.19947513765153","3.27584970034331","3.35472471164501","3.44568539755334","3.54823058438482","3.64874330914855","3.74186276480006","3.82383657860477","3.89322361434221","3.9466301197196","3.98308918094515","4.00882238439108","4.03606951979866","4.06226516332021","4.07909613131985","4.09223667704978","4.10683693687192","4.12617790039275","4.17155730479419","4.25258239864704","4.35682273091103","4.47746075103546","4.61092129374011","4.75258267806595","4.89403204250847","5.03353587451745","5.17625242679294","5.31840600898757","5.44297884127792","5.54454215553256",
"Cote d'Ivoire","CIV","Population ages 30-34, female (% of female population)","SP.POP.3034.FE.5Y","6.60048115415388","6.60716978487247","6.61269163971541","6.61324646940604","6.60564641973033","6.58847870687431","6.56425030190057","6.53490809072649","6.49775365123537","6.45174718456683","6.39991806125072","6.34486888837826","6.28707677337151","6.22977579862262","6.17824997904182","6.13088845376203","6.03524085214377","5.8746196860541","5.67231400434391","5.48049894736815","5.34843693602234","5.26295132922989","5.22563271090669","5.25247567693391","5.30685674075788","5.35681082777328","5.42188349830997","5.50869703571981","5.60669551506387","5.72470439208872","5.85982278399367","5.98787732116501","6.10055612958634","6.19392684736725","6.26633691662837","6.31170121434099","6.33104125448568","6.3353190046276","6.33571756498684","6.35539540845533","6.39187309702127","6.43110499239954","6.47782939284697","6.53437629682777","6.59907507866094","6.66178151361382","6.71170904294703","6.73246877910261","6.73151649507729","6.74493978380715","6.80010811239377","6.91887226251019","7.12330409903104","7.41376933406614","7.62784278438923","7.72089720112026","7.78973153599155","7.82060439174778","7.81287652660738","7.769407134337","7.69299819705405","7.58944994966605","7.46227149932969","7.31128703340561","7.1226643778877","6.90381578947777",
"Cote d'Ivoire","CIV","Population ages 20-24, female (% of female population)","SP.POP.2024.FE.5Y","8.71228967383337","8.62764077589484","8.53255075516831","8.434163113034","8.34349057318664","8.25869285519503","8.16677952600839","8.04954000295644","7.8791642374091","7.73414032534418","7.68890663641623","7.70691717161483","7.77104036743586","7.88720209384262","7.9867347405377","8.02003946522943","8.00968085428976","8.00869777924147","8.06575358572323","8.17445412168872","8.33049744981854","8.52150336567728","8.72235380175852","8.91452312955869","9.08329165873743","9.21225060186556","9.29572080439242","9.34106963578189","9.37589971634744","9.37798264183371","9.35737621686879","9.37203759399693","9.42985060982554","9.53448304591498","9.68119507868945","9.85100080265435","10.023109406537","10.1690132436892","10.2500107907687","10.2105186177235","10.0668103811804","9.88124873526125","9.68274717669736","9.50342697282046","9.35644827090417","9.24676441974635","9.18076735989393","9.15757488435291","9.33068599082761","9.64732433705681","9.89024553536899","10.033454348673","10.0631252481587","9.96705341561113","9.72027913922978","9.39525845810475","9.07653758090434","8.76980647899129","8.52378486531502","8.37204411199912","8.2843769092864","8.24985268323158","8.28574134613697","8.36037685879223","8.46513982314446","8.63409179729973",
"Cote d'Ivoire","CIV","Population ages 15-64, male","SP.POP.1564.MA.IN","1033440","1072901","1114467","1155881","1196891","1239416","1283846","1329760","1377553","1429369","1488112","1554978","1629101","1707847","1789192","1873178","1938492","1986776","2041522","2102778","2170023","2242500","2319644","2400994","2486153","2575098","2668018","2765056","2868496","2980808","3102509","3233820","3373676","3519985","3672419","3831078","3995200","4164325","4335778","4482732","4602899","4720287","4836853","4952212","5067717","5185735","5306880","5431338","5622510","5874457","6117753","6350627","6571963","6786800","6982876","7168277","7367046","7572088","7781859","7996217","8211428","8438720","8692084","8961959","9236759","9518107",
"Cote d'Ivoire","CIV","Population ages 15-19, female (% of female population)","SP.POP.1519.FE.5Y","9.62170787996505","9.52970454743362","9.40811340386946","9.21859705517278","9.05086680788219","8.99037238491426","8.99320068358837","9.04722002893234","9.17426473109956","9.29734045289626","9.35241037430579","9.38069140957885","9.4002387473374","9.41021242732893","9.4110972942351","9.41791065181429","9.4593160363605","9.55440081373018","9.69941302709848","9.87328910893577","10.0433296476173","10.1892335307754","10.3094067110751","10.4041455442207","10.4768775011343","10.5359198259845","10.5919364269445","10.6521887149948","10.7434865251116","10.8606615036736","10.9945586980869","11.1537561357727","11.3063733010103","11.4114125576849","11.4664735789475","11.4868793912003","11.4749751966164","11.446244527782","11.4162106623661","11.32550723676","11.1976350203006","11.1160593645223","11.0825465607197","11.0848591322431","11.1073210658844","11.1407699368015","11.1770839128353","11.2081972030961","11.2615303287146","11.2702877890733","11.1453541188265","10.8952414911408","10.5320282520972","10.1029966635234","9.79216050396604","9.64736642894788","9.57003483712201","9.56967152909236","9.62070767592013","9.6710178917242","9.74698748002892","9.90580336801778","10.1188295244702","10.3339587465263","10.5623029269167","10.7707953750829",
"Cote d'Ivoire","CIV","Population ages 05-09, female (% of female population)","SP.POP.0509.FE.5Y","14.0383476615177","14.110695421133","14.1680862201142","14.2203098522703","14.2730698413475","14.3463223626777","14.446509738579","14.5611826077662","14.6864134686205","14.8117095001553","14.9102493416512","14.9713495821399","15.007646536075","15.026662511901","15.0363846753768","15.0453667851029","15.1104950467336","15.2354482052099","15.3848601658281","15.5599492394795","15.7449786211476","15.9276157796684","16.0756039638043","16.1419626005066","16.1337797731005","16.0860721866389","16.0104965197044","15.9304106381693","15.878840683101","15.8475739151405","15.8115696041528","15.7667506794527","15.7171540119249","15.6540500322214","15.5722748718226","15.4856831724827","15.397244303175","15.2967884197797","15.1887901571287","15.1013305283188","15.0441346525899","15.01352472443","15.0247506785382","15.0943335790617","15.2141894784177","15.3527488989649","15.4781948423047","15.5622767209661","15.3555990621054","14.8877303083527","14.4488480045366","14.1179470250958","13.9428674095056","13.9204675111609","14.0450538243664","14.2008350776251","14.2381641538651","14.1465995302682","14.0340889640054","14.0763429679193","14.2163115293828","14.3232744651738","14.4068942710224","14.3960151466842","14.1772875362083","13.8435137740593",
"Cote d'Ivoire","CIV","Population ages 0-14, male","SP.POP.0014.MA.IN","780551","810096","843128","880585","921742","964528","1008635","1054685","1102854","1153388","1206630","1263033","1323030","1386987","1455150","1527009","1601799","1679506","1759519","1842238","1928754","2018708","2111568","2206723","2304132","2403479","2503866","2604950","2706199","2807859","2911614","3017793","3126572","3238499","3352202","3468356","3588406","3712871","3841725","3963767","4078853","4195603","4311739","4427138","4541995","4656331","4770286","4883771","4951225","4979452","5021375","5077456","5141921","5204416","5316561","5480079","5640460","5793433","5933702","6066986","6195783","6312596","6416446","6509759","6596617","6680710",
"Cote d'Ivoire","CIV","Population ages 00-04, female (% of female population)","SP.POP.0004.FE.5Y","19.3592899139429","19.4459016602349","19.5390024176136","19.6417750842156","19.7521831434082","19.8463068062233","19.9136526907591","19.966579988416","20.0052627109371","20.0264018652134","20.029119945012","20.0221278566737","20.0184806455018","20.0362413706479","20.0842106132237","20.1504327047961","20.275007172731","20.4119116319543","20.4492340982553","20.3985972853199","20.300242665423","20.1667694377153","20.0289942908621","19.9264241661643","19.8546520756056","19.7870066639704","19.7132367453209","19.6347778314623","19.5382604068051","19.4036382166907","19.2492490675056","19.0914518715002","18.9201922934341","18.7411147123077","18.5555633610692","18.374655783725","18.2195854518368","18.1050492772396","18.0510573896844","18.079248047993","18.1580639670624","18.2274494006389","18.2569047629817","18.2286273199942","18.1475000202398","18.0277953537693","17.8869027311402","17.7407072029435","17.4799563671697","17.1906084194201","17.0377321364361","16.9429469286837","16.8109484835092","16.6201923058346","16.5821777019466","16.6702334256456","16.7077756372575","16.7343397860793","16.6689538725516","16.3686720504695","15.9465437975634","15.5591579714472","15.203557716112","14.9081646789057","14.6699361809185","14.4535763763963",
"Cote d'Ivoire","CIV","Female headed households (% of households with a female head)","SP.HOU.FEMA.ZS","","","","","","","","","","","","","","","","","","","","","","","","","","","","","","","","","","","15.1","","","","","14.4","","","","","","18.4","","","","","","","18","","","","","","","","","19.4","","","","",
"Cote d'Ivoire","CIV","Fertility rate, total (births per woman)","SP.DYN.TFRT.IN","7.691","7.72","7.75","7.781","7.811","7.841","7.868","7.893","7.912","7.927","7.936","7.941","7.942","7.939","7.929","7.91","7.877","7.828","7.669","7.625","7.586","7.539","7.488","7.417","7.352","7.273","7.187","7.09","6.969","6.85","6.719","6.585","6.426","6.27","6.128","6.038","5.954","5.902","5.854","5.805","5.773","5.704","5.641","5.572","5.527","5.499","5.448","5.403","5.357","5.332","5.292","5.244","5.19","5.135","5.071","4.97","4.873","4.757","4.596","4.523","4.461","4.411","4.349","4.283","4.23","",
"Cote d'Ivoire","CIV","Mortality rate, infant, male (per 1,000 live births)","SP.DYN.IMRT.MA.IN","229.6","224.1","218.7","213.2","207.6","202.2","197","191.9","186.9","181.9","176.6","171.2","165.6","159.7","153.5","147.3","141.4","136","131.1","126.8","123.2","120.1","117.4","115.3","113.6","112.3","111.5","110.7","110.3","110.2","110","109.7","109.3","108.8","108.3","107.6","106.6","105.3","103.8","102.3","100.4","98.4","96.2","93.9","91.6","89","86.9","84.3","81.5","79.2","76.9","74.7","72.4","70.1","67.7","65.6","63.9","62.1","60.1","58.2","56.5","54.8","53.3","51.9","50.4","",
"Cote d'Ivoire","CIV","Contraceptive prevalence, any modern method (% of married women ages 15-49)","SP.DYN.CONM.ZS","","","","","","","","","","","","","","","","","","","","","","0.5","","","","","","","","","","","","","4.3","","","","","7.3","","","","","","","11.03054163","","","","","","12.5","","","","14.26224067","18.1493700227853","17.8054614269233","","19.6160696852909","17.9","25.151765242875","","","",
"Cote d'Ivoire","CIV","Mortality rate, adult, female (per 1,000 female adults)","SP.DYN.AMRT.FE","428.007","423.799","417.965","412.189","408.015","402.286","396.579","392.442","386.516","380.595","375.141","369.366","363.177","355.623","348.277","341.047","333.169","325.375","318.058","311.915","306.688","302.868","300.616","297.288","294.395","293.6","293.199","292.659","296.73","302.569","311.09","318.792","328.013","336.792","350.017","362.459","373.93","385.088","409.058","413.392","415.409","425.035","431.742","445.008","436.068","426.872","425.85","414.908","396.369","385.497","376.955","363.207","353.604","346.136","336.396","327.799","317.061","307.812","299.761","291.241","292.938","303.065","270.388","264.408","262.252","",
"Cote d'Ivoire","CIV","Consumption of iodized salt (% of households)","SN.ITK.SALT.ZS","","","","","","","","","","","","","","","","","","","","","","","","","","","","","","","","","","","","","","","","","68.8","","","","","","","","","","","","81.8","","","","79.7","","","","","","","","","",
"Cote d'Ivoire","CIV","International migrant stock, total","SM.POP.TOTL","","","","","","","","","","","","","","","","","","","","","","","","","","","","","","","1822374","","","","","1992981","","","","","2157339","","","","","2308068","","","","","2458796","","","","","2609525","","","","","2760255","","","","2880839","",
"Cote d'Ivoire","CIV","Refugees under the mandate of the UNHCR by country or territory of asylum","SM.POP.RHCR.EA","","","","","","","","","","12000","","300","","","","300000","500070","","","","","","","450","650","810","880","800","800","480","272281","230290","174076","251578","360106","297908","327696","208509","151187","138433","120694","126239","44751","75967","72084","41624","27279","24640","24802","24598","26213","24212","3972","2970","1918","1972","1397","1559","1808","2020","2086","4349","2251","2370","2377","74630",
"Cote d'Ivoire","CIV","Internally displaced people (IDP) by country or territory of asylum / origin","SM.POP.IDPC","","","","","","","","","","","","","","","","","","","","","","","","","","","","","","","","","","","","","","","","","","","","","","","","","","342000","522000","247000","80000","80000","301000","303000","301000","302000","302000","302000","308000","302000","302000","","","",
"Cote d'Ivoire","CIV","Children in employment, wage workers (% of children in employment, ages 7-14)","SL.WAG.0714.ZS","","","","","","","","","","","","","","","","","","","","","","","","","","","","","","","","","","","","","","","","","","","","","","","2.4","","","","","","5.48","","","","","","","","","","","","","",
"Cote d'Ivoire","CIV","Unemployment, total (% of total labor force) (national estimate)","SL.UEM.TOTL.NE.ZS","","","","","","","","","","","","","","","","","","","","","","","","","","","","","","","","","6.7","","","4.1","","","2.857","","","","","","","","","","","","","","7.223","4.255","","","1.896","3.272","","2.401","","","2.31","","","",
"Cote d'Ivoire","CIV","Prevalence of stunting, height for age (% of children under 5)","SH.STA.STNT.ZS","","","","","","","","","","","","","","","","","","","","","","","","","","","19.6","","","","","","","","30.9","","","","31.2","","","","","","","","","39","","","","27.2","29.9","","","","21.6","","","","","23.4","","","","",
"Cote d'Ivoire","CIV","Prevalence of stunting, height for age, male (% of children under 5)","SH.STA.STNT.MA.ZS","","","","","","","","","","","","","","","","","","","","","","","","","","","22.7","","","","","","","","33.7","","","","31.7","","","","","","","","","40.1","","","","30.7","32.7","","","","23.3","","","","","24.3","","","","",
"Cote d'Ivoire","CIV","People using safely managed sanitation services, rural (% of rural population)","SH.STA.SMSS.RU.ZS","","","","","","","","","","","","","","","","","","","","","","","","","","","","","","","","","","","","","","","","","5.6277900011267","6.16668760784815","6.700021310234","7.23335501262003","7.76668871500587","8.35742003797291","8.95755918466761","9.56710615509015","10.1860609492408","10.814423567119","11.4521940087253","12.0993722740592","12.755958363121","13.4219522759109","14.0973540124283","14.7821635726739","15.4763809566471","16.1800061643481","16.8930391957772","17.615480050934","18.3473287298187","19.0885852324312","19.8392495587714","20.5993217088398","21.203798038577","",
"Cote d'Ivoire","CIV","Prevalence of overweight, weight for height (% of children under 5)","SH.STA.OWGH.ZS","","","","","","","","","","","","","","","","","","","","","","","","","","","5.8","","","","","","","","2.7","","","","4.6","","","","","","","","","4.9","","","","1.6","3.2","","","","1.5","","","","","3.4","","","","",
"Cote d'Ivoire","CIV","Prevalence of overweight, weight for height, male (% of children under 5)","SH.STA.OWGH.MA.ZS","","","","","","","","","","","","","","","","","","","","","","","","","","","5.9","","","","","","","","2.4","","","","5.2","","","","","","","","","5","","","","1.9","3.5","","","","1.8","","","","","3.8","","","","",
"Cote d'Ivoire","CIV","People practicing open defecation (% of population)","SH.STA.ODFC.ZS","","","","","","","","","","","","","","","","","","","","","","","","","","","","","","","","","","","","","","","","","38.1705180717979","37.1710728695869","36.1802292333804","35.1985776828354","34.2256427917453","33.2629688638099","32.3095650332623","31.365464339424","30.4307002057202","29.5061948139995","28.5910535093175","27.6853086565929","26.7894038453444","25.9033380974425","25.0271112047906","24.1573772340895","23.2951720645301","22.4403930668268","21.5933193214765","20.7545588138758","19.9243569950964","19.1029560720673","18.2906015881025","17.4875420061576","16.6940217986522","",
"Cote d'Ivoire","CIV","Maternal mortality ratio (modeled estimate, per 100,000 live births)","SH.STA.MMRT","","","","","","","","","","","","","","","","","","","","","","","","","","766","735","697","671","645","619","584","546","503","463","421","381","364","380","381","378","405","427","451","456","492","544","567","562","588","592","569","566","544","522","505","488","465","449","429","447","459","409","359","","",
"Cote d'Ivoire","CIV","People with basic handwashing facilities including soap and water (% of population)","SH.STA.HYGN.ZS","","","","","","","","","","","","","","","","","","","","","","","","","","","","","","","","","","","","","","","","","","","","","","","14.7720643249709","14.844236480288","14.9165805480634","14.9887510471691","15.0610955072972","15.7022177112253","16.3459048329598","16.9921567950614","17.6409733639744","18.2940408754313","18.9510629068939","19.6122945168208","20.277810382705","20.9474827295716","21.621375753275","21.7174578527421","21.8149594173187","21.9138797297194","22.0142183393504","",
"Cote d'Ivoire","CIV","Diabetes prevalence (% of population ages 20 to 79)","SH.STA.DIAB.ZS","","","","","","","","","","","","","","","","","","","","","","","","","","","","","","","","","","","","","","","","","","","","","","","","","","","","4.9","","","","","","","","","","","","","5","",
"Cote d'Ivoire","CIV","People using at least basic sanitation services (% of population)","SH.STA.BASS.ZS","","","","","","","","","","","","","","","","","","","","","","","","","","","","","","","","","","","","","","","","","20.0416175559052","20.7171311612942","21.3928455958678","22.0684596804749","22.7442737383766","23.5549453716697","24.3743169320385","25.2023258965762","26.0389018909406","26.8833706227341","27.736273942075","28.5975387967836","29.4667970282772","30.3439798658214","31.2290182892459","32.1245714539308","33.0299664803717","33.945429522791","34.8708875943719","35.8059580233634","36.7505613601134","37.704616869195","38.6680398290793","39.6407426651959","40.4070687976128","",
"Cote d'Ivoire","CIV","Pregnant women receiving prenatal care (%)","SH.STA.ANVC.ZS","","","","","","","","","","","","","","","","","","","","","","","","","","","","","","","","","","","83.2","","","","","85.5","87.6","","","","","87.3","84.8","","","","","","90.6","","","","93.2","","","","","","","","","",
"Cote d'Ivoire","CIV","Number of surgical procedures (per 100,000 population)","SH.SGR.PROC.P5","","","","","","","","","","","","","","","","","","","","","","","","","","","","","","","","","","","","","","","","","","","","","","","","","","","","","","","","","","","","","","","","","","",
"Cote d'Ivoire","CIV","Prevalence of current tobacco use, females (% of female adults)","SH.PRV.SMOK.FE","","","","","","","","","","","","","","","","","","","","","","","","","","","","","","","","","","","","","","","","","2.9","","","","","2.4","","2.3","","","2.1","","","","","1.7","","","","","1.5","","1.4","1.4","1.3","",
"Cote d'Ivoire","CIV","Lifetime risk of maternal death (1 in: rate varies by country)","SH.MMR.RISK","","","","","","","","","","","","","","","","","","","","","","","","","","19","20","21","22","23","24","26","29","32","36","40","45","47","46","46","46","44","42","41","41","38","35","34","34","33","33","34","34","36","38","40","42","45","49","52","51","50","58","67","","",
"Cote d'Ivoire","CIV","Incidence of malaria (per 1,000 population at risk)","SH.MLR.INCD.P3","","","","","","","","","","","","","","","","","","","","","","","","","","","","","","","","","","","","","","","","","490.52","502.24","506.32","509.61","500.36","466.34","425.61","391.51","392.97","426.16","458.12","461.58","375.19","287.39","243.25","242.12","258.1","268.54","280.22","292.76","295.66","283.64","280.87","269.25","267.95","",
"Cote d'Ivoire","CIV","Community health workers (per 1,000 people)","SH.MED.CMHW.P3","","","","","","","","","","","","","","","","","","","","","","","","","","","","","","","","","","","","","","","","","","","","","","","","","","","","","","","","","","","","","","","","","","",
"Cote d'Ivoire","CIV","Immunization, HepB3 (% of one-year-old children)","SH.IMM.HEPB","","","","","","","","","","","","","","","","","","","","","","","","","","","","","","","","","","","","","","","","","","10","48","63","67","77","77","76","74","81","79","62","82","75","73","79","87","83","83","79","72","73","73","79","77","",
"Cote d'Ivoire","CIV","Young people (ages 15-24) newly infected with HIV","SH.HIV.INCD.YG","","","","","","","","","","","","","","","","","","","","","","","","","","","","","","","20000","22000","23000","23000","22000","21000","19000","17000","16000","15000","13000","12000","10000","9200","8800","7900","7300","6800","5500","5500","5200","4600","4100","3800","3200","3300","3200","2800","2500","2300","2200","2200","2000","1900","1800","",
"Cote d'Ivoire","CIV","Adults (ages 15-49) newly infected with HIV","SH.HIV.INCD","","","","","","","","","","","","","","","","","","","","","","","","","","","","","","","64000","71000","73000","71000","68000","62000","57000","51000","47000","46000","39000","36000","33000","29000","28000","25000","24000","22000","18000","18000","17000","15000","14000","13000","11000","12000","12000","10000","9500","8500","8200","8200","7300","7000","6300","",
"Cote d'Ivoire","CIV","Children (0-14) living with HIV","SH.HIV.0014","","","","","","","","","","","","","","","","","","","","","","","","","","","","","","","23000","30000","36000","43000","50000","57000","64000","70000","76000","81000","85000","87000","89000","89000","89000","87000","85000","82000","76000","69000","63000","58000","52000","47000","43000","39000","36000","33000","30000","28000","25000","23000","20000","19000","17000","",
"Cote d'Ivoire","CIV","People using at least basic drinking water services (% of population)","SH.H2O.BASW.ZS","","","","","","","","","","","","","","","","","","","","","","","","","","","","","","","","","","","","","","","","","68.7946138845833","69.1799896467784","69.5630827839749","69.9435023946029","70.3215551742465","70.6961620276826","71.0679891332651","71.4370073419778","71.8031717766337","72.1658002425728","72.5255308385242","72.8823142494903","73.2358134121721","73.5860051813631","73.932866465233","74.2789991723986","74.623678155198","74.9670485097416","75.3089683562102","75.6490184756229","75.9870680852305","76.3229847618577","76.6566348508061","76.9878854497263","77.2470593822361","",
"Cote d'Ivoire","CIV","Mortality rate, neonatal (per 1,000 live births)","SH.DYN.NMRT","90.4","88.9","87.4","86.1","84.9","83.7","82.6","81.5","80.3","79","77.4","75.6","73.4","70.9","68.4","65.9","63.4","61.3","59.4","57.9","56.5","55.3","54.2","53.3","52.5","51.6","50.8","50","49.1","48.3","47.6","47.1","46.5","45.9","45.3","44.5","43.7","42.8","42","41.3","40.7","40.2","39.7","39.2","38.7","38.2","37.7","37.1","36.5","36","35.3","34.7","34.1","33.4","32.8","32.2","31.7","31.1","30.6","30","29.5","29","28.5","27.9","27.4","",
"Cote d'Ivoire","CIV","Mortality rate, under-5, male (per 1,000 live births)","SH.DYN.MORT.MA","341.3","332.9","325.2","316.9","308.7","300.9","293.2","285.7","278.1","270.5","262.8","254.5","246.4","237.3","228.2","219.1","210.3","202.3","194.8","188.3","183","178.3","174.4","171.2","168.7","166.8","165.6","164.9","164.8","165.1","165.5","165.7","165.7","165.5","165","163.9","162.4","160.4","157.7","154.9","151.7","148.1","144.3","140.3","136.3","132.2","128.3","124.3","119.7","115.6","111.6","108.3","104.9","101.3","97.7","94.2","91.5","88.8","85.9","83","80.6","78.1","75.9","73.5","71.3","",
"Cote d'Ivoire","CIV","Women's share of population ages 15+ living with HIV (%)","SH.DYN.AIDS.FE.ZS","","","","","","","","","","","","","","","","","","","","","","","","","","","","","","","55.0008482645341","55.7879907561526","56.4648503455549","57.0711245031904","57.6091932838966","58.109086586186","58.5808618169217","59.0187658134817","59.4167351308493","59.7330403621899","60.0453599015588","60.3452059906808","60.63118338503","60.904403571299","61.1617544588871","61.4357695871533","61.7197245902922","62.0060060040245","61.9042331012794","61.8530796073894","61.8528442130892","61.895823483788","61.9811101898878","62.0992722845575","62.6967802236493","63.3467589750653","64.023691782981","64.7069050395832","65.3412591057407","65.8788623352372","66.3659974341898","66.836667732552","67.277098714098","67.6946294926539","68.0661991857884","",
"Cote d'Ivoire","CIV","Probability of dying among children ages 5-9 years (per 1,000)","SH.DYN.0509","","","","","","","","","","","","","","","","","","","","","","","","","","","","","","","17.9","17.6","17.2","16.9","16.5","16.2","15.9","15.5","15.2","14.9","14.7","14.4","14.2","14","13.8","13.6","13.4","13.2","13.1","12.9","12.6","12.4","12.1","11.8","11.5","11.1","10.8","10.4","10.1","9.7","9.4","9.1","8.8","8.5","8.2","",
"Cote d'Ivoire","CIV","Number of under-five deaths","SH.DTH.MORT","","60104","60775","61454","62160","62821","63434","64011","64557","65007","65407","65755","66042","66321","66537","66545","66505","66170","65426","64994","65140","65526","66264","67324","68778","70540","72494","74757","77117","79651","82524","85424","88100","90485","92501","94664","96910","99057","101119","102929","104091","104328","103693","102418","100769","98912","97164","95145","92428","90870","89857","89011","87900","86344","84411","82177","80227","78058","75159","72390","70405","68531","66846","65219","63784","",
"Cote d'Ivoire","CIV","Number of deaths ages 20-24 years","SH.DTH.2024","","","","","","","","","","","","","","","","","","","","","","","","","","","","","","","3983","4211","4471","4762","5089","5422","5760","6072","6336","6473","6481","6440","6364","6276","6197","6121","6063","6017","6063","6130","6135","6054","5893","5670","5440","5220","5010","4812","4649","4543","4465","4433","4459","4516","4611","",
"Cote d'Ivoire","CIV","Condom use, population ages 15-24, male (% of males ages 15-24)","SH.CON.1524.MA.ZS","","","","","","","","","","","","","","","","","","","","","","","","","","","","","","","","","","","41.1","","","","","","","","","","","49.1","","","","","","","55.1","","","","","","","","","","","","","",
"Cote d'Ivoire","CIV","Prevalence of anemia among women of reproductive age (% of women ages 15-49)","SH.ANM.ALLW.ZS","","","","","","","","","","","","","","","","","","","","","","","","","","","","","","","","","","","","","","","","","55.2","54.7","54.3","53.9","53.5","53.1","52.6","52.2","51.7","51.1","50.7","50.3","50","49.8","49.6","49.6","49.6","49.6","49.7","49.8","50","50.3","50.8","51.4","","",
"Cote d'Ivoire","CIV","Women who believe a husband is justified in beating his wife when she refuses sex with him (%)","SG.VAW.REFU.ZS","","","","","","","","","","","","","","","","","","","","","","","","","","","","","","","","","","","","","","","","","","","","","","","","","","","","","21.5","","","","","","","","","12.1","","","","",
"Cote d'Ivoire","CIV","Women who believe a husband is justified in beating his wife when she burns the food (%)","SG.VAW.BURN.ZS","","","","","","","","","","","","","","","","","","","","","","","","","","","","","","","","","","","","","","","","","","","","","","","","","","","","","16.4","","","","","","","","","7","","","","",
"Cote d'Ivoire","CIV","Proportion of time spent on unpaid domestic and care work, female (% of 24 hour day)","SG.TIM.UWRK.FE","","","","","","","","","","","","","","","","","","","","","","","","","","","","","","","","","","","","","","","","","","","","","","","","","","","","","","","","","","","","","","","","","","",
"Cote d'Ivoire","CIV","Government expenditure on education, total (% of GDP)","SE.XPD.TOTL.GD.ZS","","","","","","","","","","","5.86538982391357","","7.53185987472534","7.04560995101929","5.69039011001587","6.78573989868164","6.46212005615234","","6.75367021560669","8.23138999938965","6.85975980758667","","","","","","","","","","","","6.78113985061646","6.50304985046387","4.78869009017944","4.3014497756958","2.72476005554199","2.61811995506287","2.4349799156189","2.68528008460998","2.40031003952026","2.44477009773254","2.81047010421753","2.8643798828125","2.91176009178162","2.91943001747131","2.81998991966248","3.01614999771118","3.09853005409241","3.1739399433136","3.24651002883911","2.8657500743866","3.43445992469788","3.45859003067017","3.31416988372803","3.49412989616394","3.93593001365662","3.73654007911682","3.21164989471436","3.4130699634552","3.78674006462097","3.32717990875244","3.47484993934631","3.39421010017395","3.61279988288879","",
"Cote d'Ivoire","CIV","Expenditure on secondary education (% of government expenditure on education)","SE.XPD.SECO.ZS","","","","","","","","","","","43.0621","","45.7728","39.17039","36.36688","40.08159","41.77224","","43.20149","44.10206","39.50555","","","","","","","","","","","","35.71129","34.85022","34.02659","34.03633","37.07074","36.38229","33.25254","37.2643","32.66512","","","","","","30.52987","30.35379","31.28736","34.34535","33.09796","32.71681","33.68582","33.88244","37.18136","34.19866","30.67585","31.42684","35.11957","","","","","","","",
"Cote d'Ivoire","CIV","Current education expenditure, total (% of total expenditure in public institutions)","SE.XPD.CTOT.ZS","","","","","","","","","","","","","","","","","","","","","","","","","","","","","","","","","","","","","","","84.6579895019531","89.1095504760742","","","","","","","96.9286270141602","95.8434219360352","94.1423721313477","91.4072418212891","93.0191802978516","93.3094482421875","87.0432891845703","89.3996276855469","92.8870468139648","94.1091766357422","93.4200668334961","93.5346984863281","94.6153182983398","95.9848403930664","91.6263885498047","95.2014617919922","91.7063293457031","91.3856506347656","84.4346694946289","",
"Cote d'Ivoire","CIV","Tertiary education, academic staff (% female)","SE.TER.TCHR.FE.ZS","","","","","","","","","","","","","","","23.3695697784424","","","","","","","","","","","","","","","","","","","","","","","","","","","","","","","","","","32.2131004333496","","11.9392684610076","15.0132820371897","","27.4621085664686","15.086693341541","17.7833537985158","11.8397812090479","11.5129111753991","","11.2104061165723","10.8182515683531","10.9787343069434","11.2374824414337","11.4120142413454","14.0055103302002","",
"Cote d'Ivoire","CIV","Pupil-teacher ratio, tertiary","SE.TER.ENRL.TC.ZS","","","","","","","","","","","","19.91364","9.92688","11.368","16.70652","","","","","","","","15.55814","","","","","","","","","","","","","","","","","","","","","","","","","","16.38978","","14.2236","6.06687","","11.3074","9.05427","10.28717","11.53832","11.67438","","","","","","","","",
"Cote d'Ivoire","CIV","Educational attainment, at least Master's or equivalent, population 25+, total (%) (cumulative)","SE.TER.CUAT.MS.ZS","","","","","","","","","","","","","","","","","","","","","","","","","","","","","","","","","","","","","","","","","","","","","","","","","","","","","2.17429296277935","0.859931975578344","","","1.28928031058134","","","","","3.95731997489929","","","","",
"Cote d'Ivoire","CIV","Educational attainment, Doctoral or equivalent, population 25+, male (%) (cumulative)","SE.TER.CUAT.DO.MA.ZS","","","","","","","","","","","","","","","","","","","","","","","","","","","","","","","","","","","","","","","","","","","","","","","","","","","","","","0.340199680944544","","","","","","","","1.19468998908997","","","","",
"Cote d'Ivoire","CIV","Educational attainment, at least Bachelor's or equivalent, population 25+, female (%) (cumulative)","SE.TER.CUAT.BA.FE.ZS","","","","","","","","","","","","","","","","","","","","","","","","","","","","","","","","","","","","","","","","","","","","","","","","","","","","","3.61681341890821","1.21177424180053","","","2.37046635170303","","","","","3.08295011520386","","","","",
"Cote d'Ivoire","CIV","Secondary education, teachers (% female)","SE.SEC.TCHR.FE.ZS","","","","","","","","","","","","","","","","","","","","","","","","","","","","","","","","","","","","","","","","","","","","","","","","","","","","","","","14.595452973177","","15.336863519416","16.2156541991294","15.6920156158083","16.3699499857472","15.043347487615","15.5686296909807","15.5326216391251","16.4035867027541","17.3821634452357","",
"Cote d'Ivoire","CIV","Trained teachers in upper secondary education (% of total teachers)","SE.SEC.TCAQ.UP.ZS","","","","","","","","","","","","","","","","","","","","","","","","","","","","","","","","","","","","","","","","","","","","","","","","","","","","","","","","","","","","","","","","","","",
"Cote d'Ivoire","CIV","Trained teachers in lower secondary education (% of total teachers)","SE.SEC.TCAQ.LO.ZS","","","","","","","","","","","","","","","","","","","","","","","","","","","","","","","","","","","","","","","","","","","","","","","","","","","","","","","","","","","","","","","","","","",
"Cote d'Ivoire","CIV","Progression to secondary school (%)","SE.SEC.PROG.ZS","","","","","","","","","","","","","50.86616","47.57972","44.3614","45.62493","46.95483","49.24572","53.17817","56.43169","55.85441","","48.08108","45.54529","49.79809","48.18444","46.05369","46.91011","52.07291","53.25971","50.99581","62.5353","56.61473","66.67883","65.04456","66.75645","65.6524","61.16767","62.36357","61.5112","67.47135","","","","","","70.72622","","68.76342","","","73.47509","","87.98359","92.67935","91.97522","91.94192","","","","","","","","","",
"Cote d'Ivoire","CIV","Adolescents out of school, male (% of male lower secondary school age)","SE.SEC.UNER.LO.MA.ZS","","","","","","","","","","","","","","","","","","","","","","","","","","","","","","","","","","","","","","","","","","","","","","","","","","","","","","42.350366230906","43.8989601007011","72.9617939909673","40.8668601852378","39.7003251713097","44.1470825094055","44.3709273962957","43.3696641454787","42.8080138103248","48.9243278842633","32.2604569749963","32.1002986353352","",
"Cote d'Ivoire","CIV","Secondary education, teachers","SE.SEC.TCHR","","","","","","","","","","","","3279","","","","","","","","","","","","","","","","","","","","","","","","","","","","20124","","","","","","","","","","","","","","","63602","","66852","72134","74796","77178","90432","87535","95734","96802","103215","",
"Cote d'Ivoire","CIV","Trained teachers in upper secondary education, female (% of female teachers)","SE.SEC.TCAQ.UP.FE.ZS","","","","","","","","","","","","","","","","","","","","","","","","","","","","","","","","","","","","","","","","","","","","","","","","","","","","","","","","","","","","","","","","","","",
"Cote d'Ivoire","CIV","Trained teachers in lower secondary education, female (% of female teachers)","SE.SEC.TCAQ.LO.FE.ZS","","","","","","","","","","","","","","","","","","","","","","","","","","","","","","","","","","","","","","","","","","","","","","","","","","","","","","","","","","","","","","","","","","",
"Cote d'Ivoire","CIV","Progression to secondary school, female (%)","SE.SEC.PROG.FE.ZS","","","","","","","","","","","","","45.21813","42.02048","","39.72803","39.73296","45.29779","44.95398","52.93695","50.52067","","41.83371","40.16159","42.54663","42.90726","42.59271","42.54918","","","","","","62.87894","","59.82874","61.08926","57.29041","","49.43688","62.56459","","","","","","69.01947","","66.89039","","","68.4251","","84.84545","90.45018","89.33549","92.50092","","","","","","","","","",
"Cote d'Ivoire","CIV","School enrollment, secondary (% net)","SE.SEC.NENR","","","","","","","","","","","","","","","","","","","","","","","","","","","","","","","","","","","","","","","","","","","","","","","","","","","","","","","30.17366","","34.6828","37.99436","40.19814","","","","","","","",
"Cote d'Ivoire","CIV","Secondary education, vocational pupils (% female)","SE.SEC.ENRL.VO.FE.ZS","","","","","","","","","","","","22.8762","23.98246","23.13476","25.5143","","","","","","","45.46526","","38.58942","44.20051","","","","","","","","","","","","","","","49.86186","","","","","","","","","","","","","","","48.29399","49.8616","49.02755","49.57033","48.25795","","","","","","","",
"Cote d'Ivoire","CIV","Pupil-teacher ratio, lower secondary","SE.SEC.ENRL.LO.TC.ZS","","","","","","","","","","","","","","","","","","","","","","","","","","","","","","","","","","","","","","","","34.32982","","","","","","","","","","","","","","","","","","","","","","","","","","",
"Cote d'Ivoire","CIV","Secondary education, pupils","SE.SEC.ENRL","","","","","","","","","","","","69714","80605","92101","94292","104730","119482","130102","147563","168971","197248","221940","","242126","251417","266801","","284925","","","","","","","","","","","","591549","","","","","","","","","","","","","","","1418361","1587348","1727227","1898243","2040520","2227143","2387532","2563544","2522965","3098275","3276206","",
"Cote d'Ivoire","CIV","Educational attainment, at least completed upper secondary, population 25+, female (%) (cumulative)","SE.SEC.CUAT.UP.FE.ZS","","","","","","","","","","","","","","","","","","","","","","","","","","","","","","","","","","","","","","","","","","","","","","","","","","","","","7.81877628706655","6.05350020700783","11.9785203933716","","5.95099609505115","","","","","11.7322597503662","","","","",
"Cote d'Ivoire","CIV","Educational attainment, at least completed lower secondary, population 25+, total (%) (cumulative)","SE.SEC.CUAT.LO.ZS","","","","","","","","","","","","","","","","","","","","","","","","","","","","","","","","","","","","","","","","","","","","","","","","","","","","","","","24.7395801544189","","17.6663367297614","","","","","26.667049407959","","","","",
"Cote d'Ivoire","CIV","Lower secondary completion rate, male (% of relevant age group)","SE.SEC.CMPT.LO.MA.ZS","","","","","","","","","","","","13.3385400772095","","16.2664203643799","15.4673595428467","16.8211307525635","15.5945100784302","16.7605590820312","17.6952495574951","18.1904201507568","19.7300891876221","22.1247005462646","","24.1858596801758","23.6495208740234","22.7775592803955","22.4098491668701","20.1013202667236","20.1545600891113","","","","","","22.7663898468018","","21.2647895812988","25.6459407806396","26.730920791626","","18.9964694976807","26.0216903686523","27.766019821167","","","","27.9419803619385","28.2651500701904","37.9527206420898","35.1553382873535","","31.9573764931833","36.2286521269084","","37.401285019858","39.0128761584557","44.3031099119568","51.9151224928864","54.0211430946411","55.9128576640434","60.4857537179636","","58.1493738428119","75.2022087416394","68.0517323778578","",
"Cote d'Ivoire","CIV","Children out of school, male (% of male primary school age)","SE.PRM.UNER.MA.ZS","","","","","","","","","","","","","","","","","","42.7958106994629","","","","","","","","","","","","","","","","","","","44.8496704101562","43.9767608642578","","42.7305908203125","43.0837287902832","39.6251907348633","38.646110534668","45.3513488769531","","","","","","46.6244888305664","","","","33.4238795041015","27.4261153374333","24.8302708395968","18.0347031531105","18.7935182851431","15.4980232450515","15.1401805593103","13.7879011481555","15.9356082716284","15.59499062171","12.372482650601","12.0129117975106","",
"Cote d'Ivoire","CIV","Children out of school, primary","SE.PRM.UNER","","","","","","","","","","","","","","","","","","630994","","","","","","","","","","","","","","1214801","1262190","","","","1377153","1404733","","1462823","1525605","1456005","1485974","1649807","","","","","","1923994","","","","1281399","1121305","1076358","829318","872859","754999","733513","693368","817120","864826","664020","650800","",
"Cote d'Ivoire","CIV","Primary education, teachers (% female)","SE.PRM.TCHR.FE.ZS","","","","","","","","","","","11.147120475769","13.3572101593018","10.618390083313","11.8022499084473","10.7767095565796","12.0460996627808","12.4104700088501","13.2304601669312","13.9495401382446","15.4343795776367","15.0798501968384","15.3817100524902","16.7259998321533","17.3179492950439","18.0107402801514","16.5114593505859","18.7731304168701","18.1904602050781","18.5769805908203","18.7794094085693","18.7851905822754","18.8195495605469","18.9133796691894","19.2855606079102","20.0952396392822","18.4175491333008","20.5013694763184","","19.6284503936768","20.0062599182129","20.1805305480957","20.4821701049805","21.7782592773438","23.9898204803467","","","23.1508197784424","24.4991607666016","22.871919631958","23.4467506408691","","27.0179789212647","24.411563071298","25.0261225929897","25.6589427466099","27.7574699020647","28.0240632600547","29.7660555618041","30.2454507436439","31.5993974338995","32.463768115942","34.99596062356","36.0175076227009","37.0485867566492","37.9273688444521","",
"Cote d'Ivoire","CIV","Trained teachers in primary education, female (% of female teachers)","SE.PRM.TCAQ.FE.ZS","","","","","","","","","","","","","","","","","","","","","","","","","","","","","","","","","","","","","","","","","98.9333572387695","98.7471237182617","","100","","","","100","100","100","","100","99.8712848116078","83.4345515670752","87.0304674457429","100","100","100","100","100","100","100","100","100","100","",
"Cote d'Ivoire","CIV","Persistence to last grade of primary, total (% of cohort)","SE.PRM.PRSL.ZS","","","","","","","","","","","","","80.6893997192383","76.6399230957031","84.4666290283203","76.6067123413086","90.1917190551758","89.851921081543","","","","","","","67.9012298583984","69.0039520263672","71.7749328613281","","77.2040405273438","72.2383804321289","63.160270690918","70.1682891845703","58.4408416748047","81.0593566894531","71.4901733398438","68.6753005981445","67.0104904174805","65.493766784668","80.4856262207031","62.388671875","87.3145217895508","","","","","","75.5400085449219","","60.7737197875977","","","82.1778106689453","73.1187515258789","74.0388336181641","82.743278503418","82.0025405883789","73.2640075683594","","","78.0274810791016","70.1076736450195","65.8350219726562","","","","",
"Cote d'Ivoire","CIV","Persistence to grade 5, male (% of cohort)","SE.PRM.PRS5.MA.ZS","","","","","","","","","","","","","90.4789962768555","89.2524185180664","","82.9316177368164","99.7337036132812","95.1773071289062","96.6545791625977","90.4569778442383","90.436637878418","","85.5807800292969","76.5313415527344","73.1431579589844","76.2216110229492","79.7214736938477","80.649528503418","84.1874694824219","78.6691818237305","71.9119415283203","75.0220108032227","64.5558319091797","85.6821365356445","76.9576568603516","76.351676940918","74.8199615478516","70.7841186523438","","72.5460433959961","89.7093276977539","","","","","","83.3722381591797","","66.0408096313477","","","84.3472366333008","78.9480514526367","78.2085494995117","85.1222381591797","83.047492980957","","","","78.9803466796875","73.5793914794922","66.3007278442383","","","","",
"Cote d'Ivoire","CIV","Over-age students, primary, male (% of male enrollment)","SE.PRM.OENR.MA.ZS","","","","","","","","","","","","","","","","","","25.47846","","","","","","","","","","","","","","","","","","","18.61345","17.24188","","17.62866","8.63538","5.4621","5.40543","9.76429","","","","","","19.63303","","","","20.0225","13.97656","","11.12722","10.84394","7.69654","","","","","","","",
"Cote d'Ivoire","CIV","Net intake rate in grade 1, female (% of official school-age population)","SE.PRM.NINT.FE.ZS","","","","","","","","","","","","","","","","","","","","","","","","","","","","","","","","","","","","","","","22.63208","24.20383","22.06425","","21.72602","25.1853","","","","","","","","","","","39.16644","40.728","64.47168","62.15086","70.16112","","","","","","","",
"Cote d'Ivoire","CIV","Gross intake ratio in first grade of primary education, total (% of relevant age group)","SE.PRM.GINT.ZS","","","","","","","","","","","","","","54.05511","56.08658","56.3017","59.10944","63.47398","71.53815","71.32923","69.72837","69.73909","67.2203","63.13964","60.55246","59.8045","62.8646","62.58952","64.94182","63.47206","63.40228","61.07372","58.19627","63.84518","66.00653","65.37066","67.23076","70.2499","68.11006","66.83653","65.54336","64.20733","64.55008","68.75089","","","62.07043","63.86981","72.45711","69.41493","","74.88775","82.42944","82.56101","96.68343","98.29878","108.08795","102.66033","102.0966","","","","","","","",
"Cote d'Ivoire","CIV","School enrollment, primary, female (% gross)","SE.PRM.ENRR.FE","","","","","","","","","","","39.3375701904297","40.7006912231445","41.0900917053223","42.6558494567871","43.621021270752","44.1844711303711","44.8132400512695","46.9280586242676","50.0585784912109","52.8667793273926","54.7453689575195","56.748779296875","57.5772094726562","57.5599403381348","56.4717712402344","55.1313705444336","54.7389297485352","54.2526702880859","54.642520904541","55.2356109619141","55.015510559082","53.1041984558105","52.5995483398438","51.1691513061523","52.5437316894531","52.944278717041","52.8686218261719","53.4716911315918","54.452091217041","55.3974914550781","55.1211318969727","57.3373107910156","56.6238098144531","55.6992416381836","","","52.480281829834","52.4718399047852","54.938850402832","56.7681999206543","","68.1611909074201","73.5168378011197","76.8664642478612","80.3317105200728","82.1076856645793","85.2629073328413","86.102693065104","86.796723221478","87.7341087126194","87.8544729893787","85.1301139065446","85.5663165661751","90.5641380839811","94.3838147096546","",
"Cote d'Ivoire","CIV","Primary education, pupils","SE.PRM.ENRL","","","","","","","","","","","464817","502865","527615","566689","606263","641369","672707","735511","810244","888728","954190","1024585","1085124","1134915","1159824","1179456","1214511","1251531","1306695","1364263","1405187","1414865","1447785","1463963","1553540","1609929","1662265","1735814","1807503","1910820","1943101","2046861","2116223","2046165","","","2111975","2179801","2356240","2383359","","2757613","2920791","3021417","3176874","3370558","3617219","3772136","3900222","4003884","4101430","4102825","4252503","4632737","4817661","",
"Cote d'Ivoire","CIV","Educational attainment, at least completed primary, population 25+ years, female (%) (cumulative)","SE.PRM.CUAT.FE.ZS","","","","","","","","","","","","","","","","","","","","","","","","","","","","","","","","","","","","","","","","","","","","","","","","","","","","","40.135420666307","","29.4926605224609","","22.7309368852212","","","","","25.7843608856201","","","","",
"Cote d'Ivoire","CIV","Primary school starting age (years)","SE.PRM.AGES","","","","","","","","","","","6","6","6","6","6","6","6","6","6","6","6","6","6","6","6","6","6","6","6","6","6","6","6","6","6","6","6","6","6","6","6","6","6","6","6","6","6","6","6","6","6","6","6","6","6","6","6","6","6","6","6","6","6","6","6","6",
"Cote d'Ivoire","CIV","School enrollment, preprimary, male (% gross)","SE.PRE.ENRR.MA","","","","","","","","","","","","1.18296003341675","1.13458001613617","1.21799004077911","","","0.735949993133545","0.710829973220825","0.754090011119843","0.756049990653992","0.80282998085022","0.800989985466003","0.806339979171753","0.786670029163361","0.777559995651245","0.890179991722107","0.867370009422302","0.931810021400452","1.04255998134613","1.1016800403595","1.11486005783081","1.01208996772766","0.947669982910156","1.48469996452332","1.7700799703598","2.00095009803772","2.33283996582031","2.35122990608215","2.35432004928589","2.42831993103027","2.59829998016357","2.69720005989075","2.77372002601624","2.98322010040283","","","3.06609988212585","2.90667009353638","2.8983199596405","3.4837601184845","","3.92800998687744","4.69967985153198","5.66006994247437","6.45578002929688","7.02983999252319","7.71713018417358","8.08561992645264","8.13043975830078","8.22657012939453","10.2803201675415","10.0094900131226","10.1681385040283","","","",
"Cote d'Ivoire","CIV","Preprimary education, duration (years)","SE.PRE.DURS","","","","","","","","","","","","","","","","","","","","","","","","","","","","","","","","","","","","","","","","3","3","3","3","3","3","3","3","3","3","3","3","3","3","3","3","3","3","3","3","3","3","3","3","3","3","3",
"Cote d'Ivoire","CIV","Learning poverty: Share of Male Children at the End-of-Primary age below minimum reading proficiency adjusted by Out-of-School Children (%)","SE.LPV.PRIM.MA","","","","","","","","","","","","","","","","","","","","","","","","","","","","","","","","","","","","","","","","","","","","","","","","","","","","","","","80.9229278564453","","","","","80.7243576049804","","","","","","",
"Cote d'Ivoire","CIV","Learning poverty: Share of Female Children at the End-of-Primary age below minimum reading proficiency adjusted by Out-of-School Children (%)","SE.LPV.PRIM.FE","","","","","","","","","","","","","","","","","","","","","","","","","","","","","","","","","","","","","","","","","","","","","","","","","","","","","","","77.9976501464843","","","","","78.9193038940429","","","","","","",
"Cote d'Ivoire","CIV","School enrollment, primary and secondary (gross), gender parity index (GPI)","SE.ENR.PRSC.FM.ZS","","","","","","","","","","","","0.537679970264435","0.544879972934723","0.551389992237091","0.555719971656799","","","","","","","0.622829973697662","","0.635879993438721","0.645749986171722","","","","","","","","","","","","","","","0.69038999080658","","","","","","","","","","","","0.779177784919739","","0.794897019863129","0.807550013065338","0.818220019340515","0.833500027656555","0.850669980049133","0.867879986763","0.884140014648438","0.898069977760315","0.915130019187927","","","","",
"Cote d'Ivoire","CIV","Literacy rate, adult male (% of males ages 15 and above)","SE.ADT.LITR.MA.ZS","","","","","","","","","","","","","","","","","","","","","","","","","","","","","44.3600006103516","","","","","","","","","","43.9500007629395","","60.8600006103516","","","","","","","","","","","","","","50.7000007629395","","59.6199989318848","","","67.6449650791718","","60.2000007629395","68.0498399688586","","","",
"Cote d'Ivoire","CIV","Literacy rate, youth (ages 15-24), gender parity index (GPI)","SE.ADT.1524.LT.FM.ZS","","","","","","","","","","","","","","","","","","","","","","","","","","","","","0.629999995231628","","","","","","","","","","0.730000019073486","","0.740000009536743","","","","","","","","","","","","","","0.800000011920929","","0.759999990463257","","","0.801384100905871","","0.769999980926514","","","","",
"Cote d'Ivoire","CIV","Coverage of social insurance programs in 4th quintile (% of population)","per_si_allsi.cov_q4_tot","","","","","","","","","","","","","","","","","","","","","","","","","","","","","","","","","","","","","","","","","","","19.3222669829699","","","","","","9.60255058506942","","","","","","","8.45692860549021","","","3.80742422321329","","","3.95287345855781","","","","",
"Cote d'Ivoire","CIV","Coverage of social insurance programs (% of population)","per_si_allsi.cov_pop_tot","","","","","","","","","","","","","","","","","","","","","","","","","","","","","","","","","","","","","","","","","","","20.6152424724155","","","","","","8.07079382477935","","","","","","","7.92254850633665","","","3.07369667857375","","","3.8145316806142","","","","",
"Cote d'Ivoire","CIV","Coverage of social safety net programs in 4th quintile (% of population)","per_sa_allsa.cov_q4_tot","","","","","","","","","","","","","","","","","","","","","","","","","","","","","","","","","","","","","","","","","","","6.34063195102944","","","","","","24.7404420426315","","","","","","","22.6668263426063","","","6.56123591322391","","","4.44858497590116","","","","",
"Cote d'Ivoire","CIV","Coverage of social safety net programs (% of population)","per_sa_allsa.cov_pop_tot","","","","","","","","","","","","","","","","","","","","","","","","","","","","","","","","","","","","","","","","","","","5.77505727753529","","","","","","26.7184268346976","","","","","","","27.2292632853045","","","5.40593351859587","","","3.99688868115482","","","","",
"Cote d'Ivoire","CIV","Coverage of unemployment benefits and ALMP in 4th quintile (% of population)","per_lm_alllm.cov_q4_tot","","","","","","","","","","","","","","","","","","","","","","","","","","","","","","","","","","","","","","","","","","","","","","","","","","","","","","","","","","","","","","2.49361234465514","","","","",
"Cote d'Ivoire","CIV","Coverage of unemployment benefits and ALMP (% of population)","per_lm_alllm.cov_pop_tot","","","","","","","","","","","","","","","","","","","","","","","","","","","","","","","","","","","","","","","","","","","","","","","","","","","","","","","","","","","","","","1.89788231821754","","","","",
"Cote d'Ivoire","CIV","Benefit incidence of social protection and labor programs to poorest quintile (% of total SPL benefits)","per_allsp.ben_q1_tot","","","","","","","","","","","","","","","","","","","","","","","","","","","","","","","","","","","","","","","","","","","5.74712983999298","","","","","","3.91974887430742","","","","","","","6.6338408150557","","","11.874175359337","","","0.585130379785224","","","","",
"Cote d'Ivoire","CIV","PPP conversion factor, GDP (LCU per international $)","PA.NUS.PPP","","","","","","","","","","","","","","","","","","","","","","","","","","","","","","","133.16279093829","129.661407603539","126.742229222607","131.426946699943","188.368696030215","204.876124852821","211.218364480379","215.780220539088","224.877757039606","220.019413113521","218.590461369312","228.476099963493","235.288813107143","238.297129111551","226.247701127679","222.224137544355","218.506961758529","219.313877489216","226.729055544724","228.06080705609","228.738872839426","236.910583496094","240.008982097851","243.763112885742","241.335175375635","243.635291074975","243.626233914782","243.185577392578","239.319000244141","227.483108520508","226.308700561523","225.288803100586","216.639012486547","217.061473748726","215.360126120377","216.221332210196",
"Cote d'Ivoire","CIV","Terms of trade adjustment (constant LCU)","NY.TTF.GNFS.KN","","","","","","","","","","","","","","","","","","","","","","","","","","","","","","","","","","","","","-1771263482323.09","-1986849320576.01","-2021115734707.46","-2449709759256.49","-2172642778867.22","-1859479123799.64","-1329805085692.66","-1149309556735.24","-1713283811889.86","-1926349747534.5","-2188325974932.05","-1931094014970.07","-1497241813762.77","-1212969905894.93","-569250764553.388","-792681611309.819","-1189066412390.71","-783260596049.563","-636946908945.217","478525045.875977","229141756548.536","-594200772933.514","-900986398139.365","-976179346120.088","-316227330131.301","-39228673424.875","-281204101931.896","-65315152623.2148","-94669390168.6328","2939125107267.29",
"Cote d'Ivoire","CIV","Taxes less subsidies on products (constant LCU)","NY.TAX.NIND.KN","","","","","","","","","","","","","","","","","","","","","","","","","","","","","","","","","","","","","","","","","","","","","","","","","1045677073800","1104323288000","1184016109700","1099946130400","1488838257300","1477047526700","1600230186400","2000000000000","2100000000000","2356442307700","2252375550800","2315783052100","2454899929100","2945858549212.68","3225987387140.22","3425877184574.43","3661267435200","3897419184800",
"Cote d'Ivoire","CIV","Net primary income (Net income from abroad) (current LCU)","NY.GSR.NFCY.CN","2515312600","-1829929000","-4078682100","-7198900200","-5944606700","-6543123500","-8377630200","-8911285200","-9306245100","-10907820000","-9914247200","-18413850600","-15096597500","-23024537600","-23275690000","-30196279300","-37801889800","-47711055900","-69683806200","-97915019300","-104604729300","-141924581400","-177613684700","-262200000500","-215000006700","-306400002000","-238999994400","-267800002600","-283761672200","-441799999500","-432000008200","-386799992800","-356199989200","-387000008700","-429799997400","-492899991600","-3503044610500","-4111809865900","-4482950148000","-4388953071100","-4856596809300","-5046298549400","-4992441022900","-4757908590700","-4598894660900","-4005860136500","-4270799558600","-4402892302800","-4752911231600","-4914598827300","-5413403807300","-5781483566300","-5297350370400","-6370540920200","-449000000000","-595500032400","-637780565800","-893711000000","-904860161700","-985758000000","-1062766309100","-1240700000000","-1434010064100","-1851124560000","-2316880000000","-3222570000000",
"Cote d'Ivoire","CIV","Gross savings (current LCU)","NY.GNS.ICTR.CN","","","","","","","","","","","","","","","","","","","","","","","","","","","","","","","","","","","","","","","","","","","","","","-2376682958562.07","-2412627073755.74","-2739753755836.23","-2125446707392.4","-1949790472044.76","-1965041432074.72","-2152668712021.67","-1835045479375.74","-1755977836400.11","5495954232963.27","6076141427594.01","6434850274226.17","5865813119786.97","5808399176241.72","6689951551363.18","6438564063656.2","7690289319449.22","8586046170747.09","8088578440041.89","9059102560957.81","",
"Cote d'Ivoire","CIV","PM2.5 air pollution, population exposed to levels exceeding WHO guideline value (% of total)","EN.ATM.PM25.MC.ZS","","","","","","","","","","","","","","","","","","","","","","","","","","","","","","","100","","","","","100","","","","","100","","","","","100","","","","","100","100","100","100","100","100","100","100","","","","","","","","",
"Cote d'Ivoire","CIV","PM2.5 air pollution, mean annual exposure (micrograms per cubic meter)","EN.ATM.PM25.MC.M3","","","","","","","","","","","","","","","","","","","","","","","","","","","","","","","25.1307662402169","23.7924566464742","23.8818761697925","23.9712956931107","24.060715216429","21.294676505626","24.2395542630655","24.3289737863837","24.418393309702","24.5078128330202","26.0249614733989","20.5468232712032","24.6652096974011","20.2058271910428","30.807744234524","24.4488344712161","24.4264565831986","25.7276113588394","26.3574457147366","23.5280741870547","20.0854849470844","24.188010319203","22.4578253451111","18.4987954411899","17.6747799713113","26.2182381259264","23.7745526064328","21.4341423661948","19.8798421869581","18.8155812927616","22.0556108824208","21.3540188476971","21.8306712275434","20.3873194822538","","",
"Cote d'Ivoire","CIV","Energy use (kg of oil equivalent) per $1,000 GDP (constant 2021 PPP)","EG.USE.COMM.GD.PP.KD","","","","","","","","","","","","","","","","","","","","","","","","","","","","","","","67.8334748695661","69.7544247977531","76.26256049296","79.1308399195205","80.4322438105014","74.8006499430474","77.9921831572741","72.5785360544306","69.4345272892379","81.8304287802763","79.3031607202548","77.9475839045332","85.653651145819","84.9903812207494","116.079081756878","118.882580654698","113.705621559889","121.049177057028","116.112901719214","102.70561725016","85.1854940252476","102.603461118174","104.431371431681","97.0825338997811","89.3955919728526","75.1118187851952","73.6072143750678","70.6583673418853","63.2334967317906","63.9097837722006","66.6742173180254","78.7020671085233","77.1483664401071","74.1468212898547","","",
"Cote d'Ivoire","CIV","GDP per unit of energy use (constant 2021 PPP $ per kg of oil equivalent)","EG.GDP.PUSE.KO.PP.KD","","","","","","","","","","","","","","","","","","","","","","","","","","","","","","","14.7419839824343","14.3360081156058","13.1125940898917","12.6372979361402","12.4328248551166","13.3688677940819","12.8217977689311","13.7781781551786","14.402056715017","12.2203930115668","12.6098378793191","12.8291340142724","11.674925547512","11.7660373519523","8.61481659627921","8.41166127529286","8.79463993320062","8.26110531531234","8.61230737664462","9.73656579624365","11.7390878745578","9.74625991269674","9.57566664394711","10.3005140042215","11.1862338839221","13.3134840318512","13.5856248397673","14.1526055245719","15.8144029934257","15.6470565377656","14.9983012958391","12.7061465694553","12.9620372555307","13.4867548278408","","",
"Cote d'Ivoire","CIV","Electricity production from renewable sources, excluding hydroelectric (kWh)","EG.ELC.RNWX.KH","","","","","","","","","","","","","","","","","","","","","","","","","","","","","","","0","0","0","0","0","0","0","0","0","0","0","0","0","200000","200000","-3800000","0","0","0","0","0","0","0","-130000","1000000","500000","100000","600000","600000","27400000","24700000","23600000","","","","",
"Cote d'Ivoire","CIV","Electricity production from natural gas sources (% of total)","EG.ELC.NGAS.ZS","","","","","","","","","","","","","","","","","","","","","","","","","","","","","","","0","0","0","0","0","4.47913131998643","36.34131368938","43.8600843463161","54.027846842367","58.6257006435541","62.9791666666667","62.8863868986694","67.0948243294295","63.8686848830352","66.1887477313975","72.6456609751804","71.0344827586207","65.7254484105843","65.0862068965517","62.2721853176631","70.2933780385582","69.3228398098049","67.4600912200684","75.4509803921569","69.9372435433261","78.0507404431179","82.7409038481703","78.6874593892138","69.81019576667","66.8828727204362","69.2936472678809","73.5271217233325","72.042836281032","69.1159164460135","","",
"Cote d'Ivoire","CIV","Electricity production from coal sources (% of total)","EG.ELC.COAL.ZS","","","","","","","","","","","","","","","","","","","","","","","","","","","","","","","0","0","0","0","0","0","0","0","0","0","0","0","0","0","0","0","0","0","0","0","0","0","0","0","0","0","0","0","0","0","0","0","","","","",
"Cote d'Ivoire","CIV","Energy intensity level of primary energy (MJ/$2021 PPP GDP)","EG.EGY.PRIM.PP.KD","","","","","","","","","","","","","","","","","","","","","","","","","","","","","","","","","","","","","","","","","4.15","3.98","4.33","4.15","5.78","5.88","5.69","6.02","5.9","5.24","4.55","5.45","5.39","5.07","4.7","3.89","3.81","3.66","3.27","3.2","3.3","3.3","","","","",
"Cote d'Ivoire","CIV","Multilateral debt service (% of public and publicly guaranteed debt service)","DT.TDS.MLAT.PG.ZS","","","","","","","","","","","1.47310066880558","2.4782719926852","3.98293499452364","5.08758140737826","5.190606675057","8.866324525338","8.84231431172275","7.39341213260517","7.45667783207299","6.96040564002758","5.6385119217925","6.71269761784215","7.08928107034887","10.9513585654592","19.4897699458473","24.7901352257586","24.368846146923","44.9348317263036","81.8840878236955","84.2177599343237","77.4665569338025","75.9405442114317","85.1381442581314","80.2318428209056","74.9316715865412","59.3025884236816","60.7266489584319","71.3546128086712","44.5234274653836","36.9945958046535","32.9915314418959","57.1671540122331","73.4903120416879","47.6725052907774","99.1800234711411","96.6911721697885","87.1883292106059","95.7693190929968","99.8271205139863","95.8896696586715","29.8229637856825","33.0665453485077","27.8353537944245","9.19183791697683","13.5349591281295","13.8741848214922","6.12251976227484","3.27163076667811","7.15781139676497","3.89933473654765","8.72243304700733","17.120493001509","13.526919684383","11.6098648455199","15.1787051024303","",
"Cote d'Ivoire","CIV","Debt service on external debt, public and publicly guaranteed (PPG) (TDS, current US$)","DT.TDS.DPPG.CD","","","","","","","","","","","40193220.5","44765356.8","57610224.7","71505696.1","114466471.3","129862943.4","179987086.4","269165609.1","395373848.3","588306754.2","870122899.1","919104984.5","948177192.2","789905541.7","646106746","594524762.2","800587717.3","577267746.5","456832709.8","396115136","523996772.5","618101922.2","558991369.2","570883340.2","692854518.4","771065445.8","850139582.3","601310320.4","885798762.7","991783763.6","670723390","303050976.9","505107324.2","300696357","94891764.9","23533584.7","16299161.4","153057506.4","769533754.8","773820091.3","496704984","414642186.4","299555640.7","529421936.5","593766451.3","398074927","1040523151.8","1747026137","1108625399.6","2463260794.2","1897276845.9","1285986327.5","1852994494.3","2853451750.8","4350206790","",
"Cote d'Ivoire","CIV","Total debt service (% of exports of goods, services and primary income)","DT.TDS.DECT.EX.ZS","","","","","","","","","","","","","","","","9.4626890164906","11.2640732102037","10.9273005159039","15.3168722559379","20.1109525230302","38.6592082592517","52.5753595331448","54.1455783762475","49.9373474621862","37.5499797300389","34.8250457513465","35.4480006362557","38.4021319894533","32.3872219835605","33.2268253706489","35.4378972766329","37.8615385765701","32.0780882505304","33.2230357217075","35.1718468734809","23.1122129683289","26.525825207323","22.4704914586416","25.6678561724672","26.8200612173871","","","","","","3.52157317802513","2.83669585104366","4.3891947274374","8.96476373110329","8.98404199475531","5.85982232933711","5.26743616922703","5.41739649196887","7.95571105278947","7.1458635774276","6.35864533484013","12.9728634799211","17.0951138013737","12.3155204491884","21.1857500643047","17.9986903027955","10.3219763867472","12.9116655451909","20.0502096444777","24.7283736134001","",
"Cote d'Ivoire","CIV","Net ODA received (% of imports of goods, services and primary income)","DT.ODA.ODAT.MP.ZS","","","","","","","","","","","","","","","","","","","","","","","","","","","","","","","","","","","","","","","","","","","","","","1.11061642867539","2.90451463148519","1.77814352078479","5.36200933189717","22.0683162755567","5.51118083691076","13.4648237689978","22.1755106073286","9.66291482520082","6.94476318625629","5.17933168148299","5.09854514715908","6.05876401242699","6.33198639812781","7.86119606918752","10.497472827791","8.31663874535039","8.59395086030022","9.47029910065227","","",
"Cote d'Ivoire","CIV","Net official development assistance received (current US$)","DT.ODA.ODAT.CD","129999.995231628","3369999.88555908","9000000","8649999.61853027","39009998.3215332","38619998.9318848","35950000.7629395","34020000.4577637","44840000.1525879","49659999.8474121","52580001.8310547","51069999.6948242","48279998.7792969","63319999.6948242","75620002.746582","99680000.3051758","107449996.948242","103949996.948242","129550003.051758","159919998.168945","209800003.051758","123050003.051758","136429992.675781","155320007.324219","122989997.86377","117360000.610352","174419998.168945","240479995.727539","424730010.986328","394559997.558594","686400024.414063","629900024.414063","755700012.207031","763630004.882813","1593699951.17188","1212439941.40625","964770019.53125","446999206.542969","967272827.148438","447784454.345703","350915252.685547","186083160.400391","1067499023.4375","253695663.452148","160714157.104492","91276664.7338867","247139999.389648","171075424.194336","584628662.109375","2403012939.45313","656840026.855469","1437705444.33594","2908327880.85938","1273441162.10938","925040832.519531","651767822.265625","615781555.175781","829150878.90625","960067993.164063","1174850708.00781","1564769409.17969","1577762939.45313","1967452636.71875","2376327392.57813","","",
"Cote d'Ivoire","CIV","Net official development assistance and official aid received (current US$)","DT.ODA.ALLD.CD","129999.995231628","3369999.88555908","9000000","8649999.61853027","39009998.3215332","38619998.9318848","35950000.7629395","34020000.4577637","44840000.1525879","49659999.8474121","52580001.8310547","51069999.6948242","48279998.7792969","63319999.6948242","75620002.746582","99680000.3051758","107449996.948242","103949996.948242","129550003.051758","159919998.168945","209800003.051758","123050003.051758","136429992.675781","155320007.324219","122989997.86377","117360000.610352","174419998.168945","240479995.727539","424730010.986328","394559997.558594","686400024.414063","629900024.414063","755700012.207031","763630004.882813","1593699951.17188","1212439941.40625","964770019.53125","446999206.542969","967272827.148438","447784454.345703","350915252.685547","186083160.400391","1067499023.4375","253695663.452148","160714157.104492","91276664.7338867","247139999.389648","171075424.194336","584628662.109375","2403012939.45313","656840026.855469","1437705444.33594","2908327880.85938","1273441162.10938","925040832.519531","651767822.265625","615781555.175781","829150878.90625","960067993.164063","1174850708.00781","1564769409.17969","1577762939.45313","1967452636.71875","2376327392.57813","","",
"Cote d'Ivoire","CIV","Net official flows from UN agencies, UNWTO (current US$)","DT.NFL.UNWT.CD","","","","","","","","","","","","","","","","","","","","","","","","","","","","","","","","","","","","","","","","","","","","","","","","","","","","","","","","","","","","","","","","","","",
"Cote d'Ivoire","CIV","Net official flows from UN agencies, UNPBF (current US$)","DT.NFL.UNPB.CD","","","","","","","","","","","","","","","","","","","","","","","","","","","","","","","","","","","","","","","","","","","","","","","","59999.9986588955","3049999.95231628","4289999.96185303","649999.976158142","29999.9993294477","3306927.91938782","4459692.95501709","3455662.96577454","3615766.0484314","4878260.13565063","1680333.97197723","7140751.83868408","3314624.07112122","8921790.12298584","5634850.025177","1970715.99960327","1199833.98914337","","",
"Cote d'Ivoire","CIV","Net official flows from UN agencies, UNEP (current US$)","DT.NFL.UNEP.CD","","","","","","","","","","","","","","","","","","","","","","","","","","","","","","","","","","","","","","","","","","","","","","","","","","","","","","","","","","","","","","","","80790.9965515137","","",
"Cote d'Ivoire","CIV","Net official flows from UN agencies, UNCTAD (current US$)","DT.NFL.UNCTAD.CD","","","","","","","","","","","","","","","","","","","","","","","","","","","","","","","","","","","","","","","","","","","","","","","","","","","","","","","","","","","","","","","","","","",
"Cote d'Ivoire","CIV","Net bilateral aid flows from DAC donors, United Kingdom (current US$)","DC.DAC.GBRL.CD","","","","","19999.9995529652","19999.9995529652","29999.9993294477","39999.9991059303","50000.0007450581","140000.000596046","79999.9982118607","90000.0035762787","100000.001490116","100000.001490116","1460000.03814697","200000.002980232","2339999.91416931","150000.005960464","250000","920000.016689301","3589999.91416931","3769999.98092651","2099999.90463257","1440000.05722046","1019999.98092651","790000.021457672","1830000.04291534","1610000.01430511","2849999.90463257","2089999.91416931","1710000.03814697","1700000.04768372","759999.990463257","500000","100000.001490116","-1009999.99046326","10069999.6948242","1580000.04291534","3480000.01907349","1389999.98569489","1090000.0333786","1210000.03814697","11720000.2670288","2140000.10490417","5880000.11444092","3069999.9332428","1860000.01430511","-37110000.6103516","340000.003576279","150000.005960464","25959999.0844727","10739999.7711182","74980003.3569336","-639614.999294281","3344825.02937317","1066575.050354","790129.005908966","493672.996759415","789008.021354675","1517475.96263885","1749565.00530243","4750981.80770874","3222830.05714417","4638155.93719482","","",
"Cote d'Ivoire","CIV","Net bilateral aid flows from DAC donors, Spain (current US$)","DC.DAC.ESPL.CD","","","","","","","","","","","","","","","","","","","","","","","","","","","","","","9999.99977648258","109999.999403954","70000.0002980232","100000.001490116","180000.007152557","57150001.5258789","-59999.9986588955","509999.990463257","4019999.98092651","64220001.2207031","16329999.9237061","12619999.8855591","7119999.88555908","43119998.9318848","1120000.00476837","3920000.07629395","3609999.89509583","4289999.96185303","3089999.91416931","5230000.01907349","50770000.4577637","-7590000.15258789","219999.998807907","17209999.0844727","230860000.610352","8895.00044286251","-303478.986024857","717077.970504761","45285316.4672852","-43660488.1286621","7612763.88168335","2759515.04707336","11481181.1447144","1129642.00973511","1109509.94491577","","",
"Cote d'Ivoire","CIV","Net bilateral aid flows from DAC donors, Switzerland (current US$)","DC.DAC.CHEL.CD","","","","","","","","","39999.9991059303","29999.9993294477","39999.9991059303","209999.993443489","150000.005960464","340000.003576279","140000.000596046","300000.011920929","90000.0035762787","70000.0002980232","129999.995231628","170000.001788139","250000","180000.007152557","209999.993443489","289999.99165535","230000.004172325","200000.002980232","239999.994635582","500000","419999.986886978","389999.985694885","1250000","4210000.03814697","7519999.98092651","6139999.8664856","3029999.97138977","1139999.98569489","1580000.04291534","409999.996423721","529999.971389771","529999.971389771","310000.002384186","259999.990463257","3170000.07629395","1830000.04291534","2190000.05722046","2910000.08583069","1879999.99523163","1590000.0333786","1519999.98092651","2529999.97138977","2569999.9332428","7019999.98092651","18840000.1525879","2170000.07629395","2559999.94277954","2502604.96139526","1519826.05457306","1065953.01628113","887320.995330811","842692.017555237","579461.991786957","558773.994445801","2530729.05540466","635087.013244629","","",
"Cote d'Ivoire","CIV","Net bilateral aid flows from DAC donors, Austria (current US$)","DC.DAC.AUTL.CD","","","","","","","","","","","","","","","","","90000.0035762787","150000.005960464","159999.996423721","180000.007152557","9999.99977648258","9999.99977648258","9999.99977648258","29999.9993294477","9999.99977648258","19999.9995529652","50000.0007450581","50000.0007450581","50000.0007450581","59999.9986588955","59999.9986588955","90000.0035762787","70000.0002980232","70000.0002980232","1000000","1639999.98569489","1700000.04768372","1309999.94277954","1679999.94754791","1769999.98092651","2230000.01907349","1850000.02384186","2599999.90463257","2779999.97138977","3039999.96185303","3130000.11444092","3609999.89509583","4900000.09536743","5159999.84741211","17750000","4469999.79019165","1799999.95231628","98921318.0541992","67573.0034708977","56320.0004398823","35170.0000464916","45614.0004098415","29286.9992554188","22610.9996438026","7430.00023066998","7251.00003182888","1155097.96142578","477793.008089066","299131.006002426","","",
"Cote d'Ivoire","CIV","Stocks traded, total value (current US$)","CM.MKT.TRAD.CD","","","","","","","","","","","","","","","","","","","","","","","","","","","","","","","","","","","","","","","19020000","75420000","32990000","8600000","17490000","24310000","50170000","34960000","107040000","164360000","291860000","240600000","227010000","116580000","174200000","367370000","398980000","521850000","","","","150790000","169100000","","","","","",
"Cote d'Ivoire","CIV","S&P Global Equity Indices (annual % change)","CM.MKT.INDX.ZG","","","","","","","","","","","","","","","","","","","","","","","","","","","","","","","","","","","","","","-10.5727996826172","4.41900014877319","-12.1000003814697","-25.5789470673","-2.3691654205","17.3600006104","27.3600006104","41.0999984741","16.8660218623","35.5533790402","115.556358381503","-16.9392954111","-10.7101824561","19.3249243859278","-15.1533511617011","27.1939276115438","37.4827405658476","0.0443070411803248","7.589782196825","-1.25730575112568","-2.48825226175259","-33.9069118228698","-7.86640828442945","2.95949633496631","19.4117505305322","-8.21741851218569","","","",
"Cote d'Ivoire","CIV","Secondary income receipts (BoP, current US$)","BX.TRF.CURR.CD","","","","","","","","","","","","","","","","","","","","","","","","","","","","","","","","","","","","","","","","","","","","","","194891171.538013","217937242.306682","477214603.114678","584696349.967238","793198157.235394","433176333.462775","357092238.4591","305332952.523769","421044493.509628","594381474.952711","459543410.468836","437841885.741171","486723008.387656","527490767.417837","525963231.732482","389741040.983404","520764716.907249","1289097714.06047","1736812624.94846","2335702124.81983","",
"Cote d'Ivoire","CIV","Travel services (% of service exports, BoP)","BX.GSR.TRVL.ZS","","","","","","","","","","","","","","","","","","","","","","","","","","","","","","","","","","","","","","","","","","","","","","8.91011972269619","9.76107845693996","9.83447482279665","10.0061319907883","12.8926540498736","16.9823139338989","17.7284523138134","17.45613388682","19.3530422248064","20.3955881246047","20.5712887786568","41.5100781258381","40.7948502116116","38.008920452332","38.5892542621157","22.7019439778679","27.8712043464732","36.6975764389788","40.2975934324208","38.9052296674942","",
"Cote d'Ivoire","CIV","Service exports (BoP, current US$)","BX.GSR.NFSV.CD","","","","","","","","","","","","","","","","","","","","","","","","","","","","","","","","","","","","","","","","","","","","","","934814950.156675","954183669.876495","1047886641.60702","1159872031.04879","1176507525.27097","1184201887.25678","1018045881.81194","984708568.745268","935278117.279313","904122545.923799","766164717.211468","913950351.183225","973389804.563841","1166751841.89099","1162206699.95733","731741417.120313","910215950.098591","912960618.226629","996060221.985578","1215048591.79267","",
"Cote d'Ivoire","CIV","Primary income receipts (BoP, current US$)","BX.GSR.FCTY.CD","","","","","","","","","","","","","","","","","","","","","","","","","","","","","","","","","","","","","","","","","","","","","","193973215.495423","196347566.259947","218352773.667284","237559432.426308","222783930.115778","217503897.606147","207879544.85602","207707782.841972","207293712.69565","236343853.425871","225818620.395307","281699220.791633","297093196.836934","350045550.99819","381873651.402285","399606090.206153","543010109.985393","646286911.417193","729418174.709466","842475404.714617","",
"Cote d'Ivoire","CIV","Technical cooperation grants (BoP, current US$)","BX.GRT.TECH.CD.WD","130000","2110000","6980000","7140000","7410000","11070000","28740000","11160000","18630000","21820000","20770000","23720000","26730000","35450000","39040000","54230000","53350000","54920000","59740000","82130000","99230000","62180000","55750000","84340000","58690000","43300000","86780000","79040000","64110000","98800000","128080000","135870000","128830000","123130000","113620000","121430000","108800000","100120000","95020000","84620000","72310000","68750000","76860000","75940000","77040000","66620000","130210000","59910000","58500000","58730000","53640000","26080000","39233798","58791975","66713600","60719380","64852131","67474312","92951004","87069890","102613285","108138730","105861862","108028873","","",
"Cote d'Ivoire","CIV","Reserves and related items (BoP, current US$)","BN.RES.INCL.CD","","","","","","","","","","","","","","","","","","","","","","","","","","","","","","","","","","","","","","","","","","","","","","-315238585.633023","223449800.907988","321114656.793794","231464679.637353","1090006179.05057","1428775914.17825","616036860.346822","-626343016.303604","-16592843.4355918","648731473.785652","586428029.708328","-459730114.102216","485779051.964846","247368888.40554","1075250162.43686","199662605.542319","2014277586.84197","-945666146.392211","-1484600223.88005","1734429697.91736","",
"Cote d'Ivoire","CIV","Net trade in goods (BoP, current US$)","BN.GSR.MRCH.CD","","","","","","","","","","","","","","","","","","","","","","","","","","","","","","","","","","","","","","","","","","","","","","2493187577.70666","3155408007.27522","2614477656.76937","3382826559.42073","4273884037.7171","3625123239.79394","5976343536.61362","3066533815.86356","2994983236.03402","3878084413.25094","3169812031.4054","3067507603.36059","3374301119.1908","2202675811.06152","3151326457.31979","2982160383.84855","3053241707.06684","1074599520.97707","1751345166.33812","5455261239.83016","",
"Cote d'Ivoire","CIV","Current account balance (% of GDP)","BN.CAB.XOKA.GD.ZS","","","","","","","","","","","","","","","","","","","","","","","","","","","","","","","","","","","","","","","","","","","","","","0.165122856652972","1.89621807045563","-0.484088679670276","1.33044255664336","4.79271756698353","1.33095270108223","7.26612761772172","-0.882958574823465","-1.48012277771383","1.04562413672806","-0.439534823506042","-0.855798630849984","-1.99780015304642","-3.90363086723186","-2.23379059024848","-3.13243536755176","-3.94825311453384","-7.60520680486661","-8.05003680066956","-4.46811097764034","",
"Cote d'Ivoire","CIV","Foreign direct investment, net outflows (% of GDP)","BM.KLT.DINV.WD.GD.ZS","","","","","","","","","","","","","","","","","","","","","","","","","","","0.00219984990459366","0.00106209625214344","0.00419759017307109","0.0580422420070521","","","","","0.0177102281207875","0.0637131528090248","0.002163503367299","0.273801308170153","-0.147182253508521","0.0336435935468075","0.0474875216744794","-0.0308094856606478","-0.0232805514611325","0.108996366271429","-0.108521162330444","0.153989390175124","0.125848815331409","0.0572330079902814","0.0599331154089386","0.0279710000277269","0.126211043582518","0.0416739417953873","0.0393937839336467","-0.0149705499529389","0.033206184308329","0.031449031168523","0.0591876844933331","1.28737545819883","0.247173676716632","0.180876210616506","0.00210791955071813","0.391804995257516","0.236159857443863","0.596852247154812","0.261479093421508","",
"Cote d'Ivoire","CIV","Imports of goods, services and primary income (BoP, current US$)","BM.GSR.TOTL.CD","","","","","","","","","","","","","","","","","","","","","","","","","","","","","","","","","","","","","","","","","","","","","","8218558845.08667","8508822669.04869","9621013275.62304","10903163831.3565","10888972722.0139","11918317440.3628","10677491729.5701","13115043582.7991","13178644178.755","13319976617.06","12584013968.3621","12077593458.5751","13685148938.0606","15162192917.0272","14944935829.965","14906153460.4511","18971161159.7319","22893459233.1381","25092421763.2626","26637178623.6124","",
"Cote d'Ivoire","CIV","Insurance and financial services (% of service imports, BoP)","BM.GSR.INSF.ZS","","","","","","","","","","","","","","","","","","","","","","","","","","","","","","","","","","","","","","","","","","","","","","8.06562219531558","8.1571868949455","8.19844781149584","7.60082691465929","7.87687984646691","7.30961654262182","7.74120755888149","7.70613171691645","3.44403930097421","4.42746689187136","3.68125629268577","3.13532925087113","4.23761000747075","4.85494634901763","3.81840481518801","4.93450375534074","4.54865687945496","3.4005953500528","3.27948259818845","3.87360483149582","",
"Cote d'Ivoire","CIV","Trade in services (% of GDP)","BG.GSR.NFSV.GD.ZS","","","","","","","","","","","","","","","","","","","","","","","","","","","","","","","","","","","","","","","","","","","","","","13.3424206288854","13.2180511020783","12.8483604435431","11.76605730533","11.6941390623645","11.9471612771368","10.4180555406473","10.7855589813626","9.72315067795622","8.13021542644648","7.75220052808382","7.88757630583502","8.21552785186726","7.91976596079725","7.56118921836505","6.14656676788815","6.64061388997012","7.94965812564996","8.59369601046138","9.00975567332423","",
"Cote d'Ivoire","CIV","Food production index (2014-2016 = 100)","AG.PRD.FOOD.XD","","16.48","16.51","18.69","21.28","20.04","22.59","20.24","24.18","23.58","25.37","26.19","25.98","28.07","28.07","32.96","33.29","33.69","33.21","36.98","37.15","41.44","38.17","38.02","39.36","43.28","44.29","45.64","46.92","47.68","51.63","49.58","52.51","50.17","51.6","58.22","59.86","63.39","66.06","66.41","72.12","69.16","67.86","67.61","70.7","72.15","75.15","71.95","77.42","72.05","75.95","77.72","83.99","86.32","94.7","104.41","100.89","109.42","114.55","116.76","119.18","119.97","121.86","","","",
"Cote d'Ivoire","CIV","Rural land area (sq. km)","AG.LND.TOTL.RU.K2","","","","","","","","","","","","","","","","","","","","","","","","","","","","","","","319242.16283389","","","","","","","","","","318672.32606869","","","","","","","","","","","","","","","318023.63117579","","","","","","","","","","",
"Cote d'Ivoire","CIV","Forest area (% of land area)","AG.LND.FRST.ZS","","","","","","","","","","","","","","","","","","","","","","","","","","","","","","","24.6882389937107","23.8214433962264","22.9546477987421","22.0878522012579","21.2210566037736","20.3542610062893","19.487465408805","18.6206698113208","17.7538742138365","16.8870786163522","16.0202830188679","15.6652924528302","15.3103018867925","14.9553113207547","14.600320754717","14.2453301886792","13.8903396226415","13.5353490566038","13.180358490566","12.8253679245283","12.4703773584906","12.1153899371069","11.7604025157233","11.4054150943396","11.050427672956","10.6954402515723","10.3404402515723","9.98544025157233","9.63044025157233","9.27547169811321","8.92047169811321","8.5654927672956","8.21049968553459","7.85551603773585","","",
"Cote d'Ivoire","CIV","Urban land area where elevation is below 5 meters (sq. km)","AG.LND.EL5M.UR.K2","","","","","","","","","","","","","","","","","","","","","","","","","","","","","","","89.8222387773","","","","","","","","","","100.1963309307","","","","","","","","","","","","","","","112.711235897","","","","","","","","","","",
"Cote d'Ivoire","CIV","Land under cereal production (hectares)","AG.LND.CREL.HA","","471000","574000","586000","618000","613000","624000","698200","712700","731050","714300","711200","711200","729700","784000","1020700","1041150","1073820","1123650","1166800","927200","943100","984700","1043500","1129200","1097000","1225000","1274000","1300000","1353000","1115596","1163560","1185538","1026144","1140765","1157449","974938","949280","829586","768277","764363","760406","759651","730329","743359","775972","788783","780280","811788","834856","864043","853734","1121491","1246187","1294102","1503735","1423194","1464090","1425662","1405411","1252824","1311235","1317437","1413839","","",
"Cote d'Ivoire","CIV","Agricultural land (% of land area)","AG.LND.AGRI.ZS","","49.4778867924528","49.8607610062893","50.0469496855346","50.3100974842767","50.4925911949685","50.6583396226415","50.832855345912","50.9355188679245","51.0204496855346","51.1058836477987","51.2895786163522","51.2893081761006","51.912606918239","52.4069213836478","52.8345094339623","53.1435125786163","53.8837012578616","54.2558616352201","54.3718333333333","54.4679182389937","54.8984150943396","55.3093993710692","55.2955974842767","56.2924528301887","57.2657672955975","57.6022075471698","57.9163836477987","59.1586100628931","58.2686132075472","59.9286037735849","58.5856635220126","58.6314622641509","61.3270440251572","59.7674528301887","62.1001572327044","62.0582044025157","61.3082012578616","61.6021855345912","61.8879308176101","62.124572327044","60.5841698113208","60.9599433962264","61.0849088050314","63.403606918239","64.1655880503145","65.0364025157233","66.0606006289308","65.7955125786164","65.6981257861635","65.7358081761006","66.200179245283","68.963858490566","70.8868805031447","72.5917201257862","76.9368119496855","75.4266364779874","77.7044808176101","81.3420738993711","81.5248","82.6258229559748","84.3928672955975","84.1568125786164","86.4758163522013","","",
"Cote d'Ivoire","CIV","Intentional homicides, female (per 100,000 female)","VC.IHR.PSRC.FE.P5","","","","","","","","","","","","","","","","","","","","","","","","","","","","","","","","","","","","","","","","","","","","","","","","","","","","","","","","","","","","","","","","","","",
"Cote d'Ivoire","CIV","Travel services (% of commercial service exports)","TX.VAL.TRVL.ZS.WT","","","","","","","","","","","","","","","","","","","","","","","","","","","","","","","","","","","","","","","","","","","","","","10.4173140375305","11.4172683309126","11.5822208545505","11.7153410507528","14.9526213133303","19.5746959386315","20.720122061212","20.3187768051501","22.9160741420427","24.3247529543104","24.5125734880067","48.0337788140894","45.5617318307535","39.2614425657483","40.0118468760397","23.6913550537158","28.9893884011714","38.5307448187789","42.433675052199","41.53612511122","",
"Cote d'Ivoire","CIV","Commercial service exports (current US$)","TX.VAL.SERV.CD.WT","","","","","","","","","","","","","","","","","","","","","","","","","","","","","","","","","","","","","","","","","","","","","","799564368.939458","815769709.009799","889761551.212373","990652562.722627","1014424440.54067","1027371677.88243","871055576.586762","845976348.889239","789859414.114748","758080096.248753","642975967.312709","789822317.073766","871549207.61569","1129530018.45976","1120885271.52303","701182039.612611","875106932.01075","869524900.977788","945919244.80747","1138087493.58014","",
"Cote d'Ivoire","CIV","Merchandise exports by the reporting economy (current US$)","TX.VAL.MRCH.WL.CD","145230000","172000000","185000000","219700000","287600000","265700000","300600000","305800000","391700000","420140000","434120000","410330000","488530000","807870000","1126230000","1113970000","1527050000","2002640000","2100890000","2319660000","2885770000","2280990000","2069060000","1870510000","2287136255.90821","2550893384.21872","2719582833.51241","2456392688.0498","2120856759.55083","2530407762.62805","2580012947.00451","2606926698.4852","2799041987.70797","2531208188.59528","2680265490.29054","3593860283.3516","4837483764.31657","3639605058.31336","4247099200.33309","4117898740.36702","3403892425","3529872200","4784080512","5295815574","6334929337","7045534039","7691077698","7795703983","9774552502.99999","9979049105.99999","10164239020","11008854489","10737516436","13627594165","12668997298","12469684137","10706632688","12336779460","11646337360","12560696314","12364623057","28654708458","33712084007","18059112967","","",
"Cote d'Ivoire","CIV","Merchandise exports to low- and middle-income economies in Middle East & North Africa (% of total merchandise exports)","TX.VAL.MRCH.R4.ZS","11.6504854368932","10.2906976744186","8.64864864864865","6.00819299044151","5.98052851182197","5.87128340233346","4.22488356620093","3.66252452583388","2.50191473066122","2.08263912029324","1.32451856629503","1.30382862574026","2.03467545493624","3.80878111577358","3.55433614803371","3.27477400648132","2.25925804656036","1.5319777893181","2.42706662414501","3.72856366881353","3.70958184470696","2.54056352724036","2.26817975312461","1.36219533710058","0.860901922617689","0.817360699157008","1.17243078177625","0.337156426223157","0.38262378283053","0.957362199554519","1.57977005996207","1.8931729087932","1.39330414298007","2.17408058892459","1.74019554161006","1.47615570688521","1.03755654483787","1.67380147868076","1.86696097253921","1.53981403736017","1.91788516935872","1.33787356380778","1.24037423390253","1.65074009429619","1.47141966455055","1.2712286606554","1.32529101905323","2.21067834766193","1.62554893383849","1.47517278887314","1.4533746472247","0.65253737409082","1.55048999451888","1.27289913318313","1.09920724367022","0.971863101491165","1.33633385182215","0.896321113289967","0.889840752474991","0.851049546360364","0.627436183394847","3.64651029177817","2.61038658961954","1.00448371595814","","",
"Cote d'Ivoire","CIV","Merchandise exports to low- and middle-income economies outside region (% of total merchandise exports)","TX.VAL.MRCH.OR.ZS","11.6504854368932","10.2906976744186","8.64864864864865","6.00819299044151","6.01529902642559","5.94655626646594","4.49101796407186","3.69522563767168","2.57850395711003","2.08263912029324","1.32451856629503","1.30382862574026","2.03467545493624","3.88676395954795","3.6875238627989","3.37351993321185","2.26777119282276","1.53597251627851","2.44372623031192","3.74235879396118","4.01660561999051","3.51119470054669","3.0298783022242","2.89225933034306","1.95668610538712","4.52227778220832","2.72625726796658","0.542240728875572","0.673113911706834","3.23927365346164","3.44596864661098","4.69397557885875","4.39306201001666","5.02881756452613","5.31376341001195","5.41218182229214","5.49834594509754","6.0310423164806","6.01790231147375","14.4695013543259","9.70316871867653","6.45910225871634","6.33773458116919","8.14807177422301","7.62657466718954","6.67042555466391","6.64350931122267","9.52568891301372","8.33213599036924","7.80696012941337","10.9822656354652","12.466292186633","13.9077462549274","10.9022505440893","16.0739597546641","15.5117572806888","18.3124724377394","19.6646055144768","23.3511101124414","23.2890939950481","24.0434238900389","33.3551774327391","30.5261825577534","23.1271700920857","","",
"Cote d'Ivoire","CIV","Ores and metals exports (% of merchandise exports)","TX.VAL.MMTL.ZS.UN","","","1.99265385753955","1.1868929794869","0.960835937547201","1.65440650125466","1.9327696984948","1.50395323923507","1.13493376554847","0.977171605071176","1.05258928487932","0.808515458618278","0.781445962535855","0.536900198363769","0.557262731222228","0.518260818685132","0.313584819225967","0.206250656766016","0.216449678411968","0.343926178734391","","0.281288246741234","0.198703948073627","0.186146095548307","","0.194251786324412","","","","","","","","","","0.158160046219748","0.12986059767881","0.158625063611406","0.130442877751062","0.128112868814737","0.168600313289144","0.213893623604401","0.163403618117846","0.157326473164042","0.233205505010063","0.212418475709056","0.160241811029383","0.380226862544706","0.642278457684634","0.403566085971238","0.313152551679008","0.189149965439685","0.235680858964045","0.340950280192448","0.434254556183484","0.225931899206963","0.182949942529029","0.533847337852105","1.12444850636875","1.41087055742866","1.43286910395292","1.01844264392404","1.10726007801245","0.932912891480029","0.7696455104056","",
"Cote d'Ivoire","CIV","Fuel exports (% of merchandise exports)","TX.VAL.FUEL.ZS.UN","","","0.00312389838864875","0.0766783088743477","0.00316760046676049","0.0101139761989045","0.0120601228699526","1.14525466123985","0.904788127519282","0.891384166140867","0.619480222196238","0.540951018836618","2.0705397921254","2.27838521346955","3.73089750089993","5.65948313871188","3.86291769219382","3.80244653471687","3.70054095141279","4.48439398485307","","7.5426316186474","13.0258823453063","11.4512788780691","","9.70766235009469","","","","","","","","","","9.52233322968931","16.2201172362689","13.1133032049887","9.81237327522455","12.6147458242686","20.3284493525677","14.8393342397597","11.359930059128","9.29965934074346","18.5197551226334","27.7287907875803","36.8733515134456","32.5902768433819","37.1531402941758","29.4292929780665","23.6570135075535","24.3289042874042","29.094062518183","21.0645605725917","20.838190360683","12.9487994169276","12.2606024304154","12.6226345622712","15.9261119900858","16.7946232292025","10.2772547090229","11.2111608527105","18.5182878304062","15.7704493008516","15.1221609102397","",
"Cote d'Ivoire","CIV","Export volume index (2015 = 100)","TX.QTY.MRCH.XD.WD","","","","","","","","","","","","","","","","","","","","","","","","","","","","","","","","","","","","","","","","","","","","","","92.5","95","84.8","81.7","101.5","88.6","87","94.9","97","98.7","100","96.8","116.2","108.2","118.3","117.1","125","122.3","127.3","96.8","",
"Cote d'Ivoire","CIV","Transport services (% of commercial service imports)","TM.VAL.TRAN.ZS.WT","","","","","","","","","","","","","","","","","","","","","","","","","","","","","","","","","","","","","","","","","","","","","","51.2966384184342","50.9753912198988","53.801664722445","56.7419225536015","55.9247599827747","58.9781180655928","55.0358364210617","62.1247529984338","63.6425220107787","60.8085290864779","62.1208690397502","50.1168576440696","47.9580148630052","53.5225218004978","53.1439300392778","55.8102378690694","61.5421261223364","57.4741660827997","44.8395474372233","41.4480048398279","",
"Cote d'Ivoire","CIV","Merchandise imports from low- and middle-income economies within region (% of total merchandise imports)","TM.VAL.MRCH.WR.ZS","1.63216218537926","0.615595075239398","6.32383599722029","4.44027517198249","3.88349514563107","3.11676909569798","4.92985971943888","6.25491738788356","5.49033149171271","5.68339072506678","5.23304030519157","5.86213481000573","6.989543203082","5.84846035128978","8.984375","9.77377098547015","7.23915317813369","6.37933813591896","5.87890172179665","5.54825765005443","5.3532754567499","7.81479017090637","9.36950434870389","14.943689227034","7.51698071727269","20.3743226523134","15.8442575611233","16.644113896864","14.9667345014521","23.4667708648985","31.6314043578465","27.8268423858101","22.9843302567967","23.9218711024032","20.0682750542779","16.4431928471224","22.4881251211997","21.4075398590678","15.1202152364882","18.5563429138202","31.9424014422473","24.9892226801771","20.6821342267646","19.6411306393307","25.215934785341","29.0810875801771","32.7293376272391","31.1417675644636","35.462001718358","29.0060983746336","34.2587755685934","31.9310173351843","32.7395039345632","32.814143985988","28.043237479938","23.5054843416737","17.9645622429417","17.4118146021873","19.9789739097829","20.0657542295415","21.1900510906443","15.4712458522964","19.573404153555","19.4741955976053","","",
"Cote d'Ivoire","CIV","Merchandise imports from low- and middle-income economies in South Asia (% of total merchandise imports)","TM.VAL.MRCH.R5.ZS","0.369384073533202","0.615595075239398","0.555941626129256","0.312695434646654","0.675390460109751","0.4828797190518","0.400801603206413","0.944138473642801","0.207182320441989","","","","","2.45755860953921","0.258941218130312","0.185387337197922","0.0646428905578852","0.496584047314974","0.193991928043189","1.63977938331699","1.89326768228347","2.05618087319055","0.365004223848005","4.14187670524886","1.74951069044727","0.992998325774755","2.64057247505952","2.29902426021539","1.2813027302084","0.825505175356057","1.38169125861416","1.90382575541713","0.409819441367334","0.451080639729297","0.541399235112346","3.05890039629355","2.08853306638134","0.807324533884735","3.05074051504435","1.96477384921154","1.59778311123661","1.93734740760919","3.44831777437129","2.20713136335461","1.4416782465029","1.88734626336404","3.26328376502529","3.21153626556965","2.61387881568733","1.63196558245314","2.84068048878217","4.25764427087092","4.78386775856516","3.0016139741113","5.61185868302544","4.46895549221948","5.32548081568877","5.40964619263748","5.19120123799574","5.04301385804137","5.70059621718585","7.02185003923809","5.92061278202537","5.87526776192867","","",
"Cote d'Ivoire","CIV","Merchandise imports from low- and middle-income economies in East Asia & Pacific (% of total merchandise imports)","TM.VAL.MRCH.R1.ZS","2.16476247745039","0.478796169630643","","1.6260162601626","1.64626424651752","0.526777875329236","0.841683366733467","0.0786782061369001","","","","","","0.664363930329977","0.194759206798867","1.05868403222164","0.0876081279929233","0.423429343715515","0.0302816668164978","0.0652312786230352","1.60005923402995","1.42243605552014","3.48958914444498","1.43932018413683","4.17192424282268","1.88896889745524","1.9478500099548","2.90667567645575","1.96210699756437","1.87891740163634","1.24561560435671","2.97476082906869","4.09368651933968","5.25567320181118","3.88755715764038","3.71279339921339","4.49461831632387","3.56974666687919","5.91684146265685","7.00731866767865","6.3841375702278","7.79870013595635","6.21422203390041","8.08016781261131","7.87522379982242","7.18686833447042","8.66287871898819","11.3642947894609","13.3574809623605","17.3998298277589","15.5771732949234","17.7958945715718","16.6017955083301","16.1194658026614","14.435296383831","17.3263392667301","23.3932253979728","18.7835928762122","20.9665661982357","22.8220166930972","20.1738329476498","20.5643913307094","19.8597417540802","19.2746183587098","","",
"Cote d'Ivoire","CIV","Merchandise imports from economies in the Arab World (% of total merchandise imports)","TM.VAL.MRCH.AL.ZS","4.51851215531312","3.9671682626539","4.30854760250174","4.50281425891182","4.55888560574082","4.87269534679543","5.85170340681363","5.66483084185681","6.21546961325967","4.77263218871689","4.53917178083707","2.34321721814561","1.55851303347176","3.68927757771735","7.82135269121813","5.39034856583603","2.21231787290867","3.3347385649279","3.03621024939792","3.1441476296303","3.23380782259408","4.27568364873228","6.71565267749459","5.68816932895828","3.78111315715664","1.78874844439935","1.15837675874994","1.56641295508065","2.03920056988778","2.47874834532145","2.27655521150724","1.89341462189506","1.8728579202366","2.14212551395977","2.2458976017975","2.5712510004378","1.89305826632899","1.31209255215405","1.89981860394918","2.97621942911443","4.76773334454215","3.72495813472949","4.50155432189863","2.78044437381242","3.26147174943892","3.76389308651159","3.46365504625361","3.44053006777332","4.16567765458774","4.96023806699402","5.4166553922975","6.108724985671","4.33274162789714","3.62718844977484","5.78538976599397","5.84867361979931","6.81078964384942","6.65042786735046","6.77645650060219","7.28891593929847","6.89295925181991","8.14903579350716","7.11162626770011","7.68914699213108","","",
"Cote d'Ivoire","CIV","ICT goods imports (% total goods imports)","TM.VAL.ICTG.ZS.UN","","","","","","","","","","","","","","","","","","","","","","","","","","","","","","","","","","","","","","","","","3.83","2.88","2.86","3.12","3.61","3.75","4.08","3.85","3.48","3.93","3.33","3.07","2.48","2.06","2.52","2.19","4.14","3.06","3.11","3.39","2.67","2.11","1.98","2.05","1.7","",
"Cote d'Ivoire","CIV","Import unit value index (2015 = 100)","TM.UVI.MRCH.XD.WD","","","","","","","","","","","","","","","","","","","","","46.5","40.6","37.9","34.7","32","31.4","34","39.2","40.6","41.2","47.1","43.2","47.1","81.1","54.3","65.4","70.6","64.1","66.7","64.7","65.4","61.8","62.1","66.4","74.7","85.4","91.7","100","120.8","100.6","108.7","123.9","122.8","120.9","118.4","100","97.3","102.1","108.9","105.2","99.7","122","141.5","134.3","131.1","",
"Cote d'Ivoire","CIV","Tariff rate, applied, simple mean, primary products (%)","TM.TAX.TCOM.SM.AR.ZS","","","","","","","","","","","","","","","","","","","","","","","","","","","","","","","","","","4.88","","","4.79","","","","","14.98","15.41","15.32","15.85","15.76","15.37","15.28","15.28","15.1","15.15","15.08","14.69","14.69","14.57","15.58","15.43","17.59","16.95","15.6","15.54","15.54","15.48","","","",
"Cote d'Ivoire","CIV","Tariff rate, applied, weighted mean, all products (%)","TM.TAX.MRCH.WM.AR.ZS","","","","","","","","","","","","","","","","","","","","","","","","","","","","","","","","","","4.89","","","4.1","","","","","7.22","9.69","9.61","8.54","7.61","7.29","6.56","6.56","7.48","7.14","6.95","6.59","6.59","6.33","8","8.16","10.28","10.17","7.69","7.63","7.63","7.25","","","",
"Cote d'Ivoire","CIV","Binding coverage, all products (%)","TM.TAX.MRCH.BC.ZS","","","","","","","","","","","","","","","","","","","","","","","","","","","","","","","","","","","","","35.86","","","","","35.86","35.86","34.78","34.78","34.78","34.78","33.72","33.72","33.72","33.72","33.72","33.72","33.72","33.72","34.04","34.04","34.19","34.19","34.18","34.18","34.18","34.18","","","",
"Cote d'Ivoire","CIV","Tariff rate, applied, simple mean, manufactured products (%)","TM.TAX.MANF.SM.AR.ZS","","","","","","","","","","","","","","","","","","","","","","","","","","","","","","","","","","4.88","","","4.82","","","","","13.2","13.28","13.3","13.24","13.29","13.14","12.9","12.9","12.82","12.68","12.58","12.62","12.62","12.68","12.14","11.74","12.3","11.93","11.65","11.66","11.66","12.32","","","",
"Cote d'Ivoire","CIV","Merchandise trade (% of GDP)","TG.VAL.TOTL.GD.ZS","52.7275948816047","58.552779022893","54.0846733814383","52.5591580963175","57.6507591465983","55.7747387532789","55.1702383619564","54.3898457823646","57.1303127032211","57.6629128813574","58.8808059225741","54.0991463052081","54.4500800963966","62.4695668617778","71.0713925640727","59.273120620092","62.8049376950462","62.4574207609478","58.8315236794846","54.7417275261659","59.9570486468184","58.2857702506099","59.8643272239783","57.4567685826326","61.4180293400329","70.8834570881911","59.0611659365147","54.3139142910709","47.2737174693908","50.4027162440634","47.8795066712514","45.641566011273","46.8664347070827","41.9527481959187","56.0409908070426","61.2446401781827","40.6614899938949","40.0719032729606","38.7213745328573","40.0561868582046","38.4254982770429","38.6305326419024","43.6126776532318","42.6647130150118","49.4841136927989","56.4215412444223","56.5514271336804","53.3795252070793","53.623660854391","53.9649446083282","55.12603109347","52.7474588349968","60.3074688512148","57.9276510507419","49.278294194992","48.3160482427488","40.1939680399576","40.8799119714655","39.0995064894614","38.4231331013285","36.4616577863551","40.2502180749312","48.38780757823","46.0409211318117","43.3550931889167","47.8543634946102",
"Cote d'Ivoire","CIV","International tourism, receipts for travel items (current US$)","ST.INT.TVLR.CD","","","","","","","","","","","","","","","","","","","","","","","","","","","","","","","","","","","","89000000","93000000","90000000","98000000","100000000","49000000","53000000","51000000","69000000","82000000","83000000","93000000","103000000","116000000","151000000","201000000","180000000","172000000","181000000","184000000","158000000","379000000","397000000","443000000","448500000","166100006.103516","","","","","",
"Cote d'Ivoire","CIV","International tourism, receipts (current US$)","ST.INT.RCPT.CD","","","","","","","","","","","","","","","","","","","","","","","","","","","","","","","","","","","","103000000","107000000","103000000","111000000","107000000","53000000","58000000","56000000","76000000","91000000","93000000","104000000","115000000","129000000","164000000","213000000","186000000","172500000","191000000","195000000","214000000","477000000","509000000","551000000","550500000","199300003.051758","","","","","",
"Cote d'Ivoire","CIV","Urban population (% of total population)","SP.URB.TOTL.IN.ZS","18.432515852339","19.7456488225576","21.0517187529334","22.3078735305445","23.471261042469","24.4990235677489","25.3840175139237","26.1667202287161","26.8756201861492","27.539200227042","28.1859431922138","28.8443319224839","29.5428492586715","30.3099780415957","31.174201112076","32.1922046152639","33.6710973445348","35.3137698132902","36.4000015258789","36.8617009805874","37.1825465500242","37.4694535276869","37.7343984448654","37.9674546257742","38.1840779398354","38.3956360000261","38.6134964193236","38.8490268107049","39.1117034868819","39.3925656514032","39.6845429703483","39.9873817237167","40.3003187081632","40.6225907203425","40.9534345569096","41.2920870145192","41.6377848898263","41.9897649794856","42.3472061187643","42.710690759617","43.0840065011913","43.4670149035012","43.859032147728","44.2593744150531","44.667357886658","45.082298743724","45.5035131674326","45.930317338965","46.3620274395029","46.7979596502274","47.2374301523201","47.6797551269623","48.1242507553354","48.5702332186208","49.0173144557368","49.4694894689553","49.929991034032","50.3977309654344","50.8718477756395","51.3514799771241","51.8357660823651","52.3183461956059","52.8492549676673","53.4075201638704","53.9733113940142","54.5489501450761",
"Cote d'Ivoire","CIV","Rural population growth (annual %)","SP.RUR.TOTL.ZG","","2.02490133412507","2.13937975760871","2.24147863765565","2.3527003297294","2.51297783156539","2.68770466301493","2.81598154805224","2.92299263034481","3.06053358589164","3.24116820964103","3.40601918104149","3.49234505521855","3.45725134075509","3.32063760296223","3.07265209129627","1.86734565664005","1.16434534811676","2.07485929257367","3.13036885972888","3.44127560829888","3.54675980754891","3.59941236992756","3.63867870580503","3.64337853101111","3.6185702264924","3.55644486887221","3.47244264468981","3.39988426700806","3.40491775820963","3.44912180536854","3.46997927254985","3.46811077221914","3.43634182410955","3.37600066774385","3.32586231647422","3.28308704737008","3.23720528751551","3.15343666367251","2.62630809223997","2.11353375404703","2.00018009364311","1.88811892009692","1.77662444213357","1.69034316455562","1.63476508501412","1.58564544892373","1.54086354579596","1.47314017751143","1.40640065101337","1.37411907651016","1.33079564571253","1.23552472379947","1.13084277046039","1.55183687756842","1.99818768009748","1.98524929163054","1.88381156961765","1.73653674084857","1.63808420687507","1.52972411868767","1.46698844087295","1.3965425204167","1.31277979199272","1.21441152543259","1.1464167831679",
"Cote d'Ivoire","CIV","Completeness of birth registration, urban (%)","SP.REG.BRTH.UR.ZS","","","","","","","","","","","","","","","","","","","","","","","","","","","","","","","","","","","","","","","","","","","","","","70.9","79.3","","","","","","84.5","","","","89.8","","","","","","","","","",
"Cote d'Ivoire","CIV","Population, male (% of total population)","SP.POP.TOTL.MA.ZS","50.5148128639928","50.5702529899734","50.6342530512229","50.6965971565111","50.7523600527942","50.8013840338179","50.8440138524606","50.8813489049939","50.915877909131","50.9571820916679","51.0167757324265","51.0962740591357","51.1881789243341","51.2783462550348","51.357741929405","51.4261921261999","51.4072483854395","51.3132770213841","51.2282704622965","51.1521693711437","51.0823390766301","51.0160933156129","50.9523248761189","50.8904268251124","50.8306395222805","50.7737924560004","50.719611191202","50.6676328026957","50.6196570186096","50.5716153132698","50.5241030640591","50.4820689584488","50.4446448269287","50.4113621255638","50.3821217325913","50.3559407101609","50.3324372671657","50.3123728358334","50.2966403879801","50.2791599597024","50.2582376805928","50.2399263234316","50.2250576956931","50.2130005106784","50.2014850727226","50.1891226520742","50.1777527141327","50.166990338535","50.2692912420352","50.4838021416461","50.7000224341223","50.9194151945","51.1413478917145","51.354313062675","51.4225990978659","51.3590701037374","51.297003528938","51.2371690335211","51.1803341458829","51.1257985978013","51.0712923367957","51.0183390297403","50.9683977309295","50.9202630562477","50.8754430590623","50.8333082147814",
"Cote d'Ivoire","CIV","Population, total","SP.POP.TOTL","3673666","3810151","3956939","4112061","4273952","4442377","4617519","4799744","4990021","5192221","5411567","5650868","5909716","6184944","6474057","6776297","7057958","7321950","7603130","7902267","8220714","8556596","8907936","9272744","9650516","10040483","10440917","10851475","11275189","11719771","12189778","12683870","13200310","13735951","14287201","14855565","15442312","16047170","16663948","17215935","17699004","18178913","18654771","19125542","19595000","20068458","20546802","21030558","21514439","21997940","22488065","22982000","23467078","23939775","24527395","25246342","25989405","26733372","27464173","28193009","28915449","29639736","30395002","31165654","31934230","32711547",
"Cote d'Ivoire","CIV","Age dependency ratio, young (% of working-age population)","SP.POP.DPND.YG","79.2304911831802","79.5171350469909","79.9718140060055","80.7806117482487","81.7554308992215","82.5897992774088","83.3410409142276","84.0950562207806","84.8423801699601","85.4952016754298","85.9497661806117","86.198822189387","86.3249184124917","86.4674071655759","86.7139673290061","87.0134670063015","88.0652356734468","89.7447575116647","91.1599426992746","92.3379493532149","93.3614725509994","94.2501890420543","95.0129401700041","95.648903401676","96.182375172999","96.6111529819329","96.9003289893339","97.0433152895611","96.9636355302698","96.5876539482604","95.9883581892267","95.2288153271728","94.3712596004312","93.5092469259372","92.6233012124815","91.7332444967158","90.8949457184937","90.1278863236998","89.4856602660001","89.2260985615733","89.3384095502287","89.5326440877859","89.7228036769212","89.9101318736965","90.0691173425894","90.1567536186238","90.1755307594983","90.125936699097","88.2013770633473","84.8032895421614","81.9524722836981","79.632748960665","77.7619287528357","76.1945312089437","75.8323452640023","76.41361942227","76.7795167168973","76.9508657817809","76.8693035313277","76.6075029502628","76.2438439950736","75.6222731959684","74.658262596363","73.5040106159717","72.3135119813584","71.110189144283",
"Cote d'Ivoire","CIV","Population ages 80 and above, male (% of male population)","SP.POP.80UP.MA.5Y","0.171413637110702","0.177547944043074","0.18357264408244","0.188710425195672","0.192934405529219","0.19647383960131","0.199341321752227","0.201869276744966","0.204332365691763","0.20742234087526","0.211858382686364","0.217307506485977","0.222953076220234","0.227980980196823","0.231854540073707","0.234762969319685","0.231513285210725","0.224493014286826","0.220708753278603","0.219324666559959","0.219546744739373","0.220755280178116","0.222393559708121","0.224118175717042","0.225678988889634","0.226944898359306","0.227915950859134","0.228457209060808","0.228674341473876","0.229083526696815","0.23000511790005","0.231537010313786","0.23376410594653","0.236768664450712","0.240539451866791","0.244844738946128","0.249450256716267","0.254121028840266","0.25856640282072","0.261973520763422","0.263282222477666","0.262759328802","0.261255573280571","0.259176112563445","0.256943656954117","0.25478589173697","0.252756482625696","0.25092418314456","0.263560704235829","0.291646511299552","0.322340466400163","0.354656776872922","0.387355437984822","0.41954246859898","0.417240678179232","0.385808226588237","0.361294428218395","0.341487604693511","0.325584576916662","0.313544542868721","0.301510205506439","0.291385860248597","0.287312444472803","0.286049463147635","0.285679896271734","0.286297007865057",
"Cote d'Ivoire","CIV","Population ages 70-74, male (% of male population)","SP.POP.7074.MA.5Y","0.651975352217034","0.658707543348349","0.665014113581955","0.670775859360366","0.675869737696801","0.680081301353383","0.683532021542493","0.686294120260448","0.688507381883081","0.690299131513437","0.691826826689955","0.693032410317578","0.693982564404994","0.694757887856564","0.695398203179947","0.696038773051415","0.696372669140092","0.695876443005404","0.694321778548234","0.691582093924048","0.687490050504443","0.682276190478373","0.676467273677263","0.670627444008071","0.665274464831649","0.660816779975651","0.657367423947368","0.654879746680041","0.652742029008869","0.656922637594585","0.666934468797047","0.67619801720422","0.684532665890707","0.691878618186592","0.696917720559271","0.699530616219774","0.700894944690515","0.70094152479058","0.69944708560831","0.695139889516294","0.689022712511203","0.683291411515676","0.678033884777412","0.672998831624921","0.66785730968387","0.662348999335546","0.656600410274625","0.650724266515822","0.647840893272408","0.647171879327851","0.645448378776953","0.644322056347897","0.646125668626205","0.652743627495677","0.656219488655989","0.654848248185786","0.654814741250722","0.656331510545141","0.660666704585727","0.667931602971326","0.674379846518978","0.680852614370149","0.691066793817431","0.703103846194805","0.715041451082884","0.727816770396072",
"Cote d'Ivoire","CIV","Population ages 65 and above, male (% of male population)","SP.POP.65UP.MA.ZS","2.25003974145155","2.27350635391725","2.29450831804185","2.31256615238199","2.32807516005257","2.34160127508597","2.35337764276331","2.36383599943411","2.37356553582291","2.38312697871861","2.39296017305088","2.40259085822698","2.41132784763094","2.41848075845887","2.42370552518482","2.42784970062054","2.42569422634806","2.41806750227734","2.41110801878945","2.40378894463162","2.39458237837028","2.38321320632698","2.37041702978573","2.35692811456134","2.34707779294694","2.34128201162294","2.33607476406087","2.33131478842563","2.32620053591251","2.33193616706267","2.34874591964377","2.3655334620214","2.38180784833776","2.39723398744498","2.41135434568289","2.42260073611162","2.43019242928731","2.43401671994245","2.43280184732729","2.42060229129355","2.39966858558387","2.37797849518878","2.35637520753131","2.33414173580416","2.31035302851795","2.28467365439417","2.2576064701159","2.23015283404474","2.23224714614598","2.26455679743433","2.30081180873948","2.34327439904976","2.39552024869139","2.46370069822883","2.4831271239384","2.45197034632853","2.43237477709288","2.42310186460263","2.42379629482404","2.43305750469633","2.43969973645155","2.44936391582654","2.47430817716327","2.50740203002804","2.54393505184028","2.58320408126814",
"Cote d'Ivoire","CIV","Population ages 65-69, male (% of male population)","SP.POP.6569.MA.5Y","1.10909634675023","1.11487756795127","1.11900453516267","1.12194919545032","1.12415985940914","1.12602463057025","1.12774797123351","1.12936237766793","1.13102087268006","1.13254563489926","1.1334731354769","1.13381217524658","1.13370705397154","1.13322044378174","1.13247513969845","1.13177502872123","1.13116288709745","1.12925216238714","1.12539255939483","1.12003890968762","1.11324809044102","1.10548306496709","1.09751464070739","1.08977886766496","1.08611517181305","1.08620483182058","1.08625238818886","1.08621299574314","1.08515843689879","1.08564754375301","1.08800839647358","1.0892804712732","1.08937737667746","1.0884210014022","1.0864875787272","1.08311981604829","1.07837364633979","1.07256736430529","1.06540000567924","1.05705532936442","1.04772148373155","1.03761357418328","1.02701147606571","1.01536849787762","1.00194353318648","0.986573664645175","0.969614372017406","0.951907217149533","0.940407190631702","0.937715323253669","0.940577403548705","0.949501380070584","0.965943042969099","0.994086028371154","1.01499890050639","1.02252869393253","1.03169222788305","1.04323276879281","1.05645490009768","1.0700191433256","1.08212338133076","1.09512477812103","1.11145570100089","1.12937394330417","1.14840997827218","1.16753539329583",
"Cote d'Ivoire","CIV","Population ages 55-59, male (% of male population)","SP.POP.5559.MA.5Y","2.25876938911327","2.26413850711814","2.2684547780171","2.27181640499924","2.27452837103891","2.27686327786958","2.27890151005311","2.28071335606854","2.28272491172263","2.28527412876853","2.28826250590181","2.29150410596724","2.29538034746896","2.30008388678484","2.31292122133717","2.3331094557594","2.3510311918676","2.36289244523583","2.36759015258725","2.36040889806765","2.34231217882552","2.32012390610278","2.29548533803149","2.26981107405711","2.24392656366357","2.21852638917318","2.19445699418904","2.17218045591409","2.14882746033416","2.12979768858054","2.11438116924532","2.09508549010789","2.07248264133316","2.04617516072144","2.01528980422941","1.97888982775448","1.93733888290518","1.89242568969515","1.84692162627607","1.80826019787945","1.77592821752612","1.74304977870262","1.70613935121248","1.65989336084828","1.61100740099999","1.57465375552915","1.55430833216173","1.54918326303899","1.5936987683626","1.68052089272638","1.76777014580772","1.85409705784333","1.9404101053208","2.02618213750702","2.07749782767258","2.09465138688706","2.11070369716406","2.12712282183017","2.14770569587327","2.17382511507468","2.20127064894256","2.2304566718236","2.26655371692159","2.30817877136793","2.35154190420622","2.39923826527461",
"Cote d'Ivoire","CIV","Population ages 45-49, male (% of male population)","SP.POP.4549.MA.5Y","3.75439513510746","3.7700004177904","3.78742108135667","3.80603599936777","3.83870314886468","3.88381457017027","3.92732219861551","3.96904480003374","4.00922811643265","4.03832929014731","4.05807143673416","4.07888388897489","4.10019450750989","4.12107822186502","4.14065922300007","4.15882844066855","4.16444168159675","4.15045250600025","4.12164257736681","4.07833048544833","4.02073329017569","3.95293180834689","3.87929586242004","3.80122523304497","3.71825526015209","3.63090260004372","3.54068029214861","3.45021129700074","3.35851586559104","3.2767253920804","3.20498748452615","3.12885361419817","3.04304069344111","2.94032166023141","2.83356432872655","2.74746516316276","2.68742654784505","2.65237972323016","2.64900065693035","2.68016708588322","2.72326980567907","2.76184712209391","2.79968678788898","2.83626031048965","2.87078917450439","2.90526904173946","2.94041949001852","2.97475033643281","3.04285037787945","3.14201762818723","3.23611795478015","3.32805089597771","3.42443521393226","3.52616908247179","3.59796646605946","3.64550019776287","3.70628511438752","3.77917451257709","3.86365344596931","3.95949368599104","4.06355689271169","4.1681883483813","4.26938481925862","4.36438574225378","4.4425505874877","4.49965573877065",
"Cote d'Ivoire","CIV","Population ages 35-39, male (% of male population)","SP.POP.3539.MA.5Y","5.95960113054326","6.00504929537444","6.05260668912162","6.09857505400721","6.14020084540768","6.17660756056503","6.20797007494893","6.23399351684329","6.25381413528129","6.26853520633288","6.28053795150077","6.29256665984388","6.30458540545758","6.3104113731625","6.30372764294702","6.28376188360193","6.21376145284508","6.08933807897379","5.9480964078633","5.79751376793865","5.64122854257705","5.47998380845411","5.307999327135","5.11425343705439","4.91872355857879","4.76258664417651","4.65489933373839","4.59320666729112","4.58173042428758","4.60982195093453","4.64300861080189","4.6655437695609","4.68380461219314","4.69880014825661","4.71123630915554","4.72404904434222","4.73842267952303","4.75282001636917","4.77057190643193","4.80870699636756","4.85721665289989","4.89790264995707","4.93699709462841","4.9765301920647","5.0183636108292","5.06330678579345","5.11240456827832","5.16571507539336","5.2714729806705","5.43060778742154","5.59644848806126","5.76971193696965","5.95372757325709","6.15350508987761","6.28454054110625","6.3286971177137","6.35776031808491","6.3792330272356","6.39445192213531","6.39857315517846","6.38998757642927","6.36586101107736","6.32332022676059","6.26439817480341","6.17873909688813","6.07033669764567",
"Cote d'Ivoire","CIV","Population ages 25-29, male (% of male population)","SP.POP.2529.MA.5Y","8.27990914700026","8.29617550518255","8.31135377837471","8.31285252788743","8.28951778384985","8.23947209951839","8.1643049547393","8.06926368283675","7.9653215523907","7.86908505695516","7.79382763696043","7.73390644746471","7.66364216965128","7.54448198846206","7.39465302948529","7.27452417167569","7.12774282953057","6.9710078098124","6.90735084796937","6.915635395842","6.94324468394806","6.97841195938552","7.02572188400878","7.08005549552558","7.13520088701903","7.19307146709544","7.25226686154571","7.30503793524591","7.3614600816843","7.39744494466099","7.40441769598375","7.4138695752669","7.43633716304896","7.47747791332505","7.54136227614268","7.6277905462607","7.73609723471554","7.86446804146593","8.00697997448161","8.12679950473817","8.2013263883951","8.24026087606334","8.23342488520706","8.16475041387218","8.04453073333522","7.89686346529166","7.73672568957471","7.58462856093202","7.61894731888044","7.83489395605524","8.05707324697359","8.2549327909898","8.40101270016395","8.47277480178105","8.397966656345","8.2236151422383","8.05253324648325","7.87922326262477","7.7106168139872","7.55619176238272","7.41148794140319","7.27978924858423","7.18482830208964","7.1706447149723","7.23507795946378","7.34242538997078",
"Cote d'Ivoire","CIV","Population ages 15-64 (% of total population)","SP.POP.1564.TO.ZS","54.4472679943234","54.3529830769196","54.2095164974744","53.9620399600103","53.6686600210601","53.4201847344338","53.1986008070568","52.9784921862499","52.7623878975271","52.574933980558","52.4448463818336","52.3735380122133","52.3375110020102","52.2975836400122","52.2292009300195","52.1464637800309","51.8566738323375","51.3999650776115","51.0208690368309","50.7095463422366","50.4428569099959","50.214626808685","50.0216015235403","49.8629316198096","49.7295895887847","49.6216690781544","49.5494840156281","49.5144231320822","49.5355931299951","49.6282798370497","49.7748297702727","49.963410221013","50.1790582880607","50.398246906967","50.6264295355532","50.8593463412313","51.0825160118511","51.2904705315641","51.4689720746557","51.549313134915","51.5322980886382","51.4935106405977","51.4560524099692","51.4202970038705","51.3934919266779","51.3868741531331","51.3997166079665","51.4313837987561","51.9564314913448","52.8899036202913","53.6920440618622","54.3529774247885","54.8848348311622","55.3222585566853","55.4196918298969","55.2565346841825","55.1553133893468","55.1091077307627","55.1358501698895","55.2137233737626","55.3233038967629","55.5125937101364","55.8045052933374","56.1553336888101","56.5196718380246","56.8911439268089",
"Cote d'Ivoire","CIV","Population ages 15-64, female (% of female population)","SP.POP.1564.FE.ZS","53.1800758063953","52.9923041307289","52.75854963659","52.4355629454783","52.1128523786233","51.8720820209481","51.6616537146437","51.4543473691868","51.2512513738574","51.0694267343331","50.927875226751","50.8264564490127","50.7480050800109","50.6645468069862","50.5586308336784","50.4456623945581","50.1954277630176","49.839963779357","49.5569926794237","49.3363684984779","49.1557563379044","49.0095149409302","48.8940719629693","48.8090179531183","48.7452416673463","48.7027543884744","48.6928083933287","48.717522188927","48.7943464182062","48.94812488337","49.1615281475224","49.4121599352948","49.6848563340819","49.955336369731","50.2282125307836","50.5005250575753","50.7589714778853","50.998500274285","51.2039026663612","51.3085479423377","51.3165484913242","51.3017391805659","51.2864817269085","51.2726509521312","51.2689922001587","51.2872845134813","51.3253918174373","51.3825122898887","51.9252037730005","52.8823502059","53.7274129004532","54.4409361260023","55.0154362610735","55.4474309482534","55.478456111326","55.2275698091279","55.045828723626","54.9283753718275","54.8985088436929","54.9396484881314","55.0295321811858","55.2076537906129","55.4895669249665","55.8264041347747","56.1742514342345","56.5302595061159",
"Cote d'Ivoire","CIV","Population ages 10-14, male (% of male population)","SP.POP.1014.MA.5Y","10.4234417983074","10.2427933102675","10.1469304862105","10.1747490196916","10.2857319359688","10.381807958121","10.4505326843098","10.5149939121877","10.5764384689576","10.628032743854","10.6738918500808","10.7158800893404","10.7501266083893","10.7851194523538","10.8255077288105","10.8606497691469","10.9488420408282","11.09692032421","11.2460435969429","11.3925007316595","11.5348780943452","11.6791489862759","11.8310443475099","11.9974744322823","12.1799789171934","12.3706792173731","12.5610873570804","12.7249174045617","12.8265078967243","12.8710016361904","12.8815206138363","12.8656677723845","12.8436751724153","12.8416276137972","12.8579933679212","12.8736853263863","12.8805866175601","12.8803640754092","12.864870166175","12.8561860507028","12.8712849025725","12.8919867875789","12.9090383296336","12.9233290104341","12.930114791819","12.9344111864534","12.9533744843015","13.0007702079106","12.8964257610535","12.6415573114187","12.4105574604783","12.1986660741905","12.0169925451493","11.8294195747605","11.6963919761506","11.6631003024652","11.7021980400826","11.8160405725968","11.9740104325793","12.1663489987894","12.3583565484556","12.4770020093308","12.4752083281492","12.4046441401638","12.4042662130273","12.4585459745552",
"Cote d'Ivoire","CIV","Population ages 0-14 (% of total population)","SP.POP.0014.TO.ZS","43.1388486512994","43.2199349553423","43.3523109656227","43.5908538321781","43.8770421236647","44.1196346010255","44.336287517171","44.5522927889487","44.7648572255651","44.9490540704117","45.0762320784349","45.1453652783962","45.18030521097","45.2203564996188","45.2900132567559","45.3744386775283","45.6676949386561","46.1287808487643","46.510588402408","46.8241615460373","47.0941940079657","47.3273865373925","47.5269889945893","47.6933472982755","47.8311004302775","47.9400616454438","48.0136131720997","48.0504331462052","48.0315162801935","47.9347953101983","47.7780418879672","47.5795636505262","47.3546057874927","47.1270245503933","46.8918703218401","46.654925162891","46.4314313815185","46.2270169755789","46.0573524936182","45.9954412584782","46.0381329932464","46.1034991476113","46.1678155639698","46.2320571098063","46.2896645498937","46.3287375225525","46.3499648266431","46.3530187834293","45.826290098159","44.8523758327456","44.0019571270796","43.2827700653287","42.6795061575199","42.1525339700867","42.0260540912304","42.2235181195058","42.3479845411618","42.4069350923433","42.3825422011167","42.2978547625051","42.1806135159683","41.9798856848812","41.6626736856277","41.2764240403875","40.8713596664144","40.4553985241878",
"Cote d'Ivoire","CIV","Population ages 0-14, female (% of female population)","SP.POP.0014.FE.ZS","44.2387882198369","44.4234947550851","44.655922001564","44.9789889490676","45.3027704737767","45.5452949046206","45.7576636045585","45.9672768925794","46.1731027702518","46.3580506053422","46.5036731911465","46.6104212615592","46.695505625573","46.7864778969452","46.9003165320686","47.0209828026997","47.2761116566793","47.6327262710186","47.9141373472363","48.1318877180602","48.3099025322274","48.4546228541101","48.5703809631927","48.6573206362591","48.7200999263029","48.758939972067","48.7665160865947","48.7406948568726","48.6633953137429","48.507533282593","48.2908767308381","48.0375398636159","47.762762783421","47.4911548101104","47.2186580177813","46.9497134573453","46.6983679735399","46.4698817000102","46.2810604352468","46.2011741247686","46.2236717988654","46.2700176948731","46.3174507684212","46.3660834631594","46.4076212600119","46.4286146589605","46.4316295245665","46.4165432588815","45.8726486625319","44.8668990855992","43.9612539829013","43.1730472961625","42.506890662343","41.9624300657365","41.891996917104","42.1807074821157","42.3897157273305","42.5237242029713","42.5592767317996","42.5140146952909","42.4155333816418","42.2242507336564","41.9167878965775","41.5422318000217","41.1494287237149","40.7436480789207",
"Cote d'Ivoire","CIV","Teenage mothers (% of women ages 15-19 who have had children or are currently pregnant)","SP.MTR.1519.ZS","","","","","","","","","","","","","","","","","","","","","","","","","","","","","","","","","","","35","","","","","31","","","","","","29.7","","","","","","","29.6","","","","","","","","","20.5","","","","",
"Cote d'Ivoire","CIV","Wanted fertility rate (births per woman)","SP.DYN.WFRT","","","","","","","","","","","","","","","","","","","","","","","","","","","","","","","","","","","4.4","","","","","4.5","","","","","","","","","","","","","4.5","","","","","","","","","3.9","","","","",
"Cote d'Ivoire","CIV","Life expectancy at birth, male (years)","SP.DYN.LE00.MA.IN","35.227","35.929","36.602","37.305","37.976","38.667","39.323","40.031","40.742","41.455","42.176","42.931","43.751","44.533","45.37","46.198","47.026","47.738","48.448","49.028","49.383","49.639","49.881","50.071","50.364","50.592","50.747","50.861","50.833","50.789","50.736","50.634","50.539","50.443","50.348","50.11","50.125","50.149","50.147","50.197","50.313","50.432","50.621","50.579","50.969","51.356","51.882","52.353","52.856","53.325","53.814","54.445","55.013","55.462","56.268","56.731","57.176","57.622","58.063","58.493","58.242","58.496","59.649","60.016","60.168","",
"Cote d'Ivoire","CIV","Mortality rate, infant (per 1,000 live births)","SP.DYN.IMRT.IN","209.5","204.2","199.2","194.2","189.5","184.9","180.4","175.9","171.4","166.9","162.4","157.5","152.3","146.9","141.2","135.5","130","124.9","120.3","116.4","113","110.1","107.7","105.8","104.3","103.2","102.3","101.7","101.5","101.4","101.2","101.1","100.8","100.3","99.7","98.9","97.8","96.5","94.9","93.3","91.4","89.3","87.1","84.8","82.5","80","77.8","75.3","72.6","70.5","68.4","66.6","64.5","62.4","60.3","58.4","56.9","55.2","53.5","51.8","50.3","48.7","47.4","46.2","44.8","",
"Cote d'Ivoire","CIV","Death rate, crude (per 1,000 people)","SP.DYN.CDRT.IN","27.514","26.894","26.252","25.625","25.025","24.399","23.787","23.176","22.548","21.906","21.255","20.588","19.909","19.263","18.609","17.961","17.395","16.766","16.104","15.557","15.138","14.796","14.507","14.251","14.009","13.814","13.66","13.542","13.475","13.438","13.457","13.478","13.492","13.484","13.493","13.559","13.55","13.547","13.628","13.592","13.478","13.36","13.183","13.092","12.706","12.344","11.996","11.611","11.163","10.995","10.851","10.647","10.482","10.366","10.12","9.798","9.437","9.103","8.776","8.492","8.493","8.378","7.816","7.66","7.607","",
"Cote d'Ivoire","CIV","Adolescent fertility rate (births per 1,000 women ages 15-19)","SP.ADO.TFRT","185.264","188.808","191.301","194.352","194.358","190.978","187.541","188.271","190.056","190.431","188.54","190.188","191.975","197.521","201.997","202.189","205.936","200.537","199.205","198.113","194.216","190.892","184.768","178.213","176.88","172.243","170.637","171.826","161.291","160.063","159.914","155.133","151.067","143.964","137.702","138.355","135.013","135.68","135.999","134.861","138.56","139.284","139.304","137.981","135.625","133.791","134.463","132.849","129.776","128.396","128.816","122.921","120.393","118.623","117.527","116.181","113.001","106.786","102.061","99.014","96.903","94.609","93.194","92.085","90.556","",
"Cote d'Ivoire","CIV","Prevalence of moderate or severe food insecurity in the population (%)","SN.ITK.MSFI.ZS","","","","","","","","","","","","","","","","","","","","","","","","","","","","","","","","","","","","","","","","","","","","","","","","","","","","","","","","34.1","35.7","37","38.2","39.5","40.4","41","39.4","38.4","","",
"Cote d'Ivoire","CIV","Refugees under the mandate of the UNRWA by country or territory of origin","SM.POP.RRWA.EO","","","","","","","","","","","","","","","","","","","","","","","","","","","","","","","","","","","","","","","","","","","","","","","","","","","","","","","","","","","","","","","","","","",
"Cote d'Ivoire","CIV","Other people in need of international protection by country or territory of origin","SM.POP.OPIP.EO","","","","","","","","","","","","","","","","","","","","","","","","","","","","","","","","","","","","","","","","","","","","","","","","","","","","","","","","","","","","","","","","","","",
"Cote d'Ivoire","CIV","Forcibly displaced people","SM.POP.FDIP","","","","","","","","","","","","","","","","","","","","","","","","","","","","","","","","","","","","","","","","","","","","","","","","","","","548459","271871","84480","83566","303578","305616","302673","303927","304006","304171","310310","306478","307812","39830","69176","82807",
"Cote d'Ivoire","CIV","Children in employment, wage workers, male (% of male children in employment, ages 7-14)","SL.WAG.0714.MA.ZS","","","","","","","","","","","","","","","","","","","","","","","","","","","","","","","","","","","","","","","","","","","","","","","2.87","","","","","","6.29","","","","","","","","","","","","","",
"Cote d'Ivoire","CIV","School enrollment, secondary, male (% net)","SE.SEC.NENR.MA","","","","","","","","","","","","","","","","","","","","","","","","","","","","","","","","","","","","","","","","","","","","","","","","","","","","","","","35.86283","","40.38868","43.59474","45.34263","","","","","","","",
"Cote d'Ivoire","CIV","School enrollment, secondary, female (% gross)","SE.SEC.ENRR.FE","","","","","","","","","","","","3.89908003807068","4.55866003036499","4.94438982009888","4.9777398109436","","","","","","","10.6323699951172","","10.2021503448486","10.3054399490356","","","","","","","","","","","","","","","14.5966100692749","","","","","","","","","","","","","","","34.3625665088411","37.982068610823","40.5872787120579","43.9337901584799","46.3947128556196","49.4831223999723","51.9265625097734","54.4109890656109","52.166846663702","63.094766197367","64.4785040152839","",
"Cote d'Ivoire","CIV","Pupil-teacher ratio, upper secondary","SE.SEC.ENRL.UP.TC.ZS","","","","","","","","","","","","","","","","","","","","","","","","","","","","","","","","","","","","","","","","20.60998","","","","","","","","","","","","","","","","","","","","","","","","","","",
"Cote d'Ivoire","CIV","Secondary education, general pupils","SE.SEC.ENRL.GC","","","","","","","","","","","","62969","73308","83456","86563","95477","102387","112141","125749","144605","172280","198190","213849","217824","229872","245043","260330","257839","272911","303387","333709","361032","396606","414504","445505","463810","489740","527037","539297","565850","599080","639460","703743","","","","762727","808250","851267","929606","","999932","1132464","1215672","1321556","1478964","1621874","1791183","1923876","","","","","","","",
"Cote d'Ivoire","CIV","Educational attainment, at least completed upper secondary, population 25+, total (%) (cumulative)","SE.SEC.CUAT.UP.ZS","","","","","","","","","","","","","","","","","","","","","","","","","","","","","","","","","","","","","","","","","","","","","","","","","","","","","13.5190701911556","9.99058935250628","14.1761598587036","","10.2420784852343","","","","","16.8069095611572","","","","",
"Cote d'Ivoire","CIV","Educational attainment, at least completed post-secondary, population 25+, male (%) (cumulative)","SE.SEC.CUAT.PO.MA.ZS","","","","","","","","","","","","","","","","","","","","","","","","","","","","","","","","","","","","","","","","","","","","","","","","","","","","","8.67569101590498","3.89780293003178","7.44122982025146","","9.08151162685031","","","","","12.3855695724487","","","","",
"Cote d'Ivoire","CIV","Educational attainment, at least completed lower secondary, population 25+, female (%) (cumulative)","SE.SEC.CUAT.LO.FE.ZS","","","","","","","","","","","","","","","","","","","","","","","","","","","","","","","","","","","","","","","","","","","","","","","","","","","","","","","20.0222206115723","","10.5976444915749","","","","","20.0123100280762","","","","",
"Cote d'Ivoire","CIV","Lower secondary school starting age (years)","SE.SEC.AGES","","","","","","","","","","","12","12","12","12","12","12","12","12","12","12","12","12","12","12","12","12","12","12","12","12","12","12","12","12","12","12","12","12","12","12","12","12","12","12","12","12","12","12","12","12","12","12","12","12","12","12","12","12","12","12","12","12","12","12","12","12",
"Cote d'Ivoire","CIV","Children out of school, female (% of female primary school age)","SE.PRM.UNER.FE.ZS","","","","","","","","","","","","","","","","","","64.536506652832","","","","","","","","","","","","","","","","","","","58.7975196838379","58.1621704101562","","56.8951797485352","58.2469711303711","54.7487182617188","55.2606315612793","56.2773513793945","","","","","","55.2755813598633","","","","35.1211148989579","31.840479656117","29.773189037644","22.42263401403","22.1138373788774","18.7386706878466","17.3355205954826","16.2388620164343","18.3012668103049","19.6377092723827","13.9674556736021","13.2049176384352","",
"Cote d'Ivoire","CIV","Adjusted net enrollment rate, primary, female (% of primary school age children)","SE.PRM.TENR.FE","","","","","","","","","","","","","","","","","","39.38276","","","","","","","","","","","","","","","","","","","46.8227","47.69157","","49.45401","47.86024","51.94523","51.1883","49.87982","","","","","","50.48391","","","","65.35666","68.26229","72.05407","82.34393","84.7071","89.7329","","","","","","","",
"Cote d'Ivoire","CIV","Trained teachers in primary education (% of total teachers)","SE.PRM.TCAQ.ZS","","","","","","","","","","","","","","","","","","","","","","","","","","","","","","","","","","","","","","","","","99.4398803710938","99.0568237304688","","100","","","","100","100","100","","100","99.384426416819","82.8079412682688","84.9443797437854","100","100","100","100","100","100","100","100","100","100","",
"Cote d'Ivoire","CIV","Repeaters, primary, male (% of male enrollment)","SE.PRM.REPT.MA.ZS","","","","","","","","","","","","","","25.62836","26.59399","","21.07748","19.27108","18.00903","18.4281","19.04908","19.70976","","24.56142","25.95041","29.18318","28.60155","27.47341","26.11588","26.63623","26.60327","24.06248","26.77921","26.85244","25.75355","26.74524","23.49547","24.63544","25.69495","22.764","23.42843","22.44033","24.22736","17.48105","","","23.39541","22.31221","","18.87309","","","20.01108","20.66348","15.32021","15.54429","13.14107","11.25333","","","","","","","","",
"Cote d'Ivoire","CIV","Persistence to last grade of primary, female (% of cohort)","SE.PRM.PRSL.FE.ZS","","","","","","","","","","","","","","","","66.5112915039062","","","","","","","","","62.7297515869141","","","","","63.744270324707","","63.3992614746094","50.538688659668","","64.1677780151367","61.2173385620117","59.3734092712402","63.3394203186035","","56.4494094848633","83.9697036743164","","","","","","66.5254821777344","","59.3737182617188","","","79.3766021728516","71.3335189819336","69.356201171875","80.4575881958008","80.9007797241211","","","","78.5026321411133","72.4674072265625","68.0912704467773","","","","",
"Cote d'Ivoire","CIV","School enrollment, primary, private (% of total primary)","SE.PRM.PRIV.ZS","","","","","","","","","","","23.1609401702881","21.7525596618652","21.2899608612061","20.379430770874","19.8507900238037","19.5171604156494","18.6298007965088","18.2130508422852","16.9787101745606","15.9597797393799","14.9916696548462","14.0169897079468","12.8659000396728","11.7425498962402","11.2255001068115","11.2480697631836","11.2057399749756","11.3929300308228","11.384599685669","11.2902698516846","11.3388500213623","10.3508100509644","9.58209037780762","10.0452003479004","10.0803298950195","11.8188400268555","11.9252901077271","11.2626104354858","11.8192901611328","11.6346397399902","11.6418504714966","11.3236799240112","10.9105195999146","","","","11.7115497589111","11.7098302841187","9.67210006713867","10.6673002243042","","14.1663799285889","12.2564401626587","13.0429496765137","13.5113000869751","13.3144397735596","12.9714002609253","13.8550901412964","14.4805097579956","15.6327199935913","16.9715900421143","17.8539199829102","18.1267604827881","19.9363994598389","20.0018806457519","",
"Cote d'Ivoire","CIV","Net intake rate in grade 1 (% of official school-age population)","SE.PRM.NINT.ZS","","","","","","","","","","","","","","","","","","","","","","","","","","","","","","","","","","","","","","","25.74948","27.34707","25.28443","","24.64561","26.02471","","","","","","","","","","","40.53191","42.62463","68.11865","67.16395","73.3215","","","","","","","",
"Cote d'Ivoire","CIV","School enrollment, primary, female (% net)","SE.PRM.NENR.FE","","","","","","","","","","","","","","","","","","39.38276","","","","","","","","","","","","","","","","","","","46.8227","47.69157","","48.64547","47.3909","51.25323","50.44859","49.87982","","","","","","50.48391","","","","64.17623","67.64352","72.05407","79.03977","81.9408","86.60521","","","","","","","",
"Cote d'Ivoire","CIV","Gross intake ratio in first grade of primary education, female (% of relevant age group)","SE.PRM.GINT.FE.ZS","","","","","","","","","","","","","","44.12072","45.31527","","47.62039","50.99181","58.17342","58.21625","58.0787","58.46352","","54.12809","52.40073","51.80205","54.60968","54.10127","55.92682","54.86594","54.92881","52.84027","50.32017","55.29948","57.0852","57.31735","58.76472","61.9154","60.53977","59.57575","57.82282","57.83868","60.65329","65.53101","","","56.3746","58.38297","66.15635","64.27911","","69.95185","77.60227","78.58528","92.34533","94.12656","104.61812","99.76985","98.95423","","","","","","","",
"Cote d'Ivoire","CIV","Pupil-teacher ratio, primary","SE.PRM.ENRL.TC.ZS","","","","","","","","","","","43.03463","45.01925","46.14843","43.57135","46.07562","44.53024","43.80173","43.15366","43.04085","41.06876","38.77403","38.72203","36.44536","36.26274","35.78158","36.48968","36.25406","36.05055","36.24674","37.10362","36.28911","36.27673","37.06852","35.64816","39.14086","44.64832","41.01421","","41.66097","42.71803","44.97398","46.07557","43.88046","42.35665","","","46.10896","41.00376","41.8902","42.12742","","48.84621","41.71605","41.00117","42.52673","42.0505","42.50102","42.42645","41.8223","","","","","","","",
"Cote d'Ivoire","CIV","Educational attainment, at least completed primary, population 25+ years, total (%) (cumulative)","SE.PRM.CUAT.ZS","","","","","","","","","","","","","","","","","","","","","","","","","","","","","","","","","","","","","","","","","","","","","","","","","","","","","","","35.6887283325195","","32.0712763015517","","","","","32.7209091186523","","","","",
"Cote d'Ivoire","CIV","Primary completion rate, male (% of relevant age group)","SE.PRM.CMPT.MA.ZS","","","","","","","","","","","","","","51.464958190918","51.6247711181641","","58.8284492492676","62.5507202148438","62.3875885009766","64.4482498168945","66.4146728515625","69.5355987548828","","66.6759033203125","64.4318695068359","52.8056907653809","54.5524482727051","53.2240715026855","54.4725494384766","50.3263893127441","49.2116394042969","54.5684585571289","48.5149383544922","49.3570518493652","47.9194412231445","45.8319282531738","46.5295486450195","43.554271697998","42.0766906738281","","46.3594093322754","51.628231048584","","","","","47.8667182922363","46.6139488220215","","47.8097801208496","","53.6159742911659","57.734436366675","56.8163667966364","59.3236373811602","63.7639949088813","67.4922402072698","73.8825772769629","71.7161290322581","71.6643311802636","71.4338855601759","69.2170375290601","63.7231909871408","74.1823612544979","79.6815344069104","",
"Cote d'Ivoire","CIV","Trained teachers in preprimary education, male (% of male teachers)","SE.PRE.TCAQ.MA.ZS","","","","","","","","","","","","","","","","","","","","","","","","","","","","","","","","","","","","","","","","","90.2356872558594","90.3940887451172","","100","","","","100","100","100","","100","93.2735426008969","80.6122448979592","83.5497835497836","100","100","100","100","100","100","100","100","100","100","",
"Cote d'Ivoire","CIV","School enrollment, preprimary (% gross)","SE.PRE.ENRR","","","","","","","","","","","","1.22395002841949","1.14886999130249","1.23186004161835","","","0.715699970722198","0.6805499792099","0.700150012969971","0.718299984931946","0.764389991760254","0.755230009555817","0.785130023956299","0.782559990882874","0.779179990291595","0.858139991760254","0.834159970283508","0.889490008354187","1.0035400390625","1.0662100315094","1.08469998836517","0.982500016689301","0.919359982013702","1.42803001403809","1.73666000366211","1.93206000328064","2.26834011077881","2.28520011901855","2.40757989883423","2.38452005386353","2.55058002471924","2.66330003738403","2.7562301158905","2.93406009674072","","","3.04814004898071","2.90745997428894","2.8701000213623","3.44108009338379","","3.93746995925903","4.69798994064331","5.64321994781494","6.4556999206543","7.05882978439331","7.7595100402832","8.15108966827393","8.20429992675781","8.34589958190918","10.6196899414063","10.4376497268677","10.7175779342651","","","",
"Cote d'Ivoire","CIV","Female primary school age children out-of-school (%)","SE.LPV.PRIM.SD.FE","","","","","","","","","","","","","","","","","","","","","","","","","","","","","","","","","","","","","","","","","","","","","","","","","","","","","","","9.19999694824218","","","","","9.19999694824218","","","","","","",
"Cote d'Ivoire","CIV","Female pupils below minimum reading proficiency at end of primary (%). Low GAML threshold","SE.LPV.PRIM.LD.FE","","","","","","","","","","","","","","","","","","","","","","","","","","","","","","","","","","","","","","","","","","","","","","","","","","","","","","","75.7683410644531","","","","","76.7833709716796","","","","","","",
"Cote d'Ivoire","CIV","School enrollment, tertiary (gross), gender parity index (GPI)","SE.ENR.TERT.FM.ZS","","","","","","","","","","","","0.165409997105598","0.173810005187988","0.179629996418953","0.193079993128777","","0.208949998021126","0.217539995908737","","0.20847000181675","0.208069995045662","","","","","","","0.205750003457069","","","","","","","0.293179988861084","0.315349996089935","","0.352039992809296","","0.348369985818863","","","","","","","","0.498569995164871","0.544160008430481","0.519370019435883","0.502362754299488","0.651728719609899","","0.591525922249169","0.55343077622528","0.631504102009057","0.673868882084955","0.69662191398834","","0.790090875382072","0.847131458959656","0.861415855576062","0.862810120501523","0.934797177852811","0.983020007610321","",
"Cote d'Ivoire","CIV","Compulsory education, duration (years)","SE.COM.DURS","","","","","","","","","","","","","","","","","","","","","","","","","","","","","","","","","","","","","","","10","10","10","10","10","10","10","10","10","10","10","10","10","10","10","10","10","10","10","10","10","10","10","10","10","10","10","10",
"Cote d'Ivoire","CIV","Literacy rate, youth total (% of people ages 15-24)","SE.ADT.1524.LT.ZS","","","","","","","","","","","","","","","","","","","","","","","","","","","","","48.5099983215332","","","","","","","","","","47.060001373291","","60.7200012207031","","","","","","","","","","","","","","53.0200004577637","","62.9900016784668","","","68.1179517411164","","66.8399963378906","","","","",
"Cote d'Ivoire","CIV","Real effective exchange rate index (2010 = 100)","PX.REX.REER","","","","","","","","","","","","","","","","","","","","","132.040363711995","113.707430927816","103.548161340096","96.7913648729168","96.3347895622065","96.3537324902253","115.161332969538","128.128537775805","131.395329418321","124.41883698739","126.299881510318","121.508725144229","126.392242355245","124.061197597122","76.9268780421571","88.4202157843824","88.4927621132174","86.5722846882411","92.4400259975694","91.4653697742654","86.4985511652837","89.5708734286364","93.1326886847299","99.593688668536","100.814350399915","101.031676405037","100.791514900498","102.509681911189","106.952459517336","107.244311431685","100","102.258766728767","97.3939901045388","100.504839647744","100.708241008205","93.7319540155783","94.8159889938436","95.1388226217467","96.2157735153927","94.0202962351736","97.5028610569613","99.5234612468331","94.6345883644796","98.7960052490296","101.322691850682","100.964111616297",
"Cote d'Ivoire","CIV","Coverage of social insurance programs in 2nd quintile (% of population)","per_si_allsi.cov_q2_tot","","","","","","","","","","","","","","","","","","","","","","","","","","","","","","","","","","","","","","","","","","","20.8552075850576","","","","","","4.83610448023567","","","","","","","6.43579099025588","","","0.67611156744513","","","0.871172257655385","","","","",
"Cote d'Ivoire","CIV","Adequacy of social insurance programs (% of total welfare of beneficiary households)","per_si_allsi.adq_pop_tot","","","","","","","","","","","","","","","","","","","","","","","","","","","","","","","","","","","","","","","","","","","14.4262605064228","","","","","","32.2946206312963","","","","","","","49.5547197611812","","","3.34693938750319","","","27.1151655551649","","","","",
"Cote d'Ivoire","CIV","Coverage of social safety net programs in 2nd quintile (% of population)","per_sa_allsa.cov_q2_tot","","","","","","","","","","","","","","","","","","","","","","","","","","","","","","","","","","","","","","","","","","","4.75100670144041","","","","","","32.5727470348803","","","","","","","34.1512917303086","","","4.56908795079654","","","4.09684559432564","","","","",
"Cote d'Ivoire","CIV","Adequacy of social safety net programs (% of total welfare of beneficiary households)","per_sa_allsa.adq_pop_tot","","","","","","","","","","","","","","","","","","","","","","","","","","","","","","","","","","","","","","","","","","","","","","","","","4.54823284931689","","","","","","","14.7420353506139","","","1.04263190702491","","","","","","","",
"Cote d'Ivoire","CIV","Coverage of unemployment benefits and ALMP in 2nd quintile (% of population)","per_lm_alllm.cov_q2_tot","","","","","","","","","","","","","","","","","","","","","","","","","","","","","","","","","","","","","","","","","","","","","","","","","","","","","","","","","","","","","","0.572540721749969","","","","",
"Cote d'Ivoire","CIV","Adequacy of unemployment benefits and ALMP (% of total welfare of beneficiary households)","per_lm_alllm.adq_pop_tot","","","","","","","","","","","","","","","","","","","","","","","","","","","","","","","","","","","","","","","","","","","","","","","","","","","","","","","","","","","","","","","","","","",
"Cote d'Ivoire","CIV","PPP conversion factor, households and NPISHs Final consumption expenditure (LCU per international $)","PA.NUS.PRVT.PP","","","","","","","","","","","","","","","","","","","","","","","","","","","","","","","167.27870132522","163.183809312182","165.088509372243","163.826604940588","201.306216829462","223.804426162642","222.825122008769","226.489916795591","233.312716090345","229.92072026941","228.038946999062","231.443930600177","234.841414225882","237.199040027601","234.382402723891","235.500180435659","233.769158460197","231.585704001378","237.093109979363","240.3648934924","239.386815669886","243.460861206055","234.728786675583","242.50312448151","240.994617156511","243.253099013189","242.30076539446","242.664993286133","238.760635375977","232.10954284668","235.663711547852","238.539962768555","232.423622597393","232.98926355669","234.123108550825","228.256988332931",
"Cote d'Ivoire","CIV","Official exchange rate (LCU per US$, period average)","PA.NUS.FCRF","245.195101398359","245.26010162116","245.013850686544","245.016350696075","245.027184079042","245.060934207708","245.678436557644","246.000937791281","247.564693756951","259.960574351236","276.403137026845","275.356456685332","252.027627462649","222.889183053227","240.704667637823","214.312900341219","238.950494267059","245.679686566576","225.655860233957","212.721644262377","211.279555414705","271.731452550327","328.60625269899","381.066036024628","436.956665788008","449.262962711607","346.305903554493","300.536562401478","297.848218819378","319.008299487903","272.264787954393","282.10690880882","264.691800750579","283.162579500018","555.204695655697","499.14842590131","511.552430272516","583.669372353396","589.951774567332","615.473349319164","710.207977031367","732.397693260228","693.713226496374","579.897426172466","527.338032291576","527.258362649626","522.425624895176","478.633718476363","446.000041432788","470.293423341398","494.794262222947","471.248625718937","510.556338454251","493.899623852237","493.757329875312","591.21169798261","592.605615063022","580.656749587858","555.446458398226","585.911013180369","575.586004510945","554.530675033104","623.759700911182","606.569750165917","606.345297609063","581.92848104034",
"Cote d'Ivoire","CIV","Net secondary income (Net current transfers from abroad) (current LCU)","NY.TRF.NCTR.CN","","","","","","","","","","","","","","","","","","","","","","","","","","","","","","","","","","","","","","-222051000000","-232199000000","-237503981800","-235000000000","-227500000000","-322011864900","-282800000000","-245900000000","-243462225300","-277553256700","-164309756900","-148181227400","-46498817000","-217585598200","-251577021900","-265829786600","-217086852100","-145439260000","-145439301800","-203725545700","-246080158900","-300123000000","-309255662300","-337757000000","-375130000000","-222836765100","-153144332800","-65440000000","-295010000000",
"Cote d'Ivoire","CIV","Taxes less subsidies on products (current US$)","NY.TAX.NIND.CD","","","","","","","","","","","","","","","","","","","","","","","","","","","","","","","","","","","","","","","","","","","","","","","","","","","","","","","","3382882995.66089","3509922868.34812","3938643613.4601","4340652398.21909","4632838331.71438","4280580102.01273","5544315470.01435","5252237351.57588","6368383850.33213","7176893139.69084","8119564168.40165",
"Cote d'Ivoire","CIV","Gross savings (% of GDP)","NY.GNS.ICTR.ZS","","","","","","","","","","","","","","","","","","","","","","","","","","","","","","","","","","","","","","","","","","","","","","-18.7529234417071","-18.2668801003338","-19.9029744726593","-13.9842171955256","-12.2345587091418","-11.3676331464475","-12.4490286914098","-9.90077028993936","-8.31457865881536","22.7890998181656","22.4324710198086","22.4314675677744","19.2374426995924","17.868642009292","18.9093840529174","17.7478718165062","19.0509975508603","19.4084065814333","16.5076755406803","17.1506782270171","",
"Cote d'Ivoire","CIV","GNI per capita (constant LCU)","NY.GNP.PCAP.KN","","","","","","","","","","","","","","","","","","","","","","","","","","","","","","","","","","","","","","","","","","","","","","","","","539217.674734126","567777.943178616","625850.667622398","566197.250009708","595579.98356143","659492.342822723","986707.514695189","1049314.47918387","1099753.67595181","1109764.58417572","1125473.97050006","1168810.88113099","1168701.50425773","1229701.13285057","1266358.228119","1321463.84304946","1349825.33389027","1460737.11014067",
"Cote d'Ivoire","CIV","GNI per capita, Atlas method (current US$)","NY.GNP.PCAP.CD","","","160","180","210","200","220","220","250","270","280","290","300","360","450","560","650","750","920","1100","1130","1110","940","710","650","630","720","800","900","810","760","740","760","720","660","670","510","630","710","680","610","550","530","580","710","850","850","880","1000","1080","1120","1020","1140","1240","1860","1880","1880","1870","2010","2120","2120","2300","2440","2510","2520","2780",
"Cote d'Ivoire","CIV","GNI growth (annual %)","NY.GNP.MKTP.KD.ZG","","","","","","","","","","","","","","","","","","","","","","","","","","","","","","","","","","","","","","","","","","","","","","","","","","7.66297715329729","12.6840058163913","-7.54449645562836","7.40970758885342","12.9615678425951","53.2886640327855","9.46222350759405","7.89159972350528","3.79892210490686","4.18792255624523","6.60650230822988","2.55288147281595","7.85501926781362","5.60508941640261","6.99728967080225","4.66524493668996","10.8508741683313",
"Cote d'Ivoire","CIV","GNI (current US$)","NY.GNP.MKTP.CD","556461972.29691","610784457.310549","628637732.811277","731665892.371403","896802317.248196","893071280.794188","990002896.346984","1046698105.67958","1243690120.44989","1319400808.44721","1419613979.2726","1517255629.49119","1789499913.0393","2405121063.23258","2973454142.15232","3752941296.11423","4503853895.77809","6070868192.69678","7591720786.24504","8682637701.40851","9680517025.41687","7910293027.8005","7026605096.58652","6150114795.06402","6349600155.54494","6295644866.23394","8468160551.48745","9196581454.53863","9302464075.50283","8372493903.36394","9209160119.15577","9121517086.27597","9807255406.8269","9679055051.97422","7539428556.81466","10012664587.0661","11223282690.4957","11002799372.5187","12020813057.1351","11742586597.9015","9739259799.95012","9920429937.78245","10857690467.2455","13047012644.7845","14789614207.4577","16439390778.5205","17106470545.5442","19561214782.6159","23421489631.6568","23436744023.9537","23995591357.5247","24425274888.759","25926659727.4129","29861782822.0902","47933652024.9735","44807751702.5044","47331529982.55","50973205770.8793","56893409586.3836","58700458323.6943","61181445318.3239","70557249154.8822","68623846438.422","77728520817.2679","83292122059.1373","94235813305.7248",
"Cote d'Ivoire","CIV","Gross domestic savings (current LCU)","NY.GDS.TOTL.CN","38959743000","41286954000","38314918900","54725904400","75165429800","64399994900","74299998200","72500011000","96800014400","103399997400","117300002800","111600009200","118299983800","143700000800","216800002000","188499951600","317300015100","517599985700","514300051400","484400037800","437700001800","431499903000","504399921100","512100008000","752499818500","856699961400","678015008800","488922939400","465758060500","369852940300","331175952400","307359907800","271000010800","416911458300","1150879006700","1258178478100","1509099706600","1985221091700","2429196600200","1883199091200","1943631578700","1975566723000","2360110167000","2241756352000","2093105029000","1873062178000","2135983485000","1827684547000","2776342544000","3011427881000","3665947973000","3880391877000","3728134678000","4831649936000","6090393493000","6875367000000","7318711000000","7059647000000","7022515000000","8013467000000","7903949000000","9306103000000","10242893000000","10092852000000","11441425561000","14117433350000",
"Cote d'Ivoire","CIV","GDP per capita, PPP (constant 2021 international $)","NY.GDP.PCAP.PP.KD","","","","","","","","","","","","","","","","","","","","","","","","","","","","","","","5255.54850266487","5052.88904768462","4843.32931958155","4645.50187236924","4502.49283983062","4638.79163883935","4807.45984346502","5072.6345612587","5093.16936951716","4987.39397799406","4838.37602767698","4609.17878891553","4368.96040639474","4060.03041319294","4088.97542020506","4032.27570780036","4049.29028298687","3999.72054350731","4096.75377364759","4151.08431510133","4338.68457800736","4017.43753814324","4234.21187719492","4597.22035890241","4907.61080546543","5110.90021438908","5320.88582199186","5556.1547631509","5670.24199741353","5894.92235259103","5787.85814696561","6045.20480490881","6272.26395760029","6520.89886459765","6747.0379677706","7014.84577693062",
"Cote d'Ivoire","CIV","GDP per capita (constant 2015 US$)","NY.GDP.PCAP.KD","1495.16746754194","1584.79700802047","1544.73084077175","1701.85098116155","1925.78185183022","1795.15446525207","1927.01291240163","1939.09574002605","2099.19940540587","2209.89957239449","2340.31065205636","2453.14652785489","2445.07611276194","2475.02677039287","2466.81998522238","2551.2970644557","2765.86772079083","2861.15876809449","3055.94030479339","3010.66074752137","2576.91660095729","2562.42591923373","2466.30363782942","2276.86700017061","2128.64190478015","2138.06011188618","2123.07460132975","2035.62090959375","1981.38877451772","1962.42170003804","1866.0785698741","1794.12062566918","1719.71261335163","1649.47036183619","1598.69239055813","1647.08777075504","1706.97650014485","1801.13163122133","1808.42289027986","1770.86540389357","1717.95385651231","1636.57318705218","1551.27925902838","1441.58801755037","1451.86547141894","1431.73320203111","1437.77453798586","1420.1738958245","1454.62731800082","1473.9183699329","1540.52927270246","1426.46463864534","1503.43433046682","1632.32712787006","1742.53693001178","1814.71855088017","1889.27777949938","1972.81431788947","2013.32307598499","2093.09994335779","2055.08483996432","2146.46047529012","2227.08197820584","2315.36434710324","2395.65916961845","2490.74922791875",
"Cote d'Ivoire","CIV","GDP, PPP (constant 2021 international $)","NY.GDP.MKTP.PP.KD","","","","","","","","","","","","","","","","","","","","","","","","","","","","","","","64063969515.7172","64090187805.2555","63933448450.5656","63810386089.2721","64328020203.7209","68911870712.2345","74238294830.258","81401429152.3938","84872309528.8268","85862650544.5371","85634436667.3589","83789860205.1408","81501955889.3608","77650282188.799","80123473358.9181","80921555686.4118","83199965685.0553","84116354874.022","88139359161.1609","91315303698.5402","97568620804.7272","92328749501.608","99364580390.6595","110056421017.543","120370908731.919","129031534740.34","138286656586.504","148534752172.885","155728507168.831","166195598940.9","167358517067.819","179178274483.429","190645475535.789","203228077783.043","215461462281.519","229466457329.817",
"Cote d'Ivoire","CIV","GDP (constant 2015 US$)","NY.GDP.MKTP.KD","5492745889.81492","6038315904.9062","6112405708.35254","6998115047.44617","8230699197.19349","7974752907.88309","8898018736.25985","9307163143.6156","10475049116.1628","11474286967.6777","12664747894.4167","13862407213.5663","14449705424.8071","15307901973.3808","15970333193.0689","17288346643.98","19521378206.8974","20949261442.0495","23234711409.5838","23791045073.3334","21184094378.322","21925643370.8117","21969674962.3516","21112804814.63","20542492760.3513","21467156206.3713","22166845697.292","22089489409.9338","22340532915.1657","22999132929.8765","22747083497.3228","22756392780.3066","22700739607.1517","22657044066.1342","22840839521.0746","24468419439.1566","26359663691.9048","28903065478.586","30135465005.6332","30487103687.1804","30406072178.2268","29751121585.5543","28938759334.2241","27571152176.3563","28449303912.4541","28732677632.1669","29541668752.6369","29867049486.2231","31295490700.8623","32423167866.6818","34643522418.9356","32783010325.3471","35281210700.9425","39077544167.6054","42739891584.4862","45815005169.2651","49101205368.91","52739979047.0655","55294253263.7438","59010785540.9857","59423700880.6615","63620521822.0335","67692161181.7305","72159844125.7554","76503530924.2047","81476260434.278",
"Cote d'Ivoire","CIV","Mineral rents (% of GDP)","NY.GDP.MINR.RT.ZS","","","","","","","","","","","0","0","0","0","0","0","0","0","0","0","0","0","0","0","0","0","0","0","0.000300183379616858","0.000452448894464279","0.000578576008430695","0","0.027459715250273","0.0302548152341097","0.0654345154290398","0.128619001646594","0","0.0287402582201248","0","0","0","0","0","0.0123903278170218","0","0","0.00907627499073501","0","0.110068813260895","0.240205141462773","0.0937491381749339","0.654511620365384","0.530274437341492","0.368977123492966","0.351420911174992","0.361552777361383","0.559881099662443","0.400849571195147","0.455348393491403","0.574500241538047","0.724356662445554","2.50107699952363","","","","",
"Cote d'Ivoire","CIV","Gross value added at basic prices (GVA) (current LCU)","NY.GDP.FCST.CN","","","","","","","","","","","","","","","","","","","","","","","","","","","","","","","","","","","","","","","","","","","","","","","","","","","","","","","","25086367000000","26606711000000","28204647000000","30095103000000","32664572000000","33814108000000","37292366000000","40962666000000","45136025000000","48468991161500","53336068049900",
"Cote d'Ivoire","CIV","GDP deflator: linked series (base year varies by country)","NY.GDP.DEFL.ZS.AD","","","","","","","","","","","","","","","","","","","","","","","","","","","","","","","32.5090731104143","32.7247673213507","32.7169666736446","34.7304323688293","50.8405148426557","56.4552344612454","59.2684465421053","61.5926433827962","64.910861671886","64.4072105526693","65.4383811278654","69.9379037957584","73.1425546089055","75.5402558268221","73.649213151921","74.6076142463678","75.6219333066226","77.9575541086092","82.1461616374003","83.1383059711316","84.3988638681401","89.2174655047789","88.8569391891795","91.4131137966907","95.4419935384241","100","98.820167564343","97.790780362221","99.4355982794369","101.407756696452","103.261878975611","107.321000353731","110.540631038999","114.854409212636","116.78293315608","120.534385021034",
"Cote d'Ivoire","CIV","Coal rents (% of GDP)","NY.GDP.COAL.RT.ZS","","","","","","","","","","","","","","","","","","","0","0","0","0","0","0","0","0","0","0","0","0","0","0","0","0","0","0","0","0","0","0","0","0","0","0","0","0","0","0","0","0","0","0","0","0","0","0","0","0","0","0","0","0","","","","",
"Cote d'Ivoire","CIV","Adjusted net savings, including particulate emission damage (% of GNI)","NY.ADJ.SVNG.GN.ZS","","","","","","","","","","","","","","","","","","","","","","","","","","","","","","","","","","","","","","","","","","","","","","-36.6782549110075","-37.4214231210607","-37.7670182602782","-28.6081891081076","-23.7970986480833","-21.5191911997955","-25.9728351685125","-19.0189085938373","-15.9623412128614","22.5001533314941","20.8363046488921","17.8629347186564","14.8764340851313","13.4420582230823","14.8203988308974","19.0057193327568","","","","","",
"Cote d'Ivoire","CIV","Adjusted net national income per capita (current US$)","NY.ADJ.NNTY.PC.CD","","","","","","","","","","","","256.388074754878","288.215110595963","370.959357409139","440.036761773214","526.291627896844","605.511156264979","783.550166512411","928.564805527571","1006.53412871527","1070.65566817327","830.404466117797","715.188017843449","595.475107226332","591.963006781301","565.248392449836","741.498885157886","772.288921497102","756.589216017417","659.956309091492","693.131904003934","663.529354642272","688.994415276713","652.349985052717","488.567912016221","632.259722985985","666.122293054945","631.011980818082","669.090806592045","631.669433197622","501.38670972835","504.5245287927","539.893030528818","638.85697076165","700.534924259306","748.069272521875","749.700478039123","852.064174835756","996.245088204773","996.078826372319","1005.80080521474","982.611828550139","1040.7160086954","1183.40512328937","1894.47268249757","1715.60341563536","1720.58815655954","1783.15386965419","1947.71213990439","1929.04507419598","1972.11548154409","2164.04317815456","","","","",
"Cote d'Ivoire","CIV","Adjusted savings: net national savings (% of GNI)","NY.ADJ.NNAT.GN.ZS","","","","","","","","","","","","","","","","","","","","","","","","","","","","","","","","","","","","","","","","","","","","","","-33.3557405849311","-31.9928070337095","-33.8765336751795","-24.5921589851418","-21.924962431374","-20.6014957804129","-23.1627648298226","-17.6121357003544","-15.5060464160112","20.9152177168714","20.2859662100126","16.8571833134379","14.094519479514","13.1745515578194","14.5741936572247","18.4954433968618","","","","","",
"Cote d'Ivoire","CIV","Adjusted savings: particulate emission damage (% of GNI)","NY.ADJ.DPEM.GN.ZS","","","","","","","","","","","","","","","","","","","","","","","","","","","","","","","4.2416252165865","4.12045627376663","4.05613566392512","4.06711358494807","3.89854570217582","3.55818739619972","4.78548007360541","4.49268717313769","4.39656890439375","4.36557148098628","4.70318735871425","4.79651505051233","4.73746794718047","4.70282041421569","4.31301631833884","3.80730312520129","3.69539188679232","3.55599145878748","3.27683566861123","3.08445036632842","2.87015960084844","2.99560197168652","2.57691378547916","2.41513694269985","1.57418563580379","1.46482980784589","1.34271290909239","1.21834336197841","1.16623290909101","1.08103145213115","1.05094604194824","0.967356641945453","","","","",
"Cote d'Ivoire","CIV","Adjusted savings: mineral depletion (% of GNI)","NY.ADJ.DMIN.GN.ZS","","","","","","","","","","","0","0","0","0","0","0","0","0","0","0","0","0","0","0","0","0","0","0","0.000108275541731199","9.51782114930436E-05","0.000130221862318507","0","0.00424442406251234","0.00360689205565464","0.0522302223743902","0.106470574978168","0","0.0369317631491364","0","0","0","0","0","0.0141459705385937","0","0","0.00956166205404392","0","0.108633485603264","0.243740195123462","0.100027165582819","0.749652715515067","0.569695117755297","0.405404478799348","0.274753882915241","0.283646953543622","0.4394375791054","0.316954404989956","0.365459387156621","0.461255792625971","0.547495455899473","1.88776517485187","","","","",
"Cote d'Ivoire","CIV","Adjusted savings: net forest depletion (% of GNI)","NY.ADJ.DFOR.GN.ZS","","","","","","","","","","","0","0","0","0","0","0","0","0","0","0","0","0","0","0","0","0","0","0","0","0","0","0","0","0","0","0","0","0","0","0","0","0","0","0","0","0","0","0","0","0","0","0","0","0","0","0","0","0","0","0","0","0","","","","",
"Cote d'Ivoire","CIV","Adjusted savings: education expenditure (% of GNI)","NY.ADJ.AEDU.GN.ZS","","","","","","","","","","","4.8","5.7080367","7.3","6.5","5.4","6","5.8","4.7","5.3","6.7","6","7","7.3","7.7","6.4","6.3","6.9969684","6.9969684","6.9969684","6.9969684","6.9969684","6.9969684","7.7","7.3","5","4.3","4","3.9","3.36451632597674","3.85","3.94","3.96","4.41","4.43","4.32","4.06","4.04","4.19","4.24427473094013","4.19481442982498","4.39678070961784","4.01714615709006","4.18584001338762","4.42751885864552","4.56","3.3622455984772","3.79615233044037","3.66676233692437","3.18644784854212","3.18644784854212","3.18644784854212","3.18644784854212","","","","",
"Cote d'Ivoire","CIV","Services, value added (annual % growth)","NV.SRV.TOTL.KD.ZG","","","","","","","","","","","","","","","","","","","","","","","","","","","","","","","","","","","","","","","","","","","","","","","","","","5.60844410654131","7.21643946695234","-7.10040839577421","18.3234724672308","4.74591831359436","8.12805363379483","-12.4137871716371","6.11425373389827","6.16737026408465","4.9972977778143","6.22618456782777","0.388633710072767","5.97469157115957","3.72276856369392","6.03491564150541","6.70780040132668","7.28768671457001",
"Cote d'Ivoire","CIV","Services, value added per worker (constant 2015 US$)","NV.SRV.EMPL.KD","","","","","","","","","","","","","","","","","","","","","","","","","","","","","","","","","","","","","","","","","","","","","","","","","6835.82040159072","6862.1145492883","7008.70588317834","6290.0179213758","7054.28374957299","6844.16744507741","7304.46494983439","6374.20051898014","6742.09470632829","6891.74110784255","6892.8816486186","6957.99507312001","7228.31443341279","7589.99630209624","7689.5460514804","7760.28733943773","7905.31792130028","8114.72761583138",
"Cote d'Ivoire","CIV","Machinery and transport equipment (% of value added in manufacturing)","NV.MNF.MTRN.ZS.UN","","","","","","9.8763578114832","7.95111233177698","8.08039887815519","7.51261918115536","7.97788710250038","9.30929030897395","10.8606038691014","10.3044975083709","8.81773254103665","6.49454813465999","7.84961762661105","10.8118284748553","11.7977251161472","9.76929634008854","8.71714928323575","8.51707803169457","8.52599128631177","12.7931360045053","","","","9.77596741344195","9.09090909090909","8.88468809073724","8.38095238095238","","","","","1.83752926223602","2.48220173690421","2.46796214693347","1.83814490482463","1.26018444731142","1.22192976610915","1.39367512041889","1.57186813634293","1.27617071623313","0.742698369166244","0.484547685361994","0.710179321547775","0.69666691096833","0.964624794683683","1.13446430026728","1.71149454923373","1.91784362699512","1.1878945928236","0.924531822205252","1.09990309613208","0.903941370199676","0.576377037777327","0.644093846645871","","","","","","1.61378972299265","","","",
"Cote d'Ivoire","CIV","Industry (including construction), value added (constant LCU)","NV.IND.TOTL.KN","","","","","","","","","","","","","","","","","","","","","","","","","","","","","","","","","","","","","","","","","","","","","","","","","4117626519800","4277624016200","4106370847100","3792247469400","3738012951800","4815886159200","5032698150800","5450199000000","6243522000000","6477686789911.94","6601831680506.21","8025546791863.78","7863533709256.97","8277443096640.3","9273478904000.11","10268032487956.2","10765583468700","11485751553600",
"Cote d'Ivoire","CIV","Industry (including construction), value added (current US$)","NV.IND.TOTL.CD","71764506.4205422","85806154.0722999","90223100.0809828","111875509.075719","147957835.976273","146494170.302966","183166222.68319","204470757.749712","208834296.460706","210031846.983074","269172016.669261","311959277.206999","365039321.264569","445064255.092182","493966318.509452","663515805.161518","762919537.215939","949610460.876238","1301982519.75375","1559784796.51088","2008713029.04817","1567455585.27595","1610894484.71329","1468879338.54068","1337423196.10247","1377812156.30722","1949109224.5427","2256088325.45306","2322881026.86288","2125524740.65886","2835768826.26482","2581025397.00649","2726009159.61126","2513340425.8901","1749157862.85064","2284510377.28004","2478631564.70589","2772290405.53459","2872739894.71428","2711283807.30133","2310378161.24107","2383501500.18837","2617980931.1896","3232887258.92706","3650269624.3991","3899792102.49151","4192658045.82231","4740574921.21773","5932625015.16227","6105152357.19127","5581626975.29423","6150746845.89107","6437289590.55641","8115691539.78542","9693162428.59625","9218692760.03399","10078841389.3108","10401940561.2696","11184629788.3855","13068090256.2246","13048154289.2969","16089824066.0898","16343840398.2434","19307009622.5537","20945370758.1979","23873997610.3696",
"Cote d'Ivoire","CIV","Manufacturing, value added (constant 2015 US$)","NV.IND.MANF.KD","","","","","","","","","","","","","","","","","","","","","","","","","","","","","","","","","","","","","","","","","","","","","","","","","4131038324.78633","4117289221.8381","4077907274.42609","3532796290.17083","4076047660.8499","4585864267.01591","4777088156.16162","5236929530.44376","6377835575.23586","6341254700.4974","6923458913.05681","8258062306.364","8301283335.88132","8691975731.4417","9124158189.78367","9774946191.40131","10045141918.6905","10498775294.8691",
"Cote d'Ivoire","CIV","Financial intermediary services indirectly Measured (FISIM) (constant LCU)","NV.FSM.TOTL.KN","","","","","","","","","","","","","","","","","","","","","","","","","","","","","","","","","","","","","","","","","","","","","","","","","","","","","","","","","","","","","","","","","","",
"Cote d'Ivoire","CIV","Agriculture, forestry, and fishing, value added (annual % growth)","NV.AGR.TOTL.KD.ZG","","","","","","","","","","","","","","","","","","","","","","","","","","","","","","","","","","","","","","","","","","","","","","","","","","-2.94095767643114","-4.05042696648378","7.15593229001455","-2.65726464888034","4.15725119347614","16.1827195559636","2.87836976199374","3.07645754291148","13.6755453699425","11.4033141636014","-5.69513120816507","3.19173374292274","7.45948507414292","5.91155261316472","3.05932586277069","5.25032147219659","3.93874582831629",
"Cote d'Ivoire","CIV","Agriculture, forestry, and fishing, value added per worker (constant 2015 US$)","NV.AGR.EMPL.KD","","","","","","","","","","","","","","","","","","","","","","","","","","","","","","","","","","","","","","","","","","","","","","","","","2016.78299633896","1895.53572044966","1763.61164884061","1810.94499565041","1739.50975692427","1744.36960984743","1852.7749140694","1749.89145344934","1667.90801478557","1981.87857936522","2256.29614239898","2194.692695302","2120.99125579998","2147.10172709894","2179.23867528654","2217.36353957378","2302.9865840661","2367.97128973991",
"Cote d'Ivoire","CIV","External balance on goods and services (current LCU)","NE.RSB.GNFS.CN","15180597200","10900725700","13669158900","19421839400","25193865200","15099977700","19399958500","19799998400","40299970600","34300002300","26799997000","16499990600","20999995300","14100004900","54100000700","1199996900","61200007100","96900022300","-16299982900","-59500003400","-132799987700","-162900017200","-72200028100","32300007400","404200030200","450699984900","295414988800","115499991100","79355052100","92700016600","134569984000","89559990200","111999975400","110609104900","517798887400","401714053100","305555404300","244132745300","82767279500","183745257000","72539515800","224758555000","854222222900","520308251400","268328060200","118755347900","263028319800","-61812395700","13180003700","661785920800","-81900843900","1011029101300","-62295599900","-6731541100","635110443700","540486000000","665000000000","712000000000","-211000000000","233702000000","16073000000","-210512000000","-1916279000000","-1933656000000","417831373800","2910534550000",
"Cote d'Ivoire","CIV","Imports of goods and services (annual % growth)","NE.IMP.GNFS.KD.ZG","","","","","","","","","","","","","","","","","","","","","","","","","","","","","","","","","","","","","","11.558544150474","10.2732522009116","-1.70485803074224","-1.71076030305986","-7.24969364434692","-3.02827590038491","-5.08344845285062","12.9447582181286","8.06674573568829","-0.452737656307477","0.36872206730483","-0.944850247982913","15.0018818221742","13.7326840939","-20.2437069524167","27.7206131780958","-9.83634427922692","-1.41054543396886","13.9361081846267","0.0436744795457855","6.30200308207219","4.38906979974112","4.31366631499024","5.76626808575654","17.1139284578575","18.034288144553","8.7263819220455","3.09192772528517","15.7722415191007",
"Cote d'Ivoire","CIV","Gross capital formation (% of GDP)","NE.GDI.TOTL.ZS","16.7249346868871","19.8409833871734","13.8895677843114","17.7828302206107","21.844553229471","21.8722278559894","21.8203464279959","19.7822819419222","17.8121051127139","19.5252903802389","22.4956529301408","21.8019049040204","20.8753481714801","23.1801100638271","22.0162385649865","22.4445788805056","22.9892273852736","27.3323803561107","29.7621710087445","27.9654493263813","26.5361179605953","25.9404733819914","23.1882903653993","18.4127717783294","11.6507777029108","12.9513847390107","12.0634100487767","12.3172446612444","12.6503527480085","8.90395594998841","6.68880333930737","7.35800116106434","6.92388460182044","9.79307108436347","13.7157180662276","15.5984458141094","13.0192531132058","16.5285766916775","20.2721403299213","14.6266918422589","15.8924072733403","14.2203409229788","12.0234754844887","13.9684419032966","14.7182926366705","13.8421414471747","14.1808271176765","13.7262735107761","18.1800206859596","14.7435495856944","21.6810545298756","16.5937189121478","20.4508171031026","22.9098013286147","22.6204558252908","23.3881494701744","23.1944017562697","20.8176586853442","22.2527904990641","21.9899384954404","21.7428934104601","23.5753170688856","27.4853115364793","24.5444478808032","20.8698505769184","19.3019144967857",
"Cote d'Ivoire","CIV","Carbon dioxide (CO2) emissions from Industrial Processes (Mt CO2e)","EN.GHG.CO2.IP.MT.CE.AR5","","","","","","","","","","","0.2093","0.2612","0.3072","0.3345","0.3167","0.3569","0.3972","0.4291","0.4691","0.4978","0.5558","0.6254","0.4708","0.3087","0.2699","0.2613","0.3775","0.3227","0.3421","0.3403","0.2508","0.2513","0.2563","0.2527","0.2533","0.2861","0.5006","0.5578","0.3804","0.397","0.4038","0.4227","0.4291","0.4623","0.4572","0.4627","0.4902","0.5066","0.3982","0.3045","0.8887","0.8592","0.9005","1.0016","1.1361","1.3715","1.7308","1.6914","2.0895","2.2303","2.2566","2.2789","2.2932","2.2839","2.3192","",
"Cote d'Ivoire","CIV","Carbon dioxide (CO2) emissions from Agriculture (Mt CO2e)","EN.GHG.CO2.AG.MT.CE.AR5","","","","","","","","","","","0.0047","0.0047","0.0047","0.0047","0.0075","0.0077","0.0079","0.0134","0.011","0.0115","0.0134","0.0126","0.0115","0.0082","0.0074","0.0044","0.0042","0.0035","0.0097","0.0105","0.0159","0.022","0.0236","0.0283","0.0377","0.0393","0.0566","0.0864","0.0754","0.0487","0.055","0.0418","0.0874","0.0327","0.0691","0.0519","0.0849","0.0629","0.0377","0.066","0.0703","0.0552","0.0688","0.0978","0.1159","0.0818","0.0884","0.0661","0.0529","0.1194","0.0828","0.1221","0.0739","0.0754","0.0773","",
"Cote d'Ivoire","CIV","Methane (CH4) emissions from Power Industry (Energy) (Mt CO2e)","EN.GHG.CH4.PI.MT.CE.AR5","","","","","","","","","","","0.0003","0.0003","0.0003","0.0004","0.0004","0.0003","0.0004","0.0005","0.0006","0.0004","0.0002","0.0001","0.0001","0.0005","0.0008","0.0004","0.0005","0.0007","0.0006","0.0004","0.0003","0.0004","0.0004","0.0006","0.0007","0.0008","0.0019","0.0031","0.0038","0.0037","0.0036","0.0038","0.0043","0.0038","0.0051","0.0063","0.0055","0.0058","0.0064","0.0056","0.0064","0.0062","0.0071","0.0074","0.0077","0.0082","0.0082","0.0088","0.0103","0.0096","0.0103","0.0137","0.0147","0.0147","0.0153","",
"Cote d'Ivoire","CIV","Methane (CH4) emissions from Fugitive Emissions (Energy) (Mt CO2e)","EN.GHG.CH4.FE.MT.CE.AR5","","","","","","","","","","","0.9468","0.9392","0.9675","0.9935","1.0201","1.0486","1.0771","1.1066","1.1355","1.1656","1.2528","1.6019","1.7414","2.5196","2.7656","2.8524","2.463","2.3912","2.1143","1.6243","1.6616","1.718","1.7482","1.7475","2.1347","2.2403","2.6262","2.7117","2.6377","2.6271","2.7074","2.722","2.8203","2.8711","2.9941","3.1549","3.2568","3.5427","3.5879","3.4633","3.6972","4.2426","4.3627","4.5275","4.5121","4.9706","5.4576","5.0562","4.3079","4.7202","4.7026","4.6878","4.7261","4.7369","4.6988","",
"Cote d'Ivoire","CIV","Total greenhouse gas emissions excluding LULUCF (Mt CO2e)","EN.GHG.ALL.MT.CE.AR5","","","","","","","","","","","6.0353","6.1639","6.5699","6.7599","6.9691","7.4335","8.0917","8.2713","9.0424","8.9114","8.8625","8.9237","9.2784","10.7112","10.6031","10.5216","10.4609","10.4158","10.3695","9.9928","9.9376","10.2538","10.387","10.6167","11.4811","12.089","13.4398","14.7175","14.4967","16.4148","16.3241","16.532","17.3099","15.8514","16.6589","17.5958","17.7482","18.1591","19.0181","18.4168","19.8203","20.4445","23.0251","24.3394","25.2868","26.3751","27.5021","28.4254","27.9065","29.8106","30.1406","35.0561","36.5208","36.7288","38.0267","",
"Cote d'Ivoire","CIV","Disaster risk reduction progress score (1-5 scale; 5=best)","EN.CLC.DRSK.XQ","","","","","","","","","","","","","","","","","","","","","","","","","","","","","","","","","","","","","","","","","","","","","","","","","","","","2.5","","","","","","","","","","","","","","",
"Cote d'Ivoire","CIV","PM2.5 pollution, population exposed to levels exceeding WHO Interim Target-2 value (% of total)","EN.ATM.PM25.MC.T2.ZS","","","","","","","","","","","","","","","","","","","","","","","","","","","","","","","46.6870602413446","","","","","40.5449071431562","","","","","37.3975259088191","","","","","13.81206659319","","","","","19.2944358201435","24.0124118597135","23.811694328521","10.9490874546926","11.8553860903789","72.4891318213699","68.0017667432415","68.568592601686","","","","","","","","",
"Cote d'Ivoire","CIV","Electric power consumption (kWh per capita)","EG.USE.ELEC.KH.PC","","","","","","","","","","","","","","","","","","","","","","","","","","","","","","","156.934769443709","144.671933723698","148.557117219217","139.342372435662","140.825344306418","168.556362548311","153.474427922451","162.20928674651","174.928534342522","163.743647963355","161.76051488547","168.931992798469","163.175415018496","160.466040648678","159.020158203623","157.012561702548","165.865228077829","170.561332704534","178.298862452328","182.835301850991","196.326362450482","180.184492211296","215.578607613611","215.12315800796","253.675533011149","242.332136671523","239.674590472541","272.655465984613","259.829414852579","279.040807598792","290.502146447735","308.403556630869","329.560761338328","353.81898290984","","",
"Cote d'Ivoire","CIV","Alternative and nuclear energy (% of total energy use)","EG.USE.COMM.CL.ZS","","","","","","","","","","","","","","","","","","","","","","","","","","","","","","","2.62","2.41","1.85","1.87","1.95","2.98","2.65","2.73","2.01","2.15","2.23","2.37","2.13","2.39","1.62","1.28","1.37","1.52","1.59","1.95","1.67","1.61","1.48","1.29","1.53","1.2","1.29","1.68","2.59","2.81","2.6","1.6","1.68","1.85","","",
"Cote d'Ivoire","CIV","Renewable energy consumption (% of total final energy consumption)","EG.FEC.RNEW.ZS","","","","","","","","","","","","","","","","","","","","","","","","","","","","","","","73.6","74","74.6","75.1","75.6","74.9","74","72.1","73.4","61.9","63.7","64.7","65.3","70.3","75.4","77.9","74.8","76.3","74.2","73.7","75.4","79.1","74.9","72.2","71.9","64.5","64","62.5","60.5","61.1","61.8","58.2","","","","",
"Cote d'Ivoire","CIV","Electricity production from oil sources (% of total)","EG.ELC.PETR.ZS","","","","","","","","","","","","","","","","","","","","","","","","","","","","","","","33.3333333333333","30.9851403412218","43.3513513513514","49.7714808043876","50.275307073274","34.9847302341364","8.96255371393493","9.5261721657157","11.7354549975137","4.96159435333195","0.270833333333333","0.266120777891505","0.245561012466944","0.117947709848634","0.14519056261343","0.123217743355043","0.282935455349248","0.319659030367608","0.155172413793103","0.204394481349004","1.42497904442582","0.541072306935563","6.10034207525656","2.66666666666667","6.13082307506638","5.22328090919527","0.0943692985215477","0.67761997586559","0.089436549736659","0.0752021056589584","0.106619280319858","2.55212388614932","3.31007626156093","5.36187113857017","","",
"Cote d'Ivoire","CIV","Electricity production from hydroelectric sources (% of total)","EG.ELC.HYRO.ZS","","","","","","","","","","","","","","","","","","","","","","","","","","","","","","","66.6666666666667","69.0148596587782","56.6486486486486","50.2285191956124","49.724692926726","60.5361384458772","54.6961325966851","46.6137434879682","34.2366981601193","36.412705003114","36.75","36.8474923234391","32.6596146581035","36.0133674071162","31.7241379310345","25.2948424573139","26.7020335985853","31.9126265316995","32.7241379310345","36.2970533128939","27.1248952221291","29.0867355304148","25.4988597491448","20.9934640522876","23.0871349263819","15.5206061301802","16.0322952710496","19.001206720505","29.434562257776","32.4779093814627","29.8000888494003","22.5711566744528","23.0894045107902","23.5363342159459","","",
"Cote d'Ivoire","CIV","Access to electricity, urban (% of urban population)","EG.ELC.ACCS.UR.ZS","","","","","","","","","","","","","","","","","","","","","","","","","","","","","","","","","","","69.7","78.3763961791992","79.044189453125","79.6961898803711","80.329231262207","85.9","81.6","82.1","82.7","83.3","83.9","86.4","91.2","85.8","88.8","87.2","87.9","88.1","88.1","89.9","90.6","86.5","92","92.5","93.1","93.7","94.3","94.9","95","93.9","94.3","",
"Cote d'Ivoire","CIV","Access to clean fuels and technologies for cooking, urban (% of urban population)","EG.CFT.ACCS.UR.ZS","","","","","","","","","","","","","","","","","","","","","","","","","","","","","","","","","","","","","","","","","33.4","33.1","33.1","33.2","33","32.9","33.2","33.6","34","34.8","36.1","37.75","39.8","42.3","45.3","48.1","51.3","54.6","58","61.3","64.6","67.8","70.9","73.7","","",
"Cote d'Ivoire","CIV","Public and publicly guaranteed debt service (% of exports of goods, services and primary income)","DT.TDS.DPPG.XP.ZS","","","","","","","","","","","","","","","","","","","","","","","","","","","","","","","","","","","","","","","","","","","","","","0.269855726480112","0.171209952211816","1.55774658094663","6.58263385226813","6.135488308502","3.87353145310317","2.98786183095434","2.24973095717177","4.0121921289807","4.20358277755561","3.12774184868419","8.61462085255451","13.2824151800601","8.25210185027083","17.3804759857433","13.9184909709902","7.66677523054531","10.3769222017428","15.144052231868","19.0357753729952","",
"Cote d'Ivoire","CIV","IMF repurchases and charges (TDS, current US$)","DT.TDS.DIMF.CD","","","","","","","","","","","0","0","0","0","0","0","27905352.7","11629047","30290365.1","3059580.4","98920.5","5364676.8","29230482.7","39672626.9","88543169.3","162655515.8","189101505.2","192624174.4","228149861.1","199952877.5","154756310.9","137339215.6","117471241.1","67003101.1","87291372","94068724.1","52657694.7","25046214.5","2747474.4","13261827.8","44339322.8","70355629.4","89860683.7","108125700.8","129844719.5","94076853.9","60689852","50363966.3","49479616.4","146765304.2","11739128.1","18985195.9","26410186.1","614228.5","7286634.5","54817702.9","64555707.9","119739319","160759066.7","169677616","169775880.7","205634643.4","205087281.3","434387720.5","610728557.6","",
"Cote d'Ivoire","CIV","Net ODA received (% of central government expense)","DT.ODA.ODAT.XP.ZS","","","","","","","","","","","","","","","","","","","","","","","","","","","","","","","","","","","","","","","","","","13.3461236092838","65.0989393391965","11.5685666606325","6.76328204628694","3.60686388575949","10.0234662404811","5.57934494007646","15.5677597032991","67.6735479178366","17.6947191630694","40.7720142524632","70.7624563975479","29.9890863432913","20.549469928958","10.5734001486845","9.4929373950891","10.5636047084588","11.1318916625073","14.2779229953699","15.4856086693722","13.2342260543465","15.0653510074328","16.4514183776636","","",
"Cote d'Ivoire","CIV","Net ODA received (% of GNI)","DT.ODA.ODAT.GN.ZS","0.0233618830582486","0.551749450272214","1.43166716381339","1.18223354521758","4.34989936703486","4.32440273944773","3.63130258462794","3.25022088729929","3.60539972259067","3.76382972706047","3.70382389852178","3.36594563909776","2.69796038700544","2.63271569414139","2.5431703040103","2.65605008019666","2.38573451614328","1.71227563585211","1.70646427469358","1.84183659008371","2.16723964743736","1.5555682023321","1.94162032447302","2.52548143408439","1.93697232661754","1.86414581991117","2.05971529600142","2.61488463856164","4.56577964224355","4.7125743191054","7.45344869165971","6.90564977794973","7.70551985095629","7.8895098827551","21.1382061539848","12.1090637848033","8.59614825837236","4.06259526697744","8.04665060966326","3.81333746711075","3.60309982373963","1.87575701423669","9.83173195678986","1.94447319366676","1.08666902902343","0.555231431405279","1.44471648158902","0.87456441788253","2.49612074767091","10.2531859246195","2.73733627593843","5.88613823542923","11.217518613801","4.26445122080037","1.92983591577288","1.45458720310932","1.30099651416889","1.62664063671652","1.68748542255382","2.0014336200397","2.5575881724243","2.23614576581598","2.86701014126948","3.05721422148846","","",
"Cote d'Ivoire","CIV","Net official aid received (current US$)","DT.ODA.OATL.CD","","","","","","","","","","","","","","","","","","","","","","","","","","","","","","","","","","","","","","","","","","","","","","","","","","","","","","","","","","","","","","","","","","",
"Cote d'Ivoire","CIV","Net official flows from UN agencies, WHO (current US$)","DT.NFL.WHOL.CD","","","","","","","","","","","","","","","","","","","","","","","","","","","","","","","","","","","","","","","","","","","","","","","","","","","","1149999.97615814","1601950.04940033","1807587.98122406","1454584.00249481","1543009.99641418","1229110.95619202","1517472.98240662","1707332.01503754","1307876.94454193","1447589.99347687","3463999.98664856","3197721.9581604","3168915.03334045","","",
"Cote d'Ivoire","CIV","Net official flows from UN agencies, UNTA (current US$)","DT.NFL.UNTA.CD","","","","","","","","","","119999.997317791","90000.0035762787","109999.999403954","50000.0007450581","70000.0002980232","79999.9982118607","70000.0002980232","119999.997317791","180000.007152557","300000.011920929","349999.994039536","140000.000596046","400000.005960464","490000.009536743","689999.997615814","600000.023841858","620000.004768372","889999.985694885","1120000.00476837","839999.973773956","1159999.9666214","1440000.05722046","1169999.95708466","1039999.96185303","1820000.05245209","1379999.99523163","1899999.97615814","1179999.94754791","1600000.02384186","1309999.94277954","1779999.97138977","1700000.04768372","1190000.05722046","1590000.0333786","1929999.94754791","1370000.00476837","1750000","1259999.99046326","2650000.09536743","1120000.00476837","","","","","","","","","","","","","","","","","",
"Cote d'Ivoire","CIV","Net official flows from UN agencies, UNIDIR (current US$)","DT.NFL.UNID.CD","","","","","","","","","","","","","","","","","","","","","","","","","","","","","","","","","","","","","","","","","","","","","","","","","","","","","","","","","","","","","","","","","","",
"Cote d'Ivoire","CIV","Net bilateral aid flows from DAC donors, Netherlands (current US$)","DC.DAC.NLDL.CD","","","","","","","","","","","560000.002384186","819999.992847443","920000.016689301","2119999.88555908","1279999.97138977","1019999.98092651","1409999.9666214","1580000.04291534","1340000.0333786","1860000.01430511","2119999.88555908","769999.980926514","379999.995231628","3819999.9332428","519999.980926514","430000.007152557","469999.998807907","1000000","649999.976158142","490000.009536743","1169999.95708466","1450000.04768372","620000.004768372","529999.971389771","219999.998807907","19999.9995529652","379999.995231628","5500000","23319999.6948242","10210000.038147","10300000.1907349","7599999.90463257","24329999.9237061","14890000.3433228","1929999.94754791","2420000.07629395","1000000","1509999.99046326","100000.001490116","36540000.9155273","5460000.03814697","8920000.07629395","","","","","","","8097.00042009354","29380.9995055199","737.999973352999","17738.9997988939","26279.0005654097","86597.0030426979","","",
"Cote d'Ivoire","CIV","Net bilateral aid flows from DAC donors, Japan (current US$)","DC.DAC.JPNL.CD","","","","","","","","","","9999.99977648258","","39999.9991059303","39999.9991059303","59999.9986588955","360000.014305115","170000.001788139","150000.005960464","230000.004172325","330000.013113022","100000.001490116","200000.002980232","2519999.98092651","1830000.04291534","750000","649999.976158142","7940000.05722046","16219999.3133545","2809999.94277954","18409999.8474121","25790000.9155273","55130001.0681152","48029998.7792969","12000000","39490001.6784668","20399999.6185303","54240001.6784668","58119998.9318848","33430000.3051758","39990001.6784668","56099998.4741211","23399999.6185303","4309999.94277954","5210000.03814697","2440000.05722046","1899999.97615814","1370000.00476837","12949999.8092651","6539999.96185303","19510000.2288818","10390000.3433228","81260002.1362305","8329999.92370605","30879999.1607666","35689998.626709","26590000.1525879","22030000.6866455","22549999.2370605","38428474.4262695","24639991.7602539","52851840.9729004","65512924.1943359","34257591.2475586","140943710.327148","127966789.245605","","",
"Cote d'Ivoire","CIV","Net bilateral aid flows from DAC donors, Hungary (current US$)","DC.DAC.HUNL.CD","","","","","","","","","","","","","","","","","","","","","","","","","","","","","","","","","","","","","","","","","","","","","","","","","","","","","","","","1621.00000306964","","867.000024300069","","","1623.00001829863","2197.99997285008","","","","",
"Cote d'Ivoire","CIV","Net bilateral aid flows from DAC donors, Finland (current US$)","DC.DAC.FINL.CD","","","","","","","","","","","","","","","","","","","","9999.99977648258","","","","","","9999.99977648258","9999.99977648258","","79999.9982118607","","70000.0002980232","509999.990463257","29999.9993294477","","","","","","19999.9995529652","39999.9991059303","","","59999.9986588955","","620000.004768372","330000.013113022","629999.995231628","","319999.992847443","550000.011920929","460000.00834465","1450000.04768372","371012.985706329","659263.014793396","493674.993515015","467548.996210098","391202.986240387","243123.99327755","173006.996512413","103402.003645897","","","537128.984928131","911975.979804993","","",
"Cote d'Ivoire","CIV","Net bilateral aid flows from DAC donors, Germany (current US$)","DC.DAC.DEUL.CD","","","19999.9995529652","109999.999403954","50000.0007450581","790000.021457672","1429999.94754791","2339999.91416931","2250000","5889999.8664856","5929999.82833862","8560000.4196167","2839999.91416931","7849999.90463257","4800000.19073486","9810000.4196167","6780000.20980835","5650000.09536743","16459999.0844727","18879999.1607666","11649999.6185303","8170000.07629395","12869999.8855591","19780000.6866455","17430000.3051758","13970000.2670288","13829999.9237061","14399999.6185303","19440000.5340576","13510000.2288818","19219999.3133545","28239999.7711182","25120000.8392334","43750000","45889999.3896484","74230003.3569336","34020000.4577637","21049999.2370605","35029998.7792969","39849998.4741211","15689999.5803833","19010000.2288818","31110000.6103516","54369998.9318848","14460000.038147","13199999.8092651","12470000.2670288","19809999.4659424","17469999.3133545","15079999.9237061","92550003.0517578","19459999.0844727","14392431.2591553","104837188.720703","18732328.414917","15847161.2930298","9238668.44177246","22628435.1348877","15614664.0777588","99605850.2197266","81084510.8032227","92740531.9213867","93210845.9472656","119958869.934082","","",
"Cote d'Ivoire","CIV","Net bilateral aid flows from DAC donors, Canada (current US$)","DC.DAC.CANL.CD","","","","","19999.9995529652","100000.001490116","189999.997615814","360000.014305115","519999.980926514","850000.023841858","1399999.97615814","2279999.97138977","6510000.22888184","4030000.20980835","4090000.15258789","4650000.09536743","5480000.01907349","6489999.77111816","12390000.3433228","15930000.3051758","4800000.19073486","4199999.80926514","3950000.04768372","4480000.01907349","10140000.3433228","10510000.2288818","10829999.9237061","8760000.22888184","11350000.3814697","10069999.6948242","11869999.8855591","10789999.961853","9630000.11444092","6989999.77111816","5969999.79019165","22219999.3133545","20219999.3133545","4300000.19073486","45540000.9155273","18760000.2288818","3529999.97138977","1450000.04768372","78730003.3569336","13850000.3814697","4650000.09536743","6500000","3390000.10490417","3930000.0667572","3369999.88555908","43740001.6784668","6929999.82833862","10180000.3051758","139241119.384766","3548713.92250061","5709386.82556152","3594367.98095703","4121466.15982056","3926630.97381592","15762486.4578247","9949560.16540527","13335491.1804199","10164942.741394","25175754.5471191","15375807.762146","","",
"Cote d'Ivoire","CIV","Stocks traded, turnover ratio of domestic shares (%)","CM.MKT.TRNR","","","","","","","","","","","","","","","","","","","","","","","","","","","","","","","","","","1.56485103821848","58.8837685611879","22.5636101776284","30.5524239007892","","1.04204903437885","5.83105255833372","7.56079114431737","0.873779502758502","1.33033140388375","1.47323511765882","2.40893856894548","1.49887884205607","2.5760120906995","1.979008256303","4.11778565674209","3.92859300527568","3.17136343062145","1.85412558050767","","3.10833964387398","3.40705697499658","4.17712916722364","5.27361435973611","","","1.8616","","","","","","",
"Cote d'Ivoire","CIV","Market capitalization of listed domestic companies (% of GDP)","CM.MKT.LCAP.GD.ZS","","","","","","","","","","","","","","","","","","","","","","","","","","","","","","","","","","3.00839409268532","0.234917482391402","0.568083355311657","0.343586270239648","","9.30317083929153","6.85401153672959","2.63205614807255","5.85483972007078","7.28194354044708","7.76458250724618","8.85839644347985","9.70344838621907","16.4360273561934","28.8774121524282","20.7985797946341","18.0729003780348","20.4890568404792","17.1353615174852","","27.6398150432403","23.9755925190508","27.2684242942767","25.5406546882353","23.7766952486201","14.4445573479576","13.4146102809389","11.6319843905098","","","","","",
"Cote d'Ivoire","CIV","Personal remittances, received (current US$)","BX.TRF.PWKR.CD.DT","","","","","","","","","","","","","","","","12131793.98","14228888.51","15874328.61","22157634.74","28205875.4","32184844.97","30912874.22","28909978.87","27029436.11","24945264.82","24039373.4","35806491.85","42923229.22","42639167.79","35422275.54","44442031.86","41473640.44","49518871.31","57564102.17","110409729","151057266.2","147003509.5","136378585.8","142567581.2","137560699.5","119317176.8","116004821.8","120092422.5","141603500.4","159198211.7","163238757.499224","166909883.13886","184936824.513275","199721402.156653","316346324.011048","373841959.225321","397123339.074986","367086167.01074","384778636.222715","387214302.313812","336382061.922342","342435061.096102","307645127.912132","332046729.96181","328290412.149645","329147636.244163","440194174.696336","1041929443.64097","1311092417.28996","1770769896.68065","",
"Cote d'Ivoire","CIV","Foreign direct investment, net inflows (% of GDP)","BX.KLT.DINV.WD.GD.ZS","","","","","","","","","","","2.10926573621347","0.99108120371278","1.01113852269872","2.03315118695001","1.06183657084728","1.77357093155266","0.960520870896233","0.233836241796035","1.05448671207785","0.817571255260919","0.930262943601397","0.388374155789923","0.627320001619386","0.548829861263986","0.317760102739294","0.417905703334341","0.77252310778488","0.867496010149957","0.504135972188017","0.189496994370163","0.4486393140459","0.176551469990932","0.6191519578407","1.58570823040921","1.41381796970228","1.9250729478447","1.48963672945104","2.30201825162195","3.87417179081598","1.24714569492904","1.41578193433815","1.62207726789971","1.17744492416162","0.778244315036861","1.20362782194335","1.45218108383072","1.38823180058485","1.54311664780089","1.37441880759786","1.17339078576713","1.02606239201511","0.822954277239134","0.909737108884904","0.953203642314205","0.899528920528967","1.07914154751206","1.19375800859004","1.85673486381973","1.05998699614336","1.40583048179048","1.13111245703154","1.91282655892028","2.2547265327193","3.07641433618414","3.58346670744132","",
"Cote d'Ivoire","CIV","Exports of goods, services and primary income (BoP, current US$)","BX.GSR.TOTL.CD","","","","","","","","","","","","","","","","","","","","","","","","","","","","","","","","","","","","","","","","","","","","","","8720802410.59267","9519984784.43304","9825571647.66737","11690362430.4555","12612200568.0903","12823052814.0434","13877555585.2113","13315176187.8489","13195328625.3642","14125247026.6632","12727230898.7862","12078571647.079","13152925227.2033","13434460937.5321","14172573847.9231","13631340134.8927","16773497185.3157","17856879508.9241","18842062263.8596","22852795353.8019","",
"Cote d'Ivoire","CIV","Insurance and financial services (% of service exports, BoP)","BX.GSR.INSF.ZS","","","","","","","","","","","","","","","","","","","","","","","","","","","","","","","","","","","","","","","","","","","","","","9.37208986201761","9.49667997352003","9.49568967897424","9.41766816026175","8.9099443286683","8.56795309100322","8.95097497517045","9.20733436871074","3.05450669516925","1.05107076789902","1.10860750297717","0.0556431428388852","1.19042749346892","2.13431402140114","0.613206815238302","2.52711596050378","2.17635653901098","2.00738569217427","2.89119136681122","3.10747768205565","",
"Cote d'Ivoire","CIV","ICT service exports (% of service exports, BoP)","BX.GSR.CCIS.ZS","","","","","","","","","","","","","","","","","","","","","","","","","","","","","","","","","","","","","","","","","","","","","","9.72896534513856","9.72898152420309","9.81185511280318","9.73199806054874","9.18977223452805","8.83416968707687","9.25002906925348","8.80467000232171","9.81195017354336","10.2966074738517","10.4037736836644","10.7262428087142","14.5748140109641","13.9365815216967","13.3063777429922","16.1818250643084","13.8184335908388","9.04993189850152","10.1391969280678","9.87269575792784","",
"Cote d'Ivoire","CIV","Net capital account (BoP, current US$)","BN.TRF.KOGT.CD","","","","","","","","","","","","","","","","","","","","","","","","","","","","","","","","","","","","","","","","","","","","","","185303638.445893","33017271.4048263","93000134.0935579","89677121.7139615","225829226.454869","1179449408.68584","154850318.955673","8110996276.51408","191882733.703707","280642983.133016","264554846.485126","187082955.64869","192595022.927705","152440381.462103","179736526.653376","174389820.484406","165171367.651631","62817459.9012438","185642294.178367","165303500.159448","",
"Cote d'Ivoire","CIV","Foreign direct investment, net (BoP, current US$)","BN.KLT.DINV.CD","","","","","","","","","","","","","","","","","","","","","","","","","","","","","","","","","","","","","","","","","","","","","","-312045282.015363","-319148259.468406","-427341486.269854","-447953592.804609","-388146263.724395","-314374838.451162","-286680746.835918","-315954669.89615","-413993564.514645","-423138062.685085","-480000380.520798","-549220091.283453","-298983969.657158","-475678494.308757","-739662847.653744","-711587318.049933","-1107222120.69395","-1431624506.85758","-2002998005.8644","-2893890670.74341","",
"Cote d'Ivoire","CIV","Net primary income (BoP, current US$)","BN.GSR.FCTY.CD","","","","","","","","","","","","","","","","","","","","","","","","","","","","","","","","","","","","","","","","","","","","","","-653467112.913215","-710903107.163857","-810492418.367215","-905706740.866786","-940900176.900143","-914894581.971614","-989600273.382266","-920412059.880463","-901264950.634596","-910017518.349484","-1007253462.7309","-1076231027.49739","-1539138192.45939","-1629068199.17333","-1682436915.68325","-1846407488.59619","-2237326828.89608","-2298978375.8849","-3051812259.83269","-3821058741.83557","",
"Cote d'Ivoire","CIV","Personal remittances, paid (current US$)","BM.TRF.PWKR.CD.DT","","","","","","","","","","","","","","","","191775665.3","294203186","351270385.7","463980865.5","636982666","786162170.4","503806243.9","399870666.5","328551971.4","298885467.5","286691772.5","431988006.6","513747802.7","528792846.7","412528442.4","471232452.4","445930236.8","456757629.4","430494751","355004211.4","456978302","523895446.8","495143341.1","516943969.7","498902771","389722259.5","379542144.8","573897827.1","627857543.9","591410156.3","597208166.443527","661035721.724585","699271670.757831","758687592.017423","746399976.285337","726293253.780638","728565816.811432","694444945.509466","736281654.179674","746866785.943461","649769213.482815","715984964.055525","847275830.943492","919027300.726831","908280381.780388","935869792.93559","1011590171.34568","1428226344.25476","1634878758.34352","2047156966.32698","",
"Cote d'Ivoire","CIV","Travel services (% of service imports, BoP)","BM.GSR.TRVL.ZS","","","","","","","","","","","","","","","","","","","","","","","","","","","","","","","","","","","","","","","","","","","","","","15.5796140253435","15.6220010342298","14.0566014047496","12.5565993857573","12.3463469222842","11.7867987651458","13.5510363382352","12.4130119911597","11.8335904575268","13.1090918090149","12.8263741249547","12.8003168904795","11.5693831503657","12.008355532565","11.7475093021522","6.71438552960514","6.75176250620941","7.20315364130353","6.80736841755031","6.72077536239451","",
"Cote d'Ivoire","CIV","Service imports (BoP, current US$)","BM.GSR.NFSV.CD","","","","","","","","","","","","","","","","","","","","","","","","","","","","","","","","","","","","","","","","","","","","","","2272291849.44413","2387526454.60351","2647313507.96483","2849793250.50377","2786263540.0116","2989695171.39856","2804725289.40217","2930697719.67856","3222364009.13815","3066919031.22209","2785506355.46193","2904248738.54253","3340776442.15257","3468091433.27432","3403458223.63585","3142307637.93112","3923794802.68556","4725161487.53287","5945954276.50895","6633636008.82304","",
"Cote d'Ivoire","CIV","Primary income payments (BoP, current US$)","BM.GSR.FCTY.CD","","","","","","","","","","","","","","","","","","","","","","","","","","","","","","","","","","","","","","","","","","","","","","847440328.408638","907250673.423804","1028845192.0345","1143266173.29309","1163684107.01592","1132398479.57776","1197479818.23828","1128119842.72243","1108558663.33025","1146361371.77536","1233072083.12621","1357930248.28903","1836231389.29632","1979113750.17152","2064310567.08554","2246013578.80234","2780336938.88148","2945265287.30209","3781230434.54216","4663534146.55019","",
"Cote d'Ivoire","CIV","Internally displaced persons, new displacement associated with disasters (number of cases)","VC.IDP.NWDS","","","","","","","","","","","","","","","","","","","","","","","","","","","","","","","","","","","","","","","","","","","","","","","","","","10000","","","","78","4500","","","","3200","720","1900","","2500","1200","","",
"Cote d'Ivoire","CIV","Transport services (% of commercial service exports)","TX.VAL.TRAN.ZS.WT","","","","","","","","","","","","","","","","","","","","","","","","","","","","","","","","","","","","","","","","","","","","","","23.6032800650889","24.8144558976393","23.7038667352036","23.8480367013559","23.8156115092669","23.0206880414473","16.9918673372887","16.703120300045","17.5662860626879","18.6297444203267","25.6712173917306","25.9000420336887","26.1900698386291","34.0499220293245","34.9570549680807","42.7299628514792","42.6512655930159","40.6108872500025","34.2047106311632","34.0230178212771","",
"Cote d'Ivoire","CIV","Computer, communications and other services (% of commercial service exports)","TX.VAL.OTHR.ZS.WT","","","","","","","","","","","","","","","","","","","","","","","","","","","","","","","","","","","","","","","","","","","","","","55.0219770053869","52.660267164736","53.530684326402","53.4102641604851","50.8982064571616","47.5287488544895","51.8265619217475","52.260851685505","55.9007768193729","55.7919454045345","48.4952018086411","26.00179116414","26.9186692861414","24.483988538579","24.395285475282","30.9414277019399","26.0956747189707","18.7507065169384","20.3171676258266","21.1232418552213","",
"Cote d'Ivoire","CIV","Merchandise exports by the reporting economy, residual (% of total merchandise exports)","TX.VAL.MRCH.RS.ZS","0","0","0","0","-1.03624208580304E-14","0","0","0","0","0","0","0","0","0.00123782291705349","0","0.0017953804860095","0","0","-1.13484560877325E-14","0","0","0","0","0","-6.25459664204102E-14","-1.96275947560477E-13","1.75334669835108E-13","-5.33832473707481E-14","7.58809099996164E-14","-1.03643547449182E-13","-2.95711482382598E-13","3.24668106818022E-13","0.000134973993931413","0.00197839271468363","0.000648479674312799","2.78727042918905E-06","0.000635247360204281","8.18833964405635E-14","0.000434629262498059","0.00496019013557196","0.0083035820381427","0.00927050560074101","0.0048789103656289","0.00281271124189643","7.52711092479112E-15","7.43449676207007E-05","4.61703826100133E-05","0","0.000381020000445368","-1.14681185304461E-13","0.00439518392986394","0.00080290824161878","2.81163713973755E-05","0.000410747482807799","3.76381134976168E-15","0.000797101184825304","8.80949246589116E-05","0","0","0","0.000463321847628565","0.000327537794137972","0.00116068469666526","0.00102800176475578","","",
"Cote d'Ivoire","CIV","Merchandise exports to low- and middle-income economies in Latin America & the Caribbean (% of total merchandise exports)","TX.VAL.MRCH.R3.ZS","","","","","0.0347705146036161","","","","","","","","","0.0495129166821395","0.0559388402013798","0.0870759535714606","0.00851314626240136","0.00399472696041226","0.0166596061669102","0.0137951251476509","0.0280687650089924","0.0276195862322939","0.0531642388330933","0.0518575147954301","","","","","","0.106538754091212","0.0466941136944726","0.582922664655351","0.281060396255622","0.237054140342877","0.400337078844035","0.479741086209136","1.70942801671894","1.77698714792362","1.15234864773287","9.09942423457079","2.79353305356","0.595381895129234","0.486101330060559","0.881088783172191","0.291903476996905","0.447786268938073","0.464817863032334","1.06876846762897","1.25879237911133","1.16926019463963","1.37655538919037","1.84426493422062","1.83183903999009","0.823564296390976","1.25606875790495","1.33148788033331","1.94091681348992","1.25437803684301","1.47623058379274","1.82659847244516","1.06041037721543","2.79952698236592","3.22676230509549","1.29536116988398","","",
"Cote d'Ivoire","CIV","Merchandise exports to high-income economies (% of total merchandise exports)","TX.VAL.MRCH.HI.ZS","87.2340425531915","88.8372093023256","85.3513513513514","90.714610832954","89.9165507649513","88.4456153556643","89.9534264803726","90.058862001308","92.3155476129691","93.195125434379","93.619275776283","93.4223673628543","90.5430577446626","86.7750999542006","85.0598900757394","81.5174555867752","88.2590615893389","89.6466664003515","89.7195950287735","85.8384418406146","83.7949663348084","81.4054423737062","79.2620803649967","78.7197074594629","84.1332639601922","81.247134604513","82.4468785437308","81.7529154074663","78.6791326772107","75.751655686568","63.3281798976148","63.3332533640544","62.8622025822693","69.1773349163436","68.8177654920277","72.4604418548891","74.9380514213802","66.1646093866948","66.2122515954575","60.0462147257159","58.6995415696781","63.0860141338828","63.3526602112502","67.4942221467926","65.3915922914106","63.754208199632","63.3615504010216","59.4037116609177","60.8117551895665","62.610259320634","58.2756349919052","57.9374352015745","52.3258196202867","45.5401310375022","51.3922230453695","56.3857341032182","57.3568640388945","57.7029054226118","52.9369406056773","54.7324147176257","53.2806695329895","48.5449082910366","45.2220211270073","50.4378628155463","","",
"Cote d'Ivoire","CIV","Manufactures exports (% of merchandise exports)","TX.VAL.MANF.ZS.UN","","","1.05179391533658","2.86103902310201","3.31552207567443","5.30607903945397","4.0194250319757","5.4570531501168","5.38774507080556","5.48193170237181","5.96903945738182","5.55528251625712","8.23001685650381","7.64129139978201","7.63112227997489","11.1683934303088","7.0254062931053","7.03486467271267","6.06369411967442","7.80004659538429","","9.73510278778968","10.1300537521781","10.7281905070563","","9.34117916187701","","","","","","","","","","6.5369572752302","6.0605858432791","16.8703815724669","18.9923690288482","21.2843094036965","14.3429143334147","19.2962808510313","20.6723058951715","21.5345892928179","25.8635534943344","24.9256888414828","19.4312741948114","18.0872984934437","12.4405856990201","15.332860091584","16.1346313439469","9.50897317139257","9.94074359995842","27.621089361259","16.6896721136789","20.745223887178","13.667643501846","15.7402389063527","10.160065663393","9.92748644244947","8.83381716477804","9.59679725420088","9.992792746869","13.5857419088872","7.99337448356088","",
"Cote d'Ivoire","CIV","Food exports (% of merchandise exports)","TX.VAL.FOOD.ZS.UN","","","75.4414372373013","73.0985592307822","70.4791511273279","64.2488974207282","67.3008791952263","62.0602522672013","65.5802195234588","60.7900507721444","67.7349091801307","65.964897013196","58.1693098874821","51.9117984014883","63.0450700689589","62.4891480607403","66.7675245055139","71.2099376721254","74.0888552322645","68.3988242178509","","64.7285916275985","60.2674905195664","58.4875820990871","","67.9925254011343","","","","","","","","","","62.7734699299865","62.3024466427964","58.0801376996079","59.1453669553872","54.9694532063196","49.8649912870133","53.177900649237","58.4467754248778","54.8603978767471","45.2715250569902","38.2238764929337","35.0536743512874","39.4818365622834","40.238738174851","47.1787969738216","48.635197181022","48.0286573795314","43.9958769512185","38.1518007366543","47.8124642262922","53.3127471576279","58.7162310885467","55.3419949882442","56.5222914836989","52.8960824370988","56.5280195698366","53.4342737156382","44.6368951723843","44.2799487358773","47.2107271817173","",
"Cote d'Ivoire","CIV","Medium and high-tech exports (% manufactured exports)","TX.MNF.TECH.ZS.UN","","","","","","","","","","","","","","","","","","","","","","","","","","","","","","","8.55799246934722","8.55799246934722","8.55799246934722","8.55799246934722","8.55799246934722","8.55799246934722","8.58139754155212","17.469839985355","23.0530300804975","25.1031179780244","10.1859924955101","20.559689009854","33.8362266130497","40.4211396353852","39.3898757302172","36.3953068494043","31.0962278054559","26.6477319436168","16.6912027287087","25.0424388954472","32.5235696519592","19.205462991108","15.5846319857674","51.6305458545735","31.8064771432353","48.6615852784381","32.2198869359824","41.260890362627","23.4562038400392","25.9341651097717","23.4432541475529","27.5378496391917","22.0584196458655","","","",
"Cote d'Ivoire","CIV","Commercial service imports (current US$)","TM.VAL.SERV.CD.WT","","","","","","","","","","","","","","","","","","","","","","","","","","","","","","","","","","","","","","","","","","","","","","2130442985.01995","2241009904.96956","2426369680.56328","2676584089.36944","2618534975.65987","2742279630.15242","2638497450.32548","2773278576.42946","3057357728.05711","2899554427.19512","2640528473.1019","2756464009.92384","3187651226.50131","3385116667.11431","3330963682.58013","3064205930.02355","3836783836.16487","4637627778.76611","5845888290.72018","6498996554.50235","",
"Cote d'Ivoire","CIV","Merchandise imports by the reporting economy (current US$)","TM.VAL.MRCH.WL.CD","116410000","146200000","143900000","159900000","236900000","227800000","249500000","254200000","289600000","310730000","361740000","366590000","399740000","680350000","903680000","1062640000","1175690000","1613020000","2113490000","2222860000","2701150000","2149130000","1882170000","1663980000","1245458472.26876","1557667771.28339","1754949340.11606","1959798969.89401","1776841304.19273","1965504945.68433","1929904366.62979","2008816528.8383","2339082934.56899","2033928705.61436","1903010587.42208","2947385008.51398","2822463933.71915","2364760025.75702","2882194940.72551","2754425630.84878","2387762565","2473736554","2490833143","3457493662","4580130980","5731491518","5680944360","6530672820","7800473487","6494181381","7447534203","6540255486","9289240891","12699243350","10765856860","10081067663","8564744758","9597631592","10935595616","10319370552","10495245606","13526872871","17311949569","18384507273","","",
"Cote d'Ivoire","CIV","Merchandise imports from low- and middle-income economies in Middle East & North Africa (% of total merchandise imports)","TM.VAL.MRCH.R4.ZS","4.86212524697191","4.10396716826265","4.30854760250174","4.50281425891182","4.2634022794428","4.87269534679543","5.89178356713427","5.46813532651456","6.21546961325967","4.77263218871689","4.53917178083707","2.34321721814561","1.55851303347176","3.67457926067465","9.39713172804533","6.88379884062335","6.76623939984179","4.62796493533868","3.78000369057814","4.87075209414898","3.43076097217852","2.34606561724977","1.80855076852782","4.59620908905155","0.718137332736763","1.3385809647153","0.511397012243581","0.528363008477237","0.518303110007614","1.25436595907562","0.927217604954295","0.763365485024982","0.602591281034361","0.766536010590057","1.659577603641","1.46362254302007","0.830939318311792","0.680100098678635","1.07544183604283","1.30475104724344","0.785649723928895","1.04777636721618","2.80081651378605","1.20854489074693","1.43140779786171","1.78635639045187","1.45221348374551","1.59100003726722","2.06182492983326","2.39003105848115","2.1857942180974","2.29706842984329","2.08022042131796","2.00974857293368","2.83179261032828","3.34822036002041","3.54090813642435","3.31147978491817","3.38861792272038","3.6501026695567","3.7539263661897","4.8575974304357","4.20040496942138","4.84232942868928","","",
"Cote d'Ivoire","CIV","Merchandise imports from low- and middle-income economies outside region (% of total merchandise imports)","TM.VAL.MRCH.OR.ZS","7.3962717979555","5.19835841313269","4.86448922863099","6.44152595372107","6.62726888982693","7.94556628621598","8.13627254509018","7.04169944925256","6.73342541436464","5.06549094068806","4.59446010947089","3.07155132436782","1.63356181517987","8.03263026383479","11.0448388810198","9.20819844914552","7.1149707831146","6.74759147437726","4.36765728723581","7.07242021539818","7.87220258038243","9.34285036270491","8.07844137352099","10.6762100506016","7.76487459436498","5.01434667689028","6.40694236252917","6.55292373881345","5.48233555733173","5.85891772061055","4.97465947781205","7.77217586406039","7.26121476099498","8.6531842019266","8.60476020052215","10.4570827105034","9.39017834901182","6.39324522292531","12.9838514647708","12.2859779960637","10.9027741625558","14.6754256597366","14.5640715444744","13.9656196425444","12.7002617946965","13.6201981028562","16.2561872899597","19.4839298809031","22.6092727183703","25.4926082268597","27.0578296798995","32.0350381492727","30.4723220467079","24.6348627298334","27.5302603921115","29.0685929899606","37.2773474774927","31.8151083497017","35.966594057715","38.3896101902476","36.4457031840518","40.9424727637776","37.8482805988123","35.9991854811349","","",
"Cote d'Ivoire","CIV","Ores and metals imports (% of merchandise imports)","TM.VAL.MMTL.ZS.UN","","","0.51662201910194","0.871422075632017","0.838196993956768","1.1275592436615","1.49229541111863","1.59898333060371","1.48272131175092","1.12952639441263","1.83416192007881","1.89725752702773","1.93897893368376","1.80864904477515","1.64291505442829","1.69885066545687","2.14843933335138","1.84530066364351","1.85086653092715","2.08291537339923","","1.82883691203345","1.72093558143986","1.68927960853081","","1.59904855945811","","","","","","","","","","1.48869498382535","1.37536741538495","1.5515776267871","1.53310714164561","1.57118077489079","1.42986153332438","1.64176400936499","1.61653752858765","1.28909172537212","1.12916558546979","0.981546400767058","1.13057478347679","1.44983386920282","1.46356669482301","1.22275993423939","1.15949471129177","1.20640381817424","0.962627094335454","0.851886056974903","0.949227542105267","0.993125336723702","0.989441966555073","1.20552485330836","1.17657837374941","1.15416216666046","1.26050319909402","1.24197765371758","0.952381780950594","0.844857626645823","0.934244507588142","",
"Cote d'Ivoire","CIV","Fuel imports (% of merchandise imports)","TM.VAL.FUEL.ZS.UN","","","5.81306848186809","5.14854971553411","4.50510558214408","5.57143680021224","5.27496070081668","5.46781609842731","5.46268974115651","5.21682087377736","4.76438067359123","4.79804181167844","6.4068944519688","4.6435465803127","14.2338394310223","13.903229834611","12.8467444101109","11.4159826786702","9.58181285753095","11.4162875183743","","22.0422237191417","21.4791853259493","18.5476097308397","","21.993261475425","","","","","","","","","","19.1623926742565","25.2122979700923","18.4299215706931","14.8533867054455","18.4875832720495","33.7455411445441","26.3040791318247","20.5552046000535","17.2928886825001","23.1958803624223","28.0279936800583","31.7848702326446","30.1695167024519","35.7471297487354","25.0532714333515","23.7022960770195","28.6364237903362","30.9680832588448","25.3109699033621","25.8977597070315","16.7167884519419","14.6582842139484","16.6031135973358","21.7064936678188","21.0992341882253","19.384017616584","17.2483146754126","26.9253350820526","25.4997862286336","26.8631231620144","",
"Cote d'Ivoire","CIV","Tariff rate, most favored nation, weighted mean, primary products (%)","TM.TAX.TCOM.WM.FN.ZS","","","","","","","","","","","","","","","","","","","","","","","","","","","","","","","","","","4.52","","","4.09","","","","","5.67","6.92","6.88","5.11","4.1","4.34","4.27","4.27","5.58","5.29","5.19","4.49","4.49","4.34","6.93","7.8","13.49","12.95","6.94","6.74","6.74","6.18","","","",
"Cote d'Ivoire","CIV","Bound rate, simple mean, primary products (%)","TM.TAX.TCOM.BR.ZS","","","","","","","","","","","","","","","","","","","","","","","","","","","","","","","","","","","","","14.71","","","","","14.71","14.71","14.67","14.67","14.67","14.67","14.66","14.66","14.66","14.66","14.66","14.66","14.66","14.66","14.5","14.5","14.5","14.5","14.5","14.5","14.5","14.5","","","",
"Cote d'Ivoire","CIV","Tariff rate, most favored nation, simple mean, all products (%)","TM.TAX.MRCH.SM.FN.ZS","","","","","","","","","","","","","","","","","","","","","","","","","","","","","","","","","","4.85","","","4.8","","","","","11.99","11.95","11.98","11.99","12","11.99","11.94","11.94","11.94","11.94","11.92","11.92","11.92","11.92","12.16","12.16","12.17","12.17","12.17","12.17","12.17","12.16","","","",
"Cote d'Ivoire","CIV","Tariff rate, most favored nation, weighted mean, manufactured products (%)","TM.TAX.MANF.WM.FN.ZS","","","","","","","","","","","","","","","","","","","","","","","","","","","","","","","","","","5.17","","","4.11","","","","","8.78","9.62","9.48","9.25","8.82","9.48","9.9","9.9","9.47","8.77","9.44","9.26","9.26","7.89","9.42","9.31","9.08","8.92","9.18","9.18","9.18","8.5","","","",
"Cote d'Ivoire","CIV","Bound rate, simple mean, manufactured products (%)","TM.TAX.MANF.BR.ZS","","","","","","","","","","","","","","","","","","","","","","","","","","","","","","","","","","","","","8.87","","","","","8.87","8.87","8.87","8.87","8.87","8.87","8.84","8.84","8.84","8.84","8.84","8.84","8.84","8.84","8.79","8.79","8.86","8.86","8.86","8.86","8.86","8.86","","","",
"Cote d'Ivoire","CIV","International tourism, expenditures (% of total imports)","ST.INT.XPND.MP.ZS","","","","","","","","","","","","","","","","","","","","","","","","","","","","","","","","","","","","","","","","","","","","","","7.44798769356132","7.66946626744505","7.05293465053936","6.27055755543068","6.05637553102192","5.27539658019631","6.11813577266397","4.67175742620032","4.83012319386608","5.13405416063308","4.93351129502642","4.58036778178686","4.75992847176846","4.74092578895639","5.45004598513617","2.48812416722663","","","","","",
"Cote d'Ivoire","CIV","International tourism, expenditures for passenger transport items (current US$)","ST.INT.TRNX.CD","","","","","","","","","","","","","","","","","","","","","","","","","","","","","","","","","","","","122000000","126000000","117000000","118000000","115000000","102000000","102000000","132000000","164000000","190000000","195000000","210000000","234000000","256000000","246000000","217000000","200000000","196000000","202000000","223000000","203000000","119000000","177500000","209000000","228000000","110000000","","","","","",
"Cote d'Ivoire","CIV","International tourism, number of departures","ST.INT.DPRT","","","","","","","","","","","","","","","","","","","","","","","","","","","","","","","","","","","","","","","","","","","","","","","","","","","","","","","","","","","","","","","","","","",
"Cote d'Ivoire","CIV","Urban population","SP.URB.TOTL","677149","752339","833004","917313","1003150","1088339","1172112","1255936","1341099","1429896","1525301","1629955","1745898","1874655","2018236","2181439","2376492","2585657","2767539","2912910","3056671","3206110","3361356","3520625","3684961","3855107","4031603","4215692","4409918","4616718","4837458","5071948","5319767","5579899","5851100","6134173","6429837","6738169","7056716","7353045","7625440","7901831","8181802","8464845","8752569","9047322","9349517","9659402","9974530","10294587","10622784","10957761","11293355","11627605","12022670","12489236","12976508","13473013","13971532","14477527","14988545","15507020","16063532","16644803","17235961","17843805",
"Cote d'Ivoire","CIV","Rural population","SP.RUR.TOTL","2996517","3057812","3123935","3194748","3270802","3354038","3445407","3543808","3648922","3762325","3886266","4020913","4163818","4310289","4455821","4594858","4681466","4736293","4835591","4989357","5164043","5350486","5546580","5752119","5965555","6185376","6409314","6635783","6865271","7103053","7352320","7611922","7880543","8156052","8436101","8721392","9012475","9309001","9607232","9862890","10073564","10277082","10472969","10660697","10842431","11021136","11197285","11371156","11539909","11703353","11865281","12024239","12173723","12312170","12504725","12757106","13012897","13260359","13492641","13715482","13926904","14132716","14331470","14520851","14698269","14867742",
"Cote d'Ivoire","CIV","Completeness of birth registration, rural (%)","SP.REG.BRTH.RU.ZS","","","","","","","","","","","","","","","","","","","","","","","","","","","","","","","","","","","","","","","","","","","","","","36.3","40.5","","","","","","53.6","","","","60.1","","","","","","","","","",
"Cote d'Ivoire","CIV","Population, male","SP.POP.TOTL.MA.IN","1855746","1926803","2003567","2084675","2169132","2256789","2347732","2442174","2540713","2645810","2760807","2887383","3025076","3171537","3324929","3484792","3628302","3757132","3894952","4042181","4199333","4365241","4538800","4718939","4905419","5097934","5295593","5498186","5707462","5926878","6158776","6403080","6658849","6924480","7198195","7480660","7772492","8073712","8381406","8656027","8895207","9133072","9369369","9603509","9836981","10072183","10309923","10550398","10815156","11105397","11401454","11702300","12001380","12294107","12612624","12966286","13331786","13697423","14056256","14413901","14767493","15121701","15491846","15869633","16246681","16628362",
"Cote d'Ivoire","CIV","Technicians in R&D (per million people)","SP.POP.TECH.RD.P6","","","","","","","","","","","","","","","","","","","","","","","","","","","","","","","","","","","","","","","","","","","","","","","","","","","","","","","","","","","","","","","","","","",
"Cote d'Ivoire","CIV","Age dependency ratio, old (% of working-age population)","SP.POP.DPND.OL","4.43343227289521","4.46538296061047","4.49768465532296","4.53488854197838","4.57307676042921","4.60536018736468","4.6337894918533","4.66078765722627","4.68658725474333","4.70949045115644","4.72673856483661","4.73732741938917","4.7426477482365","4.74603162825669","4.74979209475038","4.75410480928934","4.77398769734171","4.80789056936665","4.83831260345284","4.86356571814163","4.88265184193068","4.8949615085009","4.90070226118586","4.90087727000806","4.90514802375915","4.91371878797854","4.91811992840326","4.91804926256899","4.91139848801267","4.91035484458303","4.91640545000767","4.91765097216572","4.91507053891042","4.91035334730962","4.90197840483334","4.88745663225836","4.8667384521068","4.84010473510719","4.80614889323629","4.76290117430501","4.71464754416408","4.66658334187947","4.61778919052998","4.56560180020967","4.50804349909216","4.44547533476919","4.37807108759986","4.3078658917503","4.26757236336831","4.26871745347039","4.29486524355611","4.34981632564674","4.43776321603321","4.56454171330405","4.60892869399685","4.56044742984608","4.52667536267998","4.50734745162115","4.50089664228843","4.50689015643299","4.51180728965001","4.5170272665513","4.53873918074995","4.57346383046123","4.6160361706237","4.66409596617899",
"Cote d'Ivoire","CIV","Population ages 80 and above, female (% of female population)","SP.POP.80UP.FE.5Y","0.219234009408002","0.221520398779195","0.223741247509116","0.225586105849134","0.227264035104181","0.228794264975833","0.230263897008838","0.231679278171863","0.233086243134796","0.234801059216285","0.236969730007671","0.239570687012957","0.242300641033308","0.244855739699284","0.246989007750717","0.248898300321585","0.249150352105284","0.248848608820983","0.250743087305949","0.254476162645578","0.259500437722817","0.265343753351392","0.271438105840606","0.2773834189211","0.282839318142495","0.287645099724859","0.291769741636315","0.29515496966865","0.298039038192785","0.300609729887985","0.302934761332757","0.305359676091702","0.308149815461714","0.311423208835743","0.315241657292997","0.319434601568793","0.3238080995507","0.328144952917542","0.332138350029596","0.335716224987465","0.337865601504987","0.33799512604716","0.336921330923529","0.3352540190076","0.333346348270074","0.331378438468329","0.329548699830715","0.327943466511962","0.340906021459569","0.369326044004323","0.400077192213075","0.432396270840371","0.465191934463647","0.497657133207939","0.497030114972415","0.468149330915103","0.445522196770269","0.427337511062678","0.413117861633541","0.402805464620787","0.394032183871649","0.386340162425562","0.383217474767845","0.383723976320378","0.385222688859085","0.387566256697095",
"Cote d'Ivoire","CIV","Population ages 70-74, female (% of female population)","SP.POP.7074.FE.5Y","0.751435500067247","0.752728651316698","0.753798878606103","0.754666539738002","0.755123774212575","0.755197228388882","0.754916650769433","0.754102901314256","0.75282487951699","0.751253430809088","0.74929440060692","0.746955384234038","0.744425776600507","0.741768370485633","0.7390934887372","0.736456423429404","0.734782147247421","0.73395051304162","0.733082392484935","0.732198617828901","0.731030052988022","0.72951339966271","0.727580922177749","0.725327500848192","0.722883009557023","0.720367162773703","0.717962491967222","0.715690791615137","0.713477869874008","0.715178063879308","0.720104281187793","0.7238977899277","0.726534943799252","0.728205458718496","0.727351620241258","0.724022836631602","0.719932102713486","0.715047348339955","0.708894641953241","0.70129842516999","0.693195259567847","0.685408945691669","0.677789717666505","0.669641626444603","0.660805231061755","0.651642736919502","0.641772782591881","0.631273759179249","0.626859762471934","0.628884337253278","0.632794847442327","0.641094206454702","0.656335997003235","0.680218572252851","0.693047310770807","0.69059538490704","0.688067822552876","0.685749844526087","0.684975898940902","0.686484930664597","0.688643645767629","0.691898042675885","0.698858661250722","0.708883702500147","0.720268643614479","0.733881357023458",
"Cote d'Ivoire","CIV","Population ages 65 and above, male","SP.POP.65UP.MA.IN","41755","43806","45972","48209","50499","52845","55251","57729","60305","63053","66065","69372","72945","76703","80586","84606","88012","90850","93912","97165","100556","104033","107588","111222","115134","119357","123709","128180","132767","138211","144654","151467","158601","165996","173574","181227","188887","196515","203903","209528","213455","217182","220777","224160","227269","230117","232757","235290","241421","251488","262326","274217","287495","302890","313187","317929","324279","331903","340695","350698","360282","370385","383316","397915","413305","429545",
"Cote d'Ivoire","CIV","Population ages 65-69, female (% of female population)","SP.POP.6569.FE.5Y","1.22458600362337","1.22274269014542","1.21940387714069","1.21523508972517","1.21067330919668","1.20599124812179","1.20145634810667","1.19705908988049","1.19266339717177","1.18808393460443","1.18288694885864","1.17675688487544","1.16971288786692","1.16232224853795","1.15504990587871","1.14809183033293","1.14286972221121","1.13878183963389","1.13434414421314","1.12931407107069","1.12354451412892","1.1172519248248","1.11059715238894","1.10396690240359","1.10178991072258","1.10357024280386","1.10487686442323","1.10574068523662","1.10585522601952","1.10343829930917","1.09871469937456","1.09342136896792","1.08760871615683","1.08113218724209","1.07371893887521","1.06477296556546","1.05415765597122","1.04192559865494","1.0275347213733","1.01207279330572","0.995916931973609","0.978549201702152","0.96008767310236","0.939237401338695","0.915744271455098","0.890806825542514","0.864418777657662","0.83745381749897","0.827013361549554","0.837605101140978","0.858102663568815","0.887545807403823","0.925709055205756","0.974130424543683","0.999255461980763","0.996766627122873","0.99709909885497","1.00210962776857","1.01128310982235","1.02295808988506","1.03679287665299","1.05358610858839","1.0744233948023","1.09974679035809","1.12869125926901","1.15852049334381",
"Cote d'Ivoire","CIV","Population ages 55-59, female (% of female population)","SP.POP.5559.FE.5Y","2.31203729756059","2.30217676180929","2.29060253484678","2.27825443163128","2.2658701775282","2.25392434438696","2.24267739660153","2.23206569307925","2.22195411928594","2.21199562835693","2.20183981163142","2.19125488287434","2.18049777103863","2.16993588984163","2.16794934978826","2.17389917378221","2.17931477675895","2.18218714111071","2.18148913024132","2.17125963368956","2.15207190664997","2.1310170421001","2.10865489195118","2.0854538128005","2.06149631925333","2.03665153344964","2.01114623577191","1.98507852041254","1.95682187722207","1.92980433092757","1.90320794979076","1.8726465938202","1.83883997779701","1.80116026341155","1.75865276457659","1.71089649894497","1.65892409085715","1.60443561626587","1.55009165361965","1.50114931141783","1.45814365427461","1.41778422911613","1.37753325057978","1.33255149753464","1.29761993699746","1.28724449857572","1.29470130958378","1.31839113143311","1.39349524636371","1.50358362121758","1.60433614944802","1.70167210571523","1.79677250337365","1.88892118988274","1.95075927183158","1.98334193264265","2.01352252795421","2.04082188416049","2.06714063042007","2.09206938504292","2.11186336740092","2.12646890574379","2.14123766330978","2.15680927739312","2.17065450534515","2.18723150336107",
"Cote d'Ivoire","CIV","Population ages 45-49, female (% of female population)","SP.POP.4549.FE.5Y","3.5972145096554","3.58956496621973","3.58167732984876","3.57371600023775","3.58016277397526","3.59987792758745","3.61859945448626","3.63616003685151","3.65268475830725","3.65740251671863","3.65136722084096","3.64574079468497","3.64040289956509","3.63483923678415","3.6285124008932","3.62153482981189","3.60527411495497","3.57366070301485","3.52995460304225","3.47391178928244","3.40538528995204","3.32769434613695","3.24403955381567","3.15498797159738","3.05984261227958","2.95924228571128","2.85546616156085","2.75128965097068","2.64792975661342","2.5604650387984","2.49006736277549","2.42226694412645","2.353144045344","2.27602835540431","2.21506371979372","2.19151960659021","2.19495358463735","2.22247361182563","2.27859983815356","2.35069115228809","2.4216086775745","2.49277001954655","2.56764327489537","2.644650431024","2.72270939419159","2.80366936683915","2.88576249097808","2.96426295018397","3.05362985538377","3.14417840057283","3.20925859170393","3.25163804230778","3.27899807229346","3.29187199515425","3.28961840726943","3.28746872164101","3.29912771505951","3.32589134860838","3.37090019277416","3.43750480800354","3.52457980502625","3.62734350757523","3.74369013705251","3.8712257259584","4.00010849368157","4.12442858412595",
"Cote d'Ivoire","CIV","Population ages 35-39, female (% of female population)","SP.POP.3539.FE.5Y","5.51459758553798","5.51950568880526","5.52521344495226","5.52997937491414","5.53246702034687","5.53235559492457","5.5295937460211","5.52350630596468","5.51337357327049","5.49946571861337","5.48276617219851","5.46581580866189","5.44929444389845","5.42842370778325","5.39822452437627","5.35809606851577","5.27602476749855","5.14281514512101","4.988865151565","4.82557839053607","4.6572190818551","4.48532700220728","4.30864363114355","4.1196428042044","3.95885479264175","3.86292578991124","3.81709647272976","3.81835318265526","3.86664971181238","3.95536392610739","4.05699617219462","4.15485950015842","4.25461529159923","4.35508015486524","4.45444678703897","4.55369224731083","4.65105408920587","4.73954964082083","4.81588835795289","4.89392526181356","4.96482398247165","5.01038018523541","5.0389633103661","5.05794796878209","5.07500036636534","5.09612830779465","5.12537098100754","5.16538392543625","5.2124380671116","5.26164527137303","5.31394604329249","5.37633560184826","5.45875643413757","5.57436011509344","5.71071403722321","5.84608490384735","5.98381125169794","6.12600969825825","6.2686135363159","6.40208713074896","6.51866601790393","6.60910033623696","6.66524906988664","6.68503920071762","6.65690011049846","6.58569783952315",
"Cote d'Ivoire","CIV","Population ages 25-29, female (% of female population)","SP.POP.2529.FE.5Y","7.71287853346722","7.69501972020041","7.67659522185349","7.64906328865428","7.60425889048496","7.54064810019089","7.46012731591114","7.36555168363011","7.26770581731657","7.18320805243144","7.1172782301532","7.06055940234885","6.99442685992478","6.88831611528081","6.79402361542624","6.76328913369416","6.72617020482521","6.68949999691429","6.72380074527167","6.78471842535135","6.8326287452779","6.89408235593473","6.97911440614346","7.08422956187189","7.20306666017576","7.33630561882138","7.47993639662571","7.61979153191696","7.7508829006882","7.85292426426658","7.9084211801307","7.92781640526112","7.92645557315101","7.91881870441926","7.91790132495303","7.93217621568168","7.96855676087856","8.03090704183806","8.12015754824077","8.22254164413917","8.31345317897796","8.37981832644518","8.40540883421095","8.36764541943693","8.27129973819481","8.13462514786758","7.96949480254161","7.79718534831529","7.78576003644356","7.97344532064526","8.23970049277008","8.55227127282957","8.86846613561887","9.14116265631295","9.19203986379596","9.04884717138098","8.88528517430036","8.69741819333598","8.48802987070997","8.26629706364157","8.03316040847172","7.79317242312751","7.56276363332828","7.37920338890748","7.25464165069248","7.18141937739884",
"Cote d'Ivoire","CIV","Population ages 15-64, total","SP.POP.1564.TO","2000211","2070931","2145037","2218952","2293773","2373126","2456456","2542832","2632854","2729807","2838088","2959559","3092998","3234576","3381348","3533599","3660022","3763480","3879183","4007204","4146763","4296663","4455892","4623662","4799162","4982255","5173420","5373045","5585232","5816321","6067441","6337294","6623791","6922679","7233100","7555443","7888322","8230669","8576763","8874696","9120703","9360960","9599009","9834410","10070555","10312553","10560998","10816307","11178135","11634689","12074302","12491401","12879867","13244024","13593007","13950254","14334538","14732523","15142605","15566410","15996982","16453786","16961781","17501177","18049122","18609973",
"Cote d'Ivoire","CIV","Population ages 15-64, female","SP.POP.1564.FE.IN","966771","998030","1030571","1063071","1096882","1133710","1172609","1213072","1255301","1300437","1349976","1404581","1463897","1526729","1592156","1660421","1721530","1776704","1837662","1904426","1976740","2054163","2136248","2222667","2313009","2407157","2505403","2607990","2716736","2835512","2964933","3103474","3250115","3402693","3560681","3724366","3893122","4066344","4240985","4391965","4517805","4640674","4762156","4882199","5002838","5126818","5254118","5384970","5555625","5760233","5956549","6140774","6307904","6457224","6610131","6781976","6967491","7160435","7360747","7570193","7785554","8015067","8269697","8539219","8812363","9091866",
"Cote d'Ivoire","CIV","Population ages 10-14, female (% of female population)","SP.POP.1014.FE.5Y","10.8411506443764","10.8668976737172","10.9488333638361","11.1169040125817","11.277517489021","11.3526657357196","11.3975011752204","11.4395142963972","11.4814265906942","11.5199392399734","11.5643039044833","11.6169438227456","11.6693784439962","11.7235740143963","11.779721243468","11.8251833128007","11.8906094372147","11.9853664338544","12.080043083153","12.1733411932608","12.2646812456568","12.3602376367264","12.4657827085264","12.5889338695882","12.7316680775967","12.8858611214578","13.0427828215694","13.175506387241","13.2462942238368","13.2563211507618","13.2300580591797","13.1793373126629","13.125416478062","13.0959900655813","13.0908197848894","13.0893745011377","13.0815382185281","13.0680440029909","13.0412128884337","13.0205955484568","13.0214731792131","13.0290435698043","13.0357953269013","13.0431225641036","13.0459317613544","13.0480704062263","13.0665319511216","13.113559334972","13.0370932332568","12.7885603578264","12.4746738419285","12.1121533423829","11.7530747693282","11.421770248741","11.264765390791","11.3096389788451","11.4437759362079","11.6427848866239","11.8562338952426","12.0689996769022","12.2526780546957","12.3418182970354","12.3063359094431","12.2380519744318","12.3022050065882","12.4465579284651",
"Cote d'Ivoire","CIV","Population ages 0-14, total","SP.POP.0014.TO","1584777","1646745","1715425","1792483","1875284","1959960","2047236","2138396","2233776","2333854","2439330","2551105","2670028","2796854","2932101","3074707","3223207","3377526","3536261","3700170","3871479","4049613","4233674","4422482","4615948","4813414","5013061","5214181","5415644","5617848","5824037","6034930","6250955","6473345","6699536","6930853","7170086","7418128","7674973","7918545","8148291","8381115","8612500","8842131","9070460","9297463","9523436","9748298","9859269","9866599","9895189","9947246","10015633","10091222","10307896","10659894","11005989","11336804","11640015","11925038","12196714","12442727","12663371","12864067","13051954","13233587",
"Cote d'Ivoire","CIV","Population ages 0-14, female","SP.POP.0014.FE.IN","804226","836649","872296","911898","953542","995432","1038602","1083711","1130921","1180467","1232701","1288072","1346997","1409867","1476951","1547698","1621408","1698020","1776742","1857932","1942725","2030905","2122106","2215759","2311816","2409934","2509195","2609230","2709445","2809990","2912424","3017137","3124382","3234846","3347333","3462497","3581681","3705256","3833248","3954778","4069438","4185512","4300761","4414994","4528465","4641132","4753150","4864528","4908045","4887146","4873813","4869790","4873712","4886805","4991336","5179814","5365529","5543371","5706313","5858052","6000931","6130131","6246924","6354308","6455337","6552876",
"Cote d'Ivoire","CIV","Women who were first married by age 18 (% of women ages 20-24)","SP.M18.2024.FE.ZS","","","","","","","","","","","","","","","","","","","","","","","","","","","","","","","","","","","43.5","","","","","33.2","","","","","","34.5","","","","","","","33.2","","","","","","","","","25.8","","","","",
"Cote d'Ivoire","CIV","Survival to age 65, male (% of cohort)","SP.DYN.TO65.MA.ZS","25.13154","25.88449","26.55296","27.317936","27.992356","28.738301","29.405463","30.1773","30.980531","31.796383","32.602659","33.456285","34.437591","35.313879","36.315143","37.313013","38.339506","39.178254","40.087567","40.776899","40.995531","41.063512","41.227027","41.319329","41.748796","42.067391","42.279149","42.446008","42.314904","42.15433","41.995238","41.7275","41.434021","41.133324","40.792331","40.051091","39.856072","39.648018","39.318893","39.059533","38.952963","38.780228","38.778319","38.238752","38.588611","38.977649","39.722045","40.333269","41.028021","41.674541","42.376137","43.548629","44.429072","45.083819","46.702101","47.442803","48.173194","48.902098","49.64145","50.38331","49.132248","49.369614","52.348727","52.97822","53.229972","",
"Cote d'Ivoire","CIV","Life expectancy at birth, total (years)","SP.DYN.LE00.IN","37.244","37.923","38.62","39.315","39.966","40.643","41.297","41.959","42.648","43.345","44.045","44.783","45.575","46.372","47.207","48.03","48.863","49.624","50.361","50.983","51.437","51.791","52.09","52.352","52.648","52.861","53.009","53.118","53.062","52.955","52.796","52.621","52.429","52.247","52.005","51.713","51.596","51.498","51.22","51.273","51.393","51.428","51.544","51.443","51.939","52.432","52.885","53.452","54.179","54.744","55.282","55.972","56.57","57.057","57.772","58.281","58.814","59.315","59.795","60.274","60.14","60.29","61.562","61.944","62.11","",
"Cote d'Ivoire","CIV","Mortality rate, infant, female (per 1,000 live births)","SP.DYN.IMRT.FE.IN","188.4","183.5","178.9","174.6","170.5","166.5","162.8","158.9","155.1","151.3","147.4","143.1","138.4","133.5","128.2","123.1","118.1","113.3","109","105.3","102.3","99.6","97.6","95.9","94.6","93.7","92.9","92.5","92.2","92.1","92","92","91.9","91.4","90.7","89.7","88.5","87.1","85.6","83.9","81.9","79.8","77.6","75.3","72.9","70.4","68.2","65.8","63.2","61.3","59.5","57.9","56.1","54.3","52.4","50.8","49.5","48","46.6","45","43.7","42.3","41.2","40.1","38.9","",
"Cote d'Ivoire","CIV","Birth rate, crude (per 1,000 people)","SP.DYN.CBRT.IN","54.648","54.601","54.539","54.449","54.271","54.023","53.768","53.547","53.302","53.018","52.682","52.427","52.202","52.154","52.033","51.738","51.674","51.027","49.935","49.582","49.275","49.01","48.769","48.478","48.402","48.13","47.872","47.699","47.051","46.722","46.487","46.067","45.559","44.844","44.169","44.101","43.969","44.081","44.183","44.24","44.278","43.902","43.4","42.802","42.276","41.927","41.441","40.961","40.474","40.745","40.936","40.846","40.688","40.451","39.841","38.768","37.742","36.58","35.081","34.306","33.651","33.081","32.5","31.99","31.564","",
"Cote d'Ivoire","CIV","Vitamin A supplementation coverage rate (% of children ages 6-59 months)","SN.ITK.VITA.ZS","","","","","","","","","","","","","","","","","","","","","","","","","","","","","","","","","","","","","","","","","","0","0","","0","88","78","4","90","88","99","99","99","99","99","72","0","94","84","80","89","85","72","85","","",
"Cote d'Ivoire","CIV","Prevalence of undernourishment (% of population)","SN.ITK.DEFC.ZS","","","","","","","","","","","","","","","","","","","","","","","","","","","","","","","","","","","","","","","","","","18.9","18.9","18.3","17.9","17.6","17.5","17.5","17.5","17.6","16.9","16","15.1","15.5","14.6","13.5","11.5","10.6","9.8","9.4","9.2","9.7","10.4","11.1","","",
"Cote d'Ivoire","CIV","Refugees under the mandate of the UNRWA by country or territory of asylum","SM.POP.RRWA.EA","","","","","","","","","","","","","","","","","","","","","","","","","","","","","","","","","","","","","","","","","","","","","","","","","","","","","","","","","","","","","","","","","","",
"Cote d'Ivoire","CIV","GNI per capita, PPP (constant 2021 international $)","NY.GNP.PCAP.PP.KD","","","","","","","","","","","","","","","","","","","","","","","","","","","","","","","","","","","","","","","","","","","","","","","","","2569.31778310873","2705.40457893005","2982.11524814272","2697.8727355599","2837.87849458478","3142.41443415954","4701.56169395485","4999.8775592249","5240.21523970895","5287.91620673945","5362.7698466257","5569.26585068184","5568.74468092295","5859.4017529188","6034.06911113683","6296.64180306462","6431.78144367206","6960.26486034945",
"Cote d'Ivoire","CIV","GNI per capita (constant 2015 US$)","NY.GNP.PCAP.KD","","","","","","","","","","","","","","","","","","","","","","","","","","","","","","","","","","","","","","","","","","","","","","","","","912.038445386675","960.345583769671","1058.57040057893","957.671982721421","1007.37024723572","1115.47228378415","1668.92746644048","1774.82154454314","1860.13493236833","1877.06748781163","1903.63850903843","1976.93901540478","1976.75401421115","2079.92942747708","2141.93162389523","2235.13784047194","2283.10876432574","2470.70610900916",
"Cote d'Ivoire","CIV","GNI, PPP (current international $)","NY.GNP.MKTP.PP.CD","","","","","","","","","","","","","","","","","","","","","","","","","","","","","","","29587329287.8533","30972513118.8544","31834104973.1967","32452855150.6413","34164843033.0824","37456405517.538","27144580895.5058","29720224447.8656","31492017273.6783","32815361637.7628","31597376299.7796","31754861872.6594","31966966776.6301","31705988245.3498","34425012203.6572","39004792037.3634","40899651408.7093","42690672688.7832","46072548182.6896","48329858660.4106","51905829427.317","48585323041.0442","55152187769.3865","60504327882.9193","98069384225.3277","108731649059.199","115130993832.18","121709257256.731","132046527045.751","151190324519.851","155606848537.078","173671121074.45","197585787733.214","217209293873.031","234508529878.789","253622078507.45",
"Cote d'Ivoire","CIV","GNI: linked series (current LCU)","NY.GNP.MKTP.CN.AD","","","","","","","","","","","","","","","","","","","","","","","","","","","","","","","3939931344380.75","4015939648009.74","4034725429609.43","4265179664144.3","6435586932218.7","7673923213349.01","5733433981254.08","6413036585831.63","7081854209157.3","7220016608648.52","6906885063428.58","7255226995544.65","7521469671508.77","7555445974511.43","7788579872369.73","8667806270600","8936858566300.01","9362656960000.01","10445985336000","11022146571000","11872880917000","11510377231000","13237020447000","14748723307800","23667592041000","26490866967600","28048930434200","29597936000000","31601242838300","34393245000000","35215183690899.9","39126158999999.9","42804789935899.9","47147769440000.2","50503786571000.2","54838503692799.8",
"Cote d'Ivoire","CIV","Gross domestic income (constant LCU)","NY.GDY.TOTL.KN","","","","","","","","","","","","","","","","","","","","","","","","","","","","","","","","","","","","","13812878047676.9","15100981098424","15795323701292.5","15574622578743.5","15803782783132.8","15729731986200.4","15779127958307.3","15151078137264.8","15106277461110.1","15060745383465.5","15277054170068","15726655026029.9","17005018383237.2","17955986223105.1","19912404949446.6","18589017588690.2","19669598073609.3","22319840644950.4","24631376967054.8","27086845525045.9","29258348756548.5","30586291791966.5","31789622963560.6","33911687373879.9","34815759768968.7","37573968060625.6","39739193451608.7","42596428820380","45135113030526","51108843385307",
"Cote d'Ivoire","CIV","Total natural resources rents (% of GDP)","NY.GDP.TOTL.RT.ZS","","","","","","","","","","","5.88211960748263","5.64893582443539","6.24912983609408","7.46318789264459","6.97736372517021","5.73987904350225","5.84187720102765","5.2925209975451","4.33407992517679","4.7895015532176","4.92349095170293","4.54771649448935","5.51492457907009","5.73408169227322","5.26549184879047","4.57801260968679","3.56320419608402","3.29287411035561","2.81389097771771","2.93839141128914","4.08956490608254","3.47748565263375","3.46029006444351","3.38754855261651","5.29950791803271","5.16486501492941","3.10906315979616","2.79707040165525","2.46774712006096","2.23064062431383","2.86211491053466","2.32208785748223","2.45890647990383","2.64883554896755","2.49321707811937","3.71197677716882","5.60158447625658","4.9838724678869","5.56200251854781","3.87323197312723","4.33013803473931","5.53239950172039","5.36757176448081","4.15503587681362","3.41935511091434","3.07259669730878","3.23053071841614","3.38876801583982","3.10996909544373","2.95827158248838","2.59163858078542","4.73502206212113","","","","",
"Cote d'Ivoire","CIV","GDP per capita (constant LCU)","NY.GDP.PCAP.KN","883960.497279829","936950.530097101","913262.943325636","1006154.20831549","1138544.75859813","1061316.31957396","1139272.57600889","1146416.08504537","1241071.24491059","1306518.47860482","1383619.03444973","1450328.9241759","1445557.60036523","1463264.77951943","1458412.83212366","1508356.66957927","1635213.35165214","1691550.53353273","1806707.65658354","1779937.85264406","1523503.23925635","1514936.17870938","1458107.56150471","1346110.40529103","1258477.99495903","1264046.1491743","1255186.54003283","1203482.89444523","1171420.22178076","1160206.66547154","1103247.47989668","1060705.1015187","1016714.21421164","975186.173421848","945165.642801554","973777.557703123","1009184.47509673","1064850.09001587","1069160.76766442","1046956.34236537","1015674.41659429","967561.21281839","917134.444802351","852283.699672407","858359.850625159","846457.417455791","850029.125943784","839623.420405678","859992.686632452","871397.782201424","910778.927133126","843342.581150466","888847.963346779","965050.89295952","1030208.21721997","1072882.83585796","1116963.1240115","1166350.90271815","1190300.15437567","1237465.17159626","1214990.19776937","1269012.54228616","1316676.91792028","1368870.48713957","1416341.7254994","1472560.08033003",
"Cote d'Ivoire","CIV","GDP per capita (current US$)","NY.GDP.PCAP.CD","148.680788984181","162.262764436326","163.076679659123","185.076825958966","215.506240264261","207.044838566402","221.786392228948","225.620934131463","256.768714344803","262.192286003745","268.957733574566","280.333660150746","312.942348100524","405.568979472686","474.223861362208","574.626405877437","660.538618229175","855.655691363342","1039.11498268738","1157.00139805383","1237.80216768229","985.507547907408","849.479705391045","737.449968695419","708.940252199945","694.951691466923","877.154956751363","929.611362954514","909.534182158689","832.559837958259","885.647842214928","827.241889166985","844.902223806738","804.149657211252","581.888468577405","740.4730999133","1170.23622049666","1124.65674867927","1177.37133815342","1096.13520587572","936.636541348798","924.727294962066","967.815864415991","1111.17135087887","1199.82524528546","1197.74616979415","1230.43056838584","1367.53817722326","1583.97066701372","1540.45393569596","1553.54887048143","1596.62826565998","1546.9460184731","1786.15862031324","1991.36539423404","1814.71855088017","1862.59597081287","1964.29930338343","2130.86619381144","2141.76836170115","2179.72934832935","2455.98127641148","2333.37128301259","2591.9659048119","2727.8935220697","3050.10202257321",
"Cote d'Ivoire","CIV","GDP (constant LCU)","NY.GDP.MKTP.KN","3247375624200","3569922999200","3613725757700","4137367480000","4866085648100","4714767207800","5260612765900","5502503725700","6192971574600","6783732681500","7487547107400","8195617307100","8542834879800","9050210718500","9441847804700","10221072775000","11541267157000","12385448429000","13736633185000","14065544155000","12524284408000","12962696847000","12988728839000","12482137184000","12144962026000","12691633872000","13105298484000","13059564542000","13207984399000","13597356432000","13448341859000","13453845616000","13420942809000","13395109494000","13503771517000","14466015804000","15584141530000","17087830419000","17816439436000","18024332338000","17976425562000","17589211110000","17108933044000","16300387694000","16819561273000","16987095131000","17465380145000","17657749041000","18502260197000","19168956129000","20481655714000","19381699200000","20858664486000","23103101241000","25268323876000","27086367000000","29029207000000","31180492564900","32690609361700","34887866720000","35131987099100","37613196734050.5","40020397553540.6","42661743973003.2","45229782420694.6","48169718278039.7",
"Cote d'Ivoire","CIV","GDP (current LCU)","NY.GDP.MKTP.CN","133926436900","151630987300","158103633900","186469007400","225685553200","225399996400","251599994900","266400006100","317200007200","353900003300","402300010500","436200013800","466099994600","559100002300","738999992300","834499969000","1114000064500","1539199991800","1782800056300","1944899944400","2149899960300","2291399917600","2486599942100","2605799964700","2989499875300","3134800003100","3171574087700","3031708991500","3054484062200","3112694972400","2939329970200","2960043016200","2952100053000","3127745970200","4615726170100","5490705694700","9244342143400","10533806866000","11574650148000","11618853071000","11773496809000","12311998549000","12524564515000","12323837640000","12398020711000","12673666407000","13207658125000","13765549263000","15198896568000","15936745398000","17286284724000","17291860798000","18534370818000","21119264228000","24116592041000","27086367000000","28686711000000","30491647000000","32506103000000","35379003000000","36277950000000","40366859000000","44238800000000","48998894000000","52820666571000","58061073692800",
"Cote d'Ivoire","CIV","Gross value added at basic prices (GVA) (constant LCU)","NY.GDP.FCST.KN","","","","","","","","","","","","","","","","","","","","","","","","","","","","","","","","","","","","","","","","","","","","","","","","","18025417636100","18570430940900","18849435478000","18075999483000","19559459630800","21538399635200","23443685835700","25086367000000","26929207000000","28824050257200","30438233810900","32572083667900","32677087170000","34667338184837.8","36794410166400.4","39235866788428.8","41568514985500","44272299093300",
"Cote d'Ivoire","CIV","Discrepancy in expenditure estimate of GDP (constant LCU)","NY.GDP.DISC.KN","","","","","","","","","","","","","","","","","","","","","","","","","","","","","","","","","","","","","","","","","","","","","","","","","","","","","","","","0","0","99.99902344","100","-100","99.99902344","19783489331.2012","36951910156.4004","29909603845.4004","-328338705","-349680760",
"Cote d'Ivoire","CIV","Inflation, GDP deflator: linked series (annual %)","NY.GDP.DEFL.KD.ZG.AD","","","","","","","","","","","","","","","","","","","","","","","","","","","","","","","-4.52327354283084","0.663489267146474","-0.0238371372650903","6.15419429089883","46.386069435419","11.0437898513941","4.98308457613628","3.9214742013522","5.38736139065696","-0.775911929443382","1.60101728726917","6.87596879742645","4.58213735216555","3.27812069285412","-2.50335752004385","1.30130527324141","1.3595382596009","3.08854944572292","5.37293348500339","1.20777929723688","1.5162179241976","5.70932050005679","-0.404098360740875","2.87673042852516","4.40733235572075","4.77568237270827","-1.17983243565696","-1.04167724817084","1.68197647173226","1.98335249260808","1.82838309372076","3.93090017186186","3.0000006286337","3.90243671769379","1.67910309814367","3.21232885968116",
"Cote d'Ivoire","CIV","Adjusted net savings, excluding particulate emission damage (% of GNI)","NY.ADJ.SVNX.GN.ZS","","","","","","","","","","","","","","","","","","","","","","","","","","","","","","","","","","","","","","","","","","","","","","-32.8709517858062","-33.7260312342684","-34.2110268014908","-25.3313534394963","-20.7126482817549","-18.6490315989471","-22.977233196826","-16.4419948083581","-13.5472042701615","24.0743389672978","22.301134456738","19.2056476277488","16.0947774471097","14.6082911321733","15.9014302830286","20.056665374705","","","","","",
"Cote d'Ivoire","CIV","Adjusted net national income per capita (annual % growth)","NY.ADJ.NNTY.PC.KD.ZG","","","","","","","","","","","","","","","","","","","","","","","","","","","","","","","","","","","","","","","","","","","","","","","","","","2.20957122470686","4.00858648421583","-18.2833436075082","30.044798161399","4.98499279293196","61.068435615397","5.08616838635636","2.43590772028419","-0.111997092426279","1.96081907415424","2.33426183964087","0.591272317640687","2.5690277484903","","","","",
"Cote d'Ivoire","CIV","Adjusted net national income (constant 2015 US$)","NY.ADJ.NNTY.KD","","","","","","","","","","","","","","","","","","","","","","","","","","","","","","","","","","","","","","","","","","","","","","","","","18386513033.6057","19215112318.1633","20430650583.7131","17061944188.2593","22656493637.0195","24265037605.5608","40042646225.2675","43312710567.4984","45673622635.137","46928448298.7075","49156651820.3442","51639051844.3263","53275443192.856","56012853883.9112","","","","",
"Cote d'Ivoire","CIV","Adjusted savings: gross savings (% of GNI)","NY.ADJ.ICTR.GN.ZS","","","","","","","","","","","","","","","","","","","","","","","","","","","","","","","","","","","","","","","","","","","","","","-27.4196596125817","-26.9963661465924","-29.2625668296208","-20.3470196928191","-17.6897526964782","-16.5506709152725","-18.7019821714139","-13.8629797175574","-11.9059649412645","23.2214339008179","23.0359710286642","20.7733031764807","17.9769994423508","16.2885780656066","18.035951507118","21.8115492220262","","","","","",
"Cote d'Ivoire","CIV","Adjusted savings: energy depletion (% of GNI)","NY.ADJ.DNGY.GN.ZS","","","","","","","","","","","","0","0","0","0","0","0","0","0","0","0.0833943027070671","0.34449196560703","0.3023057358675","0.980836689064711","1.06347041508644","1.21149934865928","0.289501080714721","0.478373984074096","0.253455749109375","0.0982613829407367","0.105056843109637","0.0380364944069367","0.19542691277904","0.220767043353362","0.244262328072827","0.208547903392381","0.522141843159794","0.452508444918789","0.150761565880804","0.242240077612382","0.474939785384091","0.327805299528533","0.668094518720068","0.781835571405989","1.24916034854166","2.74302987517689","4.94651218244474","3.77932787642667","4.13346460477968","2.02819472794678","1.58801772506266","2.33458141599407","1.48250475957409","1.12257964627512","0.479875466330153","0.30212426116501","0.273745861687354","0.560121417588387","0.671897795886442","0.622824180299255","0.300225436080994","0.531806702192145","","","","",
"Cote d'Ivoire","CIV","Adjusted savings: consumption of fixed capital (% of GNI)","NY.ADJ.DKAP.GN.ZS","","","","","","","","","","","3.70701557970548","4.51079137214682","4.81870070813607","4.60509194654229","4.19144468513041","4.97297725026964","5.11076700851973","5.49761149198675","7.00395364769734","8.39304761938114","8.99629749425777","9.83030513502276","9.03015404299428","9.23729923142196","8.96631456473687","8.64098656559564","8.28653288756973","8.39564593885708","8.04292825374455","7.52132132603669","8.14785341215707","7.69529637813238","7.0634776453926","7.19791009995498","7.11999188448386","5.8780349213611","7.82492594502989","7.479825874509","7.09598765302272","7.14801152708531","8.4088373117291","7.21947177948648","6.57202724199571","5.55434085651754","5.93583572149386","5.93608097234937","4.99644088711704","4.61396684555868","4.24513929232265","4.23520973489582","4.05082486514043","4.46078265840863","3.74915598279703","3.60008147474671","2.30621618394666","2.75000481865155","3.91611986304289","3.88247996283683","3.11402650778726","3.46175784989336","3.31610582516436","3.15857207740249","","","","",
"Cote d'Ivoire","CIV","Adjusted savings: carbon dioxide damage (% of GNI)","NY.ADJ.DCO2.GN.ZS","","","","","","","","","","","","","","","","","","","","","","","","","","","","","","","0.356587292294244","0.391796844891859","0.378360257002243","0.428814511505667","0.600164709275374","0.514525007777748","0.574386946668671","0.747844439451525","0.710638798543598","1.03247593930754","1.23689955335447","1.26960625232108","1.26955994685454","0.855202680677346","0.815988237232681","0.832181325698287","0.817150356060144","0.745165249884583","0.741371094911738","0.710565357135678","0.75627163750659","0.747380392584325","0.963499244061949","0.940692587721341","0.64624940032814","0.761306137043243","0.734504575336735","0.789428546750368","0.715351091145126","0.775131249813015","0.777504978718446","0.772367089249312","","","","",
"Cote d'Ivoire","CIV","Services, value added (% of GDP)","NV.SRV.TOTL.ZS","38.9532929476451","39.7141905967132","40.1140364301266","41.1326894315843","44.1348331285212","44.4542993790394","44.6740896177975","46.3588574970382","48.1399769968227","51.0031091033901","49.6395764324744","49.4268698943356","50.4612758474381","51.2072965341141","58.4438436806733","54.715397838439","59.1561963953549","60.5769237309841","57.6396692757946","56.5376112722974","54.3792735656808","54.8779332599903","54.5865818469248","56.6374981423377","56.3172431820573","53.7163456946151","50.2560255956653","48.4528020274534","45.3098486165675","45.4998631879436","41.2343615683792","42.1075937065296","41.5483137860978","49.0309011892656","53.6965455566941","54.5043941926943","36.9319707734694","34.4440812913609","34.0988794437297","36.0002917193271","34.67687694007","35.1831669144554","35.472387041315","36.198594385247","38.3730686607013","38.8167783655946","37.9448192296392","38.7672870732728","37.7795452078374","38.6653601228599","37.8322011028794","34.0131352473082","39.6867369938255","38.8134449737706","37.3151438010014","54.1326121734967","54.493573696894","55.7500354113374","55.6186479812729","54.9974768932861","55.5728121351951","54.1000329007516","52.9655573840158","52.2715206592214","51.8581209074307","51.170143636328",
"Cote d'Ivoire","CIV","Services, value added (current LCU)","NV.SRV.TOTL.CN","52168757300","60219019300","63421749300","76699717700","99605942300","100199989200","112400007200","123499999200","152700010500","180500004800","199700021200","215600013300","235200004000","286299996100","431900000300","456599978000","659000066000","932400005100","1027600056300","1099599970200","1169099980800","1257472917500","1357349912600","1475859906600","1683603914700","1683900006500","1593907085300","1468947955700","1383982104600","1416271953900","1212013947600","1246402886800","1226547793300","1533562036100","2478485505700","2992675875800","3414117738600","3628273000000","3946826000000","4182821000000","4082681000000","4331751000000","4442762000000","4461056000000","4757501000000","4919509000000","5011622000000","5336530000000","5742074000000","6162000000000","6539782000000","5881504000000","7355687000000","8197114000000","8999141000000","14662558000000","15632414000000","16999104000000","18079455000000","19457559000000","20160677000000","21838484000000","23431327000000","25612467000000","27391805134500","29709934805400",
"Cote d'Ivoire","CIV","Medium and high-tech manufacturing value added (% manufacturing value added)","NV.MNF.TECH.ZS.UN","","","","","","","","","","","","","","","","","","","","","","","","","","","","","","","13.6992104994604","13.6992104994604","13.6992104994604","13.6992104994604","13.6992104994604","14.517983298298","15.6859062341978","14.989795857178","14.989795857178","14.989795857178","14.989795857178","14.989795857178","14.989795857178","14.989795857178","14.989795857178","14.989795857178","14.989795857178","14.989795857178","14.989795857178","14.989795857178","14.989795857178","14.989795857178","14.989795857178","14.989795857178","14.989795857178","14.989795857178","14.989795857178","14.989795857178","14.989795857178","14.989795857178","14.989795857178","14.989795857178","14.989795857178","","","",
"Cote d'Ivoire","CIV","Chemicals (% of value added in manufacturing)","NV.MNF.CHEM.ZS.UN","","","","","","7.29839315212494","5.82257621532546","5.97070738547834","6.77509814918676","6.98128518537303","6.31867552462301","7.02585427589948","6.69202835898323","5.91427899041007","5.44211051136979","7.29129899994652","7.56486484119826","5.55042084118945","6.92220969560316","7.14839109550126","6.28239546073131","6.86364101727949","5.74495221373793","","","","6.31364562118126","6.32411067193676","6.99432892249527","83.8095238095238","","","","","11.2172162452183","10.8175825909175","11.8812396156902","12.0236983971201","5.02362184436269","3.80269909130125","4.0154190538502","5.08219209459408","5.27042001749001","4.99228491250232","3.94354809070528","4.6498216937193","5.20250572073062","5.40331748706338","5.01829773258421","8.54995481298612","8.66578072716341","7.72837106251934","4.87334467257927","6.17570257630307","6.04511645298999","6.06869408462598","6.79090154374872","","","","","","5.4578879771157","","","",
"Cote d'Ivoire","CIV","Industry (including construction), value added (constant 2015 US$)","NV.IND.TOTL.KD","","","","","","","","","","","","","","","","","","","","","","","","","","","","","","","","","","","","","","","","","","","","","","","","","6964724368.15687","7235350773.11681","6945686056.26609","6414364739.78565","6322630226.10219","8145789698.49815","8512514498.31766","9218692760.03399","10560552203.4173","10956628246.4051","11166612066.0999","13574742886.5384","13300707235.4258","14000810749.5875","15685547047.481","17367776251.2003","18209354627.3166","19427476811.5295",
"Cote d'Ivoire","CIV","Manufacturing, value added (constant LCU)","NV.IND.MANF.KN","","","","","","","","","","","","","","","","","","","","","","","","","","","","","","","","","","","","","","","","","","","","","","","","","2442318182500","2434189552000","2410906484000","2088630493400","2409807058700","2711216600100","2824270400300","3096134000000","3770651000000","3749023958931.55","4093229900021.55","4882263038335.26","4907815816585.5","5138797731160.44","5394309056202.61","5779062535677","5938805410400","6206998769000",
"Cote d'Ivoire","CIV","Manufacturing, value added (current US$)","NV.IND.MANF.CD","","","","","","84060727.9330781","113563039.315494","132113320.641078","124815820.869837","125788306.268319","149781180.66728","163787738.959759","205136235.71911","254835166.226977","314078013.642843","365820237.139248","438584579.783292","478672027.533151","607119111.376057","743224778.292894","","","","","","","","","","","1883930727.02446","1739429567.10784","1849518081.59709","1704617742.93983","1225567190.08731","1655438980.78925","1771488017.36706","2026147090.68544","2042539833.02279","2051326695.13404","1849136231.68161","1810033979.31238","1768791868.51659","1889270594.55511","2067262543.84778","2471539744.92767","2535442245.96563","2965340607.2825","3477351698.27036","3262518514.95699","3144935419.64316","3383657610.91895","3745762921.07454","5067167250.97163","5959188494.47764","5236929530.44376","6071802070.25207","5925292352.15125","6607763803.58159","7439153563.06846","7596081145.16266","9752356801.54213","9085978127.33657","10711998084.3093","11253661628.2955","12258978814.7867",
"Cote d'Ivoire","CIV","Agriculture, forestry, and fishing, value added (% of GDP)","NV.AGR.TOTL.ZS","47.9079229501998","46.4068348778733","45.9040526835101","44.1671041468739","39.8013597797274","39.6184607037554","37.4403808861126","34.7597622296","35.5611587136181","33.5688041515201","31.8667651389485","30.8803289634375","29.8004716389671","31.0499011421664","25.4668464493839","28.2444581612681","24.4793521015097","24.265851604067","25.8806372127665","26.4023858645548","25.8802732626852","26.5339983531472","24.125313394537","21.8819571311816","24.1344709782802","26.5375789197823","28.4615445024844","29.182352573433","32.0393218910802","32.7164401115348","32.4984276683643","33.2939429328014","34.0096869237108","28.2152062734036","25.2636305085389","24.727605801392","16.526725263958","15.1463001011509","15.5416187703162","15.2177670996904","16.195154514693","17.2770975527184","18.737314157226","20.7760202202729","16.640018984398","16.0651853584803","15.9447949066292","15.5787463255399","16.1854841829726","15.2495816385759","17.4889170707842","18.4866714886447","16.3751498758861","15.3429019354945","15.2417555256185","18.3620416868752","17.4349684074971","16.9409871496938","17.8526014022659","15.6880480775561","16.9334154768944","16.1805529630135","16.5843332097616","15.9442578438607","15.8594343780948","16.7636825512357",
"Cote d'Ivoire","CIV","Agriculture, forestry, and fishing, value added (current LCU)","NV.AGR.TOTL.CN","64161374200","70367141900","72575975400","82357960700","89825919000","89300009000","94199996400","92600008700","112799998000","118799999000","128199999500","134699999200","138899996700","173599998000","188199993300","235699994600","272699998200","373499985900","461400014800","513499988000","556399984600","608000016400","599900028900","570200031200","721499979800","831900024800","902678970400","884724006900","978635980800","1018362986500","955236024300","985515032600","1003999985700","882499977200","1166100004900","1357720059900","1527787028500","1595482000000","1798888000000","1768130000000","1906736000000","2127156000000","2346767000000","2560403000000","2063033000000","2036048000000","2105934000000","2144500000000","2460015000000","2430287000000","3023184000000","3196689500000","3035031000000","3240308000000","3675792000000","4973610000000","5001519000000","5165586000000","5803185000000","5550275000000","6143096000000","6531581000000","7336710000000","7812510000000","8377058952900","9733174079700",
"Cote d'Ivoire","CIV","External balance on goods and services (% of GDP)","NE.RSB.GNFS.ZS","11.3350265648709","7.18898286827946","8.64569558764582","10.4155857698849","11.1632600504444","6.69919163317253","7.71063549015994","7.43243166164477","12.7049084758028","9.69200395031474","6.6616943327174","3.78266622604128","4.505469972816","2.52191107887606","7.32070382458649","0.143798315707307","5.49371665678211","6.29547965282155","-0.914291136709339","-3.05928351591144","-6.177031031782","-7.10919189395017","-2.90356429587243","1.23954285968066","13.5206572022164","14.3773122513176","9.31445965414078","3.80973211557663","2.59798546936416","2.97812723128874","4.57825373007861","3.02563137460664","3.79390851899422","3.536383899263","11.2181457113775","7.31625542209923","3.30532340279239","2.31761174668949","0.715073703668715","1.58144057659717","0.616125497605339","1.82552454100358","6.82037464757313","4.22196613262101","2.16428143213157","0.937024410192841","1.99148340538986","-0.449036900155838","0.0867168457988548","4.15257886270211","-0.473790899592729","5.84684964279227","-0.336108522440376","-0.0318739375923679","2.63349996807287","1.99541710410998","2.31814654527666","2.33506573128044","-0.64910887657004","0.660566947010915","0.0443051495467633","-0.521497102363104","-4.33167038888939","-3.94632580890499","0.791037676963738","5.01288447643869",
"Cote d'Ivoire","CIV","Gross capital formation (current LCU)","NE.GDI.TOTL.CN","22399109100","30085079000","21959911400","33159467000","49300000800","49300000800","54899990500","52700000300","56499998700","69100003300","90500014100","95099912200","97299996700","129599995900","162700001300","187300003800","256100007900","420699996200","530600001500","543900008400","570499989500","594399985700","576600014800","479800000500","348299984900","406000009200","382599987200","373423013900","386403008500","277152989200","196606001200","217799999500","204400001000","306302386200","633079988200","856464752600","1203544302300","1741088346400","2346429320700","1699453834300","1871092063200","1750808168100","1505887944000","1721448101000","1824776969400","1754306830600","1872955165000","1889496942100","2763162540100","2349641960100","3747848817200","2869362775500","3790430277200","4838381476700","5455283049200","6335000000000","6653711000000","6347647000000","7233515000000","7779821000000","7887876000000","9516615000000","12159172000000","12026508000000","11023594187100","11206898800100",
"Cote d'Ivoire","CIV","Changes in inventories (current US$)","NE.GDI.STKB.CD","","","","","","5304803.09032039","22386979.7738904","6504040.24069209","6059022.29338082","30004553.6905146","26772496.4351617","13073962.5256","12300238.8146915","34546318.9211834","79350352.6902935","15864653.9708996","37246207.5763694","94024860.1016819","7976800.60247494","78976554.4497202","221980771.873549","132483735.697685","115335605.923482","47235904.8025996","-89940272.9331517","82357110.5281608","22523439.2769694","55234545.8054451","119523961.296542","-137927452.476714","-195765302.930029","-127611188.707186","-176053807.953047","49441561.2735325","180113746.73243","210358274.274113","-1115758540.33183","-270548254.671825","405411433.841351","-875546590.209406","-77858174.9159937","-188349850.113468","-620238201.82976","238995338.63425","287995448.619568","25158887.8069631","-15879783.0791704","-854425958.557312","702774156.471434","-462423245.497949","341635364.397172","-459897072.039421","1211968922.81063","931574107.252205","70522291.588056","-78712921.5430375","-49424101.3899269","-574096486.435403","-125097566.109603","-112740669.716683","881211488.107672","1833069018.22879","3685000804.50051","3184121859.02775","999938388.73638","-740838237.989592",
"Cote d'Ivoire","CIV","Gross fixed capital formation (constant 2015 US$)","NE.GDI.FTOT.KD","","","","","","","","","","","","","","","","","","","","","","","","","","","","","","","","","","","","","3333864126.6195","3516967302.46363","3821368582.93355","4038980367.73961","3385275911.26927","3250611359.85844","3427425544.44516","2845305799.24351","3149713071.64494","3226219428.93288","3640258360.55091","4402921062.46517","4829509676.41374","5049810789.43401","7120850938.06787","5707624459.58909","5599392626.36173","7861898249.34756","9303687501.12248","10794779639.1539","11799495888.8652","11944274979.4846","12764874023.856","13647842191.3769","14163831254.7395","16270732119.0722","18414164839.9599","18956238337.5795","20169116571.3369","22294616097.2275",
"Cote d'Ivoire","CIV","Gross fixed capital formation, private sector (current LCU)","NE.GDI.FPRV.CN","","","","","","33100009500","32500000800","31600009200","35799998500","38699999200","54000001000","58199900200","65699999700","84099924000","96800006100","106999988200","141900005400","231799996400","290799976400","268399984600","278620012500","317619994600","302870003700","277229994000","256599998500","251599994900","251500003300","202899996700","206799994900","185000001500","144555999200","151800004600","138200006700","","","","","","","","","","","","","","","","","","","","","","","5032000000000","5164000000000","4935000000000","5374000000000","6111056000000","5418669000000","6206909000000","6220267000000","6320466100300","6557699482100","7356824945700",
"Cote d'Ivoire","CIV","Exports of goods and services (constant 2015 US$)","NE.EXP.GNFS.KD","","","","","","","","","","","","","","","","","","","","","","","","","","","","","","","","","","","","","10959829122.5048","11901116824.6583","12294891091.4887","13133787450.454","12214375151.723","11441280859.0725","11846647016.9312","10299798546.6983","11571932890.7212","12222461072.8305","12921857865.5458","11833391637.9857","11167669451.9429","13269901699.1543","12068374767.1054","12107729727.7724","13374798137.4487","11657748986.7856","12327879859.9149","12532872784.936","12427995188.4093","14607888124.9412","14064824148.7159","15511176917.8499","14796795092.1804","16352817341.2766","17169162639.4813","18300839912.5396","22902687136.5292","25723642796.1486",
"Cote d'Ivoire","CIV","Gross national expenditure (constant LCU)","NE.DAB.TOTL.KN","","","","","","","","","","","","","","","","","","","","","","","","","","","","","","","","","","","","","","","","","","","","","","","","","17268418625600","16839430123400","18745496519300","15432426649500","19977534910900","21659826570400","24229472562300","26546367000000","28554207000000","29849889067800","32001671246200","33672842162900","34797966508200","37779377818919.8","41463766656984.6","44458036990757.6","44726835832400","48055211208900",
"Cote d'Ivoire","CIV","Gross national expenditure deflator (base year varies by country)","NE.DAB.DEFL.ZS","","","","","","","","","","","","","","","","","","","","","","","","","","","","","","","","","","","","","","","","","","","","","","","","","87.9392426912071","90.7094798646065","92.652576848621","105.497547898778","93.0878934770547","97.5353874604447","96.9128879583461","99.998617513274","98.1351399462783","99.7646823154335","102.235607472797","104.373004304111","104.206885168003","107.406138858324","111.314245475634","114.563200373846","117.161954835042","114.764950055377",
"Cote d'Ivoire","CIV","Final consumption expenditure (constant 2015 US$)","NE.CON.TOTL.KD","","","","","","","","","","","","","","","","","","","","","","","","","","","","","","","","","","","","","21549281379.1214","22845341854.7314","23087338520.4527","24518935850.0339","24019647401.0732","24340051108.8612","23507495729.8109","22768176071.125","23136363318.5124","23575434058.6818","23658776843.7569","24681926851.0636","24269886110.047","24854928657.7406","25770732821.245","24074563230.598","27324714177.5671","28669235165.0391","31288830022.8319","34185724112.6511","36296643101.9598","38623786543.1132","40888598881.2362","43109897819.0767","43725009583.7357","46076048931.6363","48151271565.7177","52822652898.698","54286582196.507","57541909534.4339",
"Cote d'Ivoire","CIV","Households and NPISHs Final consumption expenditure, PPP (constant 2021 international $)","NE.CON.PRVT.PP.KD","","","","","","","","","","","","","","","","","","","","","","","","","","","","","","","","","","","","","","","","","","","","","","","","","57087461648.228","59239962812.4284","61973015668.1396","59350742661.3803","65057320226.9802","67804181469.7923","74734029208.6137","84995977143.482","90446477456.0471","95847845577.9786","101569693159.526","106166634992.649","107676119214.178","113352676785.796","118538613375.533","130628267197.108","133922570521.862","142407772277.122",
"Cote d'Ivoire","CIV","Households and NPISHs Final consumption expenditure (constant LCU)","NE.CON.PRVT.KN","","","","","","","","","","","","","","","","","","","","","","","","","","","","","","","","","","","","","","","","","","","","","","","","","11984177737000","12436045026000","13009785568000","12459300665000","13657263192000","14233902482000","15688661979000","17842918000000","18987123095400","20121014036200","21322182146000","22287202596800","22604083513900","23795744045100","24884410173000","27422350308950.3","28113912263600","29895181968600",
"Cote d'Ivoire","CIV","Households and NPISHs Final consumption expenditure (current LCU)","NE.CON.PRVT.CN","84335444000","96892248100","104818180100","114168995800","127883518000","136700002300","150300000300","164699996200","184800002000","207300001800","230400000000","255099994100","275100008400","327299989500","402499993600","504200036400","616400027600","811900010500","978100027400","1106699878400","1349800034300","1456299966500","1549700038700","1654399959000","1783699996700","1836499992600","2013759012900","2048786038800","2066325962800","2174642028500","2114354020400","2168382947300","2166199943200","2226834636800","2909847158800","3650059763700","","","","","","","","","","","","","","","","","","","","17679000000000","18538000000000","20301000000000","22217588000000","23534824000000","24266755000000","27039143300200","29806918764000","34367659302800","36488604103100","38887073906900",
"Cote d'Ivoire","CIV","General government final consumption expenditure (% of GDP)","NE.CON.GOVT.ZS","7.93812644171078","8.87139590629046","9.46881139333509","9.42467992136692","10.0301526079251","10.7808338900222","10.7313199711039","10.9609603346026","11.2232063341517","12.2068379760312","13.5719638018752","15.9330601332503","15.5974715173275","15.7574518579107","16.1975639982696","16.9922112243961","16.1849187576955","13.6239602856786","16.2889836790051","18.191166924484","16.8565978181343","17.61368726166","17.3932287127274","16.8585464598613","15.1630711994765","14.0870225584823","15.1281347126892","16.2944403531153","17.1027248943555","18.2542783227454","16.7997469629584","16.3612486220463","17.4418207904825","15.4744026756448","12.0241102731615","10.6082415319079","","","","","","","","","","","","","","","","","","","","9.34787599976032","9.86519507238038","10.2683859615717","10.047344032596","10.8276425991993","11.3216044456757","9.96265946726249","9.46903676410753","9.26221456590428","9.25894583387385","8.70904741213398",
"Cote d'Ivoire","CIV","General government final consumption expenditure (current LCU)","NE.CON.GOVT.CN","10631249900","13451785200","14970534900","17574107100","22636605400","24299999200","27000000500","29199999000","35600011300","43200000000","54600011800","69500010500","72699813900","88099913700","119699996700","141799997400","180300005400","209699995600","290400010200","353799995400","362399989800","403600015400","432500015100","439299997700","453299994600","441599983600","479800000500","494000013300","522400006100","568200003600","493799997400","484299997200","514900000800","484000006100","555000004600","582467321900","","","","","","","","","","","","","","","","","","","","2532000000000","2830000000000","3131000000000","3266000000000","3830712000000","4107246000000","4021612699800","4188988236000","4538382697200","4890636906900","5056566435900",
"Cote d'Ivoire","CIV","Military expenditure (% of GDP)","MS.MIL.XPND.GD.ZS","","","1.27553444180523","0.998988877654196","1.14392991239049","1.31969949916528","1.26356589147287","1.3126586869786","1.16049004594181","1.14879649890591","1.18100747167992","1.50034098658786","1.69563374311149","1.13034263511127","1.33964817320704","1.17843019772319","1.11888611210282","0.79476861167002","1.0980931015143","1.12377230421145","1.16428671100981","1.09103604783102","1.1421677056103","1.11504662496642","1.02559041948217","0.996969503636596","1.05352867044739","1.21709875321591","1.24914061221149","1.33037465830519","0.96477473288964","0.994003862515562","1.01708680343167","0.973500965104727","0.731597907508044","","0.611814463966836","0.577204483263576","","","","","","1.0067518242091","1.09607344304215","1.05806530751568","1.08657956101875","1.1508330294867","1.1017046812579","1.25173572577555","1.12710510056221","1.00705786228658","1.10066387533087","0.995019119922897","1.0677761217949","1.24391728133935","1.24585910179804","0.965894036488091","1.03921408235247","0.887657865631757","0.963119470642636","0.876213826792915","0.865226904910508","0.864878467778842","0.762358993041457","",
"Cote d'Ivoire","CIV","Armed forces personnel, total","MS.MIL.TOTL.P1","","","","","","","","","","","","","","","","","","","","","","","","","","","","","","15000","15000","15000","15000","15000","15000","15000","15000","15000","15000","15000","","","","","18000","19000","","19000","19000","18550","","","","","25000","25000","25000","27000","27000","134000","27000","","","","","",
"Cote d'Ivoire","CIV","Logistics performance index: Overall (1=low to 5=high)","LP.LPI.OVRL.XQ","","","","","","","","","","","","","","","","","","","","","","","","","","","","","","","","","","","","","","","","","","","","","","","","2.36","","","2.53","","2.73","","2.761981","","2.602573","","3.08","","","","","","","",
"Cote d'Ivoire","CIV","Logistics performance index: Efficiency of customs clearance process (1=low to 5=high)","LP.LPI.CUST.XQ","","","","","","","","","","","","","","","","","","","","","","","","","","","","","","","","","","","","","","","","","","","","","","","","2.22","","","2.16","","2.31","","2.33324","","2.666667","","2.78","","","","","","","",
"Cote d'Ivoire","CIV","Individuals using the Internet, male (% of male population)","IT.NET.USER.MA.ZS","","","","","","","","","","","","","","","","","","","","","","","","","","","","","","","","","","","","","","","","","","","","","","","","","","","","","","","","","","60.2019","45.2287","39.8089","","","43.2628","46.4065","44.5221","",
"Cote d'Ivoire","CIV","Fixed broadband subscriptions (per 100 people)","IT.NET.BBND.P2","","","","","","","","","","","","","","","","","","","","","","","","","","","","","","","","","","","","","","","","","","","","0.00215941592661792","0.00421536106149528","0.00617386746904022","0.0486693744359828","0.0475498557860424","0.0464804125266757","0.0454588020514648","","","0.196730926619837","0.235094105938757","0.517205353442549","0.434546121572781","0.524752298099937","0.534257331996876","0.640536308885034","0.768711846259475","0.903911262107671","1.13037781443128","1.25179133069312","1.36336622359986","1.60153227430253","",
"Cote d'Ivoire","CIV","Mobile cellular subscriptions (per 100 people)","IT.CEL.SETS.P2","0","","","","","0","","","","","0","","","","","0","0","0","0","0","0","0","0","0","0","0","0","0","0","0","0","0","0","0","0","0","0.091479639","0.234750142","0.575143814","1.573080065","2.67219556535498","4.00763786041553","5.50560497365526","6.69625990207232","8.54468997193162","11.7071226897453","19.7861496888908","35.5088438452275","48.5675503786085","59.9342847557544","69.3658791896946","75.4688103733356","77.1273355805099","80.9986810652982","90.1219840101242","100.638777689061","105.624772864173","118.755063895419","123.098008449044","132.574011521792","138.663750301785","150.343798608733","161.231833444196","171.988943341282","183.875985110648","",
"Cote d'Ivoire","CIV","Rail lines (total route-km)","IS.RRS.TOTL.KM","","","","","","","","","","","","","","","","","","","","","","","","","","","","","","","","","","","","","","","","","639","639","639","639","639","639","639","639","639","639","639","639","639","639","639","639","639","639","639","639","639","639","","","","",
"Cote d'Ivoire","CIV","Air transport, freight (million ton-km)","IS.AIR.GOOD.MT.K1","","","","","","","","","","","5.9000000954","7.1999998093","8.1000003815","8.3999996185","10.8999996185","11.6000003815","13.1999998093","13.1999998093","14.8000001907","17.2999992371","18.2000007629","21.3999996185","21.3999996185","19.1000003815","17.7999992371","18.3999996185","16.6000003815","16.2999992371","15.8999996185","18.1000003815","17.7000007629","16.1000003815","15.1999998093","14.3000001907","14.5","15.3000001907","16.5","15.3000001907","13.6000003815","13.8000001907","12.292","7.364","","","","","","","","","15.376963961","2.70860361698403","0","4.563948","4.71912","0.983368072842825","1.20223033825879","5.41940666666667","4.16026898442412","9.166862","4.317833","4.028365","3.83294","3.098073","","",
"Cote d'Ivoire","CIV","Statistical performance indicators (SPI): Pillar 3 data products score  (scale 0-100)","IQ.SPI.PIL3","","","","","","","","","","","","","","","","","","","","","","","","","","","","","","","","","","","","","","","","","","","","","","57.225","59.64375","60","63.70625","65.99375","62.13125","61.7","67.5125","63.61875","64.79375","63.7125","71.975","70.85","69.325","68.475","74.6875","79.1375","72.96875","78.63125","81.33125","",
"Cote d'Ivoire","CIV","CPIA transparency, accountability, and corruption in the public sector rating (1=low to 6=high)","IQ.CPA.TRAN.XQ","","","","","","","","","","","","","","","","","","","","","","","","","","","","","","","","","","","","","","","","","","","","","","2","2","2","2.5","2.5","2","2.5","2.5","3","3","3","3","3","3","3.5","3.5","3.5","3.5","4","4","4",
"Cote d'Ivoire","CIV","CPIA efficiency of revenue mobilization rating (1=low to 6=high)","IQ.CPA.REVN.XQ","","","","","","","","","","","","","","","","","","","","","","","","","","","","","","","","","","","","","","","","","","","","","","4","4","4","4","4","3.5","3.5","3.5","3.5","3.5","3.5","3.5","3.5","3.5","3.5","3.5","3.5","3.5","3.5","4","4",
"Cote d'Ivoire","CIV","CPIA equity of public resource use rating (1=low to 6=high)","IQ.CPA.PRES.XQ","","","","","","","","","","","","","","","","","","","","","","","","","","","","","","","","","","","","","","","","","","","","","","1.5","1.5","1.5","1.5","2","2","2.5","2.5","2.5","2.5","3","3","3","3.5","3.5","3.5","4","4","4","4","4.5",
"Cote d'Ivoire","CIV","CPIA building human resources rating (1=low to 6=high)","IQ.CPA.HRES.XQ","","","","","","","","","","","","","","","","","","","","","","","","","","","","","","","","","","","","","","","","","","","","","","2","2","2.5","2.5","2.5","2.5","3","3.5","3.5","3.5","3.5","4","4","4","4","4","4","4","4","4","4.5",
"Cote d'Ivoire","CIV","CPIA quality of budgetary and financial management rating (1=low to 6=high)","IQ.CPA.FINQ.XQ","","","","","","","","","","","","","","","","","","","","","","","","","","","","","","","","","","","","","","","","","","","","","","2.5","2.5","2","2","2.5","2.5","3","3","3","3","3","3.5","3.5","3.5","4","4","4","4","4","4","4",
"Cote d'Ivoire","CIV","Net primary income (Net income from abroad) (constant LCU)","NY.GSR.NFCY.KN","","","","","","","","","","","","","","","","","","","","","","","","","","","","","","","","","","","","","","","","","","","","","","","","","","","","","","","","","","","","","","","","","","",
"Cote d'Ivoire","CIV","Gross savings (% of GNI)","NY.GNS.ICTR.GN.ZS","","","","","","","","","","","","","","","","","","","","","","","","","","","","","","","","","","","","","","","","","","","","","","-27.4196594197478","-26.9963662942314","-29.2625668925099","-20.3470198265306","-17.6897527127319","-16.5506707749515","-18.701982296671","-13.8629798656209","-11.9059650096727","23.2214338638358","22.9367405567568","22.9415174647094","19.8183181414642","18.3802871487132","19.4513531693889","18.2834885093046","19.6551093079421","20.0586106919451","17.1558029915612","17.9374719719722","",
"Cote d'Ivoire","CIV","GNI per capita, PPP (current international $)","NY.GNP.PCAP.PP.CD","","","","","","","","","","","","","","","","","","","","","","","","","","","","","","","2430","2440","2410","2360","2390","2520","1760","1850","1890","1910","1790","1750","1710","1660","1760","1940","1990","2030","2140","2200","2310","2110","2350","2530","4000","4310","4430","4550","4810","5360","5380","5860","6500","6970","7340","7750",
"Cote d'Ivoire","CIV","GNI per capita (current LCU)","NY.GNP.PCAP.CN","37140.4884113036","39316.3048656077","38925.2783022432","43596.1691959336","51413.9949161806","49265.7156742888","52673.8199019863","53646.3435966585","61701.8974669646","66058.8583382718","72508.7127628652","73933.0903677099","76315.5821024225","86674.2639545322","110552.670775064","118693.695494752","152480.095985269","203701.062886253","225317.242096347","233728.494127065","248797.772225138","251206.837169828","259205.541227508","252740.706084413","287497.592294547","281699.602160573","280873.221672004","254703.52855257","245736.222887262","227896.521058304","205691.196960273","202875.225826187","196654.479819035","199530.86544936","292984.338912849","336426.502034759","371790.022951226","400194.987652028","425571.419209902","419953.955448833","390807.301925012","399677.362447359","403763.921401126","395592.922265942","398016.129124777","431911.922211462","434951.315844675","445192.988222186","485533.707664885","501053.579153321","527963.651697022","500843.148159429","564067.688657276","616076.103797968","964945.198664595","1049295.25899633","1079244.80895965","1107153.11184837","1150635.15068522","1219921.04496544","1217867.43449497","1320057.60780056","1408283.83350328","1512811.81007785","1581493.79430786","1676426.48306422",
"Cote d'Ivoire","CIV","GNI (constant LCU)","NY.GNP.MKTP.KN","","","","","","","","","","","","","","","","","","","","","","","","","","","","","","","","","","","","","","","","","","","","","","","","","11600965770789.2","12489945127366.6","14074170493785.9","13012345199723.1","13976521929474.8","15788098301398.9","24201364962397.2","26491352207027.8","28581943684550.4","29667749461194.8","30910211832810.5","32952295691023.9","33793528742587.6","36448016936592","38490960876393.5","41184284905989.9","43105632672278.6","47782970633010.6",
"Cote d'Ivoire","CIV","GNI (current LCU)","NY.GNP.MKTP.CN","136441749500","149801058300","154024951800","179270107100","219740946400","218856882200","243222364200","257488715800","307893764100","342992191500","392385757200","417786134500","451003416600","536075468800","715724292100","804303732700","1076198113300","1491488997400","1713116282900","1846984966100","2045295329300","2149475418100","2308986372100","2343599865900","2774500114400","2828400066600","2932573995000","2763908972500","2770722357200","2670895038500","2507330027500","2573242990600","2595900096500","2740746190800","4185926139900","4997805768700","5741297532900","6421997000000","7091700000000","7229900000000","6916900000000","7265700000000","7532123491800","7565929049700","7799126050200","8667806270600","8936858566300","9362656960000","10445985336000","11022146571000","11872880917000","11510377231000","13237020447000","14748723307800","23667592041000","26490866967600","28048930434200","29597936000000","31601242838300","34393245000000","35215183690900","39126159000000","42804789935900","47147769440000","50503786571000","54838503692800",
"Cote d'Ivoire","CIV","Gross domestic savings (% of GDP)","NY.GDS.TOTL.ZS","29.0904050774459","27.2285729554173","24.234053294584","29.3485256145574","33.305379424703","28.571426765116","29.5310014730052","27.214718220684","30.5170278066753","29.2172920135149","29.1573451997213","25.5845955225415","25.380816385017","25.7020211427032","29.336942389573","22.58837131245","28.4829440510324","33.6278578779551","28.8478817118377","24.9061674969319","20.3590869288133","18.8312786295266","20.2847234313864","19.6523146418477","25.1714283287764","27.3286959471995","21.3778707371043","16.126974613025","15.2483382140988","11.8820810769913","11.2670559534854","10.3836297688193","9.17990603077978","13.329453934948","24.9338666178948","22.9146952697625","16.3245765159982","18.846188438367","20.98721403359","16.2081324179954","16.5085327683975","16.0458654631701","18.8438501328603","18.1904080326719","16.8825740639626","14.7791658534223","16.1723105245806","13.2772366149789","18.2667375330743","18.896128449024","21.2072636285474","22.4405685560967","20.114708584439","22.8779273929164","25.2539557937783","25.38312723888","25.5125483015463","23.1527244166247","21.6036816224941","22.6503471564758","21.7871985600068","23.0538199665225","23.1536411475899","20.5981220718982","21.6608882540715","24.3147989730522",
"Cote d'Ivoire","CIV","Oil rents (% of GDP)","NY.GDP.PETR.RT.ZS","","","","","","","","","","","","0","0","0","0","0","0","0","0","0","0.11162471818467","0.406239015865524","0.344693538381303","1.08325619955352","1.23720996916911","1.32980271732637","0.326483420224798","0.535702692063633","0.284584624376772","0.104980258706609","0.111829077867099","0.0411260342677253","0.21395748137054","0.231249910568653","0.263283893930115","0.230815868459038","0.380359773738748","0.319862757443427","0.101604151054954","0.162964832198363","0.308013121439312","0.184450908626382","0.449871788392484","0.547536157690114","0.868358242832743","2.12719162540331","3.70627347527892","2.92984750032697","3.23685198449427","1.55323608726763","1.97607516845206","2.38568766510419","2.01610713884301","1.32089224861062","0.691789500523942","0.366602851194199","0.384370728252087","0.811412807702894","0.930497052970617","0.857465003549306","0.371217181360166","0.70017290136454","","","","",
"Cote d'Ivoire","CIV","GDP per capita growth (annual %)","NY.GDP.PCAP.KD.ZG","","5.99461548115963","-2.52815767861404","10.1713603588897","13.1580774784306","-6.78308326844027","7.34524241238725","0.627023698007619","8.256614775383","5.27344694856279","5.90122199628114","4.82140589752017","-0.328982186808318","1.22493763996148","-0.33158369310037","3.42453359950802","8.41025764206348","3.44524962590836","6.8077849740796","-1.48168984848949","-14.4069419618659","-0.562326375567451","-3.75122186685714","-7.6809941303711","-6.51004627759795","0.442451456249174","-0.700892854841626","-4.11920012990711","-2.66415690762632","-0.95726163000495","-4.9093999603687","-3.85610474106537","-4.14732494866662","-4.08453429777113","-3.07844096219641","3.02718524731407","3.63603752351062","5.51590083803082","0.404815446696844","-2.07680883648156","-2.98789209303686","-4.73706957562547","-5.21173930372343","-7.07101837658274","0.712925866714116","-1.38664840401142","0.421959618326611","-1.22415870474471","2.42600024388695","1.32618518113594","4.5193074547668","-7.40424970030114","5.39583595248281","8.5732243032672","6.75169825092141","4.14232947521536","4.10858359182184","4.42161228468103","2.05334874793748","3.96244737490909","-1.81621061689408","4.4463193708041","3.75602084659074","3.96403768524576","3.46791305721162","3.96926488985672",
"Cote d'Ivoire","CIV","Natural gas rents (% of GDP)","NY.GDP.NGAS.RT.ZS","","","","","","","","","","","","","","","","","","","","","","","","","","","","","","","","","","","","0.00697783111204245","0.0579435908857458","0.0411475004385256","0.0549598172907061","0.108854679545715","0.21648578432124","0.268183612174263","0.191211922520124","0.161409274386099","0.173819970816715","0.126214192619765","0.407012042239876","0.274487306472778","0.307395693178292","0.245314581949486","0.283475786785777","0.362965532638359","0.393227820298858","0.320411424987291","0.319671081972001","0.261322774444977","0.178681873738581","0.186969561218541","0.253454611297185","0.218403089389861","0.177485744990039","0.309353155239366","","","","",
"Cote d'Ivoire","CIV","GDP growth (annual %)","NY.GDP.MKTP.KD.ZG","","9.93255515611813","1.22699449007209","14.490355865667","17.6130878299454","-3.10965427332918","11.5773596880237","4.59815178505383","12.5482486395257","9.53921877056503","10.3750318437426","9.45663766175453","4.23662501175109","5.93919753616822","4.3273808575466","8.25288636734977","12.9163974375478","7.31445915354267","10.9094536523705","2.39440746193296","-10.9576972637217","3.50049890850418","0.200822346671046","-3.90024044138104","-2.70126143487833","4.50122318068745","3.25934876606091","-0.348972913938866","1.13648396562287","2.94800494335441","-1.09590841238308","0.0409251717252914","-0.244560610691636","-0.192485098607804","0.811206679935481","7.12574472834217","7.72932741916973","9.6488400474633","4.26390594437231","1.16685998202273","-0.265789462275947","-2.15401249077306","-2.73052647441901","-4.72586658630681","3.18503822575397","0.996065564854788","2.81557859252327","1.10142976793477","4.7826659787672","3.60332156667053","6.84804939907013","-5.37044724000579","7.62041176451649","10.7602131311256","9.37199994240375","7.19494942728191","7.17275963956332","7.41076242592504","4.84314605889178","6.72137167584978","0.699728593494228","7.06253713446816","6.39988362730921","6.60000045209176","6.0195346193922","6.4999999999999",
"Cote d'Ivoire","CIV","GDP (current US$)","NY.GDP.MKTP.CD","546203559.344361","618245634.179831","645284473.733691","761047198.029653","921063326.589918","919771228.816095","1024102880.05862","1082922724.87189","1281281276.72357","1361360293.42665","1455482795.40691","1584128509.46873","1849400401.64724","2508421426.17572","3070152309.21903","3893839190.26806","4662053824.83955","6265068189.37782","7900526298.31993","9142933966.79465","10175617609.0962","8432589942.39434","7567110848.92228","6838184772.52063","6841639246.8996","6977650643.99488","9158302099.57957","10087654464.8168","10255169805.7996","9757410644.6679","10795850582.779","10492628580.7484","11152971273.9383","11045760288.1206","8313557510.14757","11000146266.5135","18071152830.6101","18047558037.7036","19619654755.679","18870992455.568","16577533891.8785","16810537043.8407","18054383320.8474","21251754340.4305","23510575681.3686","24036918703.1747","25281413263.3712","28760090953.3081","34078240293.2559","33886813250.2036","34936307980.063","36693710801.3976","36302302877.2977","42760235484.6093","48843005613.7091","45815005169.2651","48407761036.8238","52512343996.69","58522477786.6889","60382894697.3557","63027852805.4204","72794636653.7793","70922824813.9102","80780312569.1646","87113179149.284","99773555666.1988",
"Cote d'Ivoire","CIV","Gross value added at basic prices (GVA) (constant 2015 US$)","NY.GDP.FCST.KD","","","","","","","","","","","","","","","","","","","","","","","","","","","","","","","","","","","","","","","","","","","","","","","","","30488939405.4243","31410797526.0327","31882717378.1666","30574495640.3078","33083681694.6744","36430942939.8334","39653623084.6028","42432122173.6042","45549178223.4661","48754194740.5784","51484491788.422","55093773986.6913","55271381267.5608","58637774425.1566","62235592243.644","66365173289.2958","70310711249.6614","74884003890.7688",
"Cote d'Ivoire","CIV","Discrepancy in expenditure estimate of GDP (current LCU)","NY.GDP.DISC.CN","1380036700","301149300","2685848600","2144598000","671563800","16400","49200","12300","45100","-8200","-8300","106400","-8200","0","0","-49100","100","-32800","32800","32799.9999389648","0","-65500","-65600","100","-196600","-32700","32800","-65600","-100","-65500","-32800","-81900","-45399965600","-32800","131100","-327600","0","0","0","-100","-300","-100","100","-400","-600","-500","200","600","200","100","-300","200","700","400","100","-119000000","0","0","0","-56000000","0","0","0","0","100","-100",
"Cote d'Ivoire","CIV","Inflation, GDP deflator (annual %)","NY.GDP.DEFL.KD.ZG","","2.99006346469766","3.0048198149284","3.01391715577817","2.906177950873","3.07886780467852","0.0416032240180328","1.22775183399891","5.79379997879829","1.85391784764981","2.99084831038685","-0.941093871223046","2.51161642845075","13.2279689683128","26.6941713348517","4.31395366224771","18.2229732475378","28.7512918339878","4.43330463446982","6.54139713343109","24.1436771091168","2.97699115837639","8.301317589562","9.0467819094663","17.9098958917756","0.343657064772017","-2.0204048360965","-4.07520680060972","-0.380926014955392","-1.01240652384017","-4.52327354283084","0.663489267146474","-0.0238371372650903","6.15419429089883","46.386069435419","11.0437898513941","56.2837762738966","3.9214742013522","5.38736139065696","-0.775911929443382","1.60101728726917","6.87596879742645","4.58213735216555","3.27812069285412","-2.50335752004385","1.21513493970562","1.3595382596009","3.08854944572292","5.37293348500339","1.20777929723688","1.5162179241976","5.70932050005679","-0.404098360740875","2.87673042852516","4.40733235572075","4.77568237270827","-1.17983243565696","-1.04167724817084","1.68197647173226","1.98335249260808","1.82838309372076","3.93090017186186","3.0000006286337","3.90243671769379","1.67910309814367","3.21232885968116",
"Cote d'Ivoire","CIV","Adjusted net savings, excluding particulate emission damage (current US$)","NY.ADJ.SVNX.CD","","","","","","","","","","","","","","","","","","","","","","","","","","","","","","","","","","","","","","","","","","","","","","-5403783837.48086","-5769333875.35512","-6692092683.64773","-5932980865.02565","-4854370595.56264","-4474945070.83196","-5612252679.89588","-4262860363.67289","-4045436914.0628","11539710568.7899","9992555077.92531","9005073611.74153","8055752700.22929","8152763890.06394","9059935897.52276","11934151521.1279","","","","","",
"Cote d'Ivoire","CIV","Adjusted net national income per capita (constant 2015 US$)","NY.ADJ.NNTY.PC.KD","","","","","","","","","","","","","","","","","","","","","","","","","","","","","","","","","","","","","","","","","","","","","","","","","854.612710729091","873.495987268048","908.510829353843","742.404672711657","965.458658168668","1013.58670269711","1632.56824563993","1715.60341563536","1757.39393168628","1755.42570158031","1789.84642356951","1831.62612562307","1842.45602386655","1889.78923037341","","","","",
"Cote d'Ivoire","CIV","Adjusted net national income (current US$)","NY.ADJ.NNTY.CD","","","","","","","","","","","","1448815167.21395","1703269450.53073","2294362851.85151","2848823077.81521","3566308379.2425","4273672309.44966","5737115141.69555","7059998929.85084","7953901429.72043","8801554040.53133","7105435533.16568","6370849090.9163","5521688227.68233","5712748468.35105","5675366875.16991","7741928315.52602","8380473924.40277","8530686405.9582","7734536812.55751","8449124034.52527","8416120075.46648","9094939869.92134","8960647429.53485","6980267961.12606","9392575411.7003","10286468279.5099","10125956528.2245","11149694408.3279","10874779903.4171","8874045381.0289","9171707515.28849","10071580849.0111","12218485826.2947","13726981840.8611","15012596776.6958","15403947281.5752","17919385048.6055","21433654179.2312","21911682257.8087","22618513884.7215","22582385043.7393","24422563751.9036","28330452385.3948","46466479800.3275","43312710567.4984","44717062439.0292","47669715730.7049","53492303164.5343","54385585138.2128","57024604628.6985","64141668493.1022","","","","",
"Cote d'Ivoire","CIV","Adjusted savings: natural resources depletion (% of GNI)","NY.ADJ.DRES.GN.ZS","","","","","","","","","","","","0","0","0","0","0","0","0","0","0","0.0833943027070671","0.34449196560703","0.3023057358675","0.980836689064711","1.06347041508644","1.21149934865928","0.289501080714721","0.478373984074096","0.253564024651106","0.0983565611522298","0.105187064971956","0.0380364944069367","0.199671336841552","0.224373935409017","0.296492550447217","0.315018478370549","0.522141843159794","0.489440208067925","0.150761565880804","0.242240077612382","0.474939785384091","0.327805299528533","0.668094518720068","0.795981541944583","1.24916034854166","2.74302987517689","4.95607384449878","3.77932787642667","4.24209809038294","2.27193492307024","1.68804489064548","3.08423413150914","2.05219987732939","1.52798412507447","0.754629349245394","0.585771214708632","0.713183440792754","0.877075822578343","1.03735718304306","1.08407997292523","0.847720891980467","2.41957187704402","","","","",
"Cote d'Ivoire","CIV","Adjusted savings: energy depletion (current US$)","NY.ADJ.DNGY.CD","","","","","","","","","","","","0","0","0","0","0","0","0","0","0","8072997.952334","27250319.2233975","21241827.2055563","60322588.0283693","67526113.8762342","76271690.2668095","24515416.5963787","43994047.5400655","23577631.5122341","8226928.2702852","9674852.47168011","3469505.44703607","19166016.542326","21368162.0780748","18415983.5835841","20881203.1577129","58601458.5398717","49788593.949642","18122765.2285643","28445250.8884578","46255618.0938995","32519694.7612542","72539637.6945725","102006190.436263","184746007.592629","450937368.707666","846173690.014204","739282471.049326","968119072.871232","475342829.921594","381054214.716657","570227959.829286","384363993.068056","335222312.253715","230021850.154859","135373979.558099","128352955.504744","280351787.219289","374980484.613438","354857836.591017","178640655.250996","361261371.286345","","","","",
"Cote d'Ivoire","CIV","Adjusted savings: consumption of fixed capital (current US$)","NY.ADJ.DKAP.CD","","","","","","","","","","","52625318.4278662","68440225.3407916","86230654.2197047","110758027.93988","124630669.037259","186632916.871735","230181473.237546","333752729.764732","531720510.677858","728738067.631983","870887925.100138","777605807.208719","634513173.461297","568104560.365887","569325079.249474","544005782.306142","701716917.176382","772112319.775371","748190559.150788","629722167.500834","750348833.928211","701927796.364382","692733295.904907","696689629.498121","536806697.514212","588547951.64321","878213610.635496","822990194.90518","852995374.180416","839361443.595974","818958485.422567","716202632.916719","713570403.131806","724675586.375481","877887256.469483","975855479.49391","854714729.581464","902547998.600584","994274950.640759","992595312.943585","972019306.572847","1089558486.63908","972030986.663988","1075048563.61041","1105453707.69907","1232205234.59214","1836175916.72112","1943257590.66805","1737911890.97235","1972357432.91934","1973154990.53582","2145648174.95833","","","","",
"Cote d'Ivoire","CIV","Adjusted savings: carbon dioxide damage (current US$)","NY.ADJ.DCO2.CD","","","","","","","","","","","","","","","","","","","","","","","","","","","","","","","32838693.2645821","35737817.2904375","37106756.9023251","41505189.5613658","45248989.1530327","51517665.9288509","64465074.5424869","82283819.3440389","85424557.8644155","121239381.275684","120464857.064375","125950397.543428","137844894.690652","111578406.889185","120681519.588161","136805530.517178","139785591.661496","145763380.49707","173640170.095938","166533392.011649","181471837.747392","182549725.428318","249803189.078529","280907591.20943","309770957.581471","341121368.526107","344391811.058316","395124515.8885","399231401.663486","441635708.893923","462632349.451246","524676339.445296","","","","",
"Cote d'Ivoire","CIV","Services, value added (constant LCU)","NV.SRV.TOTL.KN","","","","","","","","","","","","","","","","","","","","","","","","","","","","","","","","","","","","","","","","","","","","","","","","","11875550872000","12541584505000","13446640359000","12491873978000","14780819067000","15482304666000","16740714693000","14662558000000","15559064000000","16518649086505.9","17344135170230.8","18424013037622.9","18495614963035.3","19600670911265.9","20330358526223.6","21557278512896.8","23003297727500","24679705999900",
"Cote d'Ivoire","CIV","Services, value added (current US$)","NV.SRV.TOTL.CD","212764272.561873","245531249.514036","258849648.871484","313039180.393312","406509762.198467","408877855.660176","457508638.415833","502030602.826401","616808511.879323","694336075.746625","722495494.687529","782985137.334186","933231038.19884","1284494798.02705","1794315016.35855","2130529604.14422","2757893716.67924","3795185578.77355","4553837229.39878","5169196465.0292","5533426936.64799","4627631080.67582","4130627156.99448","3872976773.506","3853022612.31552","3748138941.29083","4602598647.29306","4887751247.05127","4646601914.37975","4439608494.00974","4451600063.68506","4418193411.91676","4633871501.36925","5415835812.47153","4464093195.81836","5995563082.87347","6674032881.82992","6216315561.61217","6690082422.41495","6793612334.33669","5748571027.38512","5914479307.35085","6404320729.4936","7692836353.44158","9021729348.73774","9330357458.92949","9592986561.48423","11149507022.4033","12874604197.6261","13102458377.3522","13217174292.9387","12480681482.1355","14407199465.6151","16596720470.4736","18225837781.4867","24800859065.5458","26379118935.6179","29275650373.478","32549410910.0971","33209068558.6755","35026350232.4036","39381922379.6772","37564669475.1766","42225097773.1745","45175257769.5424","51054271745.4656",
"Cote d'Ivoire","CIV","Other manufacturing (% of value added in manufacturing)","NV.MNF.OTHR.ZS.UN","","","","","","32.387245332132","46.6012084592145","46.3571205983172","42.978126752664","44.9003398082873","41.7336285985448","38.965828964021","38.8033892443368","42.2574571983291","37.0759359216145","41.2278731482967","38.6991129519523","39.305211529693","39.9791019330712","37.1036432190298","35.5842523666813","36.4750135558901","33.110165140046","","","","38.2892057026477","42.2924901185771","40.0756143667297","-37.1428571428571","","","","","43.34119844512","37.898546108649","35.5610778010547","34.0536532030614","55.537192212061","62.5673808363115","55.7342397350299","51.0234881821028","53.0004158164578","54.529684387821","57.1106853497431","58.8607180476414","57.5341106197933","55.3128431991322","58.3578352311019","50.8810541201186","48.4176989360297","48.2787818796549","47.4502967874065","51.6971668063081","50.1446752538136","52.399461212769","53.847237968638","43.9988375472246","47.0027247956403","51.3191098875889","51.6239707227813","55.1405325443787","45.2982787548653","54.7483453901801","55.6353510186135","",
"Cote d'Ivoire","CIV","Industry (including construction), value added (% of GDP)","NV.IND.TOTL.ZS","13.1387841021551","13.8789745254135","13.9819108863633","14.7002064215418","16.0638070917514","15.9272399172053","17.8855294960898","18.8813802733618","16.2988642895592","15.4280867450899","18.4936584285771","19.6928011422268","19.7382525135949","17.7428023237195","16.0893098699427","17.0401440002929","16.3644515031354","15.1572246649488","16.4796935114389","17.0600028631478","19.740453171634","18.5880683868625","21.2881047585383","21.4805447264806","19.5482858396626","19.7460753856026","21.2824299018503","22.3648453991136","22.6508294923524","21.7836967005216","26.2672107632566","24.598463360669","24.4419992901914","22.7538925373307","21.0398239347669","20.7680000059137","13.7159570722429","15.3610277897039","14.6421531392277","14.3674680263112","13.9368025202647","14.1786160309594","14.5005281247497","15.2123312134125","15.5260750475447","16.2241764456125","16.5839543942617","16.483170824856","17.4088361491375","18.0163071461274","15.9765793754723","16.7624007263304","17.7324551897287","18.9795295741683","19.8455486242141","20.1215578301808","20.820713814142","19.8085626532407","19.1116818893978","21.6420400540965","20.7022034045474","22.1030350664638","23.0445423474416","23.9006374307143","24.0438599104554","23.9281816218339",
"Cote d'Ivoire","CIV","Industry (including construction), value added (current LCU)","NV.IND.TOTL.CN","17596305400","21044826100","22105909200","27411329000","36253691900","35899998200","44999991300","50299998200","51699998700","54599999500","74399989800","85900001300","91999993900","99200008200","118899998700","142199996400","182300000300","233300000800","293799985200","331799986200","424399994900","425926983700","529350000600","559740026900","584395980800","618999971800","674988032000","678037028900","691865976800","678060032000","772079998300","728125096800","721552274000","711683956900","971140659500","1140309759000","1267950000000","1618101000000","1694778000000","1669335000000","1640849000000","1745671000000","1816128000000","1874743000000","1924926000000","2056198000000","2190352000000","2268999000000","2645951000000","2871213000000","2761757000000","2898531000000","3286599000000","4008337000000","4786070000000","5450199000000","5972778000000","6039957000000","6212463000000","7656738000000","7510335000000","8922301000000","10194629000000","11711048000000","12700127074100","13892959164800",
"Cote d'Ivoire","CIV","Manufacturing, value added (annual % growth)","NV.IND.MANF.KD.ZG","","","","","","","","","","","","","","","","","","","","","","","","","","","","","","","","","","","","","","","","","","","","","","","","","","-0.332824386201779","-0.956501845999213","-13.3674197957817","15.3773760516715","12.5076213181399","4.16985497196463","9.62597631130228","21.7857818815336","-0.573562524573347","9.18121476044385","19.2765409611993","0.523379794361787","4.70640959659403","4.97220047196664","7.13258130866609","2.76416587875332","4.51594790646519",
"Cote d'Ivoire","CIV","Industry (including construction), value added per worker (constant 2015 US$)","NV.IND.EMPL.KD","","","","","","","","","","","","","","","","","","","","","","","","","","","","","","","","","","","","","","","","","","","","","","","","","7846.38427676167","7858.44001060294","7247.70843108967","6885.0593250977","6541.75184432209","7803.70467103091","9133.17822978628","11317.6121072353","14646.121905851","13370.2150317766","11983.8579204156","12653.8724241466","11064.0401090789","10182.8833141136","9936.65480933949","10486.9859575998","10505.992322039","10620.0585468081",
"Cote d'Ivoire","CIV","Agriculture, forestry, and fishing, value added (constant LCU)","NV.AGR.TOTL.KN","","","","","","","","","","","","","","","","","","","","","","","","","","","","","","","","","","","","","","","","","","","","","","","","","4112612512900","3991662319500","3829982952500","4104053939300","3994998364800","4161080482000","4834456466900","4973610000000","5126621000000","5827714380800","6492266960200","6122523838432.26","6317938497701.99","6789224176931.6","7190572736176.61","7410555787575.8","7799633789300","8106841539800",
"Cote d'Ivoire","CIV","Agriculture, forestry, and fishing, value added (current US$)","NV.AGR.TOTL.CD","261674780.361945","286908230.593495","296211724.781225","336132508.560623","366595728.415179","364399202.852952","383428018.959596","376421364.295774","455638468.383541","456992370.69695","463815284.050123","489184094.927543","551130042.183828","778862373.05648","781870974.351025","1099793780.96232","1141240570.94437","1520272149.72803","2044706549.16739","2413952705.25457","2633477643.4","2237503276.44257","1825589207.21451","1496328660.47396","1651193438.48161","1851699546.39684","2606594227.7438","2943814892.3125","3285686864.55701","3192277409.99929","3508481692.82911","3493409771.82519","3793090612.95782","3116584049.75892","2100306451.47857","2720072806.36001","2986569780.3449","2733537301.31997","3049211946.17984","2871743681.28847","2684757228.51533","2904372884.20022","3382906521.97698","4415268778.93057","3912164256.72101","3861575544.13224","4031069494.3419","4480461612.61042","5515728192.50032","5167597251.30156","6109981930.22699","6783445772.84773","5944556504.55562","6560660997.79011","7444531507.00568","8412570348.02447","8439877843.54693","8896109448.48226","10447784689.9872","9472897550.74121","10672768181.7073","11778574737.998","11762077588.9143","12879821323.1042","13815657481.8529","16725722141.962",
"Cote d'Ivoire","CIV","External balance on goods and services (constant LCU)","NE.RSB.GNFS.KN","","","","","","","","","","","","","","","","","","","","","","","","","","","","","","","","","","","","","","","","","","","","","","","","","","","","","","","","540000000000","475000000000","1330603497000","688938115400","1215024557200","334020590800.001","-185964574200","-1480321013600","-1826202621600","503274927000","114856749900",
"Cote d'Ivoire","CIV","Imports of goods and services (constant LCU)","NE.IMP.GNFS.KN","","","","","","","","","","","","","","","","","","","","","","","","","","","","","","","","","","","","","4153149536400","4633193159200","5109172777400","5022068635000","4936153078400","4578297102400","4439653634600","4213966130600","4759453857600","5143386898700","5120100849400","5138979791100","5090424127800","5854083539700","6658006338800","5310179046700","6782193239300","6115073362600","6028817474500","6869000000000","6872000000000","7305073651800","7625698433300","7954645617900","8413331809500","9853183396300","11630134881400","12645024869200","13035999899000","15092069287500",
"Cote d'Ivoire","CIV","Imports of goods and services (current US$)","NE.IMP.GNFS.CD","125105306.243455","173748887.619724","166140935.0282","178997280.471294","227712367.620402","277073905.219018","293880199.994923","311787396.924478","358694227.214806","368517421.799507","423656563.999127","450325383.145092","536449117.143812","833598100.182367","1178207291.35174","1424552666.21841","1689889783.19501","2276134494.58685","2957601064.73636","3443467185.68986","4190183015.10527","3565652807.22214","2975902018.21266","2442621281.52507","2175044039.26407","2260591396.00163","2764108254.99527","2987989286.97401","2860181526.21554","2835035997.91929","2926930087.2649","2831550713.63389","3135722383.40696","2861522279.0438","2436641866.04791","3788785245.21281","4472517351.15402","4664272133.84772","5193200980.87678","5124618233.32209","4504767963.76507","4310942884.96073","4430687717.01538","5210727693.41797","6577555506.55978","7437492764.43435","7799176142.0585","8898369156.89254","10539361094.8121","10593072868.4675","11869039598.9273","10800620106.4234","12821464752.2405","12482686215.408","12466424412.7778","11618672335.5396","10951634334.4131","12163812786.1254","13661082703.3125","13284189624.8842","13203807830.5952","16610109080.0793","20283240452.5601","21311191334.5497","21984729877.2984","24716415280.5918",
"Cote d'Ivoire","CIV","Gross capital formation (constant 2015 US$)","NE.GDI.TOTL.KD","","","","","","","","","","","","","","","","","","","","","","","","","","","","","","","","","","","","","","","","","","","","","","","","","4938388528.53122","3627835823.9274","5935866806.19664","2028450587.64946","6465774957.94262","7966648417.85182","9693345527.8872","10715281888.7559","12000422798.8146","11864870872.297","13239582385.4672","13844937608.3613","15132816474.4598","17824474075.6566","21980885144.4889","22374130526.6279","21364939687.1312","23739206304.3761",
"Cote d'Ivoire","CIV","Patent applications, residents","IP.PAT.RESD","","","","","","","","","","","","","","","","","","","","","","","","","","","","","","","","","","","","","","","","","","","","","","","","","","","","","26","","","","","","","","","","","","","",
"Cote d'Ivoire","CIV","Industrial design applications, nonresident, by count","IP.IDS.NRCT","","","","","","","","","","","","","","","","","","","","","","","","","","","","","","","","","","","","","","","","","","","","","","","","","","","","","","","","","","","","","","","","","","",
"Cote d'Ivoire","CIV","Public private partnerships investment in energy (current US$)","IE.PPN.ENGY.CD","","","","","","","","","","","","","","","","","","","","","","","","","","","","","","","39600000","","","","70000000","143200000","","","","223000000","","","","","","","","","108000000","","5500000","5500000","50000000","350000000","269000000","","","","","","810240000","416180000","","60000000","60680000","",
"Cote d'Ivoire","CIV","Investment in energy with private participation (current US$)","IE.PPI.ENGY.CD","","","","","","","","","","","","","","","","","","","","","","","","","","","","","","","39600000","","","","70000000","143200000","","","","223000000","","","","","","","","","108000000","","5500000","5500000","50000000","350000000","269000000","","","","","","810240000","416180000","","60000000","60680000","",
"Cote d'Ivoire","CIV","Time spent dealing with the requirements of government regulations (% of senior management time)","IC.GOV.DURS.ZS","","","","","","","","","","","","","","","","","","","","","","","","","","","","","","","","","","","","","","","","","","","","","","","","","","1.63295424","","","","","","","15.1849184","","","","","","","7.40215683","","",
"Cote d'Ivoire","CIV","Firms that introduced a new product/service and process, and spent on R&D","IC.FRM.NPRD.ZS","","","","","","","","","","","","","","","","","","","","","","","","","","","","","","","","","","","","","","","","","","","","","","","","","","","","","","","","","5.41883564","","","","","","","0.8195124865","","",
"Cote d'Ivoire","CIV","Firms with at least 10% foreign ownership","IC.FRM.FO.ZS","","","","","","","","","","","","","","","","","","","","","","","","","","","","","","","","","","","","","","","","","","","","","","","","","","14.97899151","","","","","","","28.91614342","","","","","","","22.52928162","","",
"Cote d'Ivoire","CIV","Firms adopting energy management measures to reduce emissions (% of firms)","IC.FRM.ENGM.ZS","","","","","","","","","","","","","","","","","","","","","","","","","","","","","","","","","","","","","","","","","","","","","","","","","","","","","","","","","","","","","","","","36.01463699","","",
"Cote d'Ivoire","CIV","Informal payments to public officials (% of firms)","IC.FRM.CORR.ZS","","","","","","","","","","","","","","","","","","","","","","","","","","","","","","","","","","","","","","","","","","","","","","","","","","38.48996735","","","","","","","29.16207123","","","","","","","20.83773994","","",
"Cote d'Ivoire","CIV","Bribery incidence (% of firms experiencing at least one bribe payment request)","IC.FRM.BRIB.ZS","","","","","","","","","","","","","","","","","","","","","","","","","","","","","","","","","","","","","","","","","","","","","","","","","","19.26525116","","","","","","","25.28522873","","","","","","","19.84999657","","",
"Cote d'Ivoire","CIV","Firms experiencing electrical outages (% of firms)","IC.ELC.OUTG.ZS","","","","","","","","","","","","","","","","","","","","","","","","","","","","","","","","","","","","","","","","","","","","","","","","","","54.82333755","","","","","","","78.76165009","","","","","","","80.34918213","","",
"Cote d'Ivoire","CIV","New businesses registered (number)","IC.BUS.NREG","","","","","","","","","","","","","","","","","","","","","","","","","","","","","","","","","","","","","","","","","","","","","","","","","","","","","","1410","3861","6050","8232","8331","10507","11577","11151","11017","19042","20895","20143","",
"Cote d'Ivoire","CIV","B-READY: Utility Services Pillar 1: Quality of Regulations on Utility Services","IC.BRE.US.P1","","","","","","","","","","","","","","","","","","","","","","","","","","","","","","","","","","","","","","","","","","","","","","","","","","","","","","","","","","","","","","","","","77.3611083030701","",
"Cote d'Ivoire","CIV","B-READY: Taxation Pillar 1: Quality of Regulations on Taxation","IC.BRE.TX.P1","","","","","","","","","","","","","","","","","","","","","","","","","","","","","","","","","","","","","","","","","","","","","","","","","","","","","","","","","","","","","","","","","46","",
"Cote d'Ivoire","CIV","B-READY: Pillar 1: Regulatory Framework","IC.BRE.P1.RF","","","","","","","","","","","","","","","","","","","","","","","","","","","","","","","","","","","","","","","","","","","","","","","","","","","","","","","","","","","","","","","","","68.0966033935546","",
"Cote d'Ivoire","CIV","B-READY: Market Competition: Overall Score","IC.BRE.MC.OS","","","","","","","","","","","","","","","","","","","","","","","","","","","","","","","","","","","","","","","","","","","","","","","","","","","","","","","","","","","","","","","","","34.6806327650944","",
"Cote d'Ivoire","CIV","B-READY: Labor: Overall Score","IC.BRE.LB.OS","","","","","","","","","","","","","","","","","","","","","","","","","","","","","","","","","","","","","","","","","","","","","","","","","","","","","","","","","","","","","","","","","69.277774810791","",
"Cote d'Ivoire","CIV","B-READY: International Trade: Overall Score","IC.BRE.IT.OS","","","","","","","","","","","","","","","","","","","","","","","","","","","","","","","","","","","","","","","","","","","","","","","","","","","","","","","","","","","","","","","","","50.8490208887607","",
"Cote d'Ivoire","CIV","B-READY: Financial Services: Overall Score","IC.BRE.FS.OS","","","","","","","","","","","","","","","","","","","","","","","","","","","","","","","","","","","","","","","","","","","","","","","","","","","","","","","","","","","","","","","","","42.17499946","",
"Cote d'Ivoire","CIV","B-READY: Dispute Resolution: Overall Score","IC.BRE.DR.OS","","","","","","","","","","","","","","","","","","","","","","","","","","","","","","","","","","","","","","","","","","","","","","","","","","","","","","","","","","","","","","","","","61.443962097168","",
"Cote d'Ivoire","CIV","B-READY: Business Location: Overall Score","IC.BRE.BL.OS","","","","","","","","","","","","","","","","","","","","","","","","","","","","","","","","","","","","","","","","","","","","","","","","","","","","","","","","","","","","","","","","","44.2077487682303","",
"Cote d'Ivoire","CIV","B-READY: Business Insolvency: Overall Score","IC.BRE.BI.OS","","","","","","","","","","","","","","","","","","","","","","","","","","","","","","","","","","","","","","","","","","","","","","","","","","","","","","","","","","","","","","","","","50.4351866666667","",
"Cote d'Ivoire","CIV","B-READY: Business Entry: Overall Score","IC.BRE.BE.OS","","","","","","","","","","","","","","","","","","","","","","","","","","","","","","","","","","","","","","","","","","","","","","","","","","","","","","","","","","","","","","","","","63.8174600203832","",
"Cote d'Ivoire","CIV","Human capital index plus (HCI+): on-the-job learning pillar score, total (scale -30–87)","HD_HCIP_OTJL_TO","","","","","","","","","","","","","","","","","","","","","","","","","","","","","","","","","","","","","","","","","","","","","","","","","","","26.2862257866438","","","","","33.8105454691937","","","","","28.5402706259686","","","","","30.9640699709782",
"Cote d'Ivoire","CIV","Human capital index plus (HCI+): health pillar score, male (scale 0–50)","HD_HCIP_HLTH_MA","","","","","","","","","","","","","","","","","","","","","","","","","","","","","","","","","","","","","","","","","","","","","","","","","","","30.6248057985306","","","","","32.1951251006126","","","","","34.8187126815319","","","","","35.3237002944946",
"Cote d'Ivoire","CIV","Human capital index plus (HCI+): education pillar score, female (scale 0–188)","HD_HCIP_EDUC_FE","","","","","","","","","","","","","","","","","","","","","","","","","","","","","","","","","","","","","","","","","","","","","","","","","","","32.758526294099","","","","","40.8352050291677","","","","","43.4071735603588","","","","","46.4443408087541",
"Cote d'Ivoire","CIV","Voice and Accountability - Governance estimate (approx. -2.5 to +2.5)","GOV_WGI_VA_EST","","","","","","","","","","","","","","","","","","","","","","","","","","","","","","","","","","","","","-0.940670999999999","","-0.9934396","","-1.3448981","","-1.3188531","-1.3283264","-1.4467678","-1.4000496","-1.214029","-1.1765373","-1.1206325","-1.0596368","-1.0250035","-1.0268298","-0.838305","-0.8051769","-0.6838095","-0.602650599999999","-0.628304099999999","-0.5960906","-0.480761799999999","-0.464221999999999","-0.666806999999999","-0.7085168","-0.6597367","-0.6434413","-0.6166747","",
"Cote d'Ivoire","CIV","Regulatory Quality - Governance estimate (approx. -2.5 to +2.5)","GOV_WGI_RQ_EST","","","","","","","","","","","","","","","","","","","","","","","","","","","","","","","","","","","","","-0.7691152","","-0.429145699999999","","-1.1396102","","-0.568995199999999","-0.655776199999999","-1.1803905","-1.115689","-0.951191599999999","-0.965976899999999","-0.9337031","-0.8970193","-0.9544514","-0.9415677","-0.797894","-0.7101269","-0.5486818","-0.4458059","-0.4435669","-0.4052154","-0.297267","-0.3160613","-0.321199499999999","-0.289141","-0.2155259","-0.1888771","-0.1669572","",
"Cote d'Ivoire","CIV","Rule of Law - Governance estimate (approx. -2.5 to +2.5)","GOV_WGI_RL_EST","","","","","","","","","","","","","","","","","","","","","","","","","","","","","","","","","","","","","-0.806346","","-0.9789926","","-1.2604893","","-1.3787812","-1.37970789999999","-1.4491895","-1.5406218","-1.43173819999999","-1.4040723","-1.3937418","-1.2252638","-1.2583646","-1.3422528","-1.03930259999999","-0.9376194","-0.6596147","-0.6916479","-0.679972399999999","-0.694249799999999","-0.6230846","-0.599899499999999","-0.618331","-0.6527655","-0.6021757","-0.6022948","-0.578144099999999","",
"Cote d'Ivoire","CIV","Political Stability - Governance estimate (approx. -2.5 to +2.5)","GOV_WGI_PV_EST","","","","","","","","","","","","","","","","","","","","","","","","","","","","","","","","","","","","","-0.0382555","","-0.332789499999999","","-1.2897456","","-2.2833426","-2.0672136","-2.2064965","-2.3486525","-1.90764699999999","-1.9248477","-1.8314441","-0.960599299999999","-1.84989379999999","-1.6395136","-1.5191192","-1.2086343","-1.0370019","-0.7838544","-0.8652379","-1.0411412","-0.9182691","-1.0134615","-1.16712789999999","-0.895587799999999","-0.716317499999999","-0.7874489","-0.8438331","",
"Cote d'Ivoire","CIV","Government Effectiveness - Governance estimate (approx. -2.5 to +2.5)","GOV_WGI_GE_EST","","","","","","","","","","","","","","","","","","","","","","","","","","","","","","","","","","","","","0.2677542","","-0.3071658","","-1.1469455","","-1.31375439999999","-1.31877009999999","-1.6168878","-1.5345441","-1.37833769999999","-1.40156179999999","-1.3605844","-1.1486226","-1.25140649999999","-1.20852","-1.06664579999999","-0.9238056","-0.721840199999999","-0.5999604","-0.610353199999999","-0.5958625","-0.5079239","-0.489134199999999","-0.4875808","-0.5005974","-0.354842","-0.3185096","-0.3157177","",
"Cote d'Ivoire","CIV","Control of Corruption - Governance estimate (approx. -2.5 to +2.5)","GOV_WGI_CC_EST","","","","","","","","","","","","","","","","","","","","","","","","","","","","","","","","","","","","","0.0688334","","-0.4870276","","-0.7462823","","-0.7625117","-0.8817182","-1.167954","-1.2702551","-1.143042","-1.0556439","-0.9172218","-0.9153277","-1.00570309999999","-0.9073893","-0.835052","-0.7559365","-0.4250952","-0.4307488","-0.471418699999999","-0.4649251","-0.483168999999999","-0.5301004","-0.4863208","-0.446876999999999","-0.370305999999999","-0.3616761","-0.2850472","",
"Cote d'Ivoire","CIV","Droughts, floods, extreme temperatures (% of population, average 1990-2009)","EN.CLC.MDAT.ZS","","","","","","","","","","","","","","","","","","","","","","","","","","","","","","","","","","","","","","","","","","","","","","","","","","0.000757403639121069","","","","","","","","","","","","","","","","",
"Cote d'Ivoire","CIV","PM2.5 pollution, population exposed to levels exceeding WHO Interim Target-3 value (% of total)","EN.ATM.PM25.MC.T3.ZS","","","","","","","","","","","","","","","","","","","","","","","","","","","","","","","100","","","","","100","","","","","100","","","","","99.1570035998759","","","","","98.4824793226902","99.9718935172555","99.9748065595616","98.4688663509987","99.0458111157343","100","100","100","","","","","","","","",
"Cote d'Ivoire","CIV","Energy use (kg of oil equivalent per capita)","EG.USE.PCAP.KG.OE","","","","","","","","","","","","","","","","","","","","","","","","","","","","","","","356.502117281303","352.461369088107","369.364695221915","367.602465008283","362.145601848293","346.984629535557","374.944288632764","368.164390395265","353.64180757645","408.120587715421","383.698511747895","359.274350379988","374.217410519231","345.063532585105","474.644512103845","479.367342054554","460.427068503443","484.162880249649","475.685968287363","426.33967683994","369.59298919728","412.202996239574","442.184553267778","446.309801337907","438.71877312695","383.889010732408","391.655583364613","392.588824263082","358.54922881191","376.743212908005","385.900911896689","475.7701142407","483.894918210023","483.503922762538","","",
"Cote d'Ivoire","CIV","Fossil fuel energy consumption (% of total)","EG.USE.COMM.FO.ZS","","","","","","","","","","","","","","","","","","","","","","","","","","","","","","","23.7012758668824","23.3183693354842","27.5946662231732","28.5495647561334","28.241703228129","25.1467183319042","32.0136590505572","32.1031500363843","30.8219044254669","40.8853462042608","37.1238808155335","34.2923676488115","37.842295781413","32.4957223803779","24.9261686348224","25.3866790606212","21.4451992274362","24.2490250930659","24.6123144972248","22.7137229390084","28.4064194630193","25.6655127863525","30.0453240763709","33.7567412653877","34.1595191336343","3.19031774476553","0","0","0","0","0","0","0","0","","",
"Cote d'Ivoire","CIV","GDP per unit of energy use (PPP $ per kg of oil equivalent)","EG.GDP.PUSE.KO.PP","","","","","","","","","","","","","","","","","","","","","","","","","","","","","","","7.55496625550596","7.59537059846385","7.10550915293193","7.01027236442239","7.04410660105011","7.73325602276188","7.55258613842106","8.25589008129689","8.72670481140415","7.50954384581351","7.92438812935939","8.24373593503796","7.61864716436382","7.82969346142766","5.88687572691058","5.92827845922585","6.38933202009181","6.16431957764241","6.55019929006029","7.45094251556289","9.09255366409818","7.70474560515262","7.44196748885929","8.10875740953903","9.28661982335311","11.4711357790327","11.5679405337803","11.9467945309314","13.7934342297904","14.6423090377352","14.3659960168054","12.7061465694553","13.883962535876","14.980533604189","","",
"Cote d'Ivoire","CIV","Renewable electricity output (% of total electricity output)","EG.ELC.RNEW.ZS","","","","","","","","","","","","","","","","","","","","","","","","","","","","","","","66.6666666666667","69.0148596587782","56.6486486486486","50.2285191956124","49.724692926726","60.5361384458772","54.6961325966851","46.6137434879682","34.2366981601193","36.412705003114","36.75","36.8474923234391","32.6596146581035","36.0172989974445","31.7277676950998","25.2279528252068","26.7020335985853","31.9126265316995","32.7241379310345","36.2970533128939","27.1248952221291","29.0867355304148","25.4988597491448","20.9917647058824","23.0992034757422","15.5263459993112","16.0333438188109","19.0067761997587","29.4405246944251","32.7354765933446","30.0195468680586","22.7753265853448","","","","",
"Cote d'Ivoire","CIV","Electric power transmission and distribution losses (% of output)","EG.ELC.LOSS.ZS","","","","","","","","","","","","","","","","","","","","","","","","","","","","","","","18.3560262228946","19.2074848651624","20.1621621621622","16.6819012797075","16.2219398559932","16.1859518154055","13.8735420503376","11.8332919871","12.7797115862755","14.6771849698983","14.5625","13.4698055271238","12.9391764261428","13.5836445842343","17.8765880217786","19.926069353987","20.9018567639257","22.5892381459776","23.5344827586207","23.2498722534492","20.184409052808","22.3807181505165","19.4697833523375","21.9607843137255","14.3253680907555","20.0206635288715","21.9985320331341","15.0932887774993","18.6127397396403","15.8488437676255","15.3887161261662","14.9493900856475","13.0131429498621","13.6804942630185","","",
"Cote d'Ivoire","CIV","Access to electricity (% of population)","EG.ELC.ACCS.ZS","","","","","","","","","","","","","","","","","","","","","","","","","","","","","","","","","","","36.5","43.6312522888184","44.6482124328613","45.6617698669434","46.6712455749512","48.2","48.7","49.7","51.4","51.5","52.4","58.9","60.2","55.3","60.3","57.3","58.4","55.8","55.8","61.5","61.9","62.6","64.3","65.6","67.1","68.6","69.9","71.1","70.4","72.4","72.9","",
"Cote d'Ivoire","CIV","Access to clean fuels and technologies for cooking (% of population)","EG.CFT.ACCS.ZS","","","","","","","","","","","","","","","","","","","","","","","","","","","","","","","","","","","","","","","","","15.9","15.9","16.1","16.1","16.1","16.3","16.3","16.8","17.2","17.8","18.7","19.4","20.9","22.4","24","25.9","28","30.2","32.3","34.7","36.9","39.35","41.7","44.1","","",
"Cote d'Ivoire","CIV","Multilateral debt service (TDS, current US$)","DT.TDS.MLAT.CD","","","","","","","","","","","592086.6","1109407.3","2294577.8","3637910.5","5941504.3","11514070","15915023.9","19900522.8","29481754.1","40948536.5","49061983.4","61696738.4","67218946.2","86505388.2","125924718.4","147383492.5","195093989.1","259394290.5","374073297.3","333599294.3","405922258.1","469389963.5","475914878.3","458030224.2","519167472.3","457261767.8","516261279.8","429062650.9","394387969.6","366906394.6","221281918.1","173245618.7","371204948.7","143349486.7","94113674.7","22754898.9","14210966.5","146582131.7","768203388.8","742013529.3","148132147.5","137107846.6","83382372.4","48663606.3","80366046.5","55229651.1","63706235.6","57156244.6","79353315.2","96050783.8","165488702.6","220167199.2","250653077","331281891.7","660305060","",
"Cote d'Ivoire","CIV","Debt service (PPG and IMF only, % of exports of goods, services and primary income)","DT.TDS.DPPF.XP.ZS","","","","","","","","","","","","","","","","","","","","","","","","","","","","","","","","","","","","","","","","","","","","","","1.3486194625525","0.808709416488685","2.07032710151061","7.00588519878838","7.29916552254287","3.96507851502545","3.12466687405741","2.44807745839269","4.01684702252249","4.25516866831027","3.558453787015","9.14908560373734","14.1927778327143","9.44871902343098","18.5777011180354","15.1639729193528","8.8927249602178","11.5254279146111","17.4494671828269","21.7082211204183","",
"Cote d'Ivoire","CIV","Debt service on external debt, total (TDS, current US$)","DT.TDS.DECT.CD","","","","","","","","","","","42593220.5","47665356.8","61010224.7","75605696.1","123866471.3","142262943.4","225092439.1","303694656.1","472764213.4","662166334.6","1407089819.6","1532770661.3","1539807674.9","1267481168.6","1138813915.3","1114214278","1320858222.5","1368252920.9","1074868570.9","1076042013.5","1261898083.4","1279557137.8","1159597610.3","1093853441.3","1244180890.4","1046130169.9","1374690277","1166663534.9","1383485237.1","1451114591.4","1022458712.8","619331606.3","830946007.9","570907057.8","391871484.4","307109438.6","270053013.4","431263472.7","1048013371.2","1133085395.5","751408112.1","730991382.3","721335887.7","1049782217.9","1009370882.5","809279473.8","1566936610.1","2248507535.8","1654523784","3002566073.1","2453462695","1731356418.7","2305620559","3631695172.1","5387511624.7","",
"Cote d'Ivoire","CIV","Net official development assistance received (constant 2023 US$)","DT.ODA.ODAT.KD","1205330.96790314","34198623.6572266","90129913.3300781","83842811.5844727","319718719.482422","313266662.597656","283639251.708984","255844284.057617","328858520.507813","343077392.578125","378767028.808594","342712463.378906","281035339.355469","313185394.287109","354394531.25","381755432.128906","422665924.072266","370293823.242188","388510498.046875","412651153.564453","480777832.03125","323871185.302734","383197357.177734","441344848.632813","373482482.910156","341354064.941406","383960693.359375","446731933.59375","784533630.371094","727142333.984375","1043199951.17188","962440673.828125","1085719238.28125","1104461181.64063","2300610839.84375","1538679199.21875","1269464111.32813","639064208.984375","1452903076.17188","647486755.371094","566275024.414063","336832916.259766","1741494750.97656","361373382.568359","204164443.969727","114769531.25","289310516.357422","196198654.174805","626148681.640625","2516381591.79688","691432495.117188","1445398559.57031","3035383056.64063","1358355590.82031","971938781.738281","755107604.980469","721632507.324219","946233093.261719","1048678588.86719","1291745239.25781","1677670898.4375","1604384277.34375","2075018554.6875","2376327392.57813","","",
"Cote d'Ivoire","CIV","Net official aid received (constant 2023 US$)","DT.ODA.OATL.KD","","","","","","","","","","","","","","","","","","","","","","","","","","","","","","","","","","","","","","","","","","","","","","","","","","","","","","","","","","","","","","","","","","",
"Cote d'Ivoire","CIV","Net official flows from UN agencies, WTO-ITC (current US$)","DT.NFL.WITC.CD","","","","","","","","","","","","","","","","","","","","","","","","","","","","","","","","","","","","","","","","","","","","","","","","","","","","","","","","","","","","","178618.997335434","49114.0000522137","","","","",
"Cote d'Ivoire","CIV","Net official flows from UN agencies, UNWOMEN (current US$)","DT.NFL.UNWN.CD","","","","","","","","","","","","","","","","","","","","","","","","","","","","","","","","","","","","","","","","","","","","","","","","","","","","","","","","","","","","","","978282.988071442","888976.991176605","1185785.05516052","","",
"Cote d'Ivoire","CIV","Net official flows from UN agencies, UNIDO (current US$)","DT.NFL.UNIDO.CD","","","","","","","","","","","","","","","","","","","","","","","","","","","","","","","","","","","","","","","","","","","","","","","","","","","","","","","","","","","","","","","","","","",
"Cote d'Ivoire","CIV","Net official flows from UN agencies, UNECE (current US$)","DT.NFL.UNEC.CD","","","","","","","","","","","","","","","","","","","","","","","","","","","","","","","","","","","","","","","","","","","","","","","","","","","","","","","","","","","","","","","","","","",
"Cote d'Ivoire","CIV","Net official flows from UN agencies, UNHCR (current US$)","DT.NFL.UNCR.CD","","","","","","","","","","","","","","29999.9993294477","39999.9991059303","70000.0002980232","29999.9993294477","","9999.99977648258","59999.9986588955","70000.0002980232","19999.9995529652","109999.999403954","180000.007152557","259999.990463257","259999.990463257","310000.002384186","","270000.010728836","310000.002384186","5949999.80926514","9649999.61853027","8640000.34332275","9500000","6440000.05722046","11210000.038147","12350000.3814697","11909999.8474121","9600000.38146973","9640000.34332275","7690000.05722046","8069999.69482422","6159999.84741211","8180000.30517578","10539999.961853","2289999.96185303","819999.992847443","1460000.03814697","2289999.96185303","2089999.91416931","519999.980926514","","","","","6515245.91445923","","","5265388.96560669","4022581.10046387","5139531.13555908","12982110.0234985","13535300.2548218","4496099.94888306","","",
"Cote d'Ivoire","CIV","Net bilateral aid flows from DAC donors, Korea, Rep. (current US$)","DC.DAC.KORL.CD","","","","","","","","","","","","","","","","","","","","","","","","","","","","","","9999.99977648258","","270000.010728836","270000.010728836","239999.994635582","289999.99165535","469999.998807907","319999.992847443","360000.014305115","239999.994635582","239999.994635582","","","9999.99977648258","129999.995231628","189999.997615814","259999.990463257","1029999.97138977","850000.023841858","1730000.01907349","980000.019073486","1230000.01907349","1029999.97138977","1039999.96185303","1888949.99027252","2555067.06237793","3538378.0002594","6024115.08560181","6303216.9342041","6760765.07568359","10267039.2990112","8885153.77044678","35516181.9458008","10418513.2980347","16222194.6716309","","",
"Cote d'Ivoire","CIV","Net bilateral aid flows from DAC donors, Ireland (current US$)","DC.DAC.IRLL.CD","","","","","","","","","","","","","","","","","","","","","","","","","","","","","","","","","","19999.9995529652","","119999.997317791","","","19999.9995529652","","","","","","","","1980000.01907349","2720000.02861023","50000.0007450581","29999.9993294477","409999.996423721","790000.021457672","50000.0007450581","","","9999.99977648258","7354.99989241362","15753.9993524551","17753.9996802807","15255.0004422665","17031.9993048906","17550.0009208918","41896.9988822937","73528.9976000786","","",
"Cote d'Ivoire","CIV","Net bilateral aid flows from DAC donors, France (current US$)","DC.DAC.FRAL.CD","","","","","25700000.7629395","24200000.7629395","18600000.3814697","24399999.6185303","29000000","26299999.2370605","24899999.6185303","23000000","23260000.2288818","32799999.2370605","37090000.1525879","52299999.2370605","54319999.6948242","55700000.7629395","51360000.6103516","86589996.3378906","118300003.051758","66559997.5585938","74129997.253418","105940002.441406","79919998.1689453","72790000.9155273","90279998.7792969","183350006.103516","162759994.506836","196529998.779297","416290008.544922","309649993.896484","446079986.572266","584989990.234375","649719970.703125","515969970.703125","300299987.792969","133649993.896484","190910003.662109","201330001.831055","156259994.506836","110400001.525879","531289978.027344","116470001.220703","62159999.8474121","54900001.5258789","106819999.694824","50689998.626709","39490001.6784668","1199060058.59375","138520004.272461","553210021.972656","1279020019.53125","81050003.0517578","67919998.1689453","22188699.72229","15828919.4107056","11641701.6983032","297074066.162109","355546813.964844","278947784.423828","359536987.304688","588192077.636719","542774414.0625","","",
"Cote d'Ivoire","CIV","Net bilateral aid flows from DAC donors, Denmark (current US$)","DC.DAC.DNKL.CD","","","","","","","","","","","529999.971389771","1190000.05722046","310000.002384186","","","-70000.0002980232","-140000.000596046","-140000.000596046","-159999.996423721","-140000.000596046","-129999.995231628","-79999.9982118607","-29999.9993294477","19999.9995529652","170000.001788139","19999.9995529652","129999.995231628","90000.0035762787","140000.000596046","150000.005960464","730000.019073486","3660000.08583069","850000.023841858","230000.004172325","479999.989271164","-1350000.02384186","","980000.019073486","","990000.009536743","","","689999.997615814","-620000.004768372","-119999.997317791","-109999.999403954","-159999.996423721","-1610000.01430511","1269999.98092651","4000000","9999.99977648258","5920000.07629395","86185.0008368492","-93000.0022053719","747503.995895386","","-426.999991759658","","","","-530.000019352883","","107340.99894762","146991.99795723","","",
"Cote d'Ivoire","CIV","Net bilateral aid flows from DAC donors, European Union institutions (current US$)","DC.DAC.CECL.CD","19999.9995529652","2109999.89509583","6239999.77111816","6380000.11444092","6539999.96185303","9890000.34332275","10760000.2288818","7280000.20980835","10729999.5422363","10109999.6566772","12250000","7530000.20980835","6440000.05722046","7420000.07629395","18700000.7629395","21379999.1607666","25520000.4577637","20459999.0844727","6360000.1335144","13229999.5422363","11409999.8474121","26180000.3051758","29479999.5422363","9989999.77111816","9779999.73297119","9310000.4196167","42529998.7792969","25680000.3051758","206050003.051758","132639999.389648","136399993.896484","137490005.493164","122949996.948242","29370000.8392334","134070007.324219","55380001.0681152","104099998.474121","41369998.9318848","42369998.9318848","8069999.69482422","2960000.03814697","71769996.6430664","4989999.77111816","6449999.80926514","22690000.5340576","20750000","76540000.9155273","69849998.4741211","145520004.272461","71849998.4741211","66930000.3051758","99080001.8310547","169500000","138064651.489258","121047935.48584","57569484.7106934","108499801.635742","100325790.405273","100617233.276367","102037475.585938","123864913.94043","96890228.2714844","83043411.2548828","93022537.2314453","","",
"Cote d'Ivoire","CIV","Net bilateral aid flows from DAC donors, Australia (current US$)","DC.DAC.AUSL.CD","","","","","","","","","","","","","","","","","","","9999.99977648258","","","","","","","","","","","","","","","","","","","","","","9999.99977648258","","","","","","9999.99977648258","9999.99977648258","","","29999.9993294477","790000.021457672","490000.009536743","560000.002384186","119999.997317791","185197.994112968","1538972.97382355","22530.0006568432","70398.0028629303","31897.0009684563","49300.9984493256","47458.9988589287","42817.9986774921","626923.978328705","","",
"Cote d'Ivoire","CIV","Listed domestic companies, total","CM.MKT.LDOM.NO","","","","","","","","","","","","","","","","","","","","","","","","","","","","","","","","","","30","30","31","31","","35","38","41","38","38","39","39","39","40","38","38","38","39","39","37","37","38","39","43","45","45","46","46","","","","","",
"Cote d'Ivoire","CIV","Personal remittances, received (% of GDP)","BX.TRF.PWKR.DT.GD.ZS","","","","","","","","","","","","","","","","0.311563816254179","0.305206440006936","0.253378385201207","0.280457705010258","0.30849916998677","0.316293774062711","0.366588135213209","0.382047778170415","0.395272093533042","0.364609473253129","0.344519590138678","0.390973036930544","0.425502572175775","0.415782172284325","0.36302946375796","0.411658456359999","0.395264543301328","0.443997120531576","0.521142055127783","1.32806838546835","1.373229614772","0.813470567583245","0.755662264751211","0.726656931405653","0.728953179457247","0.71975227182889","0.690072075017397","0.665170448449101","0.666314404597674","0.677134468579429","0.679116818237039","0.660207882368214","0.643032822161514","0.586067239499387","0.933538133772869","1.07006716175808","1.08226540843577","1.01119250823149","0.899851536975769","0.792773289539598","0.734218103172895","0.707397024282143","0.585852971886999","0.567383238919073","0.543681143136753","0.522225685301873","0.604706878049211","1.46910313622564","1.62303459294911","2.03272330773983","",
"Cote d'Ivoire","CIV","Portfolio equity, net inflows (BoP, current US$)","BX.PEF.TOTL.CD.WD","","","","","","","","","","","","","","","","1866429.87595772","1673986.91192054","0","1772610.73381956","0","0","0","0","0","0","0","0","0","0","0","","","","","1080682.5027","1202047.2646","10165135.9514","8566493.698","8646469.4572","5629372.8869","","","","","","13881571.8838844","1560500.8000681","1648111.13158172","1938652.27991722","2247831.6064152","2231542.62248555","","30441420.1321146","1162179.46376028","32805828.4070243","-11603.2886754581","8359573.16987818","24047597.8448731","15445530.857718","12347465.8629962","20849047.5896757","15102086.1010079","-190650.341511775","2148145.36933895","26735591.1951871","",
"Cote d'Ivoire","CIV","Transport services (% of service exports, BoP)","BX.GSR.TRAN.ZS","","","","","","","","","","","","","","","","","","","","","","","","","","","","","","","","","","","","","","","","","","","","","","20.1883182623268","21.2148689040904","20.1269759519996","20.3687286542629","20.5346229093245","19.9719348142039","14.5385007347851","14.3498748512924","14.8350486997475","15.6204913890525","21.5436386768344","22.3824315892789","23.4499421590765","32.9636583182954","33.7141818671164","40.9454512260374","41.0061130827656","38.6787524124209","32.4828693435731","31.8680021011512","",
"Cote d'Ivoire","CIV","Goods exports (BoP, current US$)","BX.GSR.MRCH.CD","","","","","","","","","","","","","","","","","","","","","","","","","","","","","","","","","","","","","","","","","","","","","","7592014244.94057","8369453548.2966","8559332232.39308","10292930966.9804","11212909112.7035","11421347029.1804","12651630158.5433","12122759836.2616","12052756795.3893","12984780627.3135","11735247561.1794","10882922075.1041","11882442225.8025","11917663544.6429","12628493496.5634","12499992627.5662","15320271125.2317","16297631979.2801","17116582218.5496","20795269708.0693","",
"Cote d'Ivoire","CIV","Communications, computer, etc. (% of service exports, BoP)","BX.GSR.CMCP.ZS","","","","","","","","","","","","","","","","","","","","","","","","","","","","","","","","","","","","","","","","","","","","","","61.0060277263238","59.0033902385203","60.0143189664053","59.6832354983281","57.1677512145145","53.9899792933568","58.7264808378451","58.9575012029003","62.7486089069539","62.4119243726011","56.0887769722275","35.7415789687568","32.8571034782827","23.0532411523456","22.7018939641036","30.2698001081101","25.2887196371257","18.4967973968924","20.7229633552915","21.8146453493028","",
"Cote d'Ivoire","CIV","Grants, excluding technical cooperation (BoP, current US$)","BX.GRT.EXTA.CD.WD","0","1000000","2020000","2110000","27200000","20260000","4060000","21520000","7830000","13170000","11900000","10130000","34540000","13740000","25230000","16890000","15630000","17410000","11790000","24050000","26700000","10660000","8790000.00000001","12410000","10430000","15460000","57450000","39920000","232130000","175750000","286850000","227950000","192560000","212050000","684280000","454810000","497360000","304219200","513332800","366804467","238025267","214883167","672578992","285975659","223414159","158306667","199480000","238995574","736080582","1328769469","454740000","717099172","2734551976","1817296043","860225330","598192432","721169127","888914219","736334805","671460567","630281647","589852459","786529635","863658425","","",
"Cote d'Ivoire","CIV","Portfolio investment, net (BoP, current US$)","BN.KLT.PTXL.CD","","","","","","","","","","","","","","","","","","","","","","","","","","","","","","","","","","","","","","","","","","","","","","1802998.7422512","-21127940.8266455","-102807008.338381","-48172586.362301","30525669.4923222","-464845590.170632","-105214099.933677","-142293561.999348","-174547004.769114","-937341058.522565","-971210349.794008","-589356430.520588","-1349450377.62183","-1600038142.21162","295624062.134979","-486304753.427474","-654975543.018098","420018431.189826","-39479383.85231","-1605446605.81771","",
"Cote d'Ivoire","CIV","Net trade in goods and services (BoP, current US$)","BN.GSR.GNFS.CD","","","","","","","","","","","","","","","","","","","","","","","","","","","","","","","","","","","","","","","","","","","","","","1155710678.41921","1722065222.54821","1015050790.41156","1692905339.96574","2664128022.97647","1819629955.65215","4189664129.02339","1120544664.93026","707897344.175182","1715287927.95265","1150470393.15493","1077209216.00129","1006914481.60206","-98663780.321817","910074933.641272","571594163.037732","39662854.479859","-2737601348.32923","-3198548888.18525","36673822.799792","",
"Cote d'Ivoire","CIV","Current account balance (BoP, current US$)","BN.CAB.XOKA.CD","","","","","","","","","","","","","","","","","","","","","","","","","","","","","","","","","","","","","","","","","","","","","","39690446.8140347","479390726.766612","-139224344.56784","453391411.416661","1624099251.53341","464985734.719055","2666211854.50729","-320534296.113486","-632903985.211776","510714255.800385","-201372902.110014","-414272956.17827","-1049091688.73414","-2284501507.15009","-1348827419.86918","-1974306752.68546","-2874116508.89644","-5393827498.95112","-6502844889.51364","-3892313520.54065","",
"Cote d'Ivoire","CIV","Foreign direct investment, net outflows (BoP, current US$)","BM.KLT.DINV.CD.WD","","","","","","","","","","","","","","","","","","","","","","","","","","","201468.9","107140.6","430470","5663419.9","","","","","1472350","7008540","390970","49414450","-28876650","6348880","7872260","-5179240","-4203160","23163640","-25513950","37014304.5279091","31816359.0909904","16460265.153319","20424151.0842925","9478480.5436102","44093478.89084","15291715.6819422","14300850.7584207","-6401442.41321774","16218898.4658157","14408375.2555426","28651432.8727619","676031029.138334","144652160.051033","109218291.789132","1328576.4316833","285213022.689066","167491241.975691","482139110.82774","227782751.090202","",
"Cote d'Ivoire","CIV","Charges for the use of intellectual property, payments (BoP, current US$)","BM.GSR.ROYL.CD","","","","","","","","","","","","","","","","","","","","","","","","","","","","","","","","","","","","","","","","","","","","","","10319419.0655553","9564997.89037462","21998032.3022728","21246859.012743","20431903.4664347","17445634.8002486","18450982.1895712","17200746.2028344","3891114.52446654","2894134.25084923","2564225.31078638","2713440.37101132","3091086.08704534","10023144.2937899","10699559.931416","11428526.6640372","12613368.9530925","12443958.7691563","14420435.5683867","17755559.4847564","",
"Cote d'Ivoire","CIV","Unemployment, female (% of female labor force) (national estimate)","SL.UEM.TOTL.FE.NE.ZS","","","","","","","","","","","","","","","","","","","","","","","","","","","","","","","","","","","","","","","2.269","","","","","","","","","","","","","","7.329","5.108","","","2.344","3.87","","3.013","","","2.554","","","",
"Cote d'Ivoire","CIV","Share of youth not in education, employment or training, male (% of male youth population)  (modeled ILO estimate)","SL.UEM.NEET.MA.ME.ZS","","","","","","","","","","","","","","","","","","","","","","","","","","","","","","","","","","","","","","","","","","","","","","14.547","14.773","15.122","15.525","15.897","16.169","17.108","16.866","15.116","14.815","14.55","14.241","14.626","13.44","12.2","12.863","13.144","13.097","13.116","13.207","13.295",
"Cote d'Ivoire","CIV","Unemployment with intermediate education, male (% of male labor force with intermediate education)","SL.UEM.INTM.MA.ZS","","","","","","","","","","","","","","","","","","","","","","","","","","","","","","","","","","","","","","","10.009","","","","","","","","","","","","","","15","9.029","","","2.458","5.528","","4.218","","","5.267","","","",
"Cote d'Ivoire","CIV","Unemployment with basic education, female (% of female labor force with basic education)","SL.UEM.BASC.FE.ZS","","","","","","","","","","","","","","","","","","","","","","","","","","","","","","","","","","","","","","","6.603","","","","","","","","","","","","","","8.66","8.125","","","5.53","3.739","","7.18","","","2.778","","","",
"Cote d'Ivoire","CIV","Unemployment, youth total (% of total labor force ages 15-24) (modeled ILO estimate)","SL.UEM.1524.ZS","","","","","","","","","","","","","","","","","","","","","","","","","","","","","","","","8.767","8.858","7.765","6.681","5.485","5.465","5.428","5.596","5.988","6.468","6.896","7.278","7.68","7.841","8.035","8.124","8.457","8.642","8.921","9.067","9.682","9.891","6.27","4.701","3.376","2.04","5.257","4.667","4.043","4.687","4.753","4.304","4.243","4.249","4.011",
"Cote d'Ivoire","CIV","Unemployment, youth female (% of female labor force ages 15-24) (modeled ILO estimate)","SL.UEM.1524.FE.ZS","","","","","","","","","","","","","","","","","","","","","","","","","","","","","","","","8.355","8.445","7.408","6.379","5.245","5.234","5.207","5.367","5.741","6.195","6.602","6.967","7.351","7.515","7.708","7.805","8.126","8.305","8.565","8.7","9.273","9.47","7.367","5.742","4.397","3.045","6.308","5.648","4.938","5.669","5.421","4.775","4.703","4.7","4.497",
"Cote d'Ivoire","CIV","Part time employment, total (% of total employment)","SL.TLF.PART.ZS","","","","","","","","","","","","","","","","","","","","","","","","","","","","","","","","","","","","","","","","","","","","","","","","","","","","","22.813","39.017","","","30.234","30.324","","33.174","","","43.313","","","",
"Cote d'Ivoire","CIV","Labor force with intermediate education, male (% of male working-age population with intermediate education)","SL.TLF.INTM.MA.ZS","","","","","","","","","","","","","","","","","","","","","","","","","","","","","","","","","","","","","","","53.107","","","","","","","","","","","","","","50.014","69.324","","","62.209","51.489","","65.106","","","74.417","","","",
"Cote d'Ivoire","CIV","Labor force participation rate, male (% of male population ages 15+) (modeled ILO estimate)","SL.TLF.CACT.MA.ZS","","","","","","","","","","","","","","","","","","","","","","","","","","","","","","","82.735","82.628","82.496","82.357","82.205","82.048","81.898","81.758","81.64","80.986","80.327","79.662","78.989","78.309","77.626","76.938","76.247","75.551","74.83","74.094","73.366","72.643","71.923","72.695","73.469","74.253","75.036","74.288","73.528","72.758","72.886","74.219","74.866","74.649","74.421","74.406",
"Cote d'Ivoire","CIV","Labor force participation rate, female (% of female population ages 15+) (modeled ILO estimate)","SL.TLF.CACT.FE.ZS","","","","","","","","","","","","","","","","","","","","","","","","","","","","","","","47.767","47.844","47.926","48.007","48.087","48.167","48.241","48.309","48.365","49.362","50.363","51.366","52.371","53.377","54.385","55.396","56.408","57.421","58.42","59.41","60.409","61.415","62.427","61.354","60.285","59.228","58.173","57.507","56.841","56.176","56.484","57.846","59.059","59.258","59.465","59.454",
"Cote d'Ivoire","CIV","Labor force with basic education, female (% of female working-age population with basic education)","SL.TLF.BASC.FE.ZS","","","","","","","","","","","","","","","","","","","","","","","","","","","","","","","","","","","","","","","45.953","","","","","","","","","","","","","","61.092","57.214","","","45.001","54.233","","41.696","","","48.899","","","",
"Cote d'Ivoire","CIV","Labor force participation rate, total (% of total population ages 15-64) (modeled ILO estimate)","SL.TLF.ACTI.ZS","","","","","","","","","","","","","","","","","","","","","","","","","","","","","","","65.941","65.873","65.796","65.719","65.645","65.597","65.555","65.527","65.486","65.703","65.92","66.135","66.347","66.556","66.76","66.961","67.158","67.352","67.55","67.759","67.975","68.2","68.436","68.343","68.224","68.077","67.933","67.365","66.784","66.19","66.219","67.418","68.218","68.236","68.256","68.236",
"Cote d'Ivoire","CIV","Labor force participation rate for ages 15-24, total (%) (national estimate)","SL.TLF.ACTI.1524.NE.ZS","","","","","","","","","","","","","","","","","","","65.641","","","","","","","","","","55.578","","","","","","","","","","50.572","","","","","","","","","","","","","","50.986","50.871","","","48.024","29.251","","43.676","","","37.182","","","",
"Cote d'Ivoire","CIV","Labor force participation rate for ages 15-24, female (%) (national estimate)","SL.TLF.ACTI.1524.FE.NE.ZS","","","","","","","","","","","","","","","","","","","52.084","","","","","","","","","","37.128","","","","","","","","","","39.989","","","","","","","","","","","","","","50.984","51.132","","","43.054","27.109","","39.897","","","33.664","","","",
"Cote d'Ivoire","CIV","Children in employment, work only, male (% of male children in employment, ages 7-14)","SL.TLF.0714.WK.MA.ZS","","","","","","","","","","","","","","","","","","","","","","","","","","","","","","","","","","","","","","","","","39.3643031785","","","","","","","","","","","","35.1915470778117","","","","","","","","","","","","","",
"Cote d'Ivoire","CIV","Children in employment, study and work (% of children in employment, ages 7-14)","SL.TLF.0714.SW.ZS","","","","","","","","","","","","","","","","","","","","","","","","","","","","","","","","","","","","","","","","","53.5626535627","","","","","","53.2","","","","","","58.847256151634","","","","","","","","","","","","","",
"Cote d'Ivoire","CIV","Children in employment, study and work, female (% of female children in employment, ages 7-14)","SL.TLF.0714.SW.FE.ZS","","","","","","","","","","","","","","","","","","","","","","","","","","","","","","","","","","","","","","","","","45.9259259259","","","","","","","","","","","","52.7784054586353","","","","","","","","","","","","","",
"Cote d'Ivoire","CIV","Employment in services (% of total employment) (modeled ILO estimate)","SL.SRV.EMPL.ZS","","","","","","","","","","","","","","","","","","","","","","","","","","","","","","","","36.1032605999095","36.3570708347992","36.6160952920183","36.9926904284353","37.2321863105003","37.489917006273","37.8654976441354","38.1289413969411","38.4476055726096","38.5911259719968","38.6643940674004","38.7252109986031","38.7822418878686","39.2462430523195","39.5789275208954","39.8148249132764","40.1033535159388","40.3897111763003","40.8158099906984","41.1990861614655","41.3485787408863","42.2155540618304","42.9677946792186","42.0353639238876","40.9006893908487","39.7358564128979","41.1702694397522","42.3286252164879","43.6094921264082","40.9517099605746","39.3822650725461","38.4469601227279","39.1304040051151","39.7449654370679","40.301955185326",
"Cote d'Ivoire","CIV","Child employment in services, male (% of male economically active children ages 7-14)","SL.SRV.0714.MA.ZS","","","","","","","","","","","","","","","","","","","","","","","","","","","","","","","","","","","","","","","","","","","","","","","","","","","","","","","","","","","","","","","","","","",
"Cote d'Ivoire","CIV","Children in employment, self-employed, female (% of female children in employment, ages 7-14)","SL.SLF.0714.FE.ZS","","","","","","","","","","","","","","","","","","","","","","","","","","","","","","","","","","","","","","","","","","","","","","","","","","","","","","","","","","","","","","","","","","",
"Cote d'Ivoire","CIV","Employment in industry (% of total employment) (modeled ILO estimate)","SL.IND.EMPL.ZS","","","","","","","","","","","","","","","","","","","","","","","","","","","","","","","","14.0453191603291","13.8168760764246","13.5872579180342","13.4069668504816","13.5016977313088","13.6279610319195","13.8456707437012","13.8138553474837","13.7096194857004","13.5019040836553","13.1933245950907","12.8956879686377","12.4978458931601","12.4983283690032","12.3835220911793","12.3369447855705","12.1875119951209","12.2007072212385","12.1562673085162","12.1665958879805","11.4676349176964","11.5126063132637","11.7220472560317","10.1066721231855","8.56257051615539","7.34008283244829","8.32184628470563","9.26723404881672","10.4455687811497","11.3748142252263","12.3964334967268","13.5712595734993","13.7922381949167","13.9962553391618","14.3315310024622",
"Cote d'Ivoire","CIV","Contributing family workers, total (% of total employment) (modeled ILO estimate)","SL.FAM.WORK.ZS","","","","","","","","","","","","","","","","","","","","","","","","","","","","","","","","21.2414036697653","21.3885706023833","21.601168953789","21.8582131630031","21.9578218115365","21.9378727378047","21.7870338347792","21.6547654902195","21.5646361281082","21.5422890170302","21.6067429923177","21.7852262606445","22.084698841028","22.2348548703342","22.3322387700356","22.3437721535002","22.3232331704746","22.1757265814405","21.708317131957","21.1610751504603","20.9062483998157","20.3767117984524","15.7735043478896","14.803789244347","13.8130458974038","12.8096507895143","12.9929017256771","13.486120208449","13.9664312725982","15.7168841178902","16.9368168538879","18.1691270357925","17.8515520736997","17.5249917268933","17.382915403075",
"Cote d'Ivoire","CIV","Children in employment, unpaid family workers, male (% of male children in employment, ages 7-14)","SL.FAM.0714.MA.ZS","","","","","","","","","","","","","","","","","","","","","","","","","","","","","","","","","","","","","","","","","","","","","","","86.66","","","","","","85.23","","","","","","","","","","","","","",
"Cote d'Ivoire","CIV","Wage and salaried workers, female (% of female employment) (modeled ILO estimate)","SL.EMP.WORK.FE.ZS","","","","","","","","","","","","","","","","","","","","","","","","","","","","","","","","6.59645712261684","6.65565940383878","6.71498562879369","6.76760925178803","6.8431227375149","6.95251986668458","7.12547181399496","7.28468565912999","7.51475470858443","7.71782907304628","7.8710406321458","8.05286272123333","8.20746635911964","8.35358596954213","8.53405605600359","8.76316987389839","8.98394425289317","9.23117379629115","9.73890217879352","10.2126405163564","10.5200039545901","10.8967342706744","13.2941084970257","14.0634684579031","14.871774725214","15.7254659410728","18.047858665425","17.7574268166277","17.4076673719697","17.1022207159834","17.6550077921008","18.1448119604837","18.4590242076835","18.7837701462189","19.0851266473765",
"Cote d'Ivoire","CIV","Employment to population ratio, 15+, total (%) (modeled ILO estimate)","SL.EMP.TOTL.SP.ZS","","","","","","","","","","","","","","","","","","","","","","","","","","","","","","","","61.231","61.109","61.6","62.081","62.643","62.628","62.628","62.498","62.434","62.308","62.216","62.154","62.072","62.169","62.239","62.383","62.347","62.421","62.433","62.549","62.326","62.411","64.302","64.855","65.217","65.562","63.958","63.541","63.131","63.214","64.496","65.598","65.61","65.583","65.532",
"Cote d'Ivoire","CIV","Employment to population ratio, 15+, female (%) (modeled ILO estimate)","SL.EMP.TOTL.SP.FE.ZS","","","","","","","","","","","","","","","","","","","","","","","","","","","","","","","","44.637","44.666","45.146","45.622","46.156","46.252","46.349","46.338","47.136","47.888","48.66","49.449","50.221","51.127","52.013","52.96","53.759","54.632","55.443","56.349","56.966","57.85","58.211","57.885","57.36","56.805","55.293","54.88","54.48","54.762","56.128","57.539","57.763","57.959","57.894",
"Cote d'Ivoire","CIV","Self-employed, male (% of male employment) (modeled ILO estimate)","SL.EMP.SELF.MA.ZS","","","","","","","","","","","","","","","","","","","","","","","","","","","","","","","","75.5513243411954","75.616822763141","75.6653244987157","75.7005260208697","75.6225108510194","75.4509180980936","75.1238505223731","74.8703826909223","74.5168936563417","74.2636511609472","74.1604048047784","74.0447220020155","74.0238244579785","73.9420781726025","73.8054015648439","73.5474953361414","73.2748272062706","72.8957134719384","72.2260888004052","71.5146253463345","71.0257610152101","70.3987178379077","68.7873190593349","67.945857738002","67.109281023261","66.2610938602048","68.6617175184979","67.9755843331374","67.1949675141748","67.3363917242346","65.899709404789","64.5517650142019","64.182554315357","63.7895446617462","63.3898949677413",
"Cote d'Ivoire","CIV","Employers, female (% of female employment) (modeled ILO estimate)","SL.EMP.MPYR.FE.ZS","","","","","","","","","","","","","","","","","","","","","","","","","","","","","","","","0.37054274421293","0.369791615479619","0.366820318736696","0.350664863158104","0.361333094844261","0.37718406603577","0.429820211508142","0.417569039067369","0.443965737657112","0.444296634716535","0.399023434857321","0.412921547745829","0.428101719775843","0.451467353049639","0.45490887641349","0.474249750186456","0.481099360400196","0.501629640492963","0.520994295101957","0.467002471979566","0.478412292312129","0.473609158244355","0.536496940330601","0.719547067365994","0.856038293865394","1.01007613714439","0.708705264202165","1.32049120228533","2.19805658938458","1.72049677189717","1.18435258655901","0.757237636613873","0.774828640315136","0.782768441826391","0.783998506565944",
"Cote d'Ivoire","CIV","Employment to population ratio, ages 15-24, male (%) (national estimate)","SL.EMP.1524.SP.MA.NE.ZS","","","","","","","","","","","","","","","","","","","","","","","","","","","","","","","","","","","","","","","58.015","","","","","","","","","","","","","","45.779","47.874","","","53.228","29.956","","46.047","","","39.221","","","",
"Cote d'Ivoire","CIV","Employment in agriculture, male (% of male employment) (modeled ILO estimate)","SL.AGR.EMPL.MA.ZS","","","","","","","","","","","","","","","","","","","","","","","","","","","","","","","","52.6112927736148","52.6318420633774","52.6115263219748","52.4011542560612","52.0739069273972","51.6957511461598","51.0927042906048","50.8678271814204","50.6989788631918","50.8507441941778","51.193207007853","51.4986943814715","51.9165628258937","51.5331518699584","51.3928325880359","51.2641315984694","51.1910015760143","50.9357276181572","50.5852957461095","50.2439081243595","50.7507806961079","49.8404500051946","48.7568914328849","51.034426812076","53.6302501977877","56.0373957325437","54.1083003252744","52.4942328067293","50.4928836666917","51.7222729552476","51.7248979783659","51.2334883961501","50.3582174751203","49.5624246902078","48.7059121595049",
"Cote d'Ivoire","CIV","Child employment in agriculture, female (% of female economically active children ages 7-14)","SL.AGR.0714.FE.ZS","","","","","","","","","","","","","","","","","","","","","","","","","","","","","","","","","","","","","","","","","","","","","","","","","","","","","","","","","","","","","","","","","","",
"Cote d'Ivoire","CIV","Annualized average growth rate in per capita real survey mean consumption or income, bottom 40% of population (%)","SI.SPR.PC40.ZG","","","","","","","","","","","","","","","","","","","","","","","","","","","","","","","","","","","","","","","","","","","","","","","","","","","","","","","","","","","","","","0.7","","","","",
"Cote d'Ivoire","CIV","Poverty gap at $8.30 a day (2021 PPP) (%)","SI.POV.UMIC.GP","","","","","","","","","","","","","","","","","","","","","","","","","","26.1","27.4","32.5","39.4","","","","49","","","49.3","","","53.2","","","","52.4","","","","","","53.8","","","","","","","54","","","37.9","","","38.5","","","","",
"Cote d'Ivoire","CIV","Multidimensional poverty headcount ratio (World Bank) (% of population)","SI.POV.MPWB","","","","","","","","","","","","","","","","","","","","","","","","","","","","","","","","","","","","","","","","","","","","","","","","","","","","","","","","59.8","","","41.5","","","34.9","","","","",
"Cote d'Ivoire","CIV","Gini index","SI.POV.GINI","","","","","","","","","","","","","","","","","","","","","","","","","","45.5","38","40.5","36.9","","","","39.4","","","40.6","","","39","","","","41.3","","","","","","43.2","","","","","","","41.5","","","37.2","","","35.3","","","","",
"Cote d'Ivoire","CIV","Income share held by lowest 10%","SI.DST.FRST.10","","","","","","","","","","","","","","","","","","","","","","","","","","1.8","2.8","2.5","2.7","","","","2.3","","","2.7","","","2.6","","","","2.3","","","","","","1.8","","","","","","","2.1","","","2.9","","","3.1","","","","",
"Cote d'Ivoire","CIV","Income share held by fourth 20%","SI.DST.04TH.20","","","","","","","","","","","","","","","","","","","","","","","","","","20.7","21.6","21","22.6","","","","22.3","","","21.3","","","21.4","","","","20.6","","","","","","21.7","","","","","","","21.7","","","21.9","","","21.8","","","","",
"Cote d'Ivoire","CIV","UHC service coverage sub-index on non-communicable diseases","SH_UHC_SCI_NCD","","","","","","","","","","","","","","","","","","","","","","","","","","","","","","","","","","","","","","","","","50","51","52","54","55","56","57","58","59","60","61","62","63","64","65","65","66","67","67","68","68","68","69","69","","",
"Cote d'Ivoire","CIV","Proportion of population pushed into poverty (based on the societal poverty line) due to out-of-pocket health expenditure (%)","SH_UHC_FH40_PUSHED","","","","","","","","","","","","","","","","","","","","","","","","","","3.31","2.67","3.21","2.24","","","","2.55","","","","","","3.63","","","","4.2","","","","","","3.27","","","","","","","1.56","","","2.07","","","2.43","","","","",
"Cote d'Ivoire","CIV","Proportion of population facing financial hardship due to out-of-pocket health expenditure (%)","SH_UHC_FH40","","","","","","","","","","","","","","","","","","","","","","","","","","27.63","25.3","23.71","27.36","","","","24.73","","","","","","41.7","","","","38.65","","","","","","31.79","","","","","","","20.32","","","28.05","","","28.85","","","","",
"Cote d'Ivoire","CIV","Out-of-pocket expenditure per capita, PPP (current international $)","SH.XPD.OOPC.PP.CD","","","","","","","","","","","","","","","","","","","","","","","","","","","","","","","","","","","","","","","","","74.2005577939887","75.7058205123602","72.7816829066296","81.1110344104428","84.4522278418862","85.0146797044921","85.5028231334765","84.2554082304909","83.3961861474511","84.1560937619492","85.5771823833316","80.056695184726","78.4649706686547","76.3868989887191","77.8056843794284","60.3882358341445","60.2041666697397","59.7196422984127","60.0683578588288","65.5513143241617","64.2622030020985","64.5139131982148","80.2906966602311","79.7792645751404","","",
"Cote d'Ivoire","CIV","Domestic general government health expenditure per capita (current US$)","SH.XPD.GHED.PC.CD","","","","","","","","","","","","","","","","","","","","","","","","","","","","","","","","","","","","","","","","","4.92453742","4.34234234","4.9939796","5.71556382","6.55058921","6.22871796","6.68587072","9.0999999","10.61962714","12.82684994","12.86064945","8.96405364","11.77271491","13.14245246","15.49741397","14.59856364","15.88833059","18.32043315","19.1485171","20.63144067","29.03030455","39.05283135","34.78299225","35.79705825","","",
"Cote d'Ivoire","CIV","External health expenditure per capita, PPP (current international $)","SH.XPD.EHEX.PP.CD","","","","","","","","","","","","","","","","","","","","","","","","","","","","","","","","","","","","","","","","","1.95664682507949","1.96587529277886","2.1559603718523","5.3023775849228","3.50766872768682","4.39385235577163","4.29178190477045","11.3826241068346","16.2363343723109","14.5509115220803","15.4552158098021","16.4839914544376","23.2616794766316","11.8472281855391","20.4947997263464","18.5496502848252","22.4647721188206","19.8492544829977","18.7724351068884","22.8685177545692","27.2057946407456","30.3615001971734","25.8065842838164","29.5067980378143","","",
"Cote d'Ivoire","CIV","Current health expenditure per capita (current US$)","SH.XPD.CHEX.PC.CD","","","","","","","","","","","","","","","","","","","","","","","","","","","","","","","","","","","","","","","","","30.33073425","30.58369255","32.55319595","43.81231308","47.04700851","46.69436264","47.08904266","56.15083694","64.67678833","71.06480408","70.04605103","67.97618103","69.86203003","67.13149261","74.3581543","58.43181992","61.85705566","63.77943039","65.87952423","68.30471039","78.97766876","92.39588928","84.89915466","87.68105316","","",
"Cote d'Ivoire","CIV","Imports of goods and services (% of GDP)","NE.IMP.GNFS.ZS","22.9045205039723","28.1035365256109","25.7469289578423","23.5198659077541","24.7227699818935","30.1242196470594","28.6963551921757","28.7912876665659","27.9949636142379","27.0697936159075","29.1076311816303","28.4273264734133","29.0066508402401","33.2319797416678","38.3761837422146","36.5847842350249","36.2477536014541","36.3305621867922","37.4354942070797","37.6626058789865","41.1786603631763","42.2841953845761","39.3267929811877","35.7203170546194","31.7912704948558","32.3976007303711","30.1814487548097","29.6202580827422","27.8901430242336","29.0552084068384","27.1116209401211","26.9860949698451","28.1155784085479","25.9060689749106","29.3092561526606","34.4430442415714","24.7494855091821","25.8443392956736","26.4693800454037","27.1560610571387","27.1739330659549","25.6442900885205","24.5407867899829","24.519047274628","27.9770074357315","30.9419558150439","30.8494468280311","30.9399896242992","30.9269522255755","31.2601624421082","33.9733654904249","29.4345267091711","35.3185989207826","29.1922765951579","25.5234587964808","25.3599716787416","22.6237159080384","23.1637208708339","23.3433087934287","21.9999218180343","20.9491633347529","22.8177649393033","28.5990307151189","26.3816648596191","25.2369734315673","24.7725112286093",
"Cote d'Ivoire","CIV","Imports of goods and services (current LCU)","NE.IMP.GNFS.CN","30675208200","42613669900","40706830300","43857260500","55795720200","67899990000","72200028200","76699992100","88800026600","95800000500","117100003300","124000002000","135199998000","185799999500","283599994900","305300013100","403799998500","559200010200","667400011800","732500000800","885300002800","968900018200","977900011500","930800009200","950399991800","1015599988700","957227008000","898000027600","851899973600","904400011300","796899999700","798800019500","830000005100","810276028400","1352835006500","1891166191600","2287927119200","2722392787200","3063738136600","3155222834100","3199322142400","3157324623600","3073626674000","3021687577000","3468595176200","3921480259800","4074489470500","4259059513700","4700555480400","4981852499400","5872732689000","5089777385100","6546080091700","6165194028300","6155388432700","6869095000000","6490000000000","7063000000000","7588000000000","7783353000000","7599927000000","9210815000000","12651868000000","12926724000000","13330337588900","14383186000000",
"Cote d'Ivoire","CIV","Gross capital formation (annual % growth)","NE.GDI.TOTL.KD.ZG","","","","","","","","","","","","","","","","","","","","","","","","","","","","","","","","","","","","","","","","","","","","","","","","","","-26.538063925756","63.6200504732493","-65.8272219731768","218.754373279315","23.2125842558984","21.6740719493302","10.5426589605066","11.9935333797177","-1.12955958960883","11.5864009643792","4.57231357658658","9.30216446277585","17.7868911959628","23.3185621701388","1.78903342405943","-4.51052539581688","11.1129104599114",
"Cote d'Ivoire","CIV","Changes in inventories (constant LCU)","NE.GDI.STKB.KN","","","","","","","","","","","","","","","","","","","","","","","","","","","","","","","","","","","","","","","","","","","","","","","","","154659100500","-249235000000","101040000000","-383124937900","394641303100","53492000300","125158125000","-46536000000","119309989600","-46430856800","281226445400","117124638500","573530688000","919362267200","2109638597900","2021666703600","707909773100","852289153700",
"Cote d'Ivoire","CIV","Gross fixed capital formation (constant LCU)","NE.GDI.FTOT.KN","","","","","","","","","","","","","","","","","","","","","","","","","","","","","","","","","","","","","1971019471200","2079272210700","2259237808600","2387892441400","2001414719700","1921799461600","2026334075900","1682178072900","1862147213300","1907378666700","2152163326500","2603058437500","2855262616300","2985507211400","4209930374300","3374414348300","3310426422400","4648046213500","5500448885200","6382000000000","6976000000000","7061595092000","7546742846400","8068763956000","8373822726300","9619447163819.81","10886669662284.6","11207149855253.1","11924217655300","13180837839100",
"Cote d'Ivoire","CIV","Gross fixed capital formation (current US$)","NE.GDI.FTOT.CD","","","","","","195869652.565676","201075799.745502","207722786.406611","222164144.698274","235804982.874057","300647848.291244","332296232.297905","373768532.923575","546908546.925761","596581669.949168","858091119.106689","1034523938.25141","1618367406.98876","2343391347.33749","2477886010.97874","2478233178.31202","2054970104.25216","1639347955.43894","1211863483.41997","887044462.207609","821345224.489382","1082280106.89647","1187286514.57722","1177791166.51357","1006723049.54675","917878532.276454","899658950.217345","948272653.145006","1032277606.14513","960150406.941082","1505493564.1528","3468487667.82322","3253552725.90867","3571912510.47596","3635748504.26125","2712427376.74854","2578865528.73126","2791002554.28747","2729543619.84011","3172359880.73017","3302065398.43921","3600993290.86317","4802114704.75634","5492656978.25351","5458542360.05337","7232924619.48558","6548748300.85977","6212148642.64402","8864710889.91961","10977988217.0053","10794779639.1539","11277314677.4858","11505937027.3402","13147981942.8428","13390902075.4317","12822867366.2766","15328497382.0429","15808358546.0741","16642959857.4607","17180451932.5224","19999044643.0822",
"Cote d'Ivoire","CIV","Exports of goods and services (constant LCU)","NE.EXP.GNFS.KN","","","","","","","","","","","","","","","","","","","","","","","","","","","","","","","","","","","","","6479071108600","7035527773000","7268313471300","7764239922500","7220715238400","6763688688100","7003327110600","6088883908900","6840925640800","7225495354700","7638954497400","6995490990000","6601939107600","7844705948600","7134404871400","7157670160100","7906717087200","6891657142400","7287815287800","7409000000000","7347000000000","8635677148800","8314636548700","9169670175100","8747352400300","9667218822100","10149813867800","10818822247600","13539274826000","15206926037400",
"Cote d'Ivoire","CIV","Exports of goods and services (current US$)","NE.EXP.GNFS.CD","187017624.793409","218194460.344798","221930266.301557","258264804.131378","330533061.996909","338691142.424194","372845040.120473","392274888.399003","521479840.740134","500460515.216434","520616378.894426","510247677.249857","619773296.917167","896858258.033993","1402964048.87337","1430151941.39037","1946009810.71837","2670550587.68452","2885367253.03744","3163758913.97304","3561631957.71593","2966163806.58738","2756186089.37426","2527383512.60462","3100078628.84966","3263790016.89485","3617154609.06494","3372301898.82854","3126609347.62883","3125624101.39681","3421191519.26469","3149018975.99396","3558855910.68988","3252142767.42408","3369268861.33542","4593584042.87546","5069827394.81855","5082544458.92014","5333495972.78523","5423051765.22103","4606906376.9471","4617823364.17054","5662064299.80612","6107969564.25877","7086390530.61889","7662724560.14131","8302651291.84657","8769225735.9938","10568912669.8982","12000249512.7388","11703514551.0641","12946046205.3421","12699449618.4278","12469056844.6353","13752704950.0207","12532872784.936","12073797174.534","13390010535.4842","13281208105.2104","13683059068.9034","13231732415.0367","16230487159.2541","17211097451.1321","18123337011.1187","22673827945.9702","29717948364.1736",
"Cote d'Ivoire","CIV","Gross national expenditure (current LCU)","NE.DAB.TOTL.CN","117365803000","140429112300","141748626400","164902570000","199820124200","210300002300","232199987200","246599995400","276899991500","319600009200","375500021800","419699916800","445100007500","544999997400","684899991600","833300021200","1052800057300","1442300002300","1799100006400","2004399915000","2282699948000","2454300000300","2558800035800","2573499957200","2585300041700","2684100050900","2876159066100","2916209066000","2975129010200","3019995021300","2804760019000","2870483107900","2885500043200","3017136898100","4097927151600","5088991969200","8938786739100","10289674120700","11491882868500","11435107814100","11700957293500","12087239994100","11670342292000","11803529389000","12129692651400","12554911059600","12944629805000","13827361658100","15185716564100","15274959477100","17368185568200","16280831696500","18596666417200","21125995768700","23481481597200","26546000000000","28021711000000","29779647000000","32717103000000","35145357000000","36261877000000","40577371000000","46155079000000","50932550000000","52402835197100","55150539142900",
"Cote d'Ivoire","CIV","Final consumption expenditure (constant LCU)","NE.CON.TOTL.KN","","","","","","","","","","","","","","","","","","","","","","","","","","","","","","","","","","","","","12740126090000","13506368527000","13649439100000","14495812126000","14200628371000","14390053882000","13897839765000","13460747432000","13678422995000","13938005507000","13987278500000","14592173850000","14348571713000","14694454051000","15235885587000","14233095096000","16154613134000","16949505855000","18498233546000","20210903000000","21458897010400","22834724832600","24173701954400","25486953568400","25850613093900","27240568387900","28467458396800","31229220431904.5","32094708404000","34019286770200",
"Cote d'Ivoire","CIV","Final consumption expenditure (current US$)","NE.CON.TOTL.CD","387310731.383658","449906170.633493","488905890.467392","537691066.177049","614299690.927354","656979465.768297","721675043.46342","788208356.75025","890272313.224114","963607681.140141","1031102652.42757","1178835637.76389","1380007481.48139","1863706420.87194","2169463494.9913","3014284335.66062","3334163642.28148","4158259962.69688","5621391817.16797","6865779518.89089","8103954774.51664","6844625434.65662","6032143341.47196","5494323185.23396","5119500927.35283","5070749715.23971","7200452115.01794","8460820990.22614","8691426829.38118","8598027200.85348","9579476056.96261","9403112875.90621","10129138991.3509","9573420758.75075","6240666169.3654","8479496270.31379","15121113659.4542","14646281241.3943","15502035819.4532","15812357009.7796","13840826277.1456","14113140886.1497","14652242385.4548","17385973511.8052","19541385329.0976","20484462621.9803","21192824605.4163","24941545626.7542","27853257582.9965","27483517491.1642","27527273044.6498","28459433473.2341","29000200444.0889","32977579857.4003","36508214567.6703","34185724112.6511","36057707620.607","40354305706.4264","45879468008.0578","46705959425.2754","49295849366.5947","56012692174.3328","54501608464.7636","64141085176.1071","68243690759.1885","75513816177.6962",
"Cote d'Ivoire","CIV","Households and NPISHs Final consumption expenditure per capita growth (annual %)","NE.CON.PRVT.PC.KD.ZG","","","","","","","","","","","","","","","","","","","","","","","","","","","","","","","","","","","","","","","","","","","","","","","","","","1.48972069858317","2.33348817804793","-6.28959918936492","7.34920093902478","2.1643225960359","7.57975701212685","10.4925350383025","3.37021285544976","3.02278673155271","3.14994497115488","1.8237314075203","-1.11217341904633","2.69942097393958","1.97652700104705","7.47396084652294","0.0544494630774039","3.80906553387872",
"Cote d'Ivoire","CIV","Households and NPISHs Final consumption expenditure (constant 2015 US$)","NE.CON.PRVT.KD","","","","","","","","","","","","","","","","","","","","","","","","","","","","","","","","","","","","","","","","","","","","","","","","","20084315684.3728","20841601288.6824","21803134605.3049","20880575476.5965","22888244095.8655","23854635432.0534","26292670783.647","29902994240.1444","31820570635.2884","33720861511.0126","35733902375.1131","37351182742.7017","37882244323.4843","39879351411.0515","41703849901.2667","45957190597.3991","47116181136.1996","50101415823.0798",
"Cote d'Ivoire","CIV","Households and NPISHs Final consumption expenditure per capita, PPP (constant 2021 international $)","NE.CON.PCAP.PP.KD","","","","","","","","","","","","","","","","","","","","","","","","","","","","","","","","","","","","","","","","","","","","","","","","","2653.44876751042","2692.97774302632","2755.8180602973","2582.48814991647","2772.28039328033","2832.28148425757","3046.96153866375","3366.66504571165","3480.12882388216","3585.32569621141","3698.26148267874","3765.70783887058","3723.82663724772","3824.34839452674","3899.93767315867","4191.41748788934","4193.69969220683","4353.44046177706",
"Cote d'Ivoire","CIV","General government final consumption expenditure (annual % growth)","NE.CON.GOVT.KD.ZG","","","","","","","","","","","","","","","","","","","","","","","","","","","","","","","","","","","","","","","","","","","","","","","","","","4.7195873782417","4.10645012130482","-10.5505931965396","35.606372766483","-17.1798187729636","10.1704221779053","5.35331952387264","4.38300559336314","9.78798586439488","5.07824975980553","12.2121249929312","1.46194528309212","6.10789946044477","4.01250883206608","6.24668955817158","4.56874051198032","3.59999999854301",
"Cote d'Ivoire","CIV","Arms exports (SIPRI trend indicator values)","MS.MIL.XPRT.KD","","","","","","","","","","","","1000000","","","","","","","","","","","","","","","","","","","","","","","","","","","","","","","","","","","","","","","","","","","","","","","","","","","","","","",
"Cote d'Ivoire","CIV","Military expenditure (current USD)","MS.MIL.XPND.CD","","","8766845.9761483","8064779.44297515","11190603.484514","12902909.8877422","13269401.4116038","14711322.3116979","15305071.3953911","16156269.5942853","17727738.121511","23968971.0774416","31742504.8010539","28713844.1107457","41129183.0248645","45886157.1626546","52462858.3385646","51449039.4008466","86764810.153508","102735025.056177","118473116.243847","92002752.7223615","86425689.1231444","76251882.8759323","70164798.8245983","69565043.1929627","96559112.4612337","122780223.400114","128102253.498429","129676998.695957","143973702.091712","144168701.946425","156797334.260197","148635238.360944","84071649.2106519","","102660140.122607","93525611.2625478","","","","","","213007570.543703","250811588.441845","249872978.076395","267360247.853277","323619193.476705","368910574.915421","420059044.529063","387692139.954006","357330259.014212","407596534.123237","430003610.836489","521260529.25103","569671621.544538","602538731.235354","501578732.245649","607848217.884494","535951382.180975","607155889.9682","637656912.817499","607245699.55657","682177111.349214","658353218.218127","",
"Cote d'Ivoire","CIV","Logistics performance index: Ability to track and trace consignments (1=low to 5=high)","LP.LPI.TRAC.XQ","","","","","","","","","","","","","","","","","","","","","","","","","","","","","","","","","","","","","","","","","","","","","","","","2","","","2.95","","2.69","","2.972635","","2.61577","","3.14","","","","","","","",
"Cote d'Ivoire","CIV","Logistics performance index: Ease of arranging competitively priced shipments (1=low to 5=high)","LP.LPI.ITRN.XQ","","","","","","","","","","","","","","","","","","","","","","","","","","","","","","","","","","","","","","","","","","","","","","","","2.13","","","2.44","","2.9","","2.87072","","2.536752","","3.21","","","","","","","",
"Cote d'Ivoire","CIV","Lead time to export, median case (days)","LP.EXP.DURS.MD","","","","","","","","","","","","","","","","","","","","","","","","","","","","","","","","","","","","","","","","","","","","","","","","","","","1","","2","","","","2","","4","","","","","","","",
"Cote d'Ivoire","CIV","Secure Internet servers (per 1 million people)","IT.NET.SECR.P6","","","","","","","","","","","","","","","","","","","","","","","","","","","","","","","","","","","","","","","","","","","","","","","","","","","0.489148354916263","0.609172395788008","1.66190268767164","2.25566029755919","3.18011757873186","4.63433474837662","5.54071938160954","7.93016309352969","10.6320332310753","40.612905135454","51.6332981721985","56.4444973464001","65.8331919175396","63.4352162159023","60.7498599465213","",
"Cote d'Ivoire","CIV","Fixed telephone subscriptions (per 100 people)","IT.MLT.MAIN.P2","0.099496826","0.105322","0.105322","0.105322","0.105322","0.191413545","0.203461","0.203461","0.203461","0.203461","0.310384025","0.333198","0.333198","0.333198","0.333198","0.350482442","0.366892585","0.373467819","0.396334622","0.408385407","0.451178435","0.493990574","0.525529502","0.549124385","0.537748961","0.572938281","0.592767405","0.596802288","0.603656931","0.596487307","0.597","0.641","0.635","0.656","0.723","0.779","0.841","0.887","1.02","1.27","1.48972789655282","1.61488203392579","1.74131861495378","1.24440917805101","1.31631538657821","1.28816573749712","1.31686186492672","1.17720604465179","1.65703600265849","1.28225642946567","1.25997056660944","1.20308937429292","1.17669102220566","1.13679013273934","0.989440582662774","1.0981709746307","1.11240715206831","1.14299834678543","1.10106355651051","0.963799217032847","0.91226665717693","0.895362225898368","0.866287161290531","0.784154890508635","0.766268671579055","",
"Cote d'Ivoire","CIV","Container port traffic (TEU: 20 foot equivalent units)","IS.SHP.GOOD.TU","","","","","","","","","","","","","","","","","","","","","","","","","","","","","","","","","","","","","","","","","","","","","","","","","","","717700","766071","880104","983188","991767","927379","885750","907646","924596","994646","979517","1042418","1083605","1476195","1802000","",
"Cote d'Ivoire","CIV","Railways, goods transported (million ton-km)","IS.RRS.GOOD.MT.K6","","","","","","","","","","","","","","","","","","","","","","","","","","","","","","","","","","","","58","186","505","530","537","523","699","606","129","501","675","","","","","","","","","","","","","","","","","","","","",
"Cote d'Ivoire","CIV","Statistical performance indicators (SPI): Pillar 5 data infrastructure score (scale 0-100)","IQ.SPI.PIL5","","","","","","","","","","","","","","","","","","","","","","","","","","","","","","","","","","","","","","","","","","","","","","","","","","","","","","","","","15","25","30","25","40","65","65","65","70","",
"Cote d'Ivoire","CIV","Statistical performance indicators (SPI): Pillar 1 data use score (scale 0-100)","IQ.SPI.PIL1","","","","","","","","","","","","","","","","","","","","","","","","","","","","","","","","","","","","","","","","","","","","","30","30","30","30","30","30","30","30","30","30","20","50","70","70","70","70","70","80","80","80","80","",
"Cote d'Ivoire","CIV","CPIA structural policies cluster average (1=low to 6=high)","IQ.CPA.STRC.XQ","","","","","","","","","","","","","","","","","","","","","","","","","","","","","","","","","","","","","","","","","","","","","","3.16666666666667","3.16666666666667","3.16666666666667","3.3","3.33333333333333","3.33333333333333","3.33333333333333","3.33333333333333","3.33333333333333","3.33333","3.33333","3.33333333333333","3.33333333333333","3.5","3.33333333333333","3.5","3.5","3.833333","3.833333","3.833333","3.666667",
"Cote d'Ivoire","CIV","CPIA social protection rating (1=low to 6=high)","IQ.CPA.PROT.XQ","","","","","","","","","","","","","","","","","","","","","","","","","","","","","","","","","","","","","","","","","","","","","","2.5","2.5","2.5","2.5","2.5","2.5","2.5","2.5","2.5","2.5","2.5","3","3","3","3","3","3","3","3","3.5","3.5",
"Cote d'Ivoire","CIV","CPIA macroeconomic management rating (1=low to 6=high)","IQ.CPA.MACR.XQ","","","","","","","","","","","","","","","","","","","","","","","","","","","","","","","","","","","","","","","","","","","","","","2.5","2.5","3","3","3.5","3.5","3.5","4","4","4","4","4","4","4","4","4","4","4","4","4","4",
"Cote d'Ivoire","CIV","CPIA fiscal policy rating (1=low to 6=high)","IQ.CPA.FISP.XQ","","","","","","","","","","","","","","","","","","","","","","","","","","","","","","","","","","","","","","","","","","","","","","2","2","2.5","2.5","2.5","2.5","3","3.5","3.5","3.5","3.5","3.5","3.5","3.5","3.5","3.5","3.5","3.5","4","4","4.5",
"Cote d'Ivoire","CIV","CPIA economic management cluster average (1=low to 6=high)","IQ.CPA.ECON.XQ","","","","","","","","","","","","","","","","","","","","","","","","","","","","","","","","","","","","","","","","","","","","","","2","1.83333333333333","2.33333333333333","2.5","2.83333333333333","2.66666666666667","2.83333333333333","3.33333333333333","3.5","3.66667","3.66667","3.66666666666667","3.66666666666667","3.66666666666667","3.66666666666667","3.83333333333333","3.833333","3.833333","4","4.166667","4.333333",
"Cote d'Ivoire","CIV","Adolescents out of school, female (% of female lower secondary school age)","SE.SEC.UNER.LO.FE.ZS","","","","","","","","","","","","","","","","","","","","","","","","","","","","","","","","","","","","","","","","","","","","","","","","","","","","","","59.9245345119428","54.5941294578832","84.4056021045556","50.5427583574684","48.2870958933341","49.185046057331","48.4542602418814","47.5397292432157","45.2684728786644","45.6357479258341","32.365593791478","29.4432027985618","",
"Cote d'Ivoire","CIV","Trained teachers in secondary education (% of total teachers)","SE.SEC.TCAQ.ZS","","","","","","","","","","","","","","","","","","","","","","","","","","","","","","","","","","","","","","","","","","","","","","","","","","","","","","","100","","100","","100","100","100","100","100","100","100","",
"Cote d'Ivoire","CIV","Trained teachers in secondary education, male (% of male teachers)","SE.SEC.TCAQ.MA.ZS","","","","","","","","","","","","","","","","","","","","","","","","","","","","","","","","","","","","","","","","","","","","","","","","","","","","","","","100","","100","","100","100","100","100","100","100","100","",
"Cote d'Ivoire","CIV","Trained teachers in secondary education, female (% of female teachers)","SE.SEC.TCAQ.FE.ZS","","","","","","","","","","","","","","","","","","","","","","","","","","","","","","","","","","","","","","","","","","","","","","","","","","","","","","","100","","100","","100","100","100","100","100","100","100","",
"Cote d'Ivoire","CIV","School enrollment, secondary, private (% of total secondary)","SE.SEC.PRIV.ZS","","","","","","","","","","","","","","","","","","","","","","","","","","","","","","","","","","","","","","","","36.225399017334","","","","","","","","","","","","","","","51.1101913452148","52.0688591003418","51.7971305847168","50.5660209655762","50.6244506835938","51.6245307922363","52.7969017028809","50.2238693237305","57.8664016723633","65.4232406616211","63.3213195800781","",
"Cote d'Ivoire","CIV","School enrollment, secondary, male (% gross)","SE.SEC.ENRR.MA","","","","","","","","","","","","14.7561798095703","16.0015602111816","17.423210144043","16.8261699676514","","","","","","","25.7070407867432","","25.5969295501709","25.0289497375488","","","","","","","","","","","","","","","27.4669704437256","","","","","","","","","","","","","","","46.1618002550321","49.5187480100904","51.4094392983031","53.7892131041322","55.3669343805057","57.7800163615046","58.7131433464268","59.6946799108889","55.8707330481648","64.7826667771849","66.0933555862161","",
"Cote d'Ivoire","CIV","Secondary education, vocational pupils","SE.SEC.ENRL.VO","","","","","","","","","","","","6745","7297","8645","7729","9253","17095","17961","21814","24366","24968","23750","","24302","21545","21758","","27086","","","","","","","","","","","","25699","","","","","","","","","","","","","","","96805","108384","105353","107060","116644","","","","","","","",
"Cote d'Ivoire","CIV","Secondary education, general pupils (% female)","SE.SEC.ENRL.GC.FE.ZS","","","","","","","","","","","","21.42006","22.66465","22.59634","23.13344","24.14927","24.61934","25.08717","26.11233","26.4735","27.87439","28.16792","28.79275","28.16127","28.49716","29.04674","29.33354","30.03696","30.4777","31.05802","31.24069","31.8066","32.47001","32.78883","33.79401","32.41953","33.07081","33.62496","33.99351","34.23911","34.71506","35.12167","35.11594","","","","37.28818","36.69743","36.80643","38.14315","","39.20657","39.51163","39.87531","40.48334","40.78747","41.44249","42.29942","43.18875","","","","","","","",
"Cote d'Ivoire","CIV","Secondary education, duration (years)","SE.SEC.DURS","","","","","","","","","","","7","7","7","7","7","7","7","7","7","7","7","7","7","7","7","7","7","7","7","7","7","7","7","7","7","7","7","7","7","7","7","7","7","7","7","7","7","7","7","7","7","7","7","7","7","7","7","7","7","7","7","7","7","7","7","7",
"Cote d'Ivoire","CIV","Educational attainment, at least completed post-secondary, population 25+, total (%) (cumulative)","SE.SEC.CUAT.PO.ZS","","","","","","","","","","","","","","","","","","","","","","","","","","","","","","","","","","","","","","","","","","","","","","","","","","","","","6.24850035627203","2.59873863000434","5.97417020797729","","6.43833413041783","","","","","9.71422958374023","","","","",
"Cote d'Ivoire","CIV","Educational attainment, at least completed lower secondary, population 25+, male (%) (cumulative)","SE.SEC.CUAT.LO.MA.ZS","","","","","","","","","","","","","","","","","","","","","","","","","","","","","","","","","","","","","","","","","","","","","","","","","","","","","","","29.1580600738525","","24.249861110112","","","","","32.6784782409668","","","","",
"Cote d'Ivoire","CIV","Lower secondary completion rate, female (% of relevant age group)","SE.SEC.CMPT.LO.FE.ZS","","","","","","","","","","","","2.70798993110657","","3.96045994758606","3.58578991889954","4.08370018005371","3.98611998558044","4.35438013076782","4.8695502281189","5.09177017211914","5.72862005233765","6.74341011047363","","7.07051992416382","7.50445985794067","7.91929006576538","7.89483022689819","7.18452978134155","7.54039001464844","","","","","","10.9657402038574","","10.270429611206","12.8762903213501","13.262900352478","","22.6566696166992","14.3021001815796","15.2916402816772","","","","16.7954998016357","16.5020294189453","20.7197303771973","21.9966201782227","","20.5151182854021","25.0727021885068","","28.3749806510453","29.8565269971112","34.2866373281748","41.2473586772024","45.0411468697736","48.2739700812041","52.9312166398811","51.9720091385391","54.8791465856691","78.1168922235467","73.7913185027473","",
"Cote d'Ivoire","CIV","Children out of school, primary, male","SE.PRM.UNER.MA","","","","","","","","","","","","","","","","","","248894","","","","","","","","","","","","","","","","","","","595487","604571","","627488","648726","611379","611485","736017","","","","","","886635","","","","644512","537463","505444","380929","412339","351630","351707","326998","388760","390029","316365","313204","",
"Cote d'Ivoire","CIV","Adjusted net enrollment rate, primary, male (% of primary school age children)","SE.PRM.TENR.MA","","","","","","","","","","","","","","","","","","62.32106","","","","","","","","","","","","","","","","","","","62.53917","63.69209","","65.56647","65.14171","69.26575","70.1295","62.28292","","","","","","61.20658","","","","71.18993","77.43688","81.39806","91.43801","92.48502","97.6224","","","","","","","",
"Cote d'Ivoire","CIV","Primary education, teachers","SE.PRM.TCHR","","","","","","","","","","","10801","11170","11433","13006","13158","14403","15358","17044","18825","21640","24609","26460","29774","31297","32414","32323","33500","34716","36050","36769","38722","39002","39057","41067","39691","36058","40529","","43386","44731","43205","44424","48227","48308","","","45804","53161","56248","56575","","56455","70016","73691","74703","80155","85109","88910","93257","96255","101085","100263","101670","105502","104418","",
"Cote d'Ivoire","CIV","Repeaters, primary, total (% of total enrollment)","SE.PRM.REPT.ZS","","","","","","","","","","","","","","25.1593","26.10418","22.86749","20.8929","19.13418","17.79217","18.41092","18.98699","19.64493","","24.51646","25.81668","28.66669","28.34359","27.1577","25.84145","26.33627","26.34724","24.06611","27.04062","26.64097","25.4101","26.69006","23.50407","24.64682","25.42585","23.65236","24.18788","22.96174","23.33951","17.59135","","","23.52618","21.59151","","18.79494","","16.58119","19.64269","20.21975","15.00569","15.21149","12.66589","11.04798","","","","","","","","",
"Cote d'Ivoire","CIV","Persistence to last grade of primary, male (% of cohort)","SE.PRM.PRSL.MA.ZS","","","","","","","","","","","","","","","","82.9316177368164","","","","","","","","","71.6113433837891","","","","","78.6691818237305","","75.0220108032227","64.5558319091797","","76.9576568603516","74.4929580688477","72.8855514526367","67.0428237915039","","66.9114532470703","89.7093276977539","","","","","","83.3722381591797","","61.783390045166","","","84.3472366333008","74.577522277832","78.2085494995117","84.7674713134766","82.8938980102539","","","","77.5691604614258","67.9348831176758","63.7966499328613","","","","",
"Cote d'Ivoire","CIV","Persistence to grade 5, female (% of cohort)","SE.PRM.PRS5.FE.ZS","","","","","","","","","","","","","79.5342636108398","71.8596496582031","","73.9870071411133","84.7786636352539","87.7867279052734","87.8147735595703","86.6922607421875","87.8013763427734","","78.820930480957","71.7840728759766","67.6740188598633","68.6828765869141","68.3212127685547","72.1625671386719","75.2851409912109","70.2550582885742","62.2714004516602","70.182861328125","57.2586708068848","81.7705764770508","70.6103591918945","67.9784698486328","68.0547485351562","68.487907409668","","64.9680786132812","87.8549423217773","","","","","","73.1178283691406","","66.0399627685547","","","85.3311614990234","77.6316299438477","74.1188201904297","82.4631271362305","84.06640625","","","","80.5099792480469","78.8362808227539","69.9671173095703","","","","",
"Cote d'Ivoire","CIV","Over-age students, primary, female (% of female enrollment)","SE.PRM.OENR.FE.ZS","","","","","","","","","","","","","","","","","","22.27997","","","","","","","","","","","","","","","","","","","16.31069","15.08728","","15.27849","7.26048","4.43825","4.43831","8.09407","","","","","","17.71214","","","","13.86515","12.54243","","9.89105","9.87041","8.28623","","","","","","","",
"Cote d'Ivoire","CIV","School enrollment, primary, male (% net)","SE.PRM.NENR.MA","","","","","","","","","","","","","","","","","","62.32106","","","","","","","","","","","","","","","","","","","62.53917","63.69209","","64.54873","63.93269","67.98748","68.76351","62.28292","","","","","","61.20658","","","","69.6514","77.02424","81.39806","87.2792","89.18092","94.02388","","","","","","","",
"Cote d'Ivoire","CIV","Gross intake ratio in first grade of primary education, male (% of relevant age group)","SE.PRM.GINT.MA.ZS","","","","","","","","","","","","","","63.97807","66.84565","","70.59191","75.94739","84.90502","84.46036","81.4051","81.04183","","72.15033","68.69464","67.79226","71.10431","71.05154","73.92732","72.0536","71.85602","69.28983","66.05128","72.36418","74.89819","73.39825","75.67389","78.5522","75.64724","74.066","73.23503","70.55875","68.43619","71.96385","","","67.76765","69.35689","78.75368","74.5424","","79.80801","87.23499","86.51411","100.99236","102.4398","111.53038","105.52515","105.20904","","","","","","","",
"Cote d'Ivoire","CIV","School enrollment, primary (% gross)","SE.PRM.ENRR","","","","","","","","","","","55.092098236084","56.788631439209","56.7524490356445","58.1403694152832","59.3491706848145","59.934871673584","60.0299491882324","62.6685218811035","65.8092422485352","68.6910781860352","70.0385589599609","71.3188934326172","71.6056365966797","71.0092315673828","69.0407562255859","67.1470108032227","66.328369140625","65.7474212646484","66.1721267700195","66.6817398071289","66.2475891113281","64.1643524169922","63.1686782836914","61.4722595214844","62.7941284179688","62.7685394287109","62.5579605102539","63.1091690063477","63.5445518493652","65.0674667358398","64.5294876098633","66.3351211547852","66.8685913085938","63.0239181518555","","","59.5550498962402","59.4631118774414","62.3004684448242","63.0792808532715","","73.5641637291114","78.2860585898227","80.7498463265361","83.7491033587174","85.262803745883","87.9691851681795","88.2052011132348","88.210939705148","88.4747670564693","88.6266598469541","85.830088505202","86.4545838787778","91.8093412241399","93.2964368826882","",
"Cote d'Ivoire","CIV","Primary education, duration (years)","SE.PRM.DURS","","","","","","","","","","","6","6","6","6","6","6","6","6","6","6","6","6","6","6","6","6","6","6","6","6","6","6","6","6","6","6","6","6","6","6","6","6","6","6","6","6","6","6","6","6","6","6","6","6","6","6","6","6","6","6","6","6","6","6","6","6",
"Cote d'Ivoire","CIV","Primary completion rate, total (% of relevant age group)","SE.PRM.CMPT.ZS","","","","","","","","","","","","","","36.0001411437988","36.333381652832","39.9079895019531","43.1794281005859","46.3752288818359","47.0211181640625","48.5985717773438","50.7848701477051","54.054988861084","","51.784309387207","50.0469017028809","42.4977493286133","42.916088104248","42.5982093811035","42.995849609375","40.7205810546875","39.4368705749512","42.7921409606934","38.7171783447266","39.5527992248535","39.0847282409668","37.3427810668945","37.9218406677246","35.4011383056641","35.1647300720215","37.2611198425293","37.7383308410645","42.7271614074707","","","","","38.5536193847656","39.3159484863281","","40.9505310058594","","49.3755115599711","52.0747177897281","52.7627052275334","55.5170877839594","60.3254551191519","63.9062691491088","69.0517282328166","68.5260195484655","70.0887402010121","70.981401448419","69.1304469322063","64.6678851501234","75.870809116479","80.237080416679","",
"Cote d'Ivoire","CIV","Trained teachers in preprimary education (% of total teachers)","SE.PRE.TCAQ.ZS","","","","","","","","","","","","","","","","","","","","","","","","","","","","","","","","","","","","","","","","","88.0858306884766","90.7587509155273","","100","","","","100","100","100","","100","91.7223234163125","85.7567869096318","88.8025671339301","100","100","100","100","100","100","100","100","100","100","",
"Cote d'Ivoire","CIV","School enrollment, preprimary, female (% gross)","SE.PRE.ENRR.FE","","","","","","","","","","","","1.26511001586914","1.1632000207901","1.24576997756958","","","0.695420026779175","0.650240004062653","0.646189987659454","0.680559992790222","0.725939989089966","0.709410011768341","0.763859987258911","0.778439998626709","0.780799984931946","0.825950026512146","0.800809979438782","0.846949994564056","0.964330017566681","1.03058004379272","1.05441999435425","0.952769994735718","0.890919983386993","1.37107002735138","1.70306003093719","1.86275994777679","2.20348000526428","2.21872997283936","2.46121001243591","2.34039998054504","2.50256991386414","2.62923002243042","2.73864006996155","2.88469004631042","","","3.03010988235474","2.90824007987976","2.84173011779785","3.39810991287231","","3.9470100402832","4.69628000259399","5.62622022628784","6.45561981201172","7.08810997009277","7.80233001708984","8.21726036071777","8.27898025512695","8.46656036376953","10.9628000259399","10.8704795837402","11.2731513977051","","","",
"Cote d'Ivoire","CIV","Male primary school age children out-of-school (%)","SE.LPV.PRIM.SD.MA","","","","","","","","","","","","","","","","","","","","","","","","","","","","","","","","","","","","","","","","","","","","","","","","","","","","","","","8.30000305175781","","","","","8.30000305175781","","","","","","",
"Cote d'Ivoire","CIV","Male pupils below minimum reading proficiency at end of primary (%). Low GAML threshold","SE.LPV.PRIM.LD.MA","","","","","","","","","","","","","","","","","","","","","","","","","","","","","","","","","","","","","","","","","","","","","","","","","","","","","","","79.1962127685546","","","","","78.9796676635742","","","","","","",
"Cote d'Ivoire","CIV","Learning poverty: Share of Children at the End-of-Primary age below minimum reading proficiency adjusted by Out-of-School Children (%)","SE.LPV.PRIM","","","","","","","","","","","","","","","","","","","","","","","","","","","","","","","","","","","","","","","","","","","","","","","","","","","","","","","79.573257446289","","","","","79.8854217529296","","","","","","",
"Cote d'Ivoire","CIV","School enrollment, primary (gross), gender parity index (GPI)","SE.ENR.PRIM.FM.ZS","","","","","","","","","","","0.572650015354156","0.574639976024628","0.582319974899292","0.59306001663208","0.593209981918335","0.594539999961853","0.605040013790131","0.607879996299744","0.622269988059998","0.632459998130798","0.646809995174408","0.664520025253296","0.676240026950836","0.685249984264374","0.695500016212463","0.699590027332306","0.705110013484955","0.705889999866486","0.706889986991882","0.71026998758316","0.712710022926331","0.708000004291534","0.71587997674942","0.715709984302521","0.722090005874634","0.731660008430481","0.733219981193542","0.736930012702942","0.751569986343384","0.742810010910034","0.746659994125366","0.761569976806641","0.734990000724792","0.792500019073486","","","0.786679983139038","0.788030028343201","0.786679983139038","0.806249976158142","","0.827920019626617","0.841369986534119","0.857890009880066","0.867160022258759","0.880309998989105","0.896179974079132","0.911790013313293","0.926440000534058","0.940569996833801","0.943599998950958","0.952820003032684","0.956358850002289","","","",
"Cote d'Ivoire","CIV","Literacy rate, adult female (% of females ages 15 and above)","SE.ADT.LITR.FE.ZS","","","","","","","","","","","","","","","","","","","","","","","","","","","","","23.4300003051758","","","","","","","","","","28.4799995422363","","38.6100006103516","","","","","","","","","","","","","","36.7799987792969","","40.75","","","46.9915937932265","","40.2599983215332","","","","",
"Cote d'Ivoire","CIV","Literacy rate, youth female (% of females ages 15-24)","SE.ADT.1524.LT.FE.ZS","","","","","","","","","","","","","","","","","","","","","","","","","","","","","37.8499984741211","","","","","","","","","","39.8499984741211","","52.1300010681152","","","","","","38.57","","","","","","","","47.0400009155273","","54.7400016784668","","","61.0085116206557","","58.3199996948242","","","","",
"Cote d'Ivoire","CIV","Coverage of social insurance programs in 3rd quintile (% of population)","per_si_allsi.cov_q3_tot","","","","","","","","","","","","","","","","","","","","","","","","","","","","","","","","","","","","","","","","","","","20.1079745403541","","","","","","7.67287409351608","","","","","","","7.23971800373473","","","2.02110093517721","","","4.2125834660661","","","","",
"Cote d'Ivoire","CIV","Benefit incidence of social insurance programs to poorest quintile (% of total social insurance benefits)","per_si_allsi.ben_q1_tot","","","","","","","","","","","","","","","","","","","","","","","","","","","","","","","","","","","","","","","","","","","5.74712983999298","","","","","","4.02035530655671","","","","","","","6.77560711103184","","","12.5241012778266","","","0.598600238952948","","","","",
"Cote d'Ivoire","CIV","Coverage of social safety net programs in 3rd quintile (% of population)","per_sa_allsa.cov_q3_tot","","","","","","","","","","","","","","","","","","","","","","","","","","","","","","","","","","","","","","","","","","","5.57269071928631","","","","","","31.7543824399736","","","","","","","31.4788221229853","","","6.3335013781774","","","4.18424199712947","","","","",
"Cote d'Ivoire","CIV","Benefit incidence of social safety net programs to poorest quintile (% of total safety net benefits)","per_sa_allsa.ben_q1_tot","","","","","","","","","","","","","","","","","","","","","","","","","","","","","","","","","","","","","","","","","","","","","","","","","1.40159798420214","","","","","","","1.19848942330276","","","3.56931530659545","","","","","","","",
"Cote d'Ivoire","CIV","Coverage of unemployment benefits and ALMP in 3rd quintile (% of population)","per_lm_alllm.cov_q3_tot","","","","","","","","","","","","","","","","","","","","","","","","","","","","","","","","","","","","","","","","","","","","","","","","","","","","","","","","","","","","","","1.56226147819637","","","","",
"Cote d'Ivoire","CIV","Benefit incidence of unemployment benefits and ALMP to poorest quintile (% of total U/ALMP benefits)","per_lm_alllm.ben_q1_tot","","","","","","","","","","","","","","","","","","","","","","","","","","","","","","","","","","","","","","","","","","","","","","","","","","","","","","","","","","","","","","","","","","",
"Cote d'Ivoire","CIV","Adequacy of social protection and labor programs (% of total welfare of beneficiary households)","per_allsp.adq_pop_tot","","","","","","","","","","","","","","","","","","","","","","","","","","","","","","","","","","","","","","","","","","","14.4262605064228","","","","","","26.8140347801873","","","","","","","47.5431892512525","","","2.94449941342518","","","24.2677423215251","","","","",
"Cote d'Ivoire","CIV","Financial intermediary services indirectly Measured (FISIM) (current LCU)","NV.FSM.TOTL.CN","","","","","","","","","","","","","","","","","","","","","","","","","","","","","","","","","","","","","","","","","","","","","","","","","","","","","","","","","","","","","","","","","","",
"Cote d'Ivoire","CIV","Agriculture, forestry, and fishing, value added (constant 2015 US$)","NV.AGR.TOTL.KD","","","","","","","","","","","","","","","","","","","","","","","","","","","","","","","","","","","","","","","","","","","","","","","","","6956243468.8158","6751663292.52842","6478192101.84166","6941767142.26652","6757306017.98748","7038224203.0671","8177200287.56941","8412570348.02447","8671379503.04901","9857237941.18837","10981289751.4758","10355890891.7805","10686423355.7537","11483575510.9358","12162433119.1373","12534521581.0933","13192624259.1025","13712248196.7534",
"Cote d'Ivoire","CIV","Trade (% of GDP)","NE.TRD.GNFS.ZS","57.1440675728154","63.3960559195014","60.1395535033303","57.455317585393","60.6088000142315","66.9476309272914","65.1033458745114","65.0150069947765","68.6948357042786","63.8315911821298","64.876956695978","60.6373191728679","62.5187716532962","68.9858705622116","84.0730713090158","73.3133667857572","77.9892238596904","78.956604026406","73.95669727745","72.2659282420616","76.1802896945707","77.459198875202","75.750021666503","72.6801769689194","77.103198191928","79.1725137120598","69.6773571637603","63.050248281061","58.3782715178313","61.0885440449655","58.8014956103209","56.9978213142969","60.0250653360901","55.3485218490843","69.8366580166987","76.202343905242","52.8042944211567","54.0062903380367","53.6538337944761","55.8935626908747","54.9639916295152","53.1141047180447","55.9019482275388","53.260060681877","58.1182963035946","62.8209360402806","63.690377061452","61.4309423484426","61.9406212969499","66.6729037469185","67.472940081257","64.7159030611345","70.3010893191249","58.3526792527234","53.6804175610344","52.7153604615931","47.5655783613535","48.6625074729482","46.0375087102874","44.6604105830795","41.9426318190526","45.1140327762435","52.8663910413483","48.8170039103332","51.2649845400983","54.5579069336573",
"Cote d'Ivoire","CIV","External balance on goods and services (current US$)","NE.RSB.GNFS.CD","61912318.5499534","44445572.7250737","55789331.2733573","79267523.6600842","102820694.376506","61617237.205176","78964840.12555","80487491.4745244","162785613.525328","131943093.416927","96959814.8952991","59922294.1047647","83324179.7733548","63260157.8516262","224756757.521628","5599275.17195652","256120027.523358","394416093.097676","-72233811.6989295","-279708271.716817","-628551057.389344","-599489000.634755","-219715928.838396","84762231.0795497","925034589.585595","1003198620.89322","853046354.069667","384312611.854527","266427821.413295","290588103.477521","494261431.999793","317468262.360069","423133527.282925","390620488.380281","932626995.287518","804798797.662642","597310043.664537","418272325.072421","140294991.908449","298433531.898942","102138413.18203","306880479.209811","1231376582.79074","897241870.840792","508835024.059103","225231795.706956","503475149.788069","-129143420.898734","29551575.086066","1407176644.27129","-165525047.863227","2145426098.91875","-122015133.812716","-13629370.7727139","1286280537.24286","914200449.396385","1122162840.12091","1226197749.35881","-379874598.102127","398869444.019138","27924584.4415554","-379621920.82521","-3072143001.42805","-3187854323.43106","689098068.671755","5001533083.58179",
"Cote d'Ivoire","CIV","Imports of goods and services (constant 2015 US$)","NE.IMP.GNFS.KD","","","","","","","","","","","","","","","","","","","","","","","","","","","","","","","","","","","","","7024906627.44648","7836883561.50946","8641986374.47511","8494652775.75422","8349329628.18384","7744028808.78382","7509518250.64856","7127775761.31943","8050449099.9526","8699858359.42678","8660470824.58825","8692403891.651","8610273691.92506","9901976775.75341","11261783965.419","8981981421.84531","11471841747.5235","10343431898.069","10197533091.7151","11618672335.5396","11623746730.2123","12356275607.4025","12898601168.4598","13455003782.1686","14230855371.1971","16666313778.365","19671964828.2307","21388615610.7125","22049936146.8348","25527705330.7211",
"Cote d'Ivoire","CIV","Gross capital formation (constant LCU)","NE.GDI.TOTL.KN","","","","","","","","","","","","","","","","","","","","","","","","","","","","","","","","","","","","","","","","","","","","","","","","","2919846912600","2144976072400","3509610932300","1199331553500","3822921776900","4710320715400","5731239016300","6335464000000","7095309989600","7015164235200","7827969291800","8185888594500","8947353414300","10538809431019.8","12996308260184.6","13228816558853.1","12632127428400","14035924438700",
"Cote d'Ivoire","CIV","Gross capital formation (current US$)","NE.GDI.TOTL.CD","91352188.5577967","122666013.569545","89627224.380878","135335731.124328","201202168.654071","201174458.92049","223462796.207874","214226826.647303","228223167.799525","265809550.412825","327420358.112651","345370191.191849","386068772.928612","581454847.452153","675932056.706104","873955808.539757","1071770154.61621","1712392267.09044","2351368147.49681","2556862565.42846","2700213891.96887","2187453749.41928","1754683635.91973","1259099355.9447","797104179.891376","903702380.647835","1104803535.77801","1242521081.01243","1297315155.34092","868795545.66071","722113214.287556","772047732.79764","772218860.681673","1081719156.82404","1140264109.36553","1715851854.85489","2352729127.49139","2983004471.23684","3977323944.31731","2760201914.05185","2634569201.97335","2390515678.61779","2170764352.45771","2968538958.47436","3460355329.34973","3327224286.43583","3585113507.784","3947688746.19903","6195431134.72494","4996119114.55542","7574559983.88276","6088851228.82035","7424117565.65051","9796284997.17181","11048510508.5934","10715281888.7559","11227890576.0959","10931840540.9048","13022884376.7332","13278161405.715","13704078854.3842","17161566400.2717","19493359350.5747","19827081716.4885","18180390321.2588","19258206405.0926",
"Cote d'Ivoire","CIV","Gross fixed capital formation (% of GDP)","NE.GDI.FTOT.ZS","","","","","","21.2954750517467","19.6343359305847","19.1816813550741","17.3392172924263","17.3212766680977","20.6562282453632","20.9765956683241","20.2102547717987","21.8028972810827","19.4316636395451","22.0371483560834","22.1903044692328","25.8316008392796","29.6612055811499","27.101650520259","24.3546217390941","24.3693825774798","21.6641197435665","17.722005528278","12.9653790589673","11.771085518537","11.8174755006843","11.7696984836086","11.4848528968042","10.3175226113588","8.50214186680768","8.57419990895334","8.50242173008084","9.34546449695558","11.5492123049503","13.6861231448876","19.1935052530133","18.0276617984084","18.2057867732971","19.2663343638215","16.3620680520966","15.3407682455697","15.4588639483726","12.8438507998715","13.4933313574459","13.7374737553324","14.2436392038274","16.6971471423806","16.1177834623712","16.1081607755506","20.7031739690787","17.8470592312248","17.1122715372663","20.7312022243429","22.476070174363","23.5616684954464","23.2965012963668","21.9109187509615","22.4665503582512","22.1766481096146","20.344763141247","21.0571796036942","22.2895218676818","20.602742584353","19.7219893709546","20.0444341284085",
"Cote d'Ivoire","CIV","Gross fixed capital formation (current LCU)","NE.GDI.FTOT.CN","","","","","","48000000000","49399988200","51100000300","54999998500","61299998700","83100008400","91499913200","94199996400","121899999200","143599992800","183899996200","247200006100","397599998000","528799989800","527099985900","523600003100","558400012300","538699989000","461800013800","387599990800","368999989200","374799990800","356823007200","350803001300","321153007600","249906004000","253800005600","250999996400","292302389200","533080014800","751464742900","1774313294900","1898999076300","2107256125700","2238527081900","1926387560000","1888755163800","1936155388500","1582855319300","1672906016300","1741041596500","1881251170600","2298454015400","2449725237500","2567116571100","3578809599200","3086088638800","3171651862100","4378277375400","5420462150800","6382000000000","6683000000000","6681000000000","7303000000000","7845877000000","7380663000000","8500122000000","9860617000000","10095116000000","10417286246800","11638013670600",
"Cote d'Ivoire","CIV","Exports of goods and services (% of GDP)","NE.EXP.GNFS.ZS","34.2395470688431","35.2925193938904","34.3926245454881","33.935451677639","35.8860300323379","36.8234112802319","36.4069906823357","36.2237193282106","40.6998720900407","36.7617975662223","35.7693255143477","32.2099926994546","33.5121208130561","35.7538908205438","45.6968875668011","36.7285825507322","41.7414702582362","42.6260418396138","36.5212030703704","34.6033223630751","35.0016293313943","35.1750034906259","36.4232286853153","36.9598599143","45.3119276970722","46.7749129816887","39.4959084089505","33.4299901983188","30.4881284935977","32.0333356381271","31.6898746701998","30.0117263444518","31.9094869275422","29.4424528741736","40.5274018640381","41.7592996636706","28.0548089119745","28.1619510423631","27.1844537490724","28.7375016337359","27.7900585635603","27.4698146295241","31.361161437556","28.741013407249","30.1412888678631","31.8789802252367","32.8409302334209","30.4909527241434","31.0136690713744","35.4127413048103","33.4995745908321","35.2813763519634","34.9824903983423","29.1604026575655","28.1569587645537","27.3553887828515","24.9418624533151","25.4987866021143","22.6941999168587","22.6604887650452","20.9934684842997","22.2962678369402","24.2673603262295","22.4353390507141","26.028011108531","29.785395705048",
"Cote d'Ivoire","CIV","Exports of goods and services (current LCU)","NE.EXP.GNFS.CN","45855805400","53514395600","54375989200","63279099900","80989585400","82999967700","91599986700","96499990500","129099997200","130100002800","143900000300","140499992600","156199993300","199900004400","337699995600","306500010000","465000005600","656100032500","651100028900","672999997400","752500015100","806000001000","905699983400","963100016600","1354600022000","1466299973600","1252641996800","1013500018700","931255025700","997100027900","931469983700","888360009700","941999980500","920885133300","1870633893900","2292880244700","2593482523500","2966525532500","3146505416100","3338968091100","3271861658200","3382083178600","3927848896900","3541995828400","3736923236400","4040235607700","4337517790300","4197247118000","4713735484100","5643638420200","5790831845100","6100806486400","6483784491800","6158462487200","6790498876400","7409581000000","7155000000000","7775000000000","7377000000000","8017055000000","7616000000000","9000303000000","10735589000000","10993068000000","13748168962700","17293720550000",
"Cote d'Ivoire","CIV","Gross national expenditure (constant 2015 US$)","NE.DAB.TOTL.KD","","","","","","","","","","","","","","","","","","","","","","","","","","","","","","","","","","","","","","","","","","","","","","","","","29208274638.5782","28482764481.668","31706599627.4417","26103013818.2475","33790489135.5098","36635883582.8909","40982175550.7191","44901006001.407","48297065900.7744","50488657415.4103","54128181266.7034","56954835427.438","58857826058.1954","63900523007.2929","70132156710.2066","75196783425.3259","75651521883.6381","81281115838.81",
"Cote d'Ivoire","CIV","Final consumption expenditure (% of GDP)","NE.CON.TOTL.ZS","70.9095949225541","72.7714270445827","75.765946705416","70.6514743854426","66.694620575297","71.428573234884","70.4689985269948","72.785281779316","69.4829721933247","70.7827079864851","70.8426548002787","74.4154044774586","74.619183614983","74.2979788572968","70.663057610427","77.41162868755","71.5170559489676","66.3721421220449","71.1521182881623","75.0938325030681","79.6409130711867","81.1687213704733","79.7152765686136","80.3476853581523","74.8285716712236","72.6713040528005","78.6221292628957","83.873025386975","84.7516617859012","88.1179189230087","88.7329440465146","89.6163702311807","90.8200939692202","86.6705460650521","75.0661333821052","77.0853047302375","83.6754234840018","81.153811561633","79.01278596641","83.7918675820046","83.4914672316025","83.9541345368299","81.1561498671397","81.8095919673281","83.1174259360374","85.2208341465777","83.8276894754194","86.7227633850211","81.7332624669257","81.103871550976","78.7927363714526","77.5594314439033","79.885291415561","77.1220726070836","74.7460442062217","74.61687276112","74.4874516984537","76.8472755833753","78.3963183775059","77.3496528435242","78.2128014399932","76.9461800334775","76.8463588524101","79.4018779281018","78.3391117459285","75.6852010269478",
"Cote d'Ivoire","CIV","Final consumption expenditure (current LCU)","NE.CON.TOTL.CN","94966693900","110344033300","119788715000","131743103000","150520123400","161000001500","177299996700","193899995100","220399992800","250500005900","285000007700","324600004600","347800010800","415400001500","522199990300","646000017400","796700049400","1021600006100","1268500004900","1460499906600","1712199958500","1859900014600","1982200021000","2093699956700","2237000056800","2278100041700","2493559078900","2542786052100","2588726001700","2742842032100","2608154017800","2652683108400","2681100042200","2710834511900","3464847163400","4232527216600","7735242436800","8548585774300","9145453547800","9735653979800","9829865230300","10336431826000","10164454348000","10082081288000","10304915682000","10800604229000","11071674640000","11937864716000","12422554024000","12925317517000","13620336751000","13411468921000","14806236140000","16287614292000","18026198548000","20211000000000","21368000000000","23432000000000","25483588000000","27365536000000","28374001000000","31060756000000","33995907000000","38906042000000","41379241010000","43943640342800",
"Cote d'Ivoire","CIV","Households and NPISHs Final consumption expenditure, PPP (current international $)","NE.CON.PRVT.PP.CD","","","","","","","","","","","","","","","","","","","","","","","","","","","","","","","18800181518.5022","19764412118.1351","19516713132.1491","20217549789.3498","21499976024.2525","24258072451.3791","","","","","","","","","","","","","","","","","","","","72677388578.887","76508218906.4511","83658543925.4624","93053815026.9784","101395331322.271","102971963059.627","113352676785.796","128243929902.219","147507480723.196","155852210954.131","170365315826.3",
"Cote d'Ivoire","CIV","Households and NPISHs Final consumption expenditure (annual % growth)","NE.CON.PRVT.KD.ZG","","","","","","","","","","","","","","","","","","","","","","","","","","","","","","","","","","","","","","","","","","","","","","","","","","3.77053227110362","4.61352898610838","-4.23131419132703","9.61500616455346","4.22221701297943","10.2203840362098","13.7312922152544","6.41265680534988","5.97189439970876","5.96971955607685","4.52589910447338","1.4218065983099","5.27188165123884","4.57504554527337","10.1989161820842","2.52189162073384","6.3359012018625",
"Cote d'Ivoire","CIV","Households and NPISHs Final consumption expenditure (current US$)","NE.CON.PRVT.CD","343952402.213778","395059152.752044","427805120.699074","465964803.304086","521915633.654754","557820457.421418","611775303.259521","669509626.829147","746471554.623213","797428620.079905","833565069.125825","926435489.762276","1091547032.65924","1468442681.22244","1672173609.86119","2352635032.23558","2579613949.65771","3304709560.70536","4334476522.79006","5202572985.00382","6388692149.12915","5359335293.80568","4715978544.38881","4341504628.34741","4082098147.23367","4087806349.17372","5814971646.85936","6817094150.42819","6937513239.92305","6816882304.68261","7765800476.55667","7686387245.83665","8183857357.93909","7864155795.81227","5241034846.72255","7312573923.0519","","","","","","","","","","","","","","","","","","","","29902994240.1444","31282187564.1526","34962135547.378","39999513328.4296","40167915396.3948","42160085181.3623","48760410414.0858","47785900108.9909","56659039298.9429","60177928687.5908","66824489909.9551",
"Cote d'Ivoire","CIV","General government final consumption expenditure (constant LCU)","NE.CON.GOVT.KN","","","","","","","","","","","","","","","","","","","","","","","","","","","","","","","","","","","","","","","","","","","","","","","","","1862800767400","1950717277300","2030822509300","1816558687800","2463369345700","2040166956400","2247660549000","2367985000000","2471773915000","2713710796400","2851519808400","3199750971600","3246529580000","3444824342700","3583048223700","3806870122954.12","3980796140500","4124104801500",
"Cote d'Ivoire","CIV","General government final consumption expenditure (current US$)","NE.CON.GOVT.CD","43358329.1698801","54847017.881449","61100769.7683181","71726262.4648263","92384057.2726004","99159008.3468791","109899756.89238","118698730.327606","143800841.407539","166179045.288614","197537598.135147","252400148.001614","288459700.888268","395263298.623155","497289885.130105","661649379.948664","754549623.990315","853550401.991517","1286915439.28884","1663206379.69496","1715262935.87659","1485290020.51154","1316164896.89866","1152818556.88655","1037402630.21871","982943220.271643","1385480279.01944","1643726839.79795","1753913479.33492","1781144896.17087","1813675580.40594","1716725049.08414","1945281262.41432","1709265425.57023","999631322.642847","1166922084.81491","","","","","","","","","","","","","","","","","","","","4282729872.50668","4775520056.45441","5392170159.04835","5879954679.62818","6538044028.88054","7135764185.2324","7252281760.24708","6715708355.77273","7482045877.16417","8065762071.59769","8689326267.74114",
"Cote d'Ivoire","CIV","Military expenditure (current LCU)","MS.MIL.XPND.CN","","","2148000000","1976000000","2742000000","3162000000","3260000000","3619000000","3789000000","4200000000","4900000000","6600000000","8000000000","6400000000","9900000000","9834000000","12536000000","12640000000","19579000000","21854000000","25031000000","25000000000","28400000000","29057000000","30659000000","31253000000","33439000000","36900000000","38155000000","41368000000","39199000000","40671000000","41503000000","42088000000","46677000000","","52516000000","54588000000","","","","","","123800000000","132500000000","131800000000","139800000000","155100000000","165200000000","198346000000","192015000000","168612000000","208089035776.334","212439000000","257719000000","336932000000","357396000000","294517000000","337808000000","314045000000","349400000000","353700000000","378720000000","413788000000","399230000000","",
"Cote d'Ivoire","CIV","Arms imports (SIPRI trend indicator values)","MS.MIL.MPRT.KD","","3000000","1000000","1000000","","","2000000","3000000","26000000","2000000","7000000","17000000","1000000","","18000000","","","22000000","15000000","38000000","56000000","19000000","","","9000000","","","","","2000000","","","0","","","2000000","","0","","2000000","0","","32000000","61000000","9000000","","","","","","","","","","6000000","5000000","5000000","14000000","10000000","15000000","3000000","9000000","22000000","67000000","3000000","",
"Cote d'Ivoire","CIV","Logistics performance index: Competence and quality of logistics services (1=low to 5=high)","LP.LPI.LOGS.XQ","","","","","","","","","","","","","","","","","","","","","","","","","","","","","","","","","","","","","","","","","","","","","","","","2.38","","","2.57","","2.73","","2.623745","","2.617236","","3.23","","","","","","","",
"Cote d'Ivoire","CIV","Lead time to import, median case (days)","LP.IMP.DURS.MD","","","","","","","","","","","","","","","","","","","","","","","","","","","","","","","","","","","","","","","","","","","","","","","","","","","1","","5","","","","10","","4","","","","","","","",
"Cote d'Ivoire","CIV","Individuals using the Internet, female (% of female population)","IT.NET.USER.FE.ZS","","","","","","","","","","","","","","","","","","","","","","","","","","","","","","","","","","","","","","","","","","","","","","","","","","","","","","","","","","26.3981","29.3579","32.9244","","","33.9081","35.3225","38.2892","",
"Cote d'Ivoire","CIV","Fixed broadband subscriptions","IT.NET.BBND","","","","","","","","","","","","","","","","","","","","","","","","","","","","","","","","","","","","","","","","","","","","413","826","1239","10000","10000","10000","10000","","","46167","56281","126857","109707","136380","142825","175918","216723","261370","335041","380482","424902","511437","",
"Cote d'Ivoire","CIV","Mobile cellular subscriptions","IT.CEL.SETS","0","","","","","0","","","","","0","","","","","0","0","0","0","0","0","0","0","0","0","0","0","0","0","0","0","0","0","0","0","0","13549","36000","91212","257134","472952","728545","1027058","1280696","1674332","2349439","4065421","7467708","10449036","13184308","15599044","17344242","18099532","19390902","22104575","25407610","27451250","31747233","33807850","37376603","40095246","44561505","49006419","53601479","58719380","",
"Cote d'Ivoire","CIV","Railways, passengers carried (million passenger-km)","IS.RRS.PASG.KM","","","","","","","","","","","","","","","","","","","","","","","","","","","","","","","","","","","","161","157.512","155","119","93.1","125.91","182","148","10","","","","","","","","","","","","","","","","","","","","","","",
"Cote d'Ivoire","CIV","Air transport, registered carrier departures worldwide","IS.AIR.DPRT","","","","","","","","","","","4300","3900","3800","4000","4000","4600","4900","4900","5100","5200","5600","10300","10400","10400","10700","6100","6100","6700","7100","5600","5400","4900","5000","4600","4300","4400","4600","3500","3500","6300","2342","716","","","","","","","","","5604","907","415","3912","4032","9068","9463","14884","14666","16616","8030","11812","11763","13609","","",
"Cote d'Ivoire","CIV","Statistical performance indicators (SPI): Pillar 2 data services score (scale 0-100)","IQ.SPI.PIL2","","","","","","","","","","","","","","","","","","","","","","","","","","","","","","","","","","","","","","","","","","","","","","","","","","","","","","","","","41.5666666666667","59.1333333333333","59.9","59.9","64.1666666666667","64.1666666666667","58.1","58.1","76.3","",
"Cote d'Ivoire","CIV","CPIA trade rating (1=low to 6=high)","IQ.CPA.TRAD.XQ","","","","","","","","","","","","","","","","","","","","","","","","","","","","","","","","","","","","","","","","","","","","","","3.5","3.5","3.5","4","4","4","4","4","4","4","4","4","4","4","4","4","4","4.5","4.5","4.5","4",
"Cote d'Ivoire","CIV","CPIA public sector management and institutions cluster average (1=low to 6=high)","IQ.CPA.PUBS.XQ","","","","","","","","","","","","","","","","","","","","","","","","","","","","","","","","","","","","","","","","","","","","","","2.5","2.5","2.4","2.5","2.6","2.4","2.7","2.8","3","3.1","3.1","3.2","3.2","3.3","3.5","3.5","3.5","3.6","3.7","3.8","3.8",
"Cote d'Ivoire","CIV","CPIA quality of public administration rating (1=low to 6=high)","IQ.CPA.PADM.XQ","","","","","","","","","","","","","","","","","","","","","","","","","","","","","","","","","","","","","","","","","","","","","","2","2","2","2","2","2","2.5","2.5","2.5","3","3","3","3","3","3","3","3","3.5","3.5","3.5","3.5",
"Cote d'Ivoire","CIV","Political Stability - Governance score (0-100)","GOV_WGI_PV_SC","","","","","","","","","","","","","","","","","","","","","","","","","","","","","","","","","","","","","65.2409281","","60.209816","","43.8634744","","26.8912475","30.5830767","28.2039018","25.7756499","33.3087296","33.0149141","34.6103971","49.4858199","34.2952466","37.8888772","39.9454062","45.2489852","48.1807412","52.5049057","51.1147452","48.1100354","50.2088875","48.5828489","45.9579809","50.5963204","53.658544","52.4435059","51.4803735","",
"Cote d'Ivoire","CIV","Government Effectiveness - Governance score (0-100)","GOV_WGI_GE_SC","","","","","","","","","","","","","","","","","","","","","","","","","","","","","","","","","","","","","56.5466965","","45.3679406","","29.0392472","","25.7958117","25.6982863","19.9016798","21.5027723","24.5400527","24.0884828","24.8852482","29.0066377","27.0081055","27.8419914","30.6005962","33.3779839","37.3050032","39.6748365","39.4727587","39.7545161","41.464396","41.8297433","41.8599477","41.6068526","44.4409236","45.1473715","45.2016572","",
"Cote d'Ivoire","CIV","Control of Corruption - Governance score (0-100)","GOV_WGI_CC_SC","","","","","","","","","","","","","","","","","","","","","","","","","","","","","","","","","","","","","49.2481211","","37.9966415","","32.7489285","","32.4204206","30.0074981","24.2136462","22.142915","24.7179033","26.486975","29.2888507","29.3271902","27.4978534","29.4878756","30.9520936","32.5535127","39.2502483","39.1358108","38.3125896","38.44403","38.0747455","37.1247819","38.0109482","38.8093512","40.3592658","40.5339482","42.0850347","",
"Cote d'Ivoire","CIV","WBL: Supportive Framework Index (scale 0-100)","GD_WBL_OVL_SFR","","","","","","","","","","","","","","","","","","","","","","","","","","","","","","","","","","","","","","","","","","","","","","","","","","","","","","","","","","","","","","","","","","32.92",
"Cote d'Ivoire","CIV","Subsidies and other transfers (current LCU)","GC.XPN.TRFT.CN","","","","","","","","","","","","","","","","","","","","","","","","","","","","","","","","","","","","127200000000","","","","","","65371000000","77971000000","101900000000","84700000000","94300000000","49800000000","92700000000","62100000000","140170700000","194733000000","245992000000","316503434854","247918000000","221866500000","1393491986308","1355539492741","1579555466374.74","1846766271946","1804941646966.71","2209926691551.26","2396114214780.14","3480225612787.31","3816766278599.21","","",
"Cote d'Ivoire","CIV","Other expense (current LCU)","GC.XPN.OTHR.CN","","","","","","","","","","","","","","","","","","","","","","","","","","","","","","","","","","","","","","","","","","3755000000","7222000000","","","76500000000","83800000000","100900000000","134000000000","261084000000","275738000000","177460000000","225714000000","218689000000","204035600000","118638156712","196735935796","474449301991","399453424164","361819301713.195","477474984952","583160854479","421525150736","240713317889.648","","",
"Cote d'Ivoire","CIV","Goods and services expense (% of expense)","GC.XPN.GSRV.ZS","","","","","","","","","","","","","","","","","","","","","","","","","","","","","","","","","","","","","","","","","","20.3949971209551","23.1390399434578","32.4290320044036","34.8336126406512","31.7020160383722","33.6309292756774","31.8479149632052","34.9393993671264","21.2745814271","20.2226263264206","18.0065835399466","18.5176660090165","17.9746527628775","21.3689960119179","16.9434913023685","16.974053430741","16.2760710149338","13.0734099875368","11.8756135661595","13.6574933197179","17.4394158039875","17.7349895625165","16.2069869268342","","",
"Cote d'Ivoire","CIV","Taxes on income, profits and capital gains (% of total taxes)","GC.TAX.YPKG.ZS","","","","","","","","","","","","","","","","","","","","","","","","","","","","","","","19.9671326029467","","","","","16.7618310268073","","","","","","11.9751298867217","10.8153117180091","20.7629610957062","20.0579990333494","26.0230179028133","27.8918744594456","29.2058302683558","30.0671765635238","25.3791916632807","23.9864520440875","26.5037235058239","25.2781941134928","27.2221010315061","26.0468687687748","24.8192826987949","24.6803904703089","25.2609697568558","27.6159579731471","25.9544407561143","26.0479698160341","25.6848988194716","29.4954674433735","28.8257739942444","","",
"Cote d'Ivoire","CIV","Tax revenue (current LCU)","GC.TAX.TOTL.CN","","","","","","","","","","","","","","","","","","","","","","","","","","","","","","","529400000000","","","","","1033300000000","","","","","","1174100000000","1259325700000","1190100000000","1241400000000","1251200000000","1364340000000","1468200000000","1633010000000","1673560000000","1765580000000","1309250000000","1968230000000","2246230000000","2439937727984.7","3027100000760.56","3287603481816.87","3584711051939.13","3792159618169.73","4127136003134.63","4275968864513.15","5001216763024.28","5228319268643.27","6388079688277.87","","",
"Cote d'Ivoire","CIV","Taxes on international trade (current LCU)","GC.TAX.INTT.CN","","","","","","","","","","","","","","","","","","","","","","","","","","","","","","","175868000000","","","","","664000000000","","","","","","552000000000","632300000000","644200000000","694300000000","637100000000","704400000000","735900000000","763300000000","747000000000","889600000000","626800000000","911400000000","1065640000000","1186016103514.3","924761875610","982538642156","1087429791830.26","1017538852303.31","1132807103880.46","1045911365340.15","1266897932209.72","1281081361067","1751686513402.97","","",
"Cote d'Ivoire","CIV","Taxes on goods and services (% of revenue)","GC.TAX.GSRV.RV.ZS","","","","","","","","","","","","","","","","","","","","","","","","","","","","","","","","","","","","14.3810946147764","","","","","","23.4071216108092","22.0580688456024","19.661095636026","18.2694367102163","19.4866133038918","18.4126303949007","15.7606797811663","17.3370946957824","22.9071206425867","21.1865520920662","21.5329778753545","23.6423163407011","20.8158764335591","21.0135970684793","33.7249145501614","36.4678947685328","36.464960953038","37.1849652172223","37.3055257475489","40.9612457251102","40.695262581388","37.7236653460083","35.5681018601577","","",
"Cote d'Ivoire","CIV","Revenue, excluding grants (% of GDP)","GC.REV.XGRT.GD.ZS","","","","","","","","","","","","","","","","","","","","","","","","","","","","","","","","","","","","20.0939562480098","","","","","","9.92642498401906","10.5019537439781","10.086143913204","10.6855766003406","10.688304051082","11.1938088191543","12.2029275251303","12.018043493011","11.5870709726701","11.260655664762","8.66048493851633","12.111023471161","11.7130027509214","10.6443386512511","12.1641165457389","11.7312326383944","11.9545089218456","11.9666616003208","11.9628624765096","12.1120100537383","12.6643284318456","12.0455846447337","13.3681230477413","","",
"Cote d'Ivoire","CIV","Grants and other revenue (% of revenue)","GC.REV.GOTR.ZS","","","","","","","","","","","","","","","","","","","","","","","","","","","","","","","","","","","","4.63849600281121","","","","","","6.99728770473409","6.28106278800124","7.91550603528319","11.3728849860784","13.662710460944","8.65058853462244","14.5501105808404","18.7520834266211","22.4315305001553","15.8989882630897","14.4519805020844","15.3779810912718","16.033695180849","15.3222865601211","15.3736237594595","10.1188455702876","8.34816382150906","8.31502568417566","8.43346401415324","6.78594237400559","5.58022614828267","6.00732273268685","6.97431047510624","","",
"Cote d'Ivoire","CIV","Net investment in nonfinancial assets (% of GDP)","GC.NFN.TOTL.GD.ZS","","","","","","","","","","","","","","","","","","","","","","","","","","","","","","","","","","","","","","","","","","","","1.75026648598399","2.10114183604222","1.84871522159199","1.80955622668345","1.81104288130431","1.97580132647429","1.88601243537291","1.98176765840479","1.62983615986891","3.30326832246936","4.39037548841638","4.07934918137466","2.17818992336994","2.59583601417046","1.36307868796658","1.29707001636585","1.71771937556984","2.46717300708557","2.19295856860699","1.33887207086539","1.5453058882227","","",
"Cote d'Ivoire","CIV","Central government debt, total (% of GDP)","GC.DOD.TOTL.GD.ZS","","","","","","","","","","","","","","","","","","","","","","","","","","","","","","","","","","","","171.065442627283","","","","","","","","","","","","","","","","","","","","","","","","","","","","","","",
"Cote d'Ivoire","CIV","Research and development expenditure (% of GDP)","GB.XPD.RSDV.GD.ZS","","","","","","","","","","","","","","","","","","","","","","","","","","","","","","","","","","","","","","","","","","","","","","","","","","","","","","","","","0.06975","","","","","","","","","",
"Cote d'Ivoire","CIV","Account ownership at a financial institution or with a mobile-money-service provider, primary education or less (% of population ages 15+)","FX.OWN.TOTL.PL.ZS","","","","","","","","","","","","","","","","","","","","","","","","","","","","","","","","","","","","","","","","","","","","","","","","","","","","","","","30.0496682626673","","","34.9710840539344","","","","43.9860780919228","","","49.4886789469068","",
"Cote d'Ivoire","CIV","Account ownership at a financial institution or with a mobile-money-service provider, richest 60% (% of population ages 15+)","FX.OWN.TOTL.60.ZS","","","","","","","","","","","","","","","","","","","","","","","","","","","","","","","","","","","","","","","","","","","","","","","","","","","","","","","41.0756676790388","","","46.0730898947499","","","","55.2585614068222","","","66.9277520980539","",
"Cote d'Ivoire","CIV","Claims on other sectors of the domestic economy (% of GDP)","FS.AST.DOMO.GD.ZS","","","","","","","","","","","","","","","","","","","","","","","","","","","","","","","","","","","","","","","","","","","","","","","","","","","","","","","","","","","","","","","","","","",
"Cote d'Ivoire","CIV","Interest rate spread (lending rate minus deposit rate, %)","FR.INR.LNDP","","","","","","","","","","","","","","","","","","","","","","","","","","","","","","","","","","","","","","","","","","","","","","-0.55833333333333","-3.085","-3.06166666666666","-3.14","-3.60166666666667","-3.27333333333334","-3.24491666666666","-2.95333333333333","-2.36666666666667","-1.92","-1.84416666666666","-1.63","","","","","","","","","",
"Cote d'Ivoire","CIV","Inflation, consumer prices (annual %)","FP.CPI.TOTL.ZG","","11.616492146899","-1.34124890120529","0.943466310460198","0.618192522743668","2.61117612633012","4.19131798405668","2.29185195349457","5.3504547886788","4.45022854223325","8.2051905431072","-0.443745436275745","0.310313698883911","11.1029866698229","17.3593884470648","11.4442239670114","12.0766402169566","27.4218615091476","13.2429868545927","16.3423565736251","14.7009812997866","8.79921083308777","7.5831258964215","5.64042843342126","4.28476110361871","1.86380327150628","9.68295473116514","6.94330626536574","6.93068617206515","1.04951823790384","-0.80587969827806","1.6833484986348","4.23138382869968","2.16471453976754","26.0815719947162","14.2950690851945","2.48080669187551","4.02083333333306","4.61144759515372","0.702375805955961","2.53077516737997","4.36152914007256","3.07726485157427","3.29680746974208","1.45798835600741","3.88583039886482","2.46719148596915","1.89200629349598","6.30852769152578","1.01950457731138","1.2264561213548","4.9124339505245","1.30451119915606","2.58117037252936","0.448682076766141","1.25149954781468","0.723178457513308","0.685881065304603","0.401297817263547","0.790855512053661","2.41252617189053","4.15919657911798","5.23352856100843","4.36972254867474","3.45053028131019","0.125038772593104",
"Cote d'Ivoire","CIV","Broad money (% of GDP)","FM.LBL.BMNY.GD.ZS","","","20.1007397591511","19.4777676496604","21.9287408069681","21.6770189797572","21.4427667303581","21.8581076076034","22.8688519399252","25.973438582333","26.5423806147278","26.9601091883322","26.3527143151784","26.4550168827642","30.204330490627","29.3061724487613","31.3958689182823","34.075493944529","32.6234003608383","29.1099807797393","27.0626545766721","27.9152493236522","26.5559404558791","26.5542255496831","27.6317121410518","29.9682435584721","30.423211733948","30.6862829713648","30.9055107434438","27.8770071495618","28.7619528454125","28.593682435283","28.3307369325128","26.3754859844724","26.2343249009021","26.041415794334","16.0747241604524","15.2620493279509","14.7253686133616","14.4225121856694","13.9827905566811","13.9805685742207","17.8358800206156","13.1091219082305","14.0168363578859","13.6877356540705","14.8635624822961","18.8465266467747","18.4376064652673","21.3064601936745","23.3989011667238","25.968099902503","25.4036956022817","24.8226316343292","24.8194590556386","26.1100955291875","27.3748610620111","28.1221296447834","29.9133201080609","30.4418281948488","35.9517770758951","38.3666069267738","38.1534401302454","35.5927908616631","37.5228109766256","42.2475251652017",
"Cote d'Ivoire","CIV","Net foreign assets (current LCU)","FM.AST.NFRG.CN","","","6190000000","10280000000","14380000000","18420000000","22290000000","18080000000","26080000000","33060000000","45165893304.9936","38113086624.4125","16165863719.412","13571468955.9039","25571169893.4342","-1472794448.78136","-6698669714.07861","31986262580.2094","35041679200.0759","-48753107242.8459","-231931375371.43","-396525537769.375","-427249627947.081","-636545945312.595","-516480193037.623","-360910924408.645","-357591498531.269","-398501646961.909","-503680385863.091","-501234709015.767","-509076983360.31","-487581425888.307","-525632684317.9","-530318220426.445","-101049602980.562","30504396492.3759","33855032495.92","69908028860.6345","83588130261.8125","-9055603023.71747","39101212260.2049","298006300995.545","909769929424.257","470624232400.184","700789423307.522","723514664408.427","854495089834.161","1023379107200.53","1000248851479.38","1111897007264.93","1345336769829.05","1688305955190.2","1522569532293.36","1454851169128.13","1697083358110.76","1802697719799.59","1701387456214.56","1795356970203.8","2703046810930","3200609787881.43","3893579838159.67","4874852132435","5140162078219","4477579524850","6220918123846","8725703850985",
"Cote d'Ivoire","CIV","Total reserves minus gold (current US$)","FI.RES.XGLD.CD","","","","","","","","","","","","","","","","","","","","","","","","","","","","","","","","","","","","","","","","","","","","","","","","","","","","","","","","","","","","","","","","","","",
"Cote d'Ivoire","CIV","Bank liquid reserves to bank assets ratio (%)","FD.RES.LIQU.AS.ZS","","","","","","","","","","","","","","","","","","","","","","","","","","","","","","","","","","","","","","","","","","6.08100564580522","6.55552593406256","10.0412006360591","13.9430932726299","8.46689283838514","2.29485681721043","8.68029597302673","9.77482925473611","11.1306497652781","10.1364222692697","22.8930906888159","13.0316743712326","12.9657805849041","14.4551244276242","14.4053285170194","9.99565026583865","8.49253784184795","10.3242943315724","14.0607650012398","16.2821548578034","19.9791508923434","19.1293449032949","11.5428540620014","15.2273423680722","20.3652556181039",
"Cote d'Ivoire","CIV","Commercial bank branches (per 100,000 adults)","FB.CBK.BRCH.P5","","","","","","","","","","","","","","","","","","","","","","","","","","","","","","","","","","","","","","","","","","","","","1.32072280593736","1.39262900038483","1.50589212042855","1.73724058832184","2.30798864366628","2.522392207094","3.94667588245925","3.93563238707842","4.11851663520164","4.05096474700281","4.21955794645085","4.49732518842147","4.6251135255138","4.76729619224232","4.65111635007688","4.62258016073424","4.52187321588625","4.40774348654138","3.90263005683853","3.7810926570962","4.19970558633927","",
"Cote d'Ivoire","CIV","Terrestrial and marine protected areas (% of total territorial area)","ER.PTD.TOTL.ZS","","","","","","","","","","","","","","","","","","","","","","","","","","","","","","","","","","","","","","","","","","","","","","","","","","","","","","14.9","14.9","14.9","14.9","14.9","14.9","14.9","14.9","14.9","14.9","14.9","14.9","14.9",
"Cote d'Ivoire","CIV","Renewable internal freshwater resources, total (billion cubic meters)","ER.H2O.INTR.K3","","76.84","76.84","76.84","76.84","76.84","76.84","76.84","76.84","76.84","76.84","76.84","76.84","76.84","76.84","76.84","76.84","76.84","76.84","76.84","76.84","76.84","76.84","76.84","76.84","76.84","76.84","76.84","76.84","76.84","76.84","76.84","76.84","76.84","76.84","76.84","76.84","76.84","76.84","76.84","76.84","76.84","76.84","76.84","76.84","76.84","76.84","76.84","76.84","76.84","76.84","76.84","76.84","76.84","76.84","76.84","76.84","76.84","76.84","76.84","76.84","76.84","76.84","","","",
"Cote d'Ivoire","CIV","Annual freshwater withdrawals, industry (% of total freshwater withdrawal)","ER.H2O.FWIN.ZS","","","","","","","","","","","","","","","","","","","","","","","","","","","","11.00141044","11.00141044","11.00141044","11.00141044","13.96837035","16.76738914","19.4123335","21.91558442","21.39837227","20.90477174","20.43320206","19.98222047","19.55050749","19.13685406","19.43655698","19.72477064","20.00214328","20.26927527","20.52672347","20.55239163","20.59427008","20.63115351","20.65860405","20.68781569","20.71896354","20.74356326","20.78338804","20.82616179","20.82616179","20.82616179","20.82616179","20.82616179","20.82616179","20.82616179","20.82616179","20.82616179","","","",
"Cote d'Ivoire","CIV","Total fisheries production (metric tons)","ER.FSH.PROD.MT","40500","42100","43600","45600","54600","59500","60800","66100","68400","67400","64302","77530","75199","60763","66690","58590","75917","67054","65012","73621","70068","75586","73753","79858","73701","101927","103648","101682","89506","99171","95100","83108","87345","70174","74095","70575","73839","67617","73390","79273","81520","77030","70676","69769","55267","43531","55696","48590","45089","44233","49738","55862","56233.206","65066.018","78556.818","102527.918","108929.211","99668.74","113637.039","110694.894","74359.197","73745.07","79603.007","85096.347","95130.248","",
"Cote d'Ivoire","CIV","Population in urban agglomerations of more than 1 million","EN.URB.MCTY","191849","208607","226856","246700","276555","309925","347377","389354","436472","489139","548246","614497","688861","771982","865269","966025","1058136","1158740","1269067","1325017","1383516","1444425","1508106","1574595","1644112","1716495","1792171","1871183","1950508","2024809","2102049","2182236","2265598","2351902","2441619","2534759","2631588","2731834","2836045","2926232","3007498","3090788","3176505","3264599","3355262","3448183","3543811","3642091","3743238","3846904","3953590","4063235","4176077","4291730","4410752","4533075","4658790","4787992","4920776","5058550","5202762","5354826","5515790","5686350","5866704","6056877",
"Cote d'Ivoire","CIV","Population living in areas where elevation is below 5 meters (% of total population)","EN.POP.EL5M.ZS","","","","","","","","","","","","","","","","","","","","","","","","","","","","","","","3.39865824890405","","","","","","","","","","3.32230675562722","","","","","","","","","","","","","","","3.26601676991083","","","","","","","","","","",
"Cote d'Ivoire","CIV","Mammal species, threatened","EN.MAM.THRD.NO","","","","","","","","","","","","","","","","","","","","","","","","","","","","","","","","","","","","","","","","","","","","","","","","","","","","","","","","","","","31","","","","34","","","",
"Cote d'Ivoire","CIV","Nitrous oxide (N2O) emissions from Waste (Mt CO2e)","EN.GHG.N2O.WA.MT.CE.AR5","","","","","","","","","","","0.0489","0.0501","0.0513","0.0504","0.0538","0.0585","0.0624","0.0666","0.0724","0.0787","0.084","0.0896","0.0893","0.0886","0.0892","0.0967","0.0989","0.1028","0.1107","0.1064","0.1119","0.1138","0.116","0.1174","0.1214","0.1277","0.132","0.1356","0.1368","0.1404","0.1423","0.1471","0.1522","0.157","0.1635","0.1687","0.173","0.1775","0.1833","0.1907","0.1986","0.2045","0.2103","0.2168","0.2272","0.2373","0.2477","0.2552","0.2641","0.2737","0.2863","0.2979","0.3077","0.3182","0.329","",
"Cote d'Ivoire","CIV","Nitrous oxide (N2O) emissions from Industrial Processes (Mt CO2e)","EN.GHG.N2O.IP.MT.CE.AR5","","","","","","","","","","","0.0654","0.0659","0.0692","0.0727","0.0742","0.0764","0.0825","0.0842","0.0901","0.0903","0.0904","0.0895","0.3183","0.3048","0.2213","0.2564","0.2809","0.2837","0.2523","0.3182","0.3389","0.3303","0.3015","0.2743","0.38","0.3832","0.3655","0.289","0.3584","0.3382","0.321","0.3727","0.3344","0.3104","0.2698","0.3868","0.3504","0.3609","0.332","0.3014","0.2992","0.3502","0.3593","0.3948","0.3348","0.3405","0.413","0.342","0.3115","0.3132","0.3363","0.381","0.3973","0.3879","0.4019","",
"Cote d'Ivoire","CIV","Nitrous oxide (N2O) emissions from Agriculture (Mt CO2e)","EN.GHG.N2O.AG.MT.CE.AR5","","","","","","","","","","","0.4433","0.4531","0.4659","0.4738","0.4817","0.5163","0.5462","0.6025","0.6146","0.637","0.6622","0.6406","0.6661","0.6576","0.6861","0.6766","0.6981","0.6967","0.7539","0.7911","0.8355","0.8721","0.9041","0.9806","1.025","1.0607","1.0873","1.2149","1.1654","1.1337","1.1481","1.1042","1.2494","1.1649","1.1689","1.184","1.2008","1.2148","1.2379","1.2688","1.2304","1.2189","1.2961","1.343","1.4265","1.4102","1.4902","1.4874","1.5505","1.7702","1.7041","1.869","1.755","1.882","1.9436","",
"Cote d'Ivoire","CIV","Net official flows from UN agencies, UNFPA (current US$)","DT.NFL.UNFP.CD","","","","","","","","","","","","","","","","","","29999.9993294477","","","409999.996423721","109999.999403954","70000.0002980232","90000.0035762787","209999.993443489","389999.985694885","330000.013113022","300000.011920929","119999.997317791","340000.003576279","340000.003576279","479999.989271164","409999.996423721","829999.983310699","889999.985694885","1399999.97615814","1529999.97138977","1850000.02384186","1240000.00953674","1460000.03814697","1070000.05245209","990000.009536743","2039999.96185303","1070000.05245209","980000.019073486","1220000.02861023","2250000","3869999.88555908","5519999.98092651","4940000.05722046","5110000.1335144","5250000","5044581.8901062","5569952.0111084","4754911.89956665","3749089.95628357","2912081.9568634","2641004.08554077","2608530.04455566","3822691.91741943","4279220.10421753","4534712.79144287","4621210.0982666","4548580.16967773","","",
"Cote d'Ivoire","CIV","Net official flows from UN agencies, UNCOVID (current US$)","DT.NFL.UNCV.CD","","","","","","","","","","","","","","","","","","","","","","","","","","","","","","","","","","","","","","","","","","","","","","","","","","","","","","","","","","","","","","","-38865.9983873367","","","",
"Cote d'Ivoire","CIV","Net official flows from UN agencies, UNCDF (current US$)","DT.NFL.UNCD.CD","","","","","","","","","","","","","","","","","","","","","","","","","","","","","","","","","","","","","","","","","","","","","","","","","","","","","","","","","","","","","","","","","","",
"Cote d'Ivoire","CIV","Net financial flows, RDB nonconcessional (NFL, current US$)","DT.NFL.RDBN.CD","","","","","","","","","","","","","739235.6","1794991.2","3771349.4","2671933","-1237195.2","5122151.5","14620430","3447196","7446367.8","-1702494.7","1379223.9","3888407.4","2059762.4","-281483.3","15967508.1","22442541.5","104354113.1","62023619.3","154558095.1","150612757.8","125411588.2","79908561","59877397.1","21265600.9","-22594130","-17675876","-38056252.3","-47832749","-35423198.7","-26412482.2","-108432664.7","1928268.1","991466.4","1028228.6","0","-36209083.5","-59613877.3","-369353601.2","-32493207.1","-27658467.9","-21013550.9","-4399553.8","-4391736","","","62261783.3","79376983.9","136296147.8","162375907.9","127463021.7","261494647.9","146894810.8","223061770.1","",
"Cote d'Ivoire","CIV","PNG, commercial banks and other creditors (NFL, current US$)","DT.NFL.PNGC.CD","","","","","","","","","","","2000000","2000000","-1000000","20000000","12000000","21000000","9000000","81000000","98000000","-50600000","120200000","168300000","-2700000","157300000","52500000","-46200000","-67300000","-111300000","52600000","149200000","70800000","45700000","12400000","1000000","-5350000","48580000","109498000","-240073000","-238000000","-237000000","-113288000","-110000000","-113561000","-115000000","-134000000","-109319000","-118393000","-166696000","79000000","155000000","169600000","182400000","576936000","-400584000","-350780000","-323075000","-29182000","-170641000","-213821000","270565000","-339509000","-200427000","-196642000","-141304000","-141206000","",
"Cote d'Ivoire","CIV","PPG, bonds (NFL, current US$)","DT.NFL.PBND.CD","","","","","","","","","","","3482000","-1518000","-3289000","6031000","-2297000","-523000","-1378000","-1793000","-1622000","-2989000","-469000","-2828000","-1222000","-1130000","-612000","-332000","0","-2697000","-694000","-596000","-826000","","","","","","","","-22816000","-45632000","-45632000","0","0","0","","","","","","","","","","","750000000","1000000000","136377000","1135786000","1927785000","403923000","477999000","959482000","-55541000","-55541000","2219567000","",
"Cote d'Ivoire","CIV","Net financial flows, multilateral (NFL, current US$)","DT.NFL.MLAT.CD","","","","","","","","","","","11728000","9505000","12936000","18155000","42918000","46958000","24400000","64021000","92837000","65963000","119503000","42023000","265336000","188399000","193549000","23986000","62204000","286812000","31393000","14320000","229212000","169859000","96995000","-140905000","290676000","54348000","17037000","-82676000","43788000","-126851000","4919000","-93039000","-4756000","-40259000","-21882000","-8418000","58223000","-70893000","-561327000","-442400000","17137000","10174000","-4102000","130615000","141389000","191376000","151076000","449322000","496833000","516822000","1093547000","1057304000","1343312000","1427007000","1171987000","",
"Cote d'Ivoire","CIV","Net financial flows, IMF concessional (NFL, current US$)","DT.NFL.IMFC.CD","","","","","","","","","","","","","","","","","","","","","","376385000","127400000","165600000","14000000","-37800000","-66550000","","","","","","","","","","","","","","","","","","","","","","","","","","","","","","","","","","","","","","","",
"Cote d'Ivoire","CIV","Net official flows from UN agencies, FAO (current US$)","DT.NFL.FAOG.CD","","","","","","","","","","","","","","","","","","","","","","","","","","","","","","","","","","","","","","","","","","","","","","","","","","","","","","474011.987447739","","","","","397459.000349045","182579.99420166","613007.009029388","553759.99212265","298281.013965607","371596.0085392","","",
"Cote d'Ivoire","CIV","Net financial flows, bilateral (NFL, current US$)","DT.NFL.BLAT.CD","","","","","","","","","","","20744394.6","39444105.6","11681505","29730017.8","-9864564.3","30792635.5","51150122.8","125323036","74012285.7","169404004.9","42324050.6","29621127.7","86914028.2","134155743","106050537.9","68049325.6","52322478.4","143227566","51024524.3","196878456.6","282227236.5","223430615.3","263944710.8","470563511.4","272390507.5","135674779.2","-62205753","-61542888","-5062341.7","-161483577.9","-135481943.2","-85097024","-90653143","-108640900.4","13924376.9","9927105.3","16824410","16497036.8","10344163.6","-6708041.2","-237459486","334468100","-129271114.9","367910312.9","157794248.9","1341377302.4","-109194846.7","90400510.1","-169458575.7","252069803.2","457076357.8","1483601631.5","554961105.7","373215709.6","-88742263.4","",
"Cote d'Ivoire","CIV","IBRD loans and IDA credits (DOD, current US$)","DT.DOD.MWBG.CD","","","","","","","","","","","4463000","10598000","17678000","28905000","49231000","73861000","88400000","127032000","182552000","235378000","313659000","348147000","547933000","726213000","775864000","972227000","1260597000","1879388000","1701932000","1660565000","1919799000","2024321345.2","1984780072.5","1865019824.5","2266736275","2386127557.5","2322842000","2144123000","2278737000","2067612000","1965118000","1816744000","2067986000","2267157000","2382617000","2185092000","2303389000","2388125000","1913668000","1823249000","1763238000","1712912000","118223000","168459000","239934000","394318000","521828000","780587000","882633000","1204145000","1882428000","2488088000","3117031000","4189122000","4877903000","",
"Cote d'Ivoire","CIV","Short-term debt (% of exports of goods, services and primary income)","DT.DOD.DSTC.XP.ZS","","","","","","","","","","","","","","","","","","","","","","","","","","","","","","","","","","","","","","","","","","","","","","10.1252635551915","19.1371061157478","19.373983485754","11.4958858067468","3.82516221253727","3.20475822223819","3.39764290983974","5.5339053641095","0","0","0","2.22870723348403","0.21176277914508","1.02615207741506","6.27801248204744","7.7465979496543","13.044501487236","9.44942105789942","15.8349068070048","18.7476671176125","",
"Cote d'Ivoire","CIV","External debt stocks, private nonguaranteed (PNG) (DOD, current US$)","DT.DOD.DPNG.CD","","","","","","","","","","","11000000","13000000","12000000","32000000","44000000","65000000","74000000","155000000","253000000","190000000","2011600000","2131700000","2300000000","2457300000","2509700000","2463500000","2396200000","2284900000","2337500000","2486700000","2557600000","2603300000","2615700000","2616700000","2611350000","2659930000","1848900000","2070563000","1832563000","1595563000","1482275000","1372275000","1258714000","1143714000","1009714000","900395000","782002000","590776000","737500000","848000000","1017600000","1332000000","2490234000","2066894000","1693359000","1369629000","1324257368.5","1238067509.3","1011319701.7","1278811004.4","990722669.1","748874699","523587840.7","393124666.4","239965437","",
"Cote d'Ivoire","CIV","External debt stocks, total (DOD, current US$)","DT.DOD.DECT.CD","","","","","","","","","","","373548111.5","514353853.5","579832810.3","863195403.9","1066224826.3","1464541780.7","1827774833.5","2572851391.8","3835985363.7","4772153135.7","7462430659.4","8140846170.9","8961395038.8","8858429060","8545882464","9658933260.7","11449812391","13577082328.8","13342278908.3","14820639273.8","17251135160","18174037181.8","18546521961.1","19070886308.1","17395169456.9","18898425486.5","19523620342.2","15608687763.3","14851815127.1","13221902540.7","12059905375.8","11620368633.5","11708673980.2","11680518563.4","13178855340.3","12010684931.6","13644008874.8","14385487798.1","12967578597.9","14894754579.1","11702345832.3","12789988721.2","9542138431.7","9853173126.4","9803934265.8","11386054127.4","11454555251.3","13445697856.3","16193842633.1","19827818563.5","25111277382.6","29772502067.3","31623476790.3","36355703861.6","40560965965.1","",
"Cote d'Ivoire","CIV","Net ODA provided to the least developed countries (% of GNI)","DC.ODA.TLDC.GN.ZS","","","","","","","","","","","","","","","","","","","","","","","","","","","","","","","","","","","","","","","","","","","","","","","","","","","","","","","","","","","","","","","","","","",
"Cote d'Ivoire","CIV","Net bilateral aid flows from DAC donors, Sweden (current US$)","DC.DAC.SWEL.CD","","","","","","","","","","","","","","","19999.9995529652","","","","","","","","","","","","","","","","","170000.001788139","","230000.004172325","","59999.9986588955","379999.995231628","150000.005960464","170000.001788139","280000.001192093","209999.993443489","109999.999403954","230000.004172325","2779999.97138977","1639999.98569489","3609999.89509583","7829999.92370605","5739999.77111816","5550000.19073486","2970000.02861023","1240000.00953674","5300000.19073486","3009999.99046326","2035696.9833374","1356351.01795197","797448.992729187","702013.01574707","1095008.01563263","1005707.02552795","1048329.94937897","951170.980930328","1332821.96521759","1292322.9932785","2698389.05334473","","",
"Cote d'Ivoire","CIV","Net bilateral aid flows from DAC donors, Poland (current US$)","DC.DAC.POLL.CD","","","","","","","","","","","","","","","","","","","","","","","","","","","","","","","","","","","","","","","","","","","","","","","","","","","","","","","","","","51860.9993159771","","8333.99966359138","","22895.9992527962","6101.99989750981","11281.0004502535","","",
"Cote d'Ivoire","CIV","Urban land area (sq. km)","AG.LND.TOTL.UR.K2","","","","","","","","","","","","","","","","","","","","","","","","","","","","","","","1763.4252376137","","","","","","","","","","2333.2620025317","","","","","","","","","","","","","","","2981.9568951999","","","","","","","","","","",
"Cote d'Ivoire","CIV","Agricultural irrigated land (% of total agricultural land)","AG.LND.IRIG.AG.ZS","","","","","","","","","","","","","","","","","","","","","","","","","","","","","","","","","","","","","","","","","","","","","","","","","","","","","","","","","","","","","","","","","","",
"Cote d'Ivoire","CIV","Urban land area where elevation is below 5 meters (% of total land area)","AG.LND.EL5M.UR.ZS","","","","","","","","","","","","","","","","","","","","","","","","","","","","","","","0.0279815187383256","","","","","","","","","","0.031213266888198","","","","","","","","","","","","","","","0.0351119233077257","","","","","","","","","","",
"Cote d'Ivoire","CIV","Permanent cropland (% of land area)","AG.LND.CROP.ZS","","3.31436477987421","3.69723899371069","3.88342767295597","4.14657547169811","4.32906918238994","4.49481761006289","4.60644025157233","4.70910377358491","4.79403459119497","4.87946855345912","5.06316352201258","5.0314465408805","5.56040566037736","5.9446572327044","6.24645911949686","6.47684591194969","7.09124842767296","7.36906918238994","7.43787106918239","7.43961635220126","7.82294339622641","8.17103459119497","8.22588050314465","8.29729559748428","8.90098742138365","9.23742767295598","9.4887106918239","10.6680440251572","9.77804716981132","11.4065911949686","10.0007578616352","9.57485849056604","11.3207547169811","9.45298742138365","11.7856918238994","11.7437389937107","11.3082012578616","11.6021855345912","12.2023962264151","12.4390377358491","10.8986352201258","11.2744088050314","11.3993742138365","13.089141509434","13.8511226415094","14.7219371069182","15.4316698113208","15.1665817610063","15.0691949685535","15.1068773584906","15.571248427673","18.0204622641509","18.3711572327044","20.0759968553459","23.3086729559748","22.0285440251572","23.6686006289308","27.0132672955975","25.7220125786164","26.3311320754717","26.411320754717","28.0993710691824","29.8625786163522","","",
"Cote d'Ivoire","CIV","Arable land (hectares)","AG.LND.ARBL.HA","","1680000","1680000","1680000","1680000","1680000","1680000","1700000","1700000","1700000","1700000","1700000","1710000","1740000","1775000","1815000","1840000","1880000","1910000","1925000","1955000","1970000","1990000","2034000","2301000","2380000","2380000","2400000","2420000","2420000","2430000","2450000","2600000","2902000","3000000","3000000","3000000","2900000","2900000","2800000","2800000","2800000","2800000","2800000","2800000","2800000","2800000","2900000","2900000","2900000","2900000","2900000","3000000","3500000","3500000","3853748.2","3780593.4","3983409.9","4076560.5","4339656.8","4335140.7","4389798.8","4508951.5","4803009.7","","",
"Cote d'Ivoire","CIV","Fertilizer consumption (% of fertilizer production)","AG.CON.FERT.PT.ZS","","","","","","","","","","","1137.44444444444","430.129020534254","286.82489254345","262.129865565416","230.181926632866","628.333333333333","717.307692307692","770.967741935484","585.714285714286","707.971830985916","602.245661789724","1044.68085106383","675.862068965517","1077.14285714286","768.518518518518","902.173913043478","638.297872340426","876","1833.33333333333","1400","2466.66666666667","1548","1370.37037037037","2160","","","","","","","","","","","","","","","","","","","","","","","","","","","","","","","","",
"Cote d'Ivoire","CIV","Unemployment, male (% of male labor force) (modeled ILO estimate)","SL.UEM.TOTL.MA.ZS","","","","","","","","","","","","","","","","","","","","","","","","","","","","","","","","6.534","6.642","5.817","5.001","4.057","3.991","3.911","4.047","4.368","4.785","5.148","5.462","5.803","5.863","5.964","5.948","6.213","6.304","6.491","6.515","7.062","7.132","3.558","2.724","2.133","1.561","2.849","2.413","1.949","2.248","2.365","2.112","2.067","2.075","2.093",
"Cote d'Ivoire","CIV","Share of youth not in education, employment or training, total (% of youth population)","SL.UEM.NEET.ZS","","","","","","","","","","","","","","","","","","","","","","","","","","","","","","","","","","","","","","","","","","","","","","","","","","","","","22.756","17.511","","","25.759","34.827","","21.917","","","18.834","","","",
"Cote d'Ivoire","CIV","Share of youth not in education, employment or training, female (% of female youth population)","SL.UEM.NEET.FE.ZS","","","","","","","","","","","","","","","","","","","","","","","","","","","","","","","","","","","","","","","","","","","","","","","","","","","","","28.199","24.452","","","36.049","44.161","","31.457","","","24.568","","","",
"Cote d'Ivoire","CIV","Unemployment with intermediate education, female (% of female labor force with intermediate education)","SL.UEM.INTM.FE.ZS","","","","","","","","","","","","","","","","","","","","","","","","","","","","","","","","","","","","","","","13.296","","","","","","","","","","","","","","24.802","19.773","","","12.585","8.305","","9.042","","","8.639","","","",
"Cote d'Ivoire","CIV","Unemployment with advanced education (% of total labor force with advanced education)","SL.UEM.ADVN.ZS","","","","","","","","","","","","","","","","","","","","","","","","","","","","","","","","","","","","","","","7.085","","","","","","","","","","","","","","27.409","7.658","","","8.846","12.389","","6.653","","","10.51","","","",
"Cote d'Ivoire","CIV","Unemployment, youth total (% of total labor force ages 15-24) (national estimate)","SL.UEM.1524.NE.ZS","","","","","","","","","","","","","","","","","","","","","","","","","","","","","","","","","","","","","","","4.801","","","","","","","","","","","","","","9.747","6.497","","","2.048","5.52","","4.066","","","4.386","","","",
"Cote d'Ivoire","CIV","Unemployment, youth female (% of female labor force ages 15-24) (national estimate)","SL.UEM.1524.FE.NE.ZS","","","","","","","","","","","","","","","","","","","","","","","","","","","","","","","","","","","","","","","3.924","","","","","","","","","","","","","","9.326","7.54","","","2.938","6.488","","4.856","","","4.853","","","",
"Cote d'Ivoire","CIV","Part time employment, male (% of total male employment)","SL.TLF.PART.MA.ZS","","","","","","","","","","","","","","","","","","","","","","","","","","","","","","","","","","","","","","","","","","","","","","","","","","","","","20.698","33.572","","","25.313","23.642","","28.236","","","35.478","","","",
"Cote d'Ivoire","CIV","Labor force with intermediate education, female (% of female working-age population with intermediate education)","SL.TLF.INTM.FE.ZS","","","","","","","","","","","","","","","","","","","","","","","","","","","","","","","","","","","","","","","34.529","","","","","","","","","","","","","","35.005","54.656","","","42.742","36.399","","50.709","","","52.794","","","",
"Cote d'Ivoire","CIV","Labor force participation rate, male (% of male population ages 15+) (national estimate)","SL.TLF.CACT.MA.NE.ZS","","","","","89.38","","","","","","55.677","","","","","91.7","","","91.212","","","","","","","","","","88.723","","","","","","","","","","79.884","","","","","","","","","","","","","","72.034","80.899","","","75.19","65.658","","72.836","","","75.527","","","",
"Cote d'Ivoire","CIV","Labor force participation rate, female (% of female population ages 15+) (national estimate)","SL.TLF.CACT.FE.NE.ZS","","","","","73.856","","","","","","58.797","","","","","45.3","","","64.551","","","","","","","","","","42.015","","","","","","","","","","47.395","","","","","","","","","","","","","","62.524","69.578","","","58.292","46.172","","56.236","","","59.58","","","",
"Cote d'Ivoire","CIV","Labor force with advanced education (% of total working-age population with advanced education)","SL.TLF.ADVN.ZS","","","","","","","","","","","","","","","","","","","","","","","","","","","","","","","","","","","","","","","69.629","","","","","","","","","","","","","","76.357","83.308","","","64.941","42.014","","76.378","","","73.752","","","",
"Cote d'Ivoire","CIV","Labor force participation rate, male (% of male population ages 15-64) (modeled ILO estimate)","SL.TLF.ACTI.MA.ZS","","","","","","","","","","","","","","","","","","","","","","","","","","","","","","","82.808","82.678","82.52","82.355","82.186","82.052","81.929","81.831","81.724","81.133","80.541","79.94","79.33","78.712","78.087","77.456","76.817","76.173","75.505","74.83","74.167","73.516","72.876","73.672","74.45","75.218","75.986","75.308","74.629","73.952","73.901","75.094","75.638","75.462","75.277","75.254",
"Cote d'Ivoire","CIV","Labor force participation rate for ages 15-24, male (%) (modeled ILO estimate)","SL.TLF.ACTI.1524.MA.ZS","","","","","","","","","","","","","","","","","","","","","","","","","","","","","","","66.345","65.882","65.365","64.847","64.32","63.823","63.36","62.949","62.585","61.816","61.039","60.256","59.47","58.681","57.889","57.095","56.298","55.498","54.659","53.774","52.876","51.97","51.06","51.703","52.367","53.026","53.639","51.656","49.692","47.749","44.582","42.161","40.618","40.288","39.937","39.51",
"Cote d'Ivoire","CIV","Children in employment, total (% of children ages 7-14)","SL.TLF.0714.ZS","","","","","","","","","","","","","","","","","","","","","","","","","","","","","","","","","","","","","","","","","40.7","","","","","","45.7","","","","","","36.5","","","","","","","","","","","","","",
"Cote d'Ivoire","CIV","Average working hours of children, working only, male, ages 7-14 (hours per week)","SL.TLF.0714.WK.MA.TM","","","","","","","","","","","","","","","","","","","","","","","","","","","","","","","","","","","","","","","","","","","","","","","","","","","","","24.1","","","","","","","","","","","","","",
"Cote d'Ivoire","CIV","Average working hours of children, study and work, ages 7-14 (hours per week)","SL.TLF.0714.SW.TM","","","","","","","","","","","","","","","","","","","","","","","","","","","","","","","","","","","","","","","","","","","","","","","","","","","","","10","","","","","","","","","","","","","",
"Cote d'Ivoire","CIV","Average working hours of children, study and work, female, ages 7-14 (hours per week)","SL.TLF.0714.SW.FE.TM","","","","","","","","","","","","","","","","","","","","","","","","","","","","","","","","","","","","","","","","","","","","","","","","","","","","","9.1","","","","","","","","","","","","","",
"Cote d'Ivoire","CIV","Employment in services, male (% of male employment) (modeled ILO estimate)","SL.SRV.EMPL.MA.ZS","","","","","","","","","","","","","","","","","","","","","","","","","","","","","","","","33.8160511284856","33.9695555817769","34.160681007997","34.4921729466325","34.6989465432352","34.925722643765","35.3048129778301","35.5211040430927","35.7404211841929","35.7569095988942","35.6609036272785","35.6034308827104","35.546804820726","35.8844168585196","36.088441398488","36.2135182548119","36.3784347049904","36.5647892442037","36.8894648179344","37.1310298302401","37.1430692273484","37.7957131470069","38.5224735704759","36.8498813943172","35.1530354900283","33.661439879687","34.5337777844003","35.2050924595396","36.0296952753028","34.369318631181","33.8259248525484","34.0828311796998","34.6380946159452","35.1299046813008","35.6592618514899",
"Cote d'Ivoire","CIV","Child employment in services, female (% of female economically active children ages 7-14)","SL.SRV.0714.FE.ZS","","","","","","","","","","","","","","","","","","","","","","","","","","","","","","","","","","","","","","","","","","","","","","","","","","","","","","","","","","","","","","","","","","",
"Cote d'Ivoire","CIV","Child employment in manufacturing (% of economically active children ages 7-14)","SL.MNF.0714.ZS","","","","","","","","","","","","","","","","","","","","","","","","","","","","","","","","","","","","","","","","","","","","","","","","","","","","","","","","","","","","","","","","","","",
"Cote d'Ivoire","CIV","Employment in industry, male (% of male employment) (modeled ILO estimate)","SL.IND.EMPL.MA.ZS","","","","","","","","","","","","","","","","","","","","","","","","","","","","","","","","13.5726560978996","13.3985655959915","13.2277576934485","13.1066727973063","13.2271465293676","13.3785262100751","13.6024535421892","13.6110406558841","13.5605724353875","13.392319060427","13.1458893648684","12.8978482580544","12.5366061640302","12.5824312715221","12.5187260134761","12.5223501467187","12.430538813586","12.4994831376391","12.525239435956","12.6250391925825","12.1061724348485","12.3638368477985","12.7206349966392","12.1156917936067","11.216714312184","10.3011643877692","11.3579394206067","12.3006747337311","13.4774042646948","13.9084084135715","14.4491771690857","14.6836804241501","15.0037025231961","15.3076706284914","15.6348259890052",
"Cote d'Ivoire","CIV","Contributing family workers, male (% of male employment) (modeled ILO estimate)","SL.FAM.WORK.MA.ZS","","","","","","","","","","","","","","","","","","","","","","","","","","","","","","","","15.0882868630739","15.2408458506422","15.4657691209966","15.7446346637066","15.8567516627571","15.839088069269","15.6592537327374","15.5072860702799","15.304260823767","15.1737267476646","15.1483628382866","15.226276320883","15.444780395695","15.5122756561679","15.5409706034128","15.4826259783027","15.4088521794226","15.2232869721984","14.800947141494","14.30063064636","14.1115335091739","13.6862902247145","9.59329304616875","9.14365527199335","8.65942572446185","8.14638430059373","10.3372019151478","9.84236195411124","9.32433614772473","9.87617266563541","9.79464082901879","9.59785158384947","9.39423601912247","9.18581103082806","9.11842120151914",
"Cote d'Ivoire","CIV","Children in employment, unpaid family workers, female (% of female children in employment, ages 7-14)","SL.FAM.0714.FE.ZS","","","","","","","","","","","","","","","","","","","","","","","","","","","","","","","","","","","","","","","","","","","","","","","89.52","","","","","","85.89","","","","","","","","","","","","","",
"Cote d'Ivoire","CIV","Vulnerable employment, total (% of total employment) (modeled ILO estimate)","SL.EMP.VULN.ZS","","","","","","","","","","","","","","","","","","","","","","","","","","","","","","","","81.0320705322786","81.0793232765786","81.1184099939558","81.1800822666465","81.096261445787","80.9275601442493","80.5506411434275","80.3806098044618","80.1505456997365","80.0593692209323","80.1828797157392","80.1512714068716","80.183504808044","80.1617481615116","80.1362493378695","79.9846875006817","79.8555069716699","79.6052882972561","79.0661801742685","78.6679641701152","78.3453576928986","77.9447888641947","75.8313713974169","74.5592847189172","73.3441705576149","72.0563509033746","72.6860894072429","71.6948683588411","70.6320372605902","71.4382740457868","70.8756847520827","70.4359456335626","70.107152568218","69.7788944609996","69.4313812267754",
"Cote d'Ivoire","CIV","Employment to population ratio, 15+, total (%) (national estimate)","SL.EMP.TOTL.SP.NE.ZS","","","","","","","","","","","","","","","","","","","","","","","","","","","","","","","","","","","","44.355","","","62.087","","","","","","","","","","","","","","62.411","72.142","","","65.562","54.227","","63.131","","","65.598","","","",
"Cote d'Ivoire","CIV","Employment to population ratio, 15+, female (%) (national estimate)","SL.EMP.TOTL.SP.FE.NE.ZS","","","","","","","","","","","","","","","","","","","","","","","","","","","","","","","","","","","","","","","46.32","","","","","","","","","","","","","","57.941","66.024","","","56.925","44.385","","54.542","","","58.058","","","",
"Cote d'Ivoire","CIV","Self-employed, female (% of female employment) (modeled ILO estimate)","SL.EMP.SELF.FE.ZS","","","","","","","","","","","","","","","","","","","","","","","","","","","","","","","","93.4035428773832","93.3443405961612","93.2850143712063","93.2323321673795","93.1569326392046","93.0474801333154","92.874528186005","92.71531434087","92.4852913602895","92.2821268192763","92.1289593678542","91.9471372787667","91.7925336408804","91.6464140304579","91.4659439439964","91.2367956928082","91.0160557471068","90.7688578103902","90.2610978212065","89.7873309190542","89.4799960454099","89.1032657293256","86.7058915029743","85.9365065898804","85.128225274786","84.2745099175282","81.9521654722155","82.2425731833723","82.5923326280303","82.8977792840166","82.3449922078993","81.8551679621582","81.5409757923165","81.2162298537811","80.9148733526235",
"Cote d'Ivoire","CIV","Employment to population ratio, ages 15-24, total (%) (modeled ILO estimate)","SL.EMP.1524.SP.ZS","","","","","","","","","","","","","","","","","","","","","","","","","","","","","","","","49.204","48.838","49.1","49.338","49.621","49.302","49.018","48.682","48.438","48.149","47.888","47.651","47.403","47.28","47.141","47.055","46.845","46.711","46.532","46.422","46.074","45.936","47.087","47.167","47.107","47.038","44.114","43.005","41.902","38.868","37.001","35.582","35.507","35.403","35.083",
"Cote d'Ivoire","CIV","Employment to population ratio, ages 15-24, female (%) (modeled ILO estimate)","SL.EMP.1524.SP.FE.ZS","","","","","","","","","","","","","","","","","","","","","","","","","","","","","","","","38.876","38.619","38.839","39.046","39.26","39.021","38.8","38.568","39.037","39.471","39.922","40.388","40.844","41.401","41.949","42.546","43.045","43.659","44.281","44.967","45.432","46.077","45.196","43.943","42.458","40.929","38.625","37.981","37.362","34.611","33.363","31.879","32.049","32.212","31.892",
"Cote d'Ivoire","CIV","Employment in agriculture, female (% of female employment) (modeled ILO estimate)","SL.AGR.EMPL.FE.ZS","","","","","","","","","","","","","","","","","","","","","","","","","","","","","","","","44.8984130775916","44.824915725644","44.8124962841119","44.6723954815432","44.3551464077399","43.9866557580097","43.4332236920257","43.2091070696684","43.060944973955","43.1238997891212","43.3294968676851","43.5991277448146","43.9609000429271","43.5120502250418","43.317513901988","43.1756311450516","43.0782011706839","42.8275273966714","42.4932161419031","42.1225146664884","42.8146001057661","41.9843749139566","40.9558022901516","43.725066497657","46.4045728709227","48.6540445775762","45.5504684149395","42.7641875555558","39.6692962395401","42.1312023640776","43.4708220563665","43.6397037786592","42.7308701836762","41.9168248960919","40.9805010797492",
"Cote d'Ivoire","CIV","Prosperity gap (average shortfall from a prosperity standard of $28/day)","SI.SPR.PGAP","","","","","","","","","","","","","","","","","","","","","","","","","","5.9","5.2","6.1","7.2","","","","9.8","","","9.1","","","10.3","","","","10.3","","","","","","11.9","","","","","","","11.3","","","6.8","","","6.7","","","","",
"Cote d'Ivoire","CIV","Survey mean consumption or income per capita, bottom 40% of population (2021 PPP $ per day)","SI.SPR.PC40","","","","","","","","","","","","","","","","","","","","","","","","","","","","","","","","","","","","","","","","","","","","","","","","","","","","","","","","","","","2.85","","","2.92","","","","",
"Cote d'Ivoire","CIV","Poverty headcount ratio at $8.30 a day (2021 PPP) (% of population)","SI.POV.UMIC","","","","","","","","","","","","","","","","","","","","","","","","","","59.8","66.7","73.3","80.5","","","","86.6","","","88.2","","","89.1","","","","88.3","","","","","","88.2","","","","","","","89.8","","","79","","","80.9","","","","",
"Cote d'Ivoire","CIV","Multidimensional poverty headcount ratio (UNDP & OPHI) (% of population)","SI.POV.MPUN","","","","","","","","","","","","","","","","","","","","","","","","","","","","","","","","","","","","","","","","","","","","","","","","","","","","","","","","","","","","","","42.8","","","","",
"Cote d'Ivoire","CIV","Poverty gap at $3.00 a day (2021 PPP) (%)","SI.POV.GAPS","","","","","","","","","","","","","","","","","","","","","","","","","","4.2","2.2","4.3","6.4","","","","13.3","","","11.9","","","15","","","","14.3","","","","","","18.2","","","","","","","17","","","5.2","","","4.7","","","","",
"Cote d'Ivoire","CIV","Proportion of people living below 50 percent of median income (%)","SI.DST.50MD","","","","","","","","","","","","","","","","","","","","","","","","","","17.4","11.3","13.7","12.6","","","","16","","","12.8","","","14.3","","","","13","","","","","","17.4","","","","","","","15.4","","","12.1","","","10.1","","","","",
"Cote d'Ivoire","CIV","Income share held by third 20%","SI.DST.03RD.20","","","","","","","","","","","","","","","","","","","","","","","","","","13.8","15.2","14.8","15.5","","","","15.3","","","14.5","","","15.2","","","","13.7","","","","","","14.2","","","","","","","14.6","","","15.4","","","15.7","","","","",
"Cote d'Ivoire","CIV","UHC service coverage sub-index on infectious diseases","SH_UHC_SCI_ID","","","","","","","","","","","","","","","","","","","","","","","","","","","","","","","","","","","","","","","","","10","9","8","7","7","8","10","14","17","18","16","32","30","25","40","47","43","48","51","46","38","45","45","42","","",
"Cote d'Ivoire","CIV","Proportion of population facing large (but non-impoverishing) out-of-pocket health expenditure (%)","SH_UHC_FH40_LARGE","","","","","","","","","","","","","","","","","","","","","","","","","","5.52","6.3","4.76","5.55","","","","4.95","","","","","","9.18","","","","5.75","","","","","","4.98","","","","","","","3.04","","","3.43","","","4.69","","","","",
"Cote d'Ivoire","CIV","Domestic private health expenditure per capita, PPP (current international $)","SH.XPD.PVTD.PP.CD","","","","","","","","","","","","","","","","","","","","","","","","","","","","","","","","","","","","","","","","","80.588964420843","82.1527849423604","79.0981880881358","87.4062896435261","90.8813675478125","91.6166426835274","92.3076669768627","91.3017895575086","90.0998295852764","105.543940423856","108.244832237708","100.899476153763","100.308152834063","97.5424402402979","99.9307535776791","87.817250271972","89.3512794966775","88.6936645186305","89.6876990445305","99.9199013135191","99.8286695505321","100.938251330322","119.805947388749","118.050526767567","","",
"Cote d'Ivoire","CIV","Out-of-pocket expenditure per capita (current US$)","SH.XPD.OOPC.PC.CD","","","","","","","","","","","","","","","","","","","","","","","","","","","","","","","","","","","","","","","","","22.83772456","23.61691029","24.68558351","33.33094055","36.23315831","35.83122661","35.7619558","38.60651593","42.39537391","40.81006816","39.56155059","40.24686192","36.88583673","37.70059215","38.02930579","24.88568048","24.75054913","25.01125786","25.8809812","25.45065106","25.26659012","26.21002398","27.63403329","28.05192735","","",
"Cote d'Ivoire","CIV","Domestic general government health expenditure (% of general government expenditure)","SH.XPD.GHED.GE.ZS","","","","","","","","","","","","","","","","","","","","","","","","","","","","","","","","","","","","","","","","","4.55759859","4.45654726","4.14795876","4.06708717","4.14515257","3.89134884","3.85718441","4.57922173","4.65788126","5.82132435","5.80678844","4.39369249","4.62200308","4.58988285","5.11125422","4.8747077","4.85199261","5.15028763","5.11727667","5.60127592","6.53835297","7.77389526","6.82223606","6.58320475","","",
"Cote d'Ivoire","CIV","External health expenditure per capita (current US$)","SH.XPD.EHEX.PC.CD","","","","","","","","","","","","","","","","","","","","","","","","","","","","","","","","","","","","","","","","","0.60222406","0.61326725","0.7312436","2.17890492","1.50492082","1.85188158","1.79505786","5.2156113","8.25392021","7.05621738","7.14480525","8.2869887","10.93515366","5.84717437","10.01730159","7.6442152","9.23549775","8.31309102","8.08826906","8.87882526","10.69676466","12.33494619","8.88197561","10.375159","","",
"Cote d'Ivoire","CIV","Current health expenditure (% of GDP)","SH.XPD.CHEX.GD.ZS","","","","","","","","","","","","","","","","","","","","","","","","","","","","","","","","","","","","","","","","","3.61476922","3.59047151","3.54146051","3.95147705","4.02148724","3.96639085","3.92861462","4.19379663","4.1387105","4.63971424","4.57494831","4.39700699","4.4273715","3.71773791","3.7310183","3.2198832","3.32101274","3.24693036","3.0916779","3.18916845","3.62327886","3.76207662","3.63847613","3.43218303","","",
"Cote d'Ivoire","CIV","Tuberculosis treatment success rate (% of new cases)","SH.TBS.CURE.ZS","","","","","","","","","","","","","","","","","","","","","","","","","","","","","","","","","","","","","","","","","57","72","65","72","69","74","73","71","75","77","75","76","79","80","79","80","82","83","84","84","84","85","87","88","","",
"Cote d'Ivoire","CIV","Prevalence of wasting, weight for height (% of children under 5)","SH.STA.WAST.ZS","","","","","","","","","","","","","","","","","","","","","","","","","","","8.5","","","","","","","","9.4","","","","6.9","","","","","","","","","14.3","","","","5.3","7.6","","","","6.1","","","","","8.1","","","","",
"Cote d'Ivoire","CIV","Mortality caused by road traffic injury (per 100,000 population)","SH.STA.TRAF.P5","","","","","","","","","","","","","","","","","","","","","","","","","","","","","","","","","","","","","","","","","25.4","25.3","25.4","25.9","26.5","26.3","25.8","25.4","25.4","25.5","25.8","25.8","24","23.5","23","23.2","23.4","23.6","23.9","24.1","","","","","","",
"Cote d'Ivoire","CIV","Trademark applications, nonresident, by count","IP.TMK.NRCT","","","","","","","","","","","","","","","","","","","","","","","","","","","","","","","","","","","","","","","","","","","","","","","","","","","","","","","","","","","","","","","","","","",
"Cote d'Ivoire","CIV","Industrial design applications, resident, by count","IP.IDS.RSCT","","","","","","","","","","","","","","","","","","","","","","","","","","","","","","","","","","","","","","","","","","","","","","","","","","","","","","","","","","","","","","","","","","",
"Cote d'Ivoire","CIV","Public private partnerships investment in ICT (current US$)","IE.PPN.ICTI.CD","","","","","","","","","","","","","","","","","","","","","","","","","","","","","","","","","","","","","","","","","","","","","","","","","","","","","87500000","","","","","","","","","","","24285714.2857143","","",
"Cote d'Ivoire","CIV","Investment in ICT with private participation (current US$)","IE.PPI.ICTI.CD","","","","","","","","","","","","","","","","","","","","","","","","","","","","","","","","","","","","","","684000000","","","","","","","","","","","","","","","87500000","","","","","","","","","","","24285714.2857143","","",
"Cote d'Ivoire","CIV","Management practices index","IC.MNG.IND","","","","","","","","","","","","","","","","","","","","","","","","","","","","","","","","","","","","","","","","","","","","","","","","","","","","","","","","","","","","","","","","41.69805527","","",
"Cote d'Ivoire","CIV","Value lost due to electrical outages (% of sales for affected firms)","IC.FRM.OUTG.ZS","","","","","","","","","","","","","","","","","","","","","","","","","","","","","","","","","","","","","","","","","","","","","","","","","","0","","","","","","","0","","","","","","","2","","",
"Cote d'Ivoire","CIV","Firms formally registered when operations started (% of firms)","IC.FRM.FREG.ZS","","","","","","","","","","","","","","","","","","","","","","","","","","","","","","","","","","","","","","","","","","","","","","","","","","56.36812973","","","","","","","87.86122894","","","","","","","47.85806274","","",
"Cote d'Ivoire","CIV","Firms exporting directly at least 10% of sales (% of firms)","IC.FRM.EXS.ZS","","","","","","","","","","","","","","","","","","","","","","","","","","","","","","","","","","","","","","","","","","","","","","","","","","2.246142387","","","","","","","6.195561409","","","","","","","9.50622654","","",
"Cote d'Ivoire","CIV","Firms that are fully credit constrained (% of firms)","IC.FRM.CRDC.FL.ZS","","","","","","","","","","","","","","","","","","","","","","","","","","","","","","","","","","","","","","","","","","","","","","","","","","","","","","","","","34.44329834","","","","","","","25.14336395","","",
"Cote d'Ivoire","CIV","Firms that use a third party to resolve commercial disputes (% of firms)","IC.FRM.CDP.ZS","","","","","","","","","","","","","","","","","","","","","","","","","","","","","","","","","","","","","","","","","","","","","","","","","","","","","","","","","","","","","","","","37.53351212","","",
"Cote d'Ivoire","CIV","Firms using banks to finance working capital (% of firms)","IC.FRM.BKWC.ZS","","","","","","","","","","","","","","","","","","","","","","","","","","","","","","","","","","","","","","","","","","","","","","","","","","8.29460907","","","","","","","15.25052261","","","","","","","25.43438911","","",
"Cote d'Ivoire","CIV","Average time to clear exports through customs (days)","IC.CUS.DURS.EX","","","","","","","","","","","","","","","","","","","","","","","","","","","","","","","","","","","","","","","","","","","","","","","","","","18.38994408","","","","","","","19.56685829","","","","","","","17.814394","","",
"Cote d'Ivoire","CIV","B-READY: Utility Services Pillar 2: Quality of Governance and Transparency of Utility Services","IC.BRE.US.P2","","","","","","","","","","","","","","","","","","","","","","","","","","","","","","","","","","","","","","","","","","","","","","","","","","","","","","","","","","","","","","","","","59.1287861168385","",
"Cote d'Ivoire","CIV","B-READY: Taxation Pillar 2: Public Services Provided by the Tax Administration","IC.BRE.TX.P2","","","","","","","","","","","","","","","","","","","","","","","","","","","","","","","","","","","","","","","","","","","","","","","","","","","","","","","","","","","","","","","","","43.9930555555555","",
"Cote d'Ivoire","CIV","B-READY: Pillar 2: Public Services","IC.BRE.P2.PS","","","","","","","","","","","","","","","","","","","","","","","","","","","","","","","","","","","","","","","","","","","","","","","","","","","","","","","","","","","","","","","","","40.3023605346679","",
"Cote d'Ivoire","CIV","B-READY: Market Competition Pillar 1: Quality of Regulations that Promote Market Competition","IC.BRE.MC.P1","","","","","","","","","","","","","","","","","","","","","","","","","","","","","","","","","","","","","","","","","","","","","","","","","","","","","","","","","","","","","","","","","55.5879321694374","",
"Cote d'Ivoire","CIV","B-READY: Labor Pillar 1: Quality of Labor Regulations","IC.BRE.LB.P1","","","","","","","","","","","","","","","","","","","","","","","","","","","","","","","","","","","","","","","","","","","","","","","","","","","","","","","","","","","","","","","","","80.9166666666666","",
"Cote d'Ivoire","CIV","B-READY: International Trade Pillar 1: Quality of Regulations for International Trade","IC.BRE.IT.P1","","","","","","","","","","","","","","","","","","","","","","","","","","","","","","","","","","","","","","","","","","","","","","","","","","","","","","","","","","","","","","","","","77.0788082093868","",
"Cote d'Ivoire","CIV","B-READY: Financial Services Pillar 1: Quality of Regulations for Financial Services","IC.BRE.FS.P1","","","","","","","","","","","","","","","","","","","","","","","","","","","","","","","","","","","","","","","","","","","","","","","","","","","","","","","","","","","","","","","","","53.5138887465","",
"Cote d'Ivoire","CIV","B-READY: Dispute Resolution Pillar 1: Quality of Regulations for Dispute Resolution","IC.BRE.DR.P1","","","","","","","","","","","","","","","","","","","","","","","","","","","","","","","","","","","","","","","","","","","","","","","","","","","","","","","","","","","","","","","","","72.8680877685547","",
"Cote d'Ivoire","CIV","B-READY: Business Location Pillar 1: Quality of Regulations for Business Location","IC.BRE.BL.P1","","","","","","","","","","","","","","","","","","","","","","","","","","","","","","","","","","","","","","","","","","","","","","","","","","","","","","","","","","","","","","","","","58.4649126455188","",
"Cote d'Ivoire","CIV","B-READY: Business Insolvency Pillar 1: Quality of Regulations for Judicial Insolvency Proceedings","IC.BRE.BI.P1","","","","","","","","","","","","","","","","","","","","","","","","","","","","","","","","","","","","","","","","","","","","","","","","","","","","","","","","","","","","","","","","","71.55556","",
"Cote d'Ivoire","CIV","B-READY: Business Entry Pillar 1: Quality of Regulations for Business Entry","IC.BRE.BE.P1","","","","","","","","","","","","","","","","","","","","","","","","","","","","","","","","","","","","","","","","","","","","","","","","","","","","","","","","","","","","","","","","","87.6190470457077","",
"Cote d'Ivoire","CIV","Human capital index plus (HCI+): overall score, female (scale 0–325)","HD_HCIP_OVRL_FE","","","","","","","","","","","","","","","","","","","","","","","","","","","","","","","","","","","","","","","","","","","","","","","","","","","","","","","","101.279553366191","","","","","99.3976590127346","","","","","105.993266552249",
"Cote d'Ivoire","CIV","Human capital index plus (HCI+): health pillar score, total (scale 0–50)","HD_HCIP_HLTH_TO","","","","","","","","","","","","","","","","","","","","","","","","","","","","","","","","","","","","","","","","","","","","","","","","","","","31.5064044570923","","","","","33.2094443750382","","","","","35.8659415948391","","","","","36.3234080457687",
"Cote d'Ivoire","CIV","Human capital index plus (HCI+): education pillar score, male (scale 0–188)","HD_HCIP_EDUC_MA","","","","","","","","","","","","","","","","","","","","","","","","","","","","","","","","","","","","","","","","","","","","","","","","","","","42.8361371934256","","","","","49.0215662779072","","","","","48.8189254868981","","","","","48.4614791202533",
"Cote d'Ivoire","CIV","Voice and Accountability - Governance estimate (approx. -2.5 to +2.5)","GOV_WGI_VA_EST","","","","","","","","","","","","","","","","","","","","","","","","","","","","","","","","","","","","","-0.940670999999999","","-0.9934396","","-1.3448981","","-1.3188531","-1.3283264","-1.4467678","-1.4000496","-1.214029","-1.1765373","-1.1206325","-1.0596368","-1.0250035","-1.0268298","-0.838305","-0.8051769","-0.6838095","-0.602650599999999","-0.628304099999999","-0.5960906","-0.480761799999999","-0.464221999999999","-0.666806999999999","-0.7085168","-0.6597367","-0.6434413","-0.6166747","",
"Cote d'Ivoire","CIV","Regulatory Quality - Governance estimate (approx. -2.5 to +2.5)","GOV_WGI_RQ_EST","","","","","","","","","","","","","","","","","","","","","","","","","","","","","","","","","","","","","-0.7691152","","-0.429145699999999","","-1.1396102","","-0.568995199999999","-0.655776199999999","-1.1803905","-1.115689","-0.951191599999999","-0.965976899999999","-0.9337031","-0.8970193","-0.9544514","-0.9415677","-0.797894","-0.7101269","-0.5486818","-0.4458059","-0.4435669","-0.4052154","-0.297267","-0.3160613","-0.321199499999999","-0.289141","-0.2155259","-0.1888771","-0.1669572","",
"Cote d'Ivoire","CIV","Rule of Law - Governance estimate (approx. -2.5 to +2.5)","GOV_WGI_RL_EST","","","","","","","","","","","","","","","","","","","","","","","","","","","","","","","","","","","","","-0.806346","","-0.9789926","","-1.2604893","","-1.3787812","-1.37970789999999","-1.4491895","-1.5406218","-1.43173819999999","-1.4040723","-1.3937418","-1.2252638","-1.2583646","-1.3422528","-1.03930259999999","-0.9376194","-0.6596147","-0.6916479","-0.679972399999999","-0.694249799999999","-0.6230846","-0.599899499999999","-0.618331","-0.6527655","-0.6021757","-0.6022948","-0.578144099999999","",
"Cote d'Ivoire","CIV","Political Stability - Governance estimate (approx. -2.5 to +2.5)","GOV_WGI_PV_EST","","","","","","","","","","","","","","","","","","","","","","","","","","","","","","","","","","","","","-0.0382555","","-0.332789499999999","","-1.2897456","","-2.2833426","-2.0672136","-2.2064965","-2.3486525","-1.90764699999999","-1.9248477","-1.8314441","-0.960599299999999","-1.84989379999999","-1.6395136","-1.5191192","-1.2086343","-1.0370019","-0.7838544","-0.8652379","-1.0411412","-0.9182691","-1.0134615","-1.16712789999999","-0.895587799999999","-0.716317499999999","-0.7874489","-0.8438331","",
"Cote d'Ivoire","CIV","Government Effectiveness - Governance estimate (approx. -2.5 to +2.5)","GOV_WGI_GE_EST","","","","","","","","","","","","","","","","","","","","","","","","","","","","","","","","","","","","","0.2677542","","-0.3071658","","-1.1469455","","-1.31375439999999","-1.31877009999999","-1.6168878","-1.5345441","-1.37833769999999","-1.40156179999999","-1.3605844","-1.1486226","-1.25140649999999","-1.20852","-1.06664579999999","-0.9238056","-0.721840199999999","-0.5999604","-0.610353199999999","-0.5958625","-0.5079239","-0.489134199999999","-0.4875808","-0.5005974","-0.354842","-0.3185096","-0.3157177","",
"Cote d'Ivoire","CIV","CPIA business regulatory environment rating (1=low to 6=high)","IQ.CPA.BREG.XQ","","","","","","","","","","","","","","","","","","","","","","","","","","","","","","","","","","","","","","","","","","","","","","3","3","3","3","3","3","3","3","3","3","3","3","3","3.5","3","3.5","3.5","3.5","3.5","3.5","3.5",
"Cote d'Ivoire","CIV","Patent applications, nonresidents","IP.PAT.NRES","","","","","","","","","","","","","","","","","","","","","","","","","","","","","","","","","","","","","","","","","","","","","","","","","","","","","1","","","","","","","","","","","","","",
"Cote d'Ivoire","CIV","Public private partnerships investment in water and sanitation (current US$)","IE.PPN.WATR.CD","","","","","","","","","","","","","","","","","","","","","","","","","","","","","","","","","","","","","","","","","","","","","","","","","","","","","","","","","","","","","192310000","","","","","",
"Cote d'Ivoire","CIV","Investment in water and sanitation with private participation (current US$)","IE.PPI.WATR.CD","","","","","","","","","","","","","","","","","","","","","","","","","","","","","","","","","","","","","","","","","","","","","","","","","","","","","","","","","","","","","192310000","","","","","",
"Cote d'Ivoire","CIV","Number of visits or required meetings with tax officials (average for affected firms)","IC.TAX.METG","","","","","","","","","","","","","","","","","","","","","","","","","","","","","","","","","","","","","","","","","","","","","","","","","","7.212948322","","","","","","","3.618732691","","","","","","","1.724869013","","",
"Cote d'Ivoire","CIV","Firms offering formal training (% of firms)","IC.FRM.TRNG.ZS","","","","","","","","","","","","","","","","","","","","","","","","","","","","","","","","","","","","","","","","","","","","","","","","","","19.10648537","","","","","","","35.45626831","","","","","","","27.09564972","","",
"Cote d'Ivoire","CIV","Firms visited or required meetings with tax officials (% of firms)","IC.FRM.METG.ZS","","","","","","","","","","","","","","","","","","","","","","","","","","","","","","","","","","","","","","","","","","","","","","","","","","52.0113945","","","","","","","75.89368439","","","","","","","58.40407944","","",
"Cote d'Ivoire","CIV","Firms with female participation in ownership (% of firms)","IC.FRM.FEMO.ZS","","","","","","","","","","","","","","","","","","","","","","","","","","","","","","","","","","","","","","","","","","","","","","","","","","61.94013977","","","","","","","24.36709023","","","","","","","22.49254417","","",
"Cote d'Ivoire","CIV","Time required to obtain an operating license (days)","IC.FRM.DURS","","","","","","","","","","","","","","","","","","","","","","","","","","","","","","","","","","","","","","","","","","","","","","","","","","44.1043129","","","","","","","43.85123062","","","","","","","30.92329216","","",
"Cote d'Ivoire","CIV","Firms monitoring own CO2 emissions (% of firms)","IC.FRM.CO2.ZS","","","","","","","","","","","","","","","","","","","","","","","","","","","","","","","","","","","","","","","","","","","","","","","","","","","","","","","","","","","","","","","","28.0593338","","",
"Cote d'Ivoire","CIV","Firms using banks to finance investment (% of firms)","IC.FRM.BNKS.ZS","","","","","","","","","","","","","","","","","","","","","","","","","","","","","","","","","","","","","","","","","","","","","","","","","","13.88670635","","","","","","","23.64870834","","","","","","","38.44166946","","",
"Cote d'Ivoire","CIV","Time to obtain an electrical connection (days)","IC.ELC.DURS","","","","","","","","","","","","","","","","","","","","","","","","","","","","","","","","","","","","","","","","","","","","","","","","","","20.86226082","","","","","","","39.84551239","","","","","","","13.86655235","","",
"Cote d'Ivoire","CIV","New business density (new registrations per 1,000 people ages 15-64)","IC.BUS.NDNS.ZS","","","","","","","","","","","","","","","","","","","","","","","","","","","","","","","","","","","","","","","","","","","","","","","","","","","","","","0.499183958139354","1.3821257243989","2.20303538220479","3.04796095410953","3.15713242486036","4.06722633125501","4.56006787517459","4.45955268498985","4.47136471798177","7.81268270587478","8.58681809383734","8.28426167129622","",
"Cote d'Ivoire","CIV","B-READY: Utility Services: Overall Score","IC.BRE.US.OS","","","","","","","","","","","","","","","","","","","","","","","","","","","","","","","","","","","","","","","","","","","","","","","","","","","","","","","","","","","","","","","","","58.8716314733028","",
"Cote d'Ivoire","CIV","B-READY: Taxation: Overall Score","IC.BRE.TX.OS","","","","","","","","","","","","","","","","","","","","","","","","","","","","","","","","","","","","","","","","","","","","","","","","","","","","","","","","","","","","","","","","","53.2476851851852","",
"Cote d'Ivoire","CIV","B-READY: Market Competition Pillar 3:  Implementation of Key Services Promoting Market Competition","IC.BRE.MC.P3","","","","","","","","","","","","","","","","","","","","","","","","","","","","","","","","","","","","","","","","","","","","","","","","","","","","","","","","","","","","","","","","","23.0703687518835","",
"Cote d'Ivoire","CIV","B-READY: Labor Pillar 3: Operational Efficiency of Labor Regulations and Public Services in Practice","IC.BRE.LB.P3","","","","","","","","","","","","","","","","","","","","","","","","","","","","","","","","","","","","","","","","","","","","","","","","","","","","","","","","","","","","","","","","","68.5833327770233","",
"Cote d'Ivoire","CIV","B-READY: International Trade Pillar 3: Efficiency of Importing Goods, Exporting Goods, and Engaging in Digital Trade","IC.BRE.IT.P3","","","","","","","","","","","","","","","","","","","","","","","","","","","","","","","","","","","","","","","","","","","","","","","","","","","","","","","","","","","","","","","","","26.5000004321336","",
"Cote d'Ivoire","CIV","B-READY: Financial Services Pillar 3: Operational Efficiency of Receiving Financial Services","IC.BRE.FS.P3","","","","","","","","","","","","","","","","","","","","","","","","","","","","","","","","","","","","","","","","","","","","","","","","","","","","","","","","","","","","","","","","","30.23333333","",
"Cote d'Ivoire","CIV","B-READY: Dispute Resolution Pillar 3:  Ease of Resolving a Commercial Dispute","IC.BRE.DR.P3","","","","","","","","","","","","","","","","","","","","","","","","","","","","","","","","","","","","","","","","","","","","","","","","","","","","","","","","","","","","","","","","","66.5833358764648","",
"Cote d'Ivoire","CIV","B-READY: Business Location Pillar 3: Operational Efficiency of Establishing a Business Location","IC.BRE.BL.P3","","","","","","","","","","","","","","","","","","","","","","","","","","","","","","","","","","","","","","","","","","","","","","","","","","","","","","","","","","","","","","","","","51.9333336353302","",
"Cote d'Ivoire","CIV","B-READY: Business Insolvency Pillar 3: Operational Efficiency of Resolving Judicial Insolvency Proceedings","IC.BRE.BI.P3","","","","","","","","","","","","","","","","","","","","","","","","","","","","","","","","","","","","","","","","","","","","","","","","","","","","","","","","","","","","","","","","","64.75","",
"Cote d'Ivoire","CIV","B-READY: Business Entry Pillar 3: Operational Efficiency of Business Entry","IC.BRE.BE.P3","","","","","","","","","","","","","","","","","","","","","","","","","","","","","","","","","","","","","","","","","","","","","","","","","","","","","","","","","","","","","","","","","61.5","",
"Cote d'Ivoire","CIV","Human capital index plus (HCI+): overall score, total (scale 0–325)","HD_HCIP_OVRL_TO","","","","","","","","","","","","","","","","","","","","","","","","","","","","","","","","","","","","","","","","","","","","","","","","","","","95.6888414662505","","","","","112.117275040984","","","","","110.396493679658","","","","","114.614230404904",
"Cote d'Ivoire","CIV","Human capital index plus (HCI+): on-the-job learning pillar score, male (scale -30–87)","HD_HCIP_OTJL_MA","","","","","","","","","","","","","","","","","","","","","","","","","","","","","","","","","","","","","","","","","","","","","","","","","","","","","","","","41.2106287700576","","","","","37.8137175173637","","","","","40.6996150398585",
"Cote d'Ivoire","CIV","Human capital index plus (HCI+): health pillar score, female (scale 0–50)","HD_HCIP_HLTH_FE","","","","","","","","","","","","","","","","","","","","","","","","","","","","","","","","","","","","","","","","","","","","","","","","","","","32.4554793477058","","","","","34.2835549914837","","","","","37.023234064579","","","","","37.4308829391003",
"Cote d'Ivoire","CIV","Voice and Accountability - Governance score (0-100)","GOV_WGI_VA_SC","","","","","","","","","","","","","","","","","","","","","","","","","","","","","","","","","","","","","40.3851556","","39.4615737","","33.3101752","","33.7660275","33.6002212","31.5272019","32.3448867","35.6007102","36.2569083","37.2353814","38.302958","38.9091269","38.8771621","42.1768154","42.7566396","44.8808711","46.3013539","45.8523538","46.4161702","48.4347113","48.7241989","45.1784572","44.4484319","45.3022051","45.5874151","46.0558972","",
"Cote d'Ivoire","CIV","Regulatory Quality - Governance score (0-100)","GOV_WGI_RQ_SC","","","","","","","","","","","","","","","","","","","","","","","","","","","","","","","","","","","","","42.7327525","","48.0945545","","36.88952","","45.8889292","44.5202696","36.2463568","37.2667914","39.861149","39.6279639","40.1369675","40.7155232","39.8097374","40.0129316","42.27887","43.6630818","46.2093004","47.8317995","47.8671117","48.4719694","50.174469","49.8780562","49.7970195","50.3026275","51.4636422","51.8839317","52.2296396","",
"Cote d'Ivoire","CIV","Rule of Law - Governance score (0-100)","GOV_WGI_RL_SC","","","","","","","","","","","","","","","","","","","","","","","","","","","","","","","","","","","","","43.0869286","","40.1155592","","35.270803","","33.2349162","33.2189671","32.0231399","30.4495257","32.323489","32.7996386","32.9774338","35.8770586","35.3073706","33.8635957","39.0775817","40.8276211","45.6122775","45.0609636","45.2619071","45.0161831","46.2409862","46.6400181","46.322799","45.730157","46.6008431","46.5987933","47.0144438","",
"Cote d'Ivoire","CIV","Political Stability - Governance score (0-100)","GOV_WGI_PV_SC","","","","","","","","","","","","","","","","","","","","","","","","","","","","","","","","","","","","","65.2409281","","60.209816","","43.8634744","","26.8912475","30.5830767","28.2039018","25.7756499","33.3087296","33.0149141","34.6103971","49.4858199","34.2952466","37.8888772","39.9454062","45.2489852","48.1807412","52.5049057","51.1147452","48.1100354","50.2088875","48.5828489","45.9579809","50.5963204","53.658544","52.4435059","51.4803735","",
"Cote d'Ivoire","CIV","Net official flows from UN agencies, UNAIDS (current US$)","DT.NFL.UNAI.CD","","","","","","","","","","","","","","","","","","","","","","","","","","","","","","","","","","","","","","","","","","","","","","330000.013113022","389999.985694885","620000.004768372","720000.028610229","790000.021457672","720000.028610229","949999.988079071","851291.000843048","808728.992938995","682950.019836426","1055441.97559357","798667.013645172","854200.005531311","416112.989187241","843993.008136749","","","80557.0036172867","1298179.98409271","","",
"Cote d'Ivoire","CIV","Net financial flows, RDB concessional (NFL, current US$)","DT.NFL.RDBC.CD","","","","","","","","","","","","","","","","","","","","731301.7","","","855803.4","543115.5","406006","443056.7","-240598.3","347103.7","-526939.1","-83325.4","1811303","2481240.7","12010647.5","1019366.6","2799682.2","791998","15764933.4","6581838.6","55494913.4","6354806.2","43281830.5","122126.8","34278763.4","442507.5","1070013","94549.8","0","-1126749.8","-615835.9","-4227944.5","-2160720.7","34325612.7","-2017264.2","","12546080.3","7905054.2","404507","84559151.1","17087235.4","15892121","19796877.3","25684920.7","12010821.3","20681762.6","28544015.7","",
"Cote d'Ivoire","CIV","PNG, bonds (NFL, current US$)","DT.NFL.PNGB.CD","","","","","","","","","","","","","","","","","","","","","","","","","","","","","","","","","","","","","","","","","","","","","","","","","","","","","","","","","","","","","","","","","","",
"Cote d'Ivoire","CIV","PPG, official creditors (NFL, US$)","DT.NFL.OFFT.CD","","","","","","","","","","","32472498.8","48949562.9","24617226","47884895","33053054.6","77750199.4","75550615.6","189343602.1","166849188.2","235367074.3","161826827.9","71644043.4","352250132.7","322555187.5","299599119.2","92035225.9","114526751.7","430039583.6","82417877","211198429.6","511438985.3","393289815.1","360939788.2","329658413.9","563066734.9","190022936.2","-45168303.7","-144218937.5","38725953.5","-288334292.5","-130563345.7","-178136062.9","-95409514.8","-148899986.1","-7957822.2","1509014.2","75047421.5","-54395554.3","-550983232.4","-449108175.2","-220322654.1","344642069.2","-133372709.8","498524877.6","299183285","1532753233","41881476.9","539722603.6","327374798.3","768891655.3","1550623682.3","2540905240.9","1898273110.1","1800222516.4","1083245014.2","",
"Cote d'Ivoire","CIV","Net financial flows, IDA (NFL, current US$)","DT.NFL.MIDA.CD","","","","","","","","","","","","","","","221000","1112000","1624000","3767000","776000","","","","","-37000","-75000","-75000","-76000","-75000","-75000","-75000","-75000","29632000","73541000","2721000","447755000","226219000","234771000","140064000","189742000","52793000","75392000","4996000","161187000","43681000","33074000","-22000","-11000","-15880000","-103551000","-27316000","-869000","-31674000","-28754000","50707000","81728000","164987000","140021000","205078000","115216000","222628000","509524000","729980000","731309000","909489000","939783000","",
"Cote d'Ivoire","CIV","Net official flows from UN agencies, ILO (current US$)","DT.NFL.ILOG.CD","","","","","","","","","","","","","","","","","","","","","","","","","","","","","","","","","","","","","","","","","","","","","","","","","","","","","768647.015094757","351372.003555298","573199.987411499","666649.997234344","1310580.0151825","363339.990377426","1165120.95928192","1393249.98855591","1887076.02024078","1860700.01125336","1242918.96820068","1337739.94445801","","",
"Cote d'Ivoire","CIV","Net flows on external debt, private nonguaranteed (PNG) (NFL, current US$)","DT.NFL.DPNG.CD","","","","","","","","","","","2000000","2000000","-1000000","20000000","12000000","21000000","9000000","81000000","98000000","-50600000","120200000","168300000","-2700000","157300000","52500000","-46200000","-67300000","-111300000","52600000","149200000","70800000","45700000","12400000","1000000","-5350000","48580000","109498000","-240073000","-238000000","-237000000","-113288000","-110000000","-113561000","-115000000","-134000000","-109319000","-118393000","-166696000","79000000","155000000","169600000","182400000","576936000","-400584000","-350780000","-323075000","-29182000","-170641000","-213821000","270565000","-339509000","-200427000","-196642000","-141304000","-141206000","",
"Cote d'Ivoire","CIV","Present value of external debt (% of GNI)","DT.DOD.PVLX.GN.ZS","","","","","","","","","","","","","","","","","","","","","","","","","","","","","","","","","","","","","","","","","","","","","","","","","","","","","","","","","","","","","","","","","34.3305787353697","",
"Cote d'Ivoire","CIV","PPG, IDA (DOD, current US$)","DT.DOD.MIDA.CD","","","","","","","","","","","","","","0","221000","1333000","2957000","6724000","7500000","7500000","7500000","7500000","7500000","7463000","7388000","7313000","7238000","7163000","7088000","7013000","6938000","37913345.2","109594000","112735000","575505000","812841000","1018613000","1100326000","1337227000","1359736000","1365630000","1318095000","1588873000","1786343000","1903831000","1762560000","1847230000","1909044000","1796665000","1781291000","1749019000","1712912000","118223000","168459000","239934000","394318000","521828000","780587000","865360000","1174245000","1820162000","2396926000","3000553000","4031392000","4716407000","",
"Cote d'Ivoire","CIV","Short-term debt (% of total reserves)","DT.DOD.DSTC.IR.ZS","","","","","","","","","","","","","","","","","","","","","","","","","","","","","","","","","","","","","","","","","","","","","","","","","","","","","","","","","","","","","","","","","","",
"Cote d'Ivoire","CIV","External debt stocks, long-term (DOD, current US$)","DT.DOD.DLXF.CD","","","","","","","","","","","266548111.5","366353853.5","412832810.3","615195403.9","747548278.3","1031465061.7","1276634484.7","2078562130.7","3075956025.4","3886673722.2","6338545129.8","6544617215.6","7319040297.9","7300681061.3","7268416282.5","8254663759.1","9964980934.7","11568073252.5","10947167533.2","11554554213.3","13223074515.7","13867884405.2","13859640128.6","13727302379.9","13852330480.3","14562005654.8","13215558369.7","12497623959.8","12632239637.8","11294620824.5","10545721458.9","9962980807.6","10360133989.2","10839865525.6","12100298224.7","10875213021.3","11615188445.6","12248638269.7","11377061413.8","13573142153.4","10429969651.9","11228053180.8","7540125691","8435232511.8","8311779545","9877745979.7","9690509386.2","11679925431","14241955718.5","17023244664.2","21007931755.4","23937453545.5","26632981434.3","29369787948.4","31488975681.2","",
"Cote d'Ivoire","CIV","Net ODA provided, total (constant 2023 US$)","DC.ODA.TOTL.KD","","","","","","","","","","","","","","","","","","","","","","","","","","","","","","","","","","","","","","","","","","","","","","","","","","","","","","","","","","","","","","","","","","",
"Cote d'Ivoire","CIV","Net ODA provided, to the least developed countries (current US$)","DC.ODA.TLDC.CD","","","","","","","","","","","","","","","","","","","","","","","","","","","","","","","","","","","","","","","","","","","","","","","","","","","","","","","","","","","","","","","","","","",
"Cote d'Ivoire","CIV","Net bilateral aid flows from DAC donors, Slovenia (current US$)","DC.DAC.SVNL.CD","","","","","","","","","","","","","","","","","","","","","","","","","","","","","","","","","","","","","","","","","","","","","","","","","","","","","","","","","","","","","","","","","","",
"Cote d'Ivoire","CIV","Net bilateral aid flows from DAC donors, New Zealand (current US$)","DC.DAC.NZLL.CD","","","","","","","","","","","","","","","","","","","","","","","","","","","","","","","","","","","","","","","","","","","","29999.9993294477","","","","","","","","1129999.99523163","","","","","","","","","","","","","","",
"Cote d'Ivoire","CIV","Net bilateral aid flows from DAC donors, Lithuania (current US$)","DC.DAC.LTUL.CD","","","","","","","","","","","","","","","","","","","","","","","","","","","","","","","","","","","","","","","","","","","","","","","","","","","","","","","","","","","","26853.0007451773","26931.0008734465","55755.9989392757","","","","",
"Cote d'Ivoire","CIV","Net bilateral aid flows from DAC donors, Iceland (current US$)","DC.DAC.ISLL.CD","","","","","","","","","","","","","","","","","","","","","","","","","","","","","","","","","","","","","","","","","","","","","","","","","","","90000.0035762787","100000.001490116","","","","","","","","","","","","","","",
"Cote d'Ivoire","CIV","Intentional homicides (per 100,000 people)","VC.IHR.PSRC.P5","","","","","","","","","","","","","","","","","","","","","","","","","","","","","","","","","","","","","","","","","","","","","","","","","","","","","","","","","","","","","","","","","","",
"Cote d'Ivoire","CIV","Internally displaced persons, new displacement associated with conflict and violence (number of cases)","VC.IDP.NWCV","","","","","","","","","","","","","","","","","","","","","","","","","","","","","","","","","","","","","","","","","","","","","","","","","","500","2700","1000000","24000","30000","5500","3200","","5500","700","300","15000","","","","","",
"Cote d'Ivoire","CIV","High-technology exports (% of manufactured exports)","TX.VAL.TECH.MF.ZS","","","","","","","","","","","","","","","","","","","","","","","","","","","","","","","","","","","","","","","","","","","","","","","","","15.3777754198188","12.474066589121","4.24784012817341","16.6930089152371","8.97049962615032","4.35929659540354","11.3886788789026","7.2097220855326","8.59367223098391","7.01554066796367","6.55999280073843","11.2315188507649","5.11294024947147","3.86336645370502","3.55657032872416","4.41310726011773","5.25759412069948","",
"Cote d'Ivoire","CIV","Export value index (2015 = 100)","TX.VAL.MRCH.XD.WD","","","","","","","","","","","","","","","","","","","","","","","","","","","","","","","","","","","","","","","","","","","","","","64.7","72.4","74","88.7","96.3","97.4","107.9","103.5","102.8","110.4","100","93","101.5","101.9","108.9","106.6","131.4","140.7","157.3","172.8","",
"Cote d'Ivoire","CIV","Merchandise exports to low- and middle-income economies in Sub-Saharan Africa (% of total merchandise exports)","TX.VAL.MRCH.R6.ZS","1.11547200991531","0.872093023255814","6","3.27719617660446","4.06815020862309","5.60782837786978","5.55555555555556","6.24591236102027","5.10594842992086","4.72223544532775","5.05620565742191","5.27380401140545","7.4222668004012","9.33689826333445","11.2525860614617","15.1072290995269","9.47316721783832","8.81736108336995","7.83667874091457","10.4191993654242","12.1884280452011","15.0833629257472","17.7080413327791","18.388033210194","13.9100499344208","14.2305876132789","14.8268641883024","17.7048438636582","20.6477534110823","21.0090706599704","33.2258514557745","31.9727710570865","32.7446004337202","25.7918691264156","25.8678226182861","22.1273735355483","19.5629673861621","27.8043482968245","27.7694114638062","25.4793237298226","31.5889861296072","30.4456131018001","30.304726297215","24.3548933677425","26.9818330413999","29.5752919007365","29.9948941173731","31.0705994260685","30.8557278000638","29.5827805499528","30.7377041886998","29.5954697035509","33.7664060084145","43.5572076709257","32.5338171999664","28.1017115149081","24.3305754284414","22.6324890629114","23.7119492818814","21.9784912873263","22.6754432551239","18.0995867384302","24.2506356305426","26.4339390906032","","",
"Cote d'Ivoire","CIV","Merchandise exports to low- and middle-income economies in Europe & Central Asia (% of total merchandise exports)","TX.VAL.MRCH.R2.ZS","","","","","","","","","","","","","","0.00990258333642789","","","","","","","","","","","","","","","","0.01622857765808","0.00711800513635252","0.00720664829175033","0.0136053785627479","0.028247206562307","0.00637929279461915","0.263917718838448","0.331808850656558","","0.291078281315933","0.502570676911498","0.335018959948477","0.377267624589921","0.562988790268921","0.579874630656842","0.752869360695759","0.303816870112491","0.484754665912361","1.30317367387909","1.1436313116707","0.929093123153934","1.29754762496721","1.14961041701893","1.14177327439483","0.98850679268082","1.4434492304207","1.8764450200123","1.39817201507044","1.54663063904686","1.4150604426592","1.3010828612889","2.18993051184609","2.88063608537448","2.31069639254058","1.68584742537648","","",
"Cote d'Ivoire","CIV","Merchandise exports (current US$)","TX.VAL.MRCH.CD.WT","157000000","193000000","193000000","230000000","296000000","277000000","311000000","325000000","425000000","452000000","469000000","457000000","553000000","857000000","1213000000","1181000000","1632000000","2157000000","2322000000","2514000000","3134000000","2533000000","2350000000","2090000000","2706000000","3197000000","3354000000","3109000000","2769000000","2807000000","3072000000","2686000000","2875000000","2519000000","2742000000","3806000000","4446000000","4451000000","4606000000","4661000000","3888000000","3946000000","5275000000","5788000000","6919000000","7697000000","8477000000","8669000000","10390000000","11327000000","11410000000","12635000000","12124000000","12049000000","12951000000","11730000000","10876000000","11853000000","11912000000","12718000000","12454000000","15334000000","16429000000","18350000000","20549000000","28471000000",
"Cote d'Ivoire","CIV","Insurance and financial services (% of commercial service exports)","TX.VAL.INSF.ZS.WT","","","","","","","","","","","","","","","","","","","","","","","","","","","","","","","","","","","","","","","","","","","","","","10.9574288919936","11.1080086067122","11.1832280838439","11.0263580874062","10.3335607202412","9.87586716543172","10.4614486797518","10.7172512092999","3.61686297589653","1.25355722082844","1.32100731162153","0.0643879880818661","1.32952904447604","2.20464686634821","0.635812680597621","2.637254392865","2.26367128684204","2.10766141428021","3.04444669081124","3.31761521228158","",
"Cote d'Ivoire","CIV","Agricultural raw materials exports (% of merchandise exports)","TX.VAL.AGRI.ZS.UN","","","21.5104891052899","22.7111594044046","25.220729053042","28.768539980571","26.7336222945342","29.8154382025568","26.9896346850301","31.8569139886328","24.6233498132722","26.4622687795908","29.4291616937217","36.9538037078102","24.4899551047954","19.4487628036007","21.5951906280606","17.3317992253146","15.3102069315627","18.3157893005159","","17.1041967405553","15.7272389084514","18.5111898716426","","11.8591252202705","","","","","","","","","","19.7297196371024","14.0993193639709","10.7825804332897","11.1213897134115","9.96349234634685","13.8373607315565","11.0916371718119","8.34472911170589","9.05922130694676","9.00624618068587","8.24920383993602","7.99778003545974","8.83268177043028","8.66887027186298","5.5473916529627","9.47652560081997","12.7551164058986","10.7828723349069","8.56924643443363","8.58547212987033","6.74667396813824","7.60237247400239","9.05190537229846","9.48366169629872","10.4983393238297","11.162014712157","13.5819483787686","14.0750380434458","12.6077414739267","13.6041037172069","",
"Cote d'Ivoire","CIV","Net barter terms of trade index (2015 = 100)","TT.PRI.MRCH.XD.WD","","","","","","","","","","","","","","","","","","","","","","","","","","","","","","","","","","","","","","","","","","","","","","81.9","83.1","87.2","89.9","94.4","101.1","100.2","88.8","87.8","94.5","100","98.8","85.5","86.5","87.5","91.2","86.2","81.3","92","136.2","",
"Cote d'Ivoire","CIV","Computer, communications and other services (% of commercial service imports)","TM.VAL.OTHR.ZS.WT","","","","","","","","","","","","","","","","","","","","","","","","","","","","","","","","","","","","","","","","","","","","","","23.4837814659865","23.6907447378244","21.9167540813578","21.7962083250038","22.5566275369936","20.2025387832197","22.3304881440822","16.6140837386032","20.2553111322155","20.6426879979626","20.4651511791728","33.0931244063921","35.4756713809798","29.2008291077914","30.9513818705673","32.2439612907051","26.9011824540575","31.7219426288931","44.9009416123628","47.7381316112425","",
"Cote d'Ivoire","CIV","Merchandise imports by the reporting economy, residual (% of total merchandise imports)","TM.VAL.MRCH.RS.ZS","1.75242676745984","2.46238030095759","2.57123002084781","2.12632895559725","1.94174757281553","1.40474100087796","0.400801603206413","0.1573564122738","0.103591160220994","0","0","0","0","0.186668626442272","0.263367563739377","0.232439960852228","0.320662759741088","0.794782457750059","2.44855665274024","5.19195990750655","6.88669640708587","9.33168305314243","3.49755866898314","1.37261265159437","1.99926376948053","0.405092800681394","3.39637409541684E-13","-1.00365053140847E-13","6.70905664279014E-14","0.199677836079336","1.01799814632605","0.677076598714792","0.603214730411977","0.813517210741857","0.336118971795836","0.442725468288731","1.2397898151269","1.22348464540177","1.07036407591583","0.635014804285247","1.04167040578425","0.902407209203572","0.466779600740201","0.247317879248219","1.67492413066318","1.31525114820906","2.8905669127166","3.29720569281252","3.62314971611671","1.93926180393513","0.000130526423041927","3.64540161484393E-15","3.53204318684301E-05","2.44109028142711E-07","5.50536764242284E-05","0.0287465980477072","0.122451424955832","0.000231557127265904","0.173859391546835","0.000197802762262897","1.87513477423998E-05","0.000693841073948255","0.00068941975324212","0","","",
"Cote d'Ivoire","CIV","Merchandise imports from low- and middle-income economies in Latin America & the Caribbean (% of total merchandise imports)","TM.VAL.MRCH.R3.ZS","","","","","0.0422119037568594","2.06321334503951","1.00200400801603","0.550747442958301","0.310773480662983","0.292858751971165","0.0552883286338254","0.72833410622221","0.0750487817081103","1.19938267068421","1.15970254957507","1.07091771437175","0.196480364721993","1.19961314800808","0.363380001797974","0.496657459309178","0.948114691890491","3.51816781674445","2.41529723670019","0.498804072164329","1.12530232835827","0.793798488944993","1.30712286527124","0.818860793665077","1.72062271955134","1.63872984481907","1.30537470286976","2.06140443736982","2.07970275672146","2.12306824592428","2.32599666558702","2.06645390298885","1.74606257972315","1.33607392348276","2.57341930084744","1.600611503949","1.94318562825781","3.53346110598","1.67274576850289","1.98915864274403","1.55211871255263","2.15852417492839","2.0902174440589","2.04398899897729","3.09809394779371","2.89232388164491","4.84264115033833","5.85101733134344","5.58018304275236","2.38560815515044","3.45418990644094","2.53929579244408","3.12596794843095","1.77999520363336","3.88236328324743","3.03421587995322","2.77915014045265","4.55136953582152","4.7964936859966","3.83318285627899","","",
"Cote d'Ivoire","CIV","Merchandise imports from high-income economies (% of total merchandise imports)","TM.VAL.MRCH.HI.ZS","89.2191392492054","91.7236662106703","86.2404447533009","86.9918699186992","87.5474883917265","87.5329236172081","86.5330661322645","86.5460267505901","87.6726519337017","89.2511183342452","90.1724995853375","91.0663138656264","91.3768949817381","85.9322407584332","79.7074185552408","80.7855906045321","85.3252132790106","86.0782879319537","87.3048843382273","82.1873622270408","79.8878255557818","73.5106764132463","79.054495608792","73.0074880707701","82.7188809188818","74.2062378701149","77.7488000763472","76.8029623643227","79.5509299412162","70.4746335784116","62.3759380180154","63.7239051514147","69.1512402517963","66.6114274849283","70.9908457734041","72.6569989740854","66.8819067146616","70.9757302726051","70.8255692228251","68.5226642858309","56.1131539894127","59.4329444508827","64.2870146280208","66.1459318388766","60.4088792892993","55.9834631687577","48.1239081700846","46.0770968618207","38.305575847155","43.5620315945715","38.6832642250841","36.033944515543","36.788138698297","42.5509930400696","44.426447074274","47.397176070318","44.6356388546098","50.7728454909837","43.8805726409553","41.5444377774486","42.3642269739562","43.585587542852","42.5776258278794","44.5266189212598","","",
"Cote d'Ivoire","CIV","Manufactures imports (% of merchandise imports)","TM.VAL.MANF.ZS.UN","","","73.853469745163","75.3105316250473","76.1276389493833","74.2478987906161","71.1816773766759","75.8353583564032","75.6155871857072","77.6800931606028","76.7035859018076","75.0289057402203","70.9214652629899","71.8119895265346","65.3574392722167","68.2739267993179","70.0848280182704","71.4090715258499","73.8974935622815","69.730440364194","","54.2669889555344","55.8541072940015","57.589939146079","","57.4771060196379","","","","","","","","","","56.6241389222632","53.1255049616041","58.4411963826606","59.8587326707583","59.2919382937261","46.1635707967196","49.6930467236258","53.9497904125563","56.3611585598953","57.2367594141584","54.8137911026476","48.268888112861","48.7870026066745","42.3401858985087","49.6327728426383","54.9970592837463","44.1151454050854","47.0499750371239","58.5994820495584","55.4723067388276","64.2108638943336","62.2392199035624","60.6791852799411","55.4574848832719","55.7039353932364","57.1451536572436","58.8601848936103","53.6734997558847","56.2978048219409","51.1827625902945","",
"Cote d'Ivoire","CIV","Food imports (% of merchandise imports)","TM.VAL.FOOD.ZS.UN","","","18.8597434320862","17.6836067323058","17.7133853631988","18.3442385202153","20.6999938951518","15.8372019962605","16.6264575088474","14.8292205470872","15.9009292520116","16.070609265524","17.3415508073804","20.086812302956","17.2510135931863","14.7048159829921","13.3655226401712","14.0066841614295","13.3271405914419","15.0100897096455","","20.299866064843","19.3170284906731","20.5890792607185","","17.1564662889205","","","","","","","","","","20.8873863122636","18.5924684955342","19.2031840786059","20.7542769189297","19.1963511933091","17.1845976432421","21.0852870794468","22.5827907280846","22.4906253801467","17.1976904370795","14.6207860960417","17.2835431554942","17.4065188360687","19.6128646777742","23.1919004111559","19.2460056507178","25.1280174581878","20.0116663868356","14.5200385287569","16.8423512990381","17.5692676559409","21.520688655588","20.9293744697827","21.0509451648051","21.3625721757374","21.5850332928208","21.9969486166126","17.9852160918608","16.8590606859451","20.4552406809332","",
"Cote d'Ivoire","CIV","Tariff rate, applied, weighted mean, primary products (%)","TM.TAX.TCOM.WM.AR.ZS","","","","","","","","","","","","","","","","","","","","","","","","","","","","","","","","","","4.52","","","4.09","","","","","5.67","6.92","6.88","5.11","4.1","4.2","4.14","4.14","5.43","5.12","5.02","4.26","4.26","4.09","6.34","6.82","13.49","12.71","6.08","5.93","5.93","5.64","","","",
"Cote d'Ivoire","CIV","Binding coverage, primary products (%)","TM.TAX.TCOM.BC.ZS","","","","","","","","","","","","","","","","","","","","","","","","","","","","","","","","","","","","","57.02","","","","","57.02","57.02","56.27","56.27","56.27","56.27","55.39","55.39","55.39","55.39","55.39","55.39","55.39","55.39","54.43","54.43","55.18","55.18","55.14","55.14","55.14","55.14","","","",
"Cote d'Ivoire","CIV","Tariff rate, applied, simple mean, all products (%)","TM.TAX.MRCH.SM.AR.ZS","","","","","","","","","","","","","","","","","","","","","","","","","","","","","","","","","","4.88","","","4.81","","","","","13.42","13.59","13.59","13.62","13.64","13.45","13.22","13.22","13.13","13.02","12.94","12.88","12.88","12.91","12.55","12.19","12.84","12.51","12.13","12.13","12.13","12.72","","","",
"Cote d'Ivoire","CIV","Tariff rate, applied, weighted mean, manufactured products (%)","TM.TAX.MANF.WM.AR.ZS","","","","","","","","","","","","","","","","","","","","","","","","","","","","","","","","","","5.17","","","4.11","","","","","8.78","9.62","9.48","9.25","8.82","9.45","9.86","9.86","9.45","8.74","9.38","9.21","9.21","7.87","9.22","8.98","9.08","8.8","8.87","8.87","8.87","8.33","","","",
"Cote d'Ivoire","CIV","Binding coverage, manufactured products (%)","TM.TAX.MANF.BC.ZS","","","","","","","","","","","","","","","","","","","","","","","","","","","","","","","","","","","","","29.85","","","","","29.85","29.85","28.5","28.5","28.5","28.5","27.25","27.25","27.25","27.25","27.25","27.25","27.25","27.25","26.89","26.89","26.83","26.83","26.83","26.83","26.83","26.83","","","",
"Cote d'Ivoire","CIV","International tourism, expenditures (current US$)","ST.INT.XPND.CD","","","","","","","","","","","","","","","","","","","","","","","","","","","","","","","","","","","","312000000","347000000","317000000","331000000","337000000","291000000","289000000","490000000","551000000","571000000","549000000","583000000","606000000","612000000","589000000","569000000","580000000","560000000","583000000","625000000","560000000","491000000","564000000","625000000","702000000","315000000","","","","","",
"Cote d'Ivoire","CIV","International tourism, receipts for passenger transport items (current US$)","ST.INT.TRNR.CD","","","","","","","","","","","","","","","","","","","","","","","","","","","","","","","","","","","","14000000","14000000","13000000","13000000","7000000","4000000","5000000","5000000","7000000","9000000","10000000","11000000","12000000","13000000","13000000","12000000","6000000","500000","10000000","11000000","56000000","98000000","112000000","108000000","102000000","33200000.7629395","","","","","",
"Cote d'Ivoire","CIV","International tourism, number of arrivals","ST.INT.ARVL","","","","","","","","","","","","","","","","","","","","","","","","","","","","","","","","","","","","188000","237000","274000","301000","","","","","","","","","182000","205000","231000","252000","270000","289000","380000","471000","1441000","1583000","1800000","1965000","2070000","668000","","","","","",
"Cote d'Ivoire","CIV","Urban population growth (annual %)","SP.URB.GROW","","10.5295682920727","10.1851423832736","9.64103003657056","8.94515836844224","8.15076316407885","7.41545689440252","6.90738616048364","6.56083157442059","6.41122872764034","6.4590053277936","6.63606394433494","6.87166293913363","7.11556060253437","7.37992200740426","7.77608882130469","8.56406999919027","8.43541835036258","6.79788433673677","5.11941038742018","4.81738337490773","4.77319490007","4.72860997243763","4.62940666762027","4.56214114720492","4.51388206520374","4.47653008288217","4.46496899222002","4.50423416396242","4.5827967855421","4.67053131106725","4.73355885687709","4.77045406855171","4.77411704690276","4.74590018846039","4.72455909949087","4.70739192554779","4.68390382904439","4.61915611828447","4.11347256671363","3.63755126002446","3.56044790232154","3.48179149823021","3.4009284974214","3.34255525511024","3.31215450416703","3.28558818931295","3.26070573340657","3.21031023250197","3.15833792422617","3.1382905238331","3.10468439770448","3.01665273209129","2.91675127414901","3.34120218321848","3.80731191078549","3.82734924738251","3.7548001860726","3.63331831550493","3.55757542578992","3.46886576146738","3.40065819276816","3.52587849974979","3.55464259521521","3.48999214741196","3.46584321181997",
"Cote d'Ivoire","CIV","Completeness of death registration with cause-of-death information (%)","SP.REG.DTHS.ZS","","","","","","","","","","","","","","","","","","","","","","","","","","","","","","","","","","","","","","","","","","","","","","","","","","","","","","","","","","","","","","","","","","",
"Cote d'Ivoire","CIV","Completeness of birth registration, male (%)","SP.REG.BRTH.MA.ZS","","","","","","","","","","","","","","","","","","","","","","","","","","","","","","","","","","","","","","","","","","","","","","48.6","","","","","","","65.2","","","","75.2","","","","","","","","","",
"Cote d'Ivoire","CIV","Population, female (% of total population)","SP.POP.TOTL.FE.ZS","49.4851871360072","49.4297470100266","49.3657469487771","49.3034028434889","49.2476399472058","49.1986159661821","49.1559861475394","49.1186510950061","49.0841220908689","49.0428179083321","48.9832242675735","48.9037259408643","48.8118210756659","48.7216537449652","48.642258070595","48.5738078738001","48.5927516145605","48.6867229786159","48.7717295377036","48.8478306288563","48.9176609233699","48.9839066843871","49.0476751238811","49.1095731748876","49.1693604777195","49.2262075439996","49.280388808798","49.3323671973043","49.3803429813904","49.4283846867302","49.4758969359409","49.5179310415512","49.5553551730713","49.5886378744362","49.6178782674087","49.6440592898391","49.6675627328343","49.6876271641666","49.7033596120199","49.7208400402975","49.7417623194072","49.7600736765684","49.7749423043069","49.7869994893216","49.7985149272774","49.8108773479258","49.8222472858673","49.833009661465","49.7307087579648","49.5161978583539","49.2999775658777","49.0805848055","48.8586521082855","48.645686937325","48.5774009021341","48.6409298962626","48.702996471062","48.7628309664789","48.8196658541171","48.8742014021987","48.9287076632043","48.9816609702597","49.0316022690705","49.0797369437522","49.1245569409377","49.1666917852186",
"Cote d'Ivoire","CIV","Researchers in R&D (per million people)","SP.POP.SCIE.RD.P6","","","","","","","","","","","","","","","","","","","","","","","","","","","","","","","","","","","","","","","","","","","","","","63.99303","","","","","","","","","","","","","","","","","","","","",
"Cote d'Ivoire","CIV","Age dependency ratio (% of working-age population)","SP.POP.DPND","83.6639234560754","83.9825180076014","84.4694986613285","85.3155002902271","86.3285076596507","87.1951594647735","87.974830406081","88.7558438780069","89.5289674247034","90.2046921265862","90.6765047454483","90.9361496087762","91.0675661607282","91.2134387938326","91.4637594237564","91.7675718155908","92.8392233707885","94.5526480810314","95.9982553027274","97.2015150713565","98.2441243929301","99.1451505505552","99.91364243119","100.549780671684","101.087523196758","101.524871769911","101.818448917737","101.96136455213","101.875034018283","101.498008792843","100.904763639234","100.146466299338","99.2863301393416","98.4196002732468","97.5252796173148","96.6207011289742","95.7616841706005","94.967991058807","94.2918091592364","93.9889997358783","94.0530570943928","94.1992274296653","94.3405928674512","94.4757336739062","94.5771608416815","94.602228953393","94.5536018470982","94.4338025908473","92.4689494267156","89.0720069956318","86.2473375272542","83.9825652863118","82.1996919688689","80.7590729222478","80.4412739579991","80.9740668521161","81.3061920795773","81.458213233402","81.3702001736161","81.1143931066958","80.7556512847236","80.1393004625197","79.1970017771129","78.0774744464329","76.9295481519821","75.774285110462",
"Cote d'Ivoire","CIV","Population ages 75-79, male (% of male population)","SP.POP.7579.MA.5Y","0.317554405373583","0.322373298574556","0.326917025214786","0.331130672375629","0.335111157417417","0.339021503561033","0.34275632823508","0.346310224760761","0.349704915568009","0.352859871430653","0.355801828197666","0.358438766176846","0.360685153034172","0.362521446623742","0.363977642232715","0.365272929528208","0.366645384899794","0.368445882597965","0.370684927567785","0.372843274460001","0.374297492685446","0.374698670703405","0.374041555692963","0.372403627171277","0.370009167412611","0.367315501467408","0.364539001065509","0.361764836941645","0.359625728530977","0.36028245901826","0.363797936473091","0.368517963230195","0.37413369982307","0.380165703405476","0.387409594529629","0.395105564897424","0.401473581540745","0.406386802006314","0.409388353219018","0.406433551649414","0.399642166863449","0.394314180687824","0.390074273407618","0.386598293738169","0.383608528693482","0.380965098676479","0.378635205198176","0.376597167234829","0.380438358006041","0.388023083553257","0.392445560013662","0.394794185758355","0.396096099111265","0.397328573763023","0.394668056596785","0.388785177621982","0.384573379740719","0.382049980571162","0.381090113223966","0.381562215530688","0.381686303095376","0.382000663086757","0.384473237872144","0.38887477738143","0.394803726213487","0.401554909711186",
"Cote d'Ivoire","CIV","Population ages 65 and above (% of total population)","SP.POP.65UP.TO.ZS","2.41388335437726","2.42708196773803","2.43817253690289","2.44710620781161","2.45429785527515","2.46018066454063","2.46511167577221","2.46921502480132","2.47275487690785","2.47601194903028","2.47892153973147","2.48109670939049","2.48218378701987","2.48205986036898","2.48078581322455","2.47909754244077","2.47563122900641","2.47125407362423","2.46854256076116","2.46629211172616","2.46294908203837","2.4579866539225","2.45140948187046","2.44372108191491","2.43930998093781","2.43826927640181","2.43690281227214","2.43514372171266","2.43289058981143","2.43692485275202","2.44712834176013","2.45702612846079","2.46633592444663","2.47472854263968","2.48170014260665","2.48572849587776","2.48605260663041","2.482512492857","2.47367543172616","2.45524560660674","2.42956891811539","2.40299021179099","2.376132026061","2.34764588632312","2.31684352342834","2.28438832431441","2.25031856539037","2.21559741781459","2.21727841049628","2.25772054696305","2.30599881105819","2.36425250988279","2.4356590113179","2.52520747322798","2.55425407887274","2.5199471963117","2.49670206949143","2.48395717689405","2.48160762899374","2.48842186373225","2.49608258726879","2.50752060498244","2.53282102103497","2.56824227080234","2.60896849556103","2.65345754900338",
"Cote d'Ivoire","CIV","Population ages 65 and above, female (% of female population)","SP.POP.65UP.FE.ZS","2.58113597376783","2.58420111418601","2.58552836184599","2.58544810545404","2.5843771476","2.58262307443123","2.5806826807978","2.5783757382338","2.57564585589073","2.57252266032467","2.56845158210257","2.56312228942802","2.55648929441617","2.54897529606854","2.54105263425304","2.53335480274221","2.5284605803031","2.52730994962436","2.52886997334001","2.53174378346185","2.53434112986821","2.53586220495971","2.53554707383794","2.53366141062254","2.53465840635081","2.53830563945851","2.54067552007653","2.5417829542004","2.54225826805086","2.54434183403698","2.54759512163942","2.55030020108935","2.55238088249704","2.55350882015858","2.55312945143508","2.54976148507937","2.54266054857477","2.53161802570478","2.51503689839201","2.49027793289367","2.45977970981042","2.42824312456095","2.39606750467023","2.3612655847094","2.32338653982945","2.28410082755827","2.24297865799618","2.20094445122975","2.20214756446764","2.25075070850073","2.31133311664552","2.38601657783525","2.47767307658343","2.59013898601012","2.62954697157","2.59172270875638","2.56445554904345","2.54790042520111","2.54221442450755","2.54633681657768","2.55493443717241","2.5680954757307","2.59364517845599","2.63136406520362","2.67631984205054","2.72609241496344",
"Cote d'Ivoire","CIV","Population ages 60-64, male (% of male population)","SP.POP.6064.MA.5Y","1.64734378915207","1.65105056120149","1.65387572611141","1.65627696013121","1.65849826497339","1.66056729273317","1.66262588745223","1.6646025908468","1.66630357968342","1.66744809102847","1.66762864402123","1.66682078546559","1.66546228921191","1.66408300834627","1.66335857647508","1.66375807562662","1.66513174277275","1.66523272735258","1.66234397753811","1.66168956808218","1.66233522533993","1.65937000958252","1.6538730882752","1.64693800873459","1.63583375854336","1.62174536015427","1.60878126479709","1.59683604680454","1.5843032843936","1.57574540725702","1.57096962123643","1.56459859942403","1.55707829107716","1.54843385001951","1.53834388076845","1.52567440916636","1.51049377152744","1.49329081839927","1.47350575786449","1.45284312001088","1.43103463297512","1.40636133130444","1.3800128172979","1.35343244606906","1.32766845195348","1.30308897798466","1.2786612820163","1.25162102889389","1.23478113652642","1.23987474197228","1.26640426738555","1.31345120190048","1.37721239652388","1.45212661643501","1.49623894693765","1.50907123639448","1.5248669608108","1.5415345478319","1.55934843386989","1.57974236121089","1.59815882092652","1.61425617348683","1.63304623713166","1.65567470904967","1.68123574535734","1.70828020873494",
"Cote d'Ivoire","CIV","Population ages 50-54, male (% of male population)","SP.POP.5054.MA.5Y","2.9587039167558","2.96483268792069","2.96990391883673","2.97475554348866","2.98054843160694","2.98765192492519","2.99614691966545","3.00598912976939","3.01690843930258","3.03867304127527","3.06973704966284","3.09932904640638","3.12750820144684","3.15448048603571","3.17336051786963","3.18581470369174","3.19383601390347","3.1911038538034","3.17795957434135","3.15481914342777","3.12218593736363","3.08295693181659","3.04035174050941","2.99643627518813","2.95195986316358","2.9072074008027","2.86328678046885","2.820776310728","2.77438577553261","2.72948951619128","2.68541184157372","2.6327017622769","2.5737178772399","2.51225344630547","2.45130880371337","2.39105271340399","2.32977417858868","2.26336411306225","2.18650665532728","2.11727608305311","2.07216638847379","2.04613507666779","2.03855766388549","2.05380668950311","2.08507050663865","2.11722732386948","2.14749411089229","2.17850075418956","2.24392057978269","2.34102863148689","2.43544814547338","2.52570862138212","2.61128709318066","2.69549061188421","2.7481671241382","2.77124834469761","2.79917859467591","2.8341938054404","2.8754137259386","2.92153387205865","2.97386621500798","3.03407655547228","3.10479794030995","3.18586762529417","3.27276393476193","3.36407478764744",
"Cote d'Ivoire","CIV","Population ages 40-44, male (% of male population)","SP.POP.4044.MA.5Y","4.74246192230075","4.80518641366387","4.86684619652005","4.92647416828183","4.97040058899163","5.00048963372296","5.03028028752856","5.05885226465185","5.08573674284803","5.11138462538592","5.136796077523","5.16268537980586","5.1885638575692","5.21165372052316","5.22938907426458","5.24088743903329","5.22623326644712","5.17832416077953","5.10940828025608","5.01831808125366","4.9059332867942","4.7773880067561","4.64012463204761","4.5029189824238","4.37181818719257","4.24937869432781","4.13329575491317","4.01546146592012","3.87906252192853","3.74426500294632","3.64220098279268","3.56950092767855","3.52513598632917","3.5173035724485","3.53522629386768","3.55321636770236","3.56682924645205","3.58088695757292","3.59689651115815","3.62973661994489","3.67670456254112","3.72135445108971","3.76271850523133","3.80144923076811","3.83854030832527","3.87211510514231","3.90291450756157","3.93509325430188","4.0080607255254","4.12060947669043","4.23694206019688","4.36157422045239","4.49946987348664","4.65343273814031","4.78268420660585","4.88461364786286","4.99131174172763","5.09411168415079","5.18917716030418","5.27147716638265","5.33516402089495","5.38161661238982","5.41997723899325","5.45174863212023","5.46350683759676","5.45480399421206",
"Cote d'Ivoire","CIV","Population ages 30-34, male (% of male population)","SP.POP.3034.MA.5Y","7.15801470568424","7.206780556502","7.25655973984392","7.30022490310842","7.33173791716591","7.34860458820032","7.35269187454105","7.34562579373423","7.32542256338623","7.29343892672545","7.25650276468126","7.2185435738868","7.18034852678082","7.14125471991257","7.1006016819304","7.05812672006345","6.95075919131858","6.76493309724903","6.53955427435306","6.30026216045249","6.09950364742405","5.95165307024286","5.85663547009832","5.82796259921987","5.84725789988582","5.87411546266737","5.90097330940778","5.93321250558139","5.96859041449513","5.99772814606004","6.01973509021923","6.03896093754881","6.05415394956741","6.06876573628881","6.08633094224796","6.10384058409827","6.12263776679589","6.14956292718888","6.18862754053437","6.24626019268077","6.31251154062454","6.37721861947335","6.44246659286946","6.50723639178328","6.5690679605324","6.6173493182833","6.64236257427128","6.6327971703058","6.66974228895738","6.78115395434796","6.91198683957327","7.06767900327286","7.25503203568956","7.4666667534291","7.55146956131137","7.50305031436719","7.44390136475338","7.36633114733812","7.27319590910965","7.16910016240572","7.05585209839436","6.93618042916665","6.81258730601206","6.68939224996571","6.55260931609999","6.40435638846186",
"Cote d'Ivoire","CIV","Population ages 20-24, male (% of male population)","SP.POP.2024.MA.5Y","9.13937529132505","9.05904520102854","8.96845699905643","8.86996561335325","8.76675959174434","8.65989244009963","8.53900700761416","8.38025702094588","8.15314280811276","7.90351686317552","7.72491661404014","7.63378117831961","7.61365995432842","7.66614226259102","7.7510966773882","7.80652156664179","7.7744228256665","7.70860490014659","7.6957559425636","7.72848865501075","7.80205954111527","7.90546272244763","8.0201586300169","8.13587545844522","8.24423968676274","8.33433782531687","8.40383771976413","8.45813663963654","8.51969829319042","8.57420285808168","8.62869505239353","8.72517600904565","8.86457187536676","9.04393477604565","9.25512512128908","9.47510774117628","9.68032580029197","9.84527315316672","9.9351469192639","9.88712778465642","9.73230247860997","9.55533310394722","9.38323544609912","9.24392892451754","9.14673368044862","9.08828349764314","9.06594990738777","9.07703197547619","9.20426895387681","9.37908922833549","9.45260139627805","9.41901164728301","9.28051152115376","9.05162937007137","8.80654934268439","8.59697955925932","8.4141089573445","8.27318059291812","8.2294178559859","8.2992973241595","8.42242456378938","8.56675751733362","8.7286211316786","8.85345300675825","8.93736108123749","9.04552769812972",
"Cote d'Ivoire","CIV","Population ages 15-64, male (% of male population)","SP.POP.1564.MA.ZS","55.6886317893892","55.6829744185123","55.6241332643563","55.4465671036092","55.1783410038398","54.919445282656","54.6845210611773","54.4498355870967","54.2191593030855","54.0238819159127","53.901350927709","53.8542340936412","53.8532255057394","53.8491989608192","53.811441716283","53.752928977243","53.4269685140554","52.8801153539302","52.4145483692739","52.0208644788544","51.6754146818775","51.3717341150237","51.1069830013458","50.8799647547891","50.6817664301459","50.5125753405767","50.3818505672406","50.2903230793435","50.2586920647647","50.2930590348797","50.375407386143","50.5041323862891","50.6645479823504","50.8339289857196","51.0186059825688","51.2130949960425","51.4017866729092","51.5788152958639","51.7309148369617","51.7874047881664","51.7458305497651","51.6834504489042","51.6241034148562","51.566690444435","51.5169922806096","51.4857132503308","51.4735148131797","51.4799299514578","51.9873246390216","52.8973122615348","53.6576519100108","54.2681951411261","54.7600628111074","55.2036882386008","55.3641789621185","55.2839666160392","55.2592615873072","55.2811121946483","55.3622442335372","55.4757279101612","55.6047510703154","55.8053602631952","56.1074760266619","56.472373998819","56.8532045669268","57.24019643307",
"Cote d'Ivoire","CIV","Population ages 15-19, male (% of male population)","SP.POP.1519.MA.5Y","9.79005736240701","9.6607152727302","9.48865435711767","9.22958992898415","8.92744606019646","8.68548189485149","8.52527034601905","8.44149343136618","8.46055645392525","8.54819668611818","8.62507024668335","8.67621302750622","8.71388024631447","8.73552929313599","8.74167407158558","8.74759652048049","8.75960831810697","8.79822577457675","8.88484633443493","9.0053983233309","9.13587834831408","9.26345189188868","9.38733702880309","9.5044881910955","9.61455076518438","9.72070349681886","9.82937225626783","9.94526375522104","10.0821179433273","10.2578381280868","10.4615998373703","10.6698417011813","10.8542248927536","10.9804627220771","11.0508182224281","11.086008598975","11.0924405642644","11.0843438557135","11.0767572886936","11.0302272029519","10.9633698820404","10.9339874396048","10.940864270536","10.9694024845191","11.0052204530424","11.0475559790542","11.0922743510173","11.1306085324933","11.0995815085599","10.9475159643114","10.6968593654809","10.3739777650547","10.0169642983988","9.70571103700333","9.62109828925772","9.72653966885584","9.85861159187524","10.0070067927013","10.1192632703639","10.1464933053169","10.1529822918155","10.2281776954796","10.3643591075059","10.5286303722336","10.7378181038274","10.9514972642222",
"Cote d'Ivoire","CIV","Population ages 05-09, male (% of male population)","SP.POP.0509.MA.5Y","13.0157699468408","13.1098474753653","13.1802712812377","13.2410295990911","13.2999574483975","13.3761064946701","13.4764530193395","13.5907978729612","13.7160093021114","13.8378821302138","13.9253330503242","13.9676655296509","13.9801776880978","13.9769792969433","13.9700104919518","13.9667036033576","14.0631367045986","14.2576552730041","14.4700756260924","14.7009374394665","14.9367869925073","15.1669174737432","15.3601045033815","15.4733299158985","15.5152903350356","15.5185331468133","15.4926667790243","15.4594834477196","15.4487770088331","15.453710659618","15.4505944038231","15.4346189646233","15.4118365342241","15.3743807928985","15.3180821498944","15.2573055395253","15.1933778248583","15.1144108187164","15.0225869024839","14.9464405005645","14.8979548818844","14.8730123405897","14.8874905616648","14.9600117498725","15.0849628008348","15.232537734498","15.3705165707583","15.4708665966914","15.3210649629587","14.9341860479356","14.5378475411996","14.2000675080967","13.9792459709114","13.9071752019077","14.0103512952439","14.1782421667144","14.2531503280956","14.205847852032","14.0961225413127","14.0692863090984","14.111988605243","14.1228154781392","14.1097779473724","14.0375205904258","13.8223866715419","13.5256625713142",
"Cote d'Ivoire","CIV","Population ages 0-14, male (% of male population)","SP.POP.0014.MA.ZS","42.0613284691593","42.0435192275704","42.0813584176018","42.2408667440088","42.4935838361076","42.738953442258","42.9621012960593","43.1863284134692","43.4072751610916","43.5929911053687","43.7056888992401","43.7431750481318","43.7354466466297","43.732320280722","43.7648527585322","43.8192213221365","44.1473372595965","44.7018171437925","45.1743436119367","45.575346576514","45.9300029397522","46.2450526786494","46.5225999688684","46.7631071306495","46.9711557769071","47.1461426478003","47.2820746686985","47.3783621322309","47.4151073993228","47.3750047980577","47.2758466942133","47.1303341516895","46.9536441693118","46.7688370268354","46.5700396717483","46.3643042678459","46.1680208978035","45.9871679841936","45.836283315711","45.7919929205401","45.854500864651","45.938571055907","46.0195213776124","46.0991678197609","46.1726546908724","46.229613095275","46.2688787167043","46.2899172144975","45.7804282148324","44.8381309410308","44.0415362812497","43.3885304598241","42.8444169402012","42.3326110631703","42.1526939139431","42.2640630376322","42.3083636355999","42.2957859407491","42.2139594716388","42.0912145851425","41.9555491932331","41.7452758209782","41.4182157961748","41.020223971153","40.602860381233","40.1765994856619",
"Cote d'Ivoire","CIV","Population ages 00-04, male (% of male population)","SP.POP.0004.MA.5Y","18.6221167240111","18.6908784419376","18.7541566501536","18.8250881252262","18.9078944517413","18.9810389894669","19.03511559241","19.0805366283204","19.1148273900225","19.1270762313009","19.1064639988351","19.0596294291405","19.0051423501426","18.9702215314249","18.9693345377699","18.991867949632","19.1353585141698","19.3472415465784","19.4582243889013","19.4819084053881","19.4583378528997","19.3989862186303","19.3314511179771","19.2923027824687","19.2758865246781","19.2569302836139","19.2283205325939","19.1939612799497","19.1398224937654","19.0502925022493","18.9437316765539","18.8300474146817","18.6981324626724","18.5528286201398","18.3939641539327","18.2333134019342","18.094056455385","17.9923930900681","17.9488262470521","17.9893663692727","18.085261080194","18.1735719277385","18.222992486314","18.2158270594544","18.1575770982186","18.0626641743237","17.9449876616446","17.8182804098954","17.5629374908202","17.2623875816765","17.0931312795719","16.9897968775369","16.8481784241405","16.5960162865021","16.4459506425487","16.4227205684527","16.3530152674218","16.2738975161203","16.1438264977469","15.8555792772546","15.4852040395345","15.1454583335083","14.8332295206533","14.5780592405634","14.3762074966637","14.1923909397926",
"Cote d'Ivoire","CIV","Women who were first married by age 15 (% of women ages 20-24)","SP.M15.2024.FE.ZS","","","","","","","","","","","","","","","","","","","","","","","","","","","","","","","","","","","13.1","","","","","9.5","","","","","","8.2","","","","","","","9.8","","","","","","","","","7.4","","","","",
"Cote d'Ivoire","CIV","Survival to age 65, female (% of cohort)","SP.DYN.TO65.FE.ZS","31.189814","31.9151","32.78852","33.631852","34.351496","35.183571","36.015005","36.728886","37.588287","38.46313","39.318543","40.228798","41.200461","42.307536","43.4184","44.520093","45.683584","46.828189","47.899892","48.836849","49.646521","50.288073","50.741244","51.250721","51.679666","51.873742","52.001724","52.108802","51.753112","51.20984","50.394956","49.676613","48.823136","48.023474","46.852723","45.777477","44.846168","43.971437","42.027375","41.815509","41.783306","41.232411","40.859909","39.80598","40.797372","41.944605","42.134465","43.447139","45.31528","46.51308","47.497004","48.940685","50.045197","50.927008","52.026675","53.021556","54.218956","55.253311","56.205436","57.192866","56.669365","55.988821","59.718358","60.484715","60.780067","",
"Cote d'Ivoire","CIV","Life expectancy at birth, female (years)","SP.DYN.LE00.FE.IN","39.42","40.076","40.81","41.502","42.136","42.804","43.466","44.08","44.751","45.433","46.116","46.844","47.611","48.442","49.285","50.114","50.965","51.789","52.556","53.233","53.819","54.302","54.672","55.028","55.323","55.51","55.645","55.744","55.645","55.455","55.154","54.884","54.568","54.276","53.851","53.492","53.213","52.969","52.362","52.421","52.548","52.495","52.529","52.355","52.975","53.601","53.963","54.65","55.634","56.314","56.912","57.673","58.314","58.856","59.462","60.022","60.661","61.23","61.756","62.295","62.336","62.313","63.731","64.132","64.311","",
"Cote d'Ivoire","CIV","Contraceptive prevalence, any method (% of married women ages 15-49)","SP.DYN.CONU.ZS","","","","","","","","","","","","","","","","","","","","","","2.9","","","","","","","","","","","","","11.4","","","","","15","","","","","","","14.60509609","","","","","","18.2","","","","15.49988895","22.2671897514271","21.4880612405033","","25.5373304407527","21","31.9711571456027","","","",
"Cote d'Ivoire","CIV","Mortality rate, adult, male (per 1,000 male adults)","SP.DYN.AMRT.MA","493.066","486.984","482.515","476.487","472.087","466.368","462.223","456.386","450.463","444.652","439.044","433.146","425.872","420.191","413.109","406.144","398.911","393.594","387.076","382.804","383.774","386.084","386.476","387.357","383.795","381.237","379.582","378.166","379.878","381.925","383.84","386.902","390.513","394.238","398.649","408.02","411.356","415.037","420.356","425.124","428.367","432.247","434.443","443.222","441.184","438.953","432.565","427.817","421.696","416.615","410.858","399.84","392.217","387.018","371.161","365.066","359.042","353.024","346.909","340.719","346.703","352.433","324.954","319.935","318.006","",
"Cote d'Ivoire","CIV","Prevalence of severe food insecurity in the population (%)","SN.ITK.SVFI.ZS","","","","","","","","","","","","","","","","","","","","","","","","","","","","","","","","","","","","","","","","","","","","","","","","","","","","","","","","6.2","7.5","8.4","9.1","9","9.1","9.4","8.9","8.4","","",
"Cote d'Ivoire","CIV","International migrant stock (% of population)","SM.POP.TOTL.ZS","","","","","","","","","","","","","","","","","","","","","","","","","","","","","","","15","","","","","13.4","","","","","12.2","","","","","11.5","","","","","10.9","","","","","10.3","","","","","9.5","","","","9","",
"Cote d'Ivoire","CIV","Refugees under the mandate of the UNHCR by country or territory of origin","SM.POP.RHCR.EO","","","","","","","","","","","","","","","","","","","","","","","","","","","","","","","","15","37","41","102","203","272","355","531","561","771","856","23731","33625","23649","18333","26304","22222","22218","23148","41747","154818","100709","85650","71956","71107","46811","40009","38316","39351","37525","39940","25148","25994","29442","32506",
"Cote d'Ivoire","CIV","Net migration","SM.POP.NETM","31307","36410","39670","40125","40125","40125","40125","40125","41198","48192","58883","69728","77213","78963","79445","79766","12735","22452","31822","40355","47031","51354","53384","53646","52594","50872","48233","45028","53187","67324","79979","92228","104006","113215","120247","124501","125556","124443","109961","-42777","-63843","-76679","-90503","-99880","-108869","-117342","-124651","-130079","-150037","-168027","-182689","-200010","-232712","-250964","-23011","522","18568","-796","5395","2043","-12390","1322","26777","6002","7838","11305",
"Cote d'Ivoire","CIV","Asylum-seekers by country or territory of asylum","SM.POP.ASYS.EA","","","","","","","","","","","","","","","","","","","","","","","","","","","","","","","","","","","","","","","","","2239","2321","1139","1318","2102","2436","2301","1770","293","217","246","659","508","596","660","644","276","368","198","151","224","129","3561","37460","66799","8177",
"Cote d'Ivoire","CIV","Unemployment, total (% of total labor force) (modeled ILO estimate)","SL.UEM.TOTL.ZS","","","","","","","","","","","","","","","","","","","","","","","","","","","","","","","","6.595","6.7","5.869","5.046","4.1","4.039","3.964","4.1","4.421","4.835","5.195","5.508","5.847","5.915","6.023","6.017","6.284","6.382","6.573","6.607","7.144","7.223","4.255","3.274","2.573","1.896","3.272","2.852","2.401","2.588","2.623","2.31","2.263","2.273","2.323",
"Cote d'Ivoire","CIV","Unemployment, female (% of female labor force) (modeled ILO estimate)","SL.UEM.TOTL.FE.ZS","","","","","","","","","","","","","","","","","","","","","","","","","","","","","","","","6.704","6.803","5.96","5.126","4.174","4.123","4.057","4.192","4.51","4.915","5.269","5.578","5.912","5.99","6.105","6.113","6.378","6.484","6.677","6.721","7.245","7.332","5.122","3.98","3.154","2.352","3.848","3.45","3.019","3.049","2.97","2.573","2.523","2.532","2.623",
"Cote d'Ivoire","CIV","Share of youth not in education, employment or training, male (% of male youth population)","SL.UEM.NEET.MA.ZS","","","","","","","","","","","","","","","","","","","","","","","","","","","","","","","","","","","","","","","","","","","","","","","","","","","","","16.668","10.099","","","13.636","25.359","","11.878","","","12.86","","","",
"Cote d'Ivoire","CIV","Unemployment with intermediate education (% of total labor force with intermediate education)","SL.UEM.INTM.ZS","","","","","","","","","","","","","","","","","","","","","","","","","","","","","","","","","","","","","","","10.699","","","","","","","","","","","","","","17.861","12.159","","","5.146","6.396","","5.489","","","6.252","","","",
"Cote d'Ivoire","CIV","Unemployment with basic education, male (% of male labor force with basic education)","SL.UEM.BASC.MA.ZS","","","","","","","","","","","","","","","","","","","","","","","","","","","","","","","","","","","","","","","6.464","","","","","","","","","","","","","","6.628","3.984","","","2.262","1.277","","2.676","","","1.84","","","",
"Cote d'Ivoire","CIV","Unemployment with advanced education, female (% of female labor force with advanced education)","SL.UEM.ADVN.FE.ZS","","","","","","","","","","","","","","","","","","","","","","","","","","","","","","","","","","","","","","","8.748","","","","","","","","","","","","","","37.763","13.18","","","14.321","22.197","","13.127","","","19.058","","","",
"Cote d'Ivoire","CIV","Unemployment, youth male (% of male labor force ages 15-24) (national estimate)","SL.UEM.1524.MA.NE.ZS","","","","","","","","","","","","","","","","","","","","","","","","","","","","","","","","","","","","","","","5.382","","","","","","","","","","","","","","10.217","5.372","","","1.211","4.672","","3.371","","","3.984","","","",
"Cote d'Ivoire","CIV","Labor force, female (% of total labor force)","SL.TLF.TOTL.FE.ZS","","","","","","","","","","","","","","","","","","","","","","","","","","","","","","","35.6701972448033","35.8244739306656","35.9793694164957","36.1278444657191","36.2688476727265","36.4047065768943","36.5291205489743","36.6417421489724","36.7336762764131","37.4295104425315","38.1301160535678","38.8278865110041","39.5207620911605","40.2089580066152","40.8962749658274","41.5864631456322","42.2744834353548","42.9611012786467","43.5356388285414","44.0102092461251","44.5004213982073","44.9944154817567","45.4783712006638","44.5863037229074","43.7771851027682","43.0690151992469","42.3640755809268","42.3241897515462","42.2965272582503","42.2866821999598","42.4153693389493","42.5990075235551","42.9365057101876","43.1289391414649","43.3249986307876","43.3597471885586",
"Cote d'Ivoire","CIV","Labor force with intermediate education (% of total working-age population with intermediate education)","SL.TLF.INTM.ZS","","","","","","","","","","","","","","","","","","","","","","","","","","","","","","","","","","","","","","","47.717","","","","","","","","","","","","","","44.452","64.297","","","55.501","45.578","","60.574","","","66.472","","","",
"Cote d'Ivoire","CIV","Labor force participation rate, total (% of total population ages 15+) (national estimate)","SL.TLF.CACT.NE.ZS","","","","","81.418","","","","","","57.2","","","","","69.4","","","77.68","","","","","","","","","","65.906","","","","","","","46.3","","","63.913","","","","","","","","","","","","","","67.269","75.348","","","66.829","56.062","","64.684","","","67.149","","","",
"Cote d'Ivoire","CIV","Ratio of female to male labor force participation rate (%) (national estimate)","SL.TLF.CACT.FM.NE.ZS","","","","","82.6314611769971","","","","","","105.603750202058","","","","","49.4002181025082","","","70.7702933824497","","","","","","","","","","47.3552517385571","","","","","","","","","","59.3297781783586","","","","","","","","","","","","","","86.7979009911986","86.0060074908219","","","77.5262667907967","70.3219714277011","","77.2090724367071","","","78.8856965058853","","","",
"Cote d'Ivoire","CIV","Labor force with basic education, male (% of male working-age population with basic education)","SL.TLF.BASC.MA.ZS","","","","","","","","","","","","","","","","","","","","","","","","","","","","","","","","","","","","","","","69.138","","","","","","","","","","","","","","69.162","71.064","","","64.538","77.445","","56.883","","","64.57","","","",
"Cote d'Ivoire","CIV","Labor force with advanced education, female (% of female working-age population with advanced education)","SL.TLF.ADVN.FE.ZS","","","","","","","","","","","","","","","","","","","","","","","","","","","","","","","","","","","","","","","60.007","","","","","","","","","","","","","","71.054","73.836","","","54.365","31.187","","66.448","","","65.802","","","",
"Cote d'Ivoire","CIV","Labor force participation rate for ages 15-24, total (%) (modeled ILO estimate)","SL.TLF.ACTI.1524.ZS","","","","","","","","","","","","","","","","","","","","","","","","","","","","","","","54.238","53.932","53.585","53.234","52.87","52.5","52.152","51.832","51.568","51.523","51.479","51.435","51.391","51.347","51.303","51.259","51.216","51.173","51.13","51.089","51.05","51.014","50.978","50.237","49.493","48.753","48.018","46.562","45.111","43.668","40.779","38.848","37.183","37.081","36.974","36.549",
"Cote d'Ivoire","CIV","Labor force participation rate for ages 15-24, female (%) (modeled ILO estimate)","SL.TLF.ACTI.1524.FE.ZS","","","","","","","","","","","","","","","","","","","","","","","","","","","","","","","42.641","42.42","42.182","41.947","41.706","41.433","41.176","40.932","40.756","41.414","42.078","42.744","43.412","44.085","44.765","45.452","46.148","46.852","47.613","48.429","49.252","50.076","50.897","48.791","46.62","44.411","42.215","41.226","40.254","39.303","36.691","35.276","33.477","33.63","33.801","33.394",
"Cote d'Ivoire","CIV","Average working hours of children, working only, ages 7-14 (hours per week)","SL.TLF.0714.WK.TM","","","","","","","","","","","","","","","","","","","","","","","","","","","","","","","","","","","","","","","","","","","","","","","","","","","","","22.4","","","","","","","","","","","","","",
"Cote d'Ivoire","CIV","Average working hours of children, working only, female, ages 7-14 (hours per week)","SL.TLF.0714.WK.FE.TM","","","","","","","","","","","","","","","","","","","","","","","","","","","","","","","","","","","","","","","","","","","","","","","","","","","","","21.1","","","","","","","","","","","","","",
"Cote d'Ivoire","CIV","Average working hours of children, study and work, male, ages 7-14 (hours per week)","SL.TLF.0714.SW.MA.TM","","","","","","","","","","","","","","","","","","","","","","","","","","","","","","","","","","","","","","","","","","","","","","","","","","","","","10.6","","","","","","","","","","","","","",
"Cote d'Ivoire","CIV","Children in employment, female (% of female children ages 7-14)","SL.TLF.0714.FE.ZS","","","","","","","","","","","","","","","","","","","","","","","","","","","","","","","","","","","","","","","","","40.5","","","","","","43.6","","","","","","36.4","","","","","","","","","","","","","",
"Cote d'Ivoire","CIV","Child employment in services (% of economically active children ages 7-14)","SL.SRV.0714.ZS","","","","","","","","","","","","","","","","","","","","","","","","","","","","","","","","","","","","","","","","","","","","","","","","","","","","","","","","","","","","","","","","","","",
"Cote d'Ivoire","CIV","Children in employment, self-employed, male (% of male children in employment, ages 7-14)","SL.SLF.0714.MA.ZS","","","","","","","","","","","","","","","","","","","","","","","","","","","","","","","","","","","","","","","","","","","","","","","","","","","","","","","","","","","","","","","","","","",
"Cote d'Ivoire","CIV","Child employment in manufacturing, female (% of female economically active children ages 7-14)","SL.MNF.0714.FE.ZS","","","","","","","","","","","","","","","","","","","","","","","","","","","","","","","","","","","","","","","","","","","","","","","","","","","","","","","","","","","","","","","","","","",
"Cote d'Ivoire","CIV","GDP per person employed (constant 2021 PPP $)","SL.GDP.PCAP.EM.KD","","","","","","","","","","","","","","","","","","","","","","","","","","","","","","","","15742.2870155756","15054.9213492997","14263.2373014753","13656.3098431888","13881.5522808728","14329.6977125343","15062.6345070375","15107.3989047259","14791.8371674243","14390.2671963201","13745.5135407463","13057.7099904722","12164.9454371357","12245.6764654198","12071.0699199273","12098.8109256169","11958.2827881154","12114.9195427088","12056.4808499834","12386.9622370339","11364.8798057036","11835.9068602165","12359.0897252987","13052.5024714574","13563.928383598","14077.2315594654","15083.746711333","15487.9334752251","16182.419345582","15835.4765949959","16154.729364062","16390.3109715802","16924.8539357085","17398.9878584636","17977.2107566768",
"Cote d'Ivoire","CIV","Children in employment, unpaid family workers (% of children in employment, ages 7-14)","SL.FAM.0714.ZS","","","","","","","","","","","","","","","","","","","","","","","","","","","","","","","","","","","","","","","","","","","","","","","88","","","","","","85.56","","","","","","","","","","","","","",
"Cote d'Ivoire","CIV","Wage and salaried workers, male (% of male employment) (modeled ILO estimate)","SL.EMP.WORK.MA.ZS","","","","","","","","","","","","","","","","","","","","","","","","","","","","","","","","24.4486756588047","24.383177236859","24.3346755012843","24.2994739791303","24.3774891489806","24.5490819019064","24.8761494776269","25.1296173090777","25.4831063436584","25.7363759855537","25.8396219992248","25.9552779979845","25.9761755420215","26.0579218273975","26.1945984351561","26.4525046638586","26.7251727937294","27.1042865280616","27.7739111995948","28.4853746536655","28.9742389847899","29.6012821620923","31.2126809406651","32.054142261998","32.890718976739","33.7389061397952","31.338282481502","32.02439850898","32.8050324858252","32.6636246500608","34.1002905952111","35.4482349857981","35.8174310703834","36.2104411187982","36.6101050322587",
"Cote d'Ivoire","CIV","Vulnerable employment, female (% of female employment) (modeled ILO estimate)","SL.EMP.VULN.FE.ZS","","","","","","","","","","","","","","","","","","","","","","","","","","","","","","","","93.0330001331702","92.97448346126","92.9182559839771","92.8817258850539","92.7955441676408","92.6702960672797","92.4447079744969","92.297696798023","92.0412795537584","91.8378742922371","91.7299359329969","91.5341751610122","91.3644319211045","91.1949840783985","91.0109991660064","90.7625803759151","90.5349563867067","90.2672281698973","89.7401035261045","89.3203284470747","89.0015837530978","88.6296565710812","86.1693945626437","85.2169844747309","84.2721869809206","83.2644337803837","81.2434602080133","80.9220819810869","80.3942760386457","81.1772825121194","81.1606396213403","81.0979303255443","80.7661471520014","80.4334614119546","80.1308748460576",
"Cote d'Ivoire","CIV","Employment to population ratio, 15+, male (%) (national estimate)","SL.EMP.TOTL.SP.MA.NE.ZS","","","","","","","","","","","","","","","","","","","","","","","","","","","","","","","","","","","","","","","77.332","","","","","","","","","","","","","","66.898","78.028","","","74.019","63.777","","71.42","","","73.943","","","",
"Cote d'Ivoire","CIV","Self-employed, total (% of total employment) (modeled ILO estimate)","SL.EMP.SELF.ZS","","","","","","","","","","","","","","","","","","","","","","","","","","","","","","","","81.939293783132","81.9880999308168","82.0246978816848","82.053868179757","82.0008452397451","81.8732527877704","81.6217208442439","81.4192126212991","81.2361051270262","81.1283512816139","81.131744591777","81.114545577765","81.1634431050341","81.1767548610265","81.1433291182727","81.0179976398683","80.8890562005632","80.6684705948977","80.1544901633165","79.6360642480034","79.3202269209105","78.8952698461177","76.7041947153784","75.7641647465294","74.8236577082614","73.8568394285304","74.2531853580917","73.9728075073144","73.6647668574395","73.9055030776613","72.8802336724512","71.9612145822221","71.649178502529","71.3195738393142","70.9652872394541",
"Cote d'Ivoire","CIV","Employers, male (% of male employment) (modeled ILO estimate)","SL.EMP.MPYR.MA.ZS","","","","","","","","","","","","","","","","","","","","","","","","","","","","","","","","1.20630408440533","1.2111307280863","1.21099411833836","1.17110311227627","1.21518120070579","1.27244027856174","1.44140057631504","1.39861280375498","1.46878747503499","1.45345080891144","1.29739416841384","1.32243190845896","1.35061132506361","1.40442004257118","1.39959564571378","1.44201397131176","1.44892199426578","1.49532537519343","1.53335610870923","1.36899805019759","1.38017815544433","1.34737897117973","1.1390442337294","1.57791872677197","1.94620541688357","2.37677610455428","2.1905134548392","2.97227715127676","3.63761641754626","3.01275573988646","2.60946666771103","2.10043734239804","2.12111362995993","2.11736226821932","2.10485397129683",
"Cote d'Ivoire","CIV","Employment to population ratio, ages 15-24, male (%) (modeled ILO estimate)","SL.EMP.1524.SP.MA.ZS","","","","","","","","","","","","","","","","","","","","","","","","","","","","","","","","59.925","59.395","59.658","59.893","60.221","59.801","59.44","58.988","58.01","56.974","55.974","55.005","54.028","53.203","52.358","51.577","50.649","49.774","48.803","47.899","46.729","45.792","49.003","50.391","51.682","52.956","49.354","47.745","46.147","42.827","40.375","39.017","38.722","38.383","38.077",
"Cote d'Ivoire","CIV","Employment in agriculture (% of total employment) (modeled ILO estimate)","SL.AGR.EMPL.ZS","","","","","","","","","","","","","","","","","","","","","","","","","","","","","","","","49.8514202397614","49.8260530887763","49.7966691425949","49.6003639500898","49.2661159581909","48.8821026595941","48.2888316121634","48.0572032555752","47.84277494169","47.9069867485457","48.1422813375089","48.3791010327592","48.7199122189713","48.2554132951939","48.0375503879253","47.8482157593684","47.7091344889403","47.4095953477235","47.0279227007854","46.6343052548255","47.183774032307","46.2718277132224","45.3101692945285","47.8579639529269","50.5367400929959","52.9240505749256","50.5079045856325","48.4041506801604","45.944939092442","47.673475814199","48.2212924147521","47.9817803037728","47.0773577999683","46.2587792237702","45.3665059778073",
"Cote d'Ivoire","CIV","Child employment in agriculture, male (% of male economically active children ages 7-14)","SL.AGR.0714.MA.ZS","","","","","","","","","","","","","","","","","","","","","","","","","","","","","","","","","","","","","","","","","","","","","","","","","","","","","","","","","","","","","","","","","","",
"Cote d'Ivoire","CIV","Survey mean consumption or income per capita, total population (2021 PPP $ per day)","SI.SPR.PCAP","","","","","","","","","","","","","","","","","","","","","","","","","","","","","","","","","","","","","","","","","","","","","","","","","","","","","","","","","","","6.31","","","6.08","","","","",
"Cote d'Ivoire","CIV","Average transaction cost of sending remittances to a specific country (%)","SI.RMT.COST.IB.ZS","","","","","","","","","","","","","","","","","","","","","","","","","","","","","","","","","","","","","","","","","","","","","","","","","","","","","","","","","6.61224","3.49762","3.49762","2.54529","1.19048","2.09","0.376667","0.743333","","",
"Cote d'Ivoire","CIV","Poverty headcount ratio at national poverty lines (% of population)","SI.POV.NAHC","","","","","","","","","","","","","","","","","","","","","","","","","","","","","","","","","","","","","","","","","","","","","","","","","","","","","","","","44.4","","","39.5","","","37.5","","","","",
"Cote d'Ivoire","CIV","Poverty headcount ratio at $4.20 a day (2021 PPP) (% of population)","SI.POV.LMIC","","","","","","","","","","","","","","","","","","","","","","","","","","25.5","25.5","33.9","43.9","","","","57.1","","","57.5","","","65.7","","","","64.7","","","","","","64.1","","","","","","","64.7","","","41.3","","","41.6","","","","",
"Cote d'Ivoire","CIV","Income share held by lowest 20%","SI.DST.FRST.20","","","","","","","","","","","","","","","","","","","","","","","","","","5","6.9","6.3","6.8","","","","6","","","6.6","","","6.4","","","","6.1","","","","","","5.1","","","","","","","5.7","","","7","","","7.6","","","","",
"Cote d'Ivoire","CIV","Income share held by highest 20%","SI.DST.05TH.20","","","","","","","","","","","","","","","","","","","","","","","","","","51.2","45.4","47.5","43.8","","","","45.8","","","47.4","","","46.2","","","","48.5","","","","","","49","","","","","","","47.7","","","44.7","","","43.3","","","","",
"Cote d'Ivoire","CIV","UHC service coverage sub-index on reproductive, maternal, newborn and child health","SH_UHC_SCI_RMNCH","","","","","","","","","","","","","","","","","","","","","","","","","","","","","","","","","","","","","","","","","37","37","37","37","37","38","38","39","39","40","40","39","41","42","44","46","47","50","52","54","56","58","59","59","","",
"Cote d'Ivoire","CIV","UHC service coverage index","SH_UHC_SCI","","","","","","","","","","","","","","","","","","","","","","","","","","","","","","","","","","","","","","","","","26","25","25","24","24","24","26","29","31","31","31","36","37","37","43","44","44","47","46","45","43","46","46","46","","",
"Cote d'Ivoire","CIV","Proportion of population further impoverished due to out-of-pocket health expenditure, based on the societal poverty line (%)","SH_UHC_FH40_FURTHER","","","","","","","","","","","","","","","","","","","","","","","","","","18.8","16.34","15.74","19.57","","","","17.23","","","","","","28.89","","","","28.69","","","","","","23.55","","","","","","","15.72","","","22.56","","","21.72","","","","",
"Cote d'Ivoire","CIV","Domestic private health expenditure (% of current health expenditure)","SH.XPD.PVTD.CH.ZS","","","","","","","","","","","","","","","","","","","","","","","","","","","","","","","","","","","","","","","","","81.7783432","83.79656219","82.41271973","81.98117065","82.87774658","82.69470215","81.98959351","74.50507355","70.81867218","72.02121735","71.43956757","74.62193298","67.49612427","71.71278381","65.6867218","61.9337883","59.38405609","58.24119949","58.65667725","56.79614258","49.698349","44.38304901","48.56842804","47.34071732","","",
"Cote d'Ivoire","CIV","Domestic general government health expenditure per capita, PPP (current international $)","SH.XPD.GHED.PP.CD","","","","","","","","","","","","","","","","","","","","","","","","","","","","","","","","","","","","","","","","","15.9999925606542","13.9197119968139","14.7239881763046","13.9088572249707","15.2681101579388","14.7785189838766","15.9851666058653","19.8599689178296","20.8899302088192","26.4507665613706","27.8193884576437","17.8307693067451","25.0433719909763","26.6285257419736","31.7067817892276","35.4252520571173","38.6473729440028","43.7438900606102","44.4426727369431","53.1388391294624","73.8347088146099","96.1254737592368","101.062000257028","101.806301767254","","",
"Cote d'Ivoire","CIV","Domestic general government health expenditure (% of current health expenditure)","SH.XPD.GHED.CH.ZS","","","","","","","","","","","","","","","","","","","","","","","","","","","","","","","","","","","","","","","","","16.23612976","14.19822884","15.34098244","13.04556465","13.92349815","13.3393364","14.19835758","16.20634651","16.41953278","18.04951096","18.36027718","13.18704987","16.85137749","19.57717896","20.84157753","24.98393059","25.68556023","28.72467422","29.06596375","30.20500565","36.75761032","42.2668457","40.96977234","40.82644653","","",
"Cote d'Ivoire","CIV","Current health expenditure per capita, PPP (current international $)","SH.XPD.CHEX.PP.CD","","","","","","","","","","","","","","","","","","","","","","","","","","","","","","","","","","","","","","","","","98.5456045549626","98.0383699060394","95.9781370709401","106.617521389437","109.657143284113","110.78901318156","112.584615999635","122.544382582173","127.226094166407","146.545618507307","151.519436505154","135.214240722147","148.613204220907","136.018196240543","152.132339320008","141.792156353083","150.463424305056","152.286810151245","152.902803893692","175.927259655428","200.869169906779","227.42522682024","246.674532700443","249.363625351043","","",
"Cote d'Ivoire","CIV","Incidence of tuberculosis (per 100,000 people)","SH.TBS.INCD","","","","","","","","","","","","","","","","","","","","","","","","","","","","","","","","","","","","","","","","","166","180","191","201","208","213","217","218","217","215","209","201","193","184","173","162","153","142","133","126","118","112","107","103","99","",
"Cote d'Ivoire","CIV","Prevalence of severe wasting, weight for height, male (% of children under 5)","SH.SVR.WAST.MA.ZS","","","","","","","","","","","","","","","","","","","","","","","","","","","3.3","","","","","","","","3.2","","","","1.9","","","","","","","","","6.9","","","","0.8","2.3","","","","1.5","","","","","2.9","","","","",
"Cote d'Ivoire","CIV","Prevalence of wasting, weight for height, female (% of children under 5)","SH.STA.WAST.FE.ZS","","","","","","","","","","","","","","","","","","","","","","","","","","","8.4","","","","","","","","7.8","","","","6.7","","","","","","","","","12.7","","","","4.3","6","","","","5.5","","","","","7.1","","","","",
"Cote d'Ivoire","CIV","Suicide mortality rate, male (per 100,000 male population)","SH.STA.SUIC.MA.P5","","","","","","","","","","","","","","","","","","","","","","","","","","","","","","","","","","","","","","","","","10.13","9.97","9.84","9.65","8.64","8.67","8.9","9.21","9.89","10.98","12.55","13.45","14.29","14.76","14.15","13.25","12.83","12.62","12.68","12.7","11.99","12","","","","",
"Cote d'Ivoire","CIV","Prevalence of stunting, height for age, male (modeled estimate, % of children under 5)","SH.STA.STNT.ME.MA.ZS","","","","","","","","","","","","","","","","","","","","","","","","","","","","","","","","","","","","","","","","","34.8","34.9","35","34.9","34.8","34.8","34.7","34.4","33.9","33.2","32.4","31.6","30.9","30.2","29.4","28.6","27.7","26.6","25.6","24.6","23.7","23","22.7","22.5","22.3","",
"Cote d'Ivoire","CIV","People using safely managed sanitation services (% of population)","SH.STA.SMSS.ZS","","","","","","","","","","","","","","","","","","","","","","","","","","","","","","","","","","","","","","","","","13.4902558119199","14.0560258252456","14.6181205622712","15.1795194486545","15.7403978041699","16.2833836164823","16.8302708112429","17.3809594388166","17.9353442804341","18.4929935401974","19.0541464536122","19.6186956254742","20.1863844479564","20.7571178431905","21.3308006264183","21.9086341432112","22.4901496445248","23.0753092112786","23.663927571105","24.2556841108877","24.8503967888791","25.4478804112786","26.0479460758208","26.6504020224748","27.1027540829127","",
"Cote d'Ivoire","CIV","Mortality rate attributed to unintentional poisoning, female (per 100,000 female population)","SH.STA.POIS.P5.FE","","","","","","","","","","","","","","","","","","","","","","","","","","","","","","","","","","","","","","","","","0.43","0.44","0.4","0.41","0.48","0.57","0.55","0.45","0.48","0.48","0.56","0.58","0.72","0.72","0.6","0.65","0.66","0.65","0.67","0.66","0.61","0.63","","","","",
"Cote d'Ivoire","CIV","Prevalence of overweight, weight for height, male (modeled estimate, % of children under 5)","SH.STA.OWGH.ME.MA.ZS","","","","","","","","","","","","","","","","","","","","","","","","","","","","","","","","","","","","","","","","","4.1","4","3.9","3.8","3.6","3.5","3.3","3.2","3","2.9","2.7","2.6","2.5","2.4","2.4","2.3","2.3","2.3","2.4","2.5","2.6","2.8","3","3.3","3.8","",
"Cote d'Ivoire","CIV","Diarrhea treatment (% of children under 5 who received ORS packet)","SH.STA.ORTH","","","","","","","","","","","","","","","","","","","","","","","","","","","4","4","","16","","","","","11.1","","","","","23.6","16.1","","","","","","10.2","","","","","","17.2","","","","16.5","","","","","","","","","",
"Cote d'Ivoire","CIV","People practicing open defecation, rural (% of rural population)","SH.STA.ODFC.RU.ZS","","","","","","","","","","","","","","","","","","","","","","","","","","","","","","","","","","","","","","","","","61.7801877895677","60.4975675233663","59.2149472571655","57.9323269909642","56.6497067247633","55.367086458562","54.0844661923611","52.8018459261602","51.5192256599589","50.236605393758","48.9539851275567","47.6713648613559","46.3887445951545","45.1061243289537","43.8235040627528","42.5408837965515","41.2582635303506","39.9756432641493","38.6930229979484","37.4104027317471","36.1277824655463","34.8451621993454","33.5625419331441","32.2799216669432","30.9973014007419","",
"Cote d'Ivoire","CIV","Prevalence of underweight, weight for age, male (% of children under 5)","SH.STA.MALN.MA.ZS","","","","","","","","","","","","","","","","","","","","","","","","","","","12.7","","","","","","","","23.6","","","","16.9","","","","","","","","","29","","","","17.2","18.7","","","","14","","","","","13.8","","","","",
"Cote d'Ivoire","CIV","People with basic handwashing facilities including soap and water, rural (% of rural population)","SH.STA.HYGN.RU.ZS","","","","","","","","","","","","","","","","","","","","","","","","","","","","","","","","","","","","","","","","","","","","","","","6.90865454314905","6.90865454314905","6.90865454314905","6.90865454314905","6.90865454314905","7.33182154570898","7.7549885482689","8.17815555082882","8.60132255338874","9.02448955594866","9.44765655850858","9.87082356106851","10.2939905636284","10.7171575661883","11.1403245687483","11.1403245687483","11.1403245687483","11.1403245687483","11.1403245687483","",
"Cote d'Ivoire","CIV","Births attended by skilled health staff (% of total)","SH.STA.BRTC.ZS","","","","","","","","","","","","","","","","","","","","","","","","","","","","","","","","","","","45.4","","","","","47.1","62.8","","","","68","55.1","56.8","","","","","","59.4","","","","73.6","","","","","84","","","","",
"Cote d'Ivoire","CIV","People using at least basic sanitation services, rural (% of rural population)","SH.STA.BASS.RU.ZS","","","","","","","","","","","","","","","","","","","","","","","","","","","","","","","","","","","","","","","","","6.99073221921601","7.56244576639665","8.13415931357708","8.70587286075772","9.27758640793816","9.93924376920111","10.6113429074897","11.2938838228041","11.9868665151446","12.6902909845107","13.4041572309028","14.1284652543206","14.8632150547642","15.6084066322338","16.3640399867291","17.1301151182504","17.9066320267973","18.6935907123701","19.4909911749689","20.2988334145933","21.1171174312438","21.9458432249199","22.7850107956218","23.6346201433498","24.3055305722756","",
"Cote d'Ivoire","CIV","Mortality rate attributed to household and ambient air pollution, age-standardized, male (per 100,000 male population)","SH.STA.AIRP.MA.P5","","","","","","","","","","","","","","","","","","","","","","","","","","","","","","","","","","","","","","","","","","","","","","","","","","","","","","","","","","","","222.1","","","","","","",
"Cote d'Ivoire","CIV","Risk of catastrophic expenditure for surgical care (% of people at risk)","SH.SGR.CRSK.ZS","","","","","","","","","","","","","","","","","","","","","","","","","","","","","","","","","","","","","","","","","","","","100","100","100","100","100","100","100","100","100","100","100","99.9","99.3","98.7","99.1","98.9","97.6","94.6","100","100","","","",
"Cote d'Ivoire","CIV","Prevalence of anemia among pregnant women (%)","SH.PRG.ANEM","","","","","","","","","","","","","","","","","","","","","","","","","","","","","","","","","","","","","","","","","57.9","57.6","57.3","56.9","56.6","56.3","56","55.7","55.5","55.4","55.2","55.1","55.1","55.1","55.2","55.3","55.5","55.6","55.8","56","56.2","56.5","56.9","57.3","","",
"Cote d'Ivoire","CIV","Children with fever receiving antimalarial drugs (% of children under age 5 with fever)","SH.MLR.TRET.ZS","","","","","","","","","","","","","","","","","","","","","","","","","","","","","","","","","","","","","","","","","58","","","","58","","36","","","","","","17.5","","","","","","","","","","","","","",
"Cote d'Ivoire","CIV","Physicians (per 1,000 people)","SH.MED.PHYS.ZS","0.033","","","","","0.048","","","","","0.064","","","","","","","","","","","","","","","0.071","","","","","0.088","","","","","","0.09","","","","","","","","0.106","0.085","","","0.128","","","0.14","","","0.214","","","","0.351","0.149","0.153","0.167","0.162","0.166","","",
"Cote d'Ivoire","CIV","Immunization, measles (% of children ages 12-23 months)","SH.IMM.MEAS","","","","","","","","","","","","","","","","","","","","","","","","","31","31","31","30","31","41","56","57","54","52","55","57","65","68","66","57","68","71","71","70","78","84","73","67","63","67","64","49","74","70","59","67","73","70","74","71","63","65","62","70","75","",
"Cote d'Ivoire","CIV","Incidence of HIV, ages 15-49 (per 1,000 uninfected population ages 15-49)","SH.HIV.INCD.ZS","","","","","","","","","","","","","","","","","","","","","","","","","","","","","","","12.7","13.6","13.4","12.5","11.5","10.1","8.9","7.6","6.7","6.2","5.2","4.6","4.1","3.5","3.3","2.9","2.6","2.4","1.9","1.8","1.6","1.4","1.3","1.2","0.99","1","0.99","0.83","0.74","0.64","0.6","0.58","0.51","0.47","0.41","",
"Cote d'Ivoire","CIV","Adults (ages 15+) and children (ages 0-14) newly infected with HIV","SH.HIV.INCD.TL","","","","","","","","","","","","","","","","","","","","","","","","","","","","","","","85000","95000","99000","97000","95000","89000","84000","77000","72000","70000","62000","57000","53000","47000","45000","41000","38000","34000","28000","27000","25000","23000","20000","19000","16000","16000","17000","14000","13000","11000","11000","10000","9200","9000","8200","",
"Cote d'Ivoire","CIV","Prevalence of HIV, male (% ages 15-24)","SH.HIV.1524.MA.ZS","","","","","","","","","","","","","","","","","","","","","","","","","","","","","","","0.9","1","1","1","1","1","0.9","0.8","0.7","0.7","0.6","0.5","0.5","0.5","0.5","0.5","0.5","0.5","0.6","0.6","0.6","0.6","0.7","0.7","0.7","0.7","0.6","0.6","0.6","0.6","0.5","0.5","0.5","0.4","0.4","",
"Cote d'Ivoire","CIV","People using safely managed drinking water services, urban (% of urban population)","SH.H2O.SMDW.UR.ZS","","","","","","","","","","","","","","","","","","","","","","","","","","","","","","","","","","","","","","","","","41.2615932516986","41.2611074920296","41.2606217323605","41.2601359726914","41.2596502130223","41.2591644533532","41.2586786936841","41.258192934015","41.257707174346","41.2572214146769","41.2567356550078","41.2562498953387","42.6116945462859","43.9671072668433","45.3224880570113","46.6778369167898","48.0331538461789","49.3884388451786","50.7436919137888","52.0989130520096","53.4541022598414","54.8092595372834","53.4300204743861","51.4556267569555","51.4550208220885","",
"Cote d'Ivoire","CIV","People using at least basic drinking water services, rural (% of rural population)","SH.H2O.BASW.RU.ZS","","","","","","","","","","","","","","","","","","","","","","","","","","","","","","","","","","","","","","","","","53.0088770929753","53.4525804020337","53.8980355483376","54.3452425318872","54.7942013526825","55.2449120107233","55.6973745060098","56.151588838542","56.6075550083197","57.0652730153431","57.5247428596122","57.9859645411268","58.4489380598871","58.913663415893","59.3801406091446","59.8483696396418","60.3183505073846","60.7900832123731","61.2635677546072","61.7388041340869","62.2157923508122","62.6945324047833","63.1750242959999","63.6572680244621","63.9497450534432","",
"Cote d'Ivoire","CIV","Mortality from CVD, cancer, diabetes or CRD between exact ages 30 and 70, male (%)","SH.DYN.NCOM.MA.ZS","","","","","","","","","","","","","","","","","","","","","","","","","","","","","","","","","","","","","","","","","26.5","26.5","26.2","26.3","24.9","24.7","24","24.6","25.5","26.4","27.4","27.9","28.5","28.6","27.8","27","26.4","26.1","25.8","25.6","26.1","23.9","","","","",
"Cote d'Ivoire","CIV","Mortality rate, under-5 (per 1,000 live births)","SH.DYN.MORT","319.3","311.2","303.5","295.8","288.3","281.1","274","266.9","259.9","252.8","245.6","238.1","230.1","221.8","213.2","204.5","196.2","188.4","181.3","175.1","170","165.5","161.8","158.8","156.5","154.7","153.6","152.9","152.9","153.2","153.6","154.1","154.2","154.1","153.5","152.4","150.9","148.9","146.4","143.6","140.4","136.9","133.1","129.2","125.3","121.2","117.4","113.5","109","105.2","101.6","98.4","95.3","92","88.6","85.5","83","80.5","77.9","75.3","73","70.8","68.7","66.5","64.5","",
"Cote d'Ivoire","CIV","Probability of dying among adolescents ages 15-19 years (per 1,000)","SH.DYN.1519","","","","","","","","","","","","","","","","","","","","","","","","","","","","","","","12.1","12.1","12.2","12.2","12.3","12.3","12.4","12.4","12.4","12.4","12.4","12.3","12.2","12","11.9","11.7","11.5","11.3","11.1","10.8","10.5","10.1","9.8","9.5","9.2","8.9","8.6","8.3","8","7.7","7.5","7.2","6.9","6.7","6.5","",
"Cote d'Ivoire","CIV","Number of neonatal deaths","SH.DTH.NMRT","18110","18451","18830","19238","19648","20049","20461","20898","21305","21696","22030","22356","22602","22838","22996","23047","23085","22859","22529","22632","22844","23137","23502","23923","24466","24914","25362","25830","26026","26415","26952","27459","27923","28249","28550","29127","29611","30217","30840","31390","31846","32071","32145","32087","32026","32101","32060","31941","31774","32198","32495","32561","32486","32352","32029","31539","31062","30415","29440","29036","28686","28395","28122","27833","27601","",
"Cote d'Ivoire","CIV","Number of infant deaths","SH.DTH.IMRT","39765","40313","40826","41330","41825","42292","42712","43132","43550","43928","44262","44572","44894","45218","45472","45518","45481","45140","44390","44011","44186","44553","45162","45949","46982","48198","49475","50903","52289","53756","55473","57229","58766","60060","61157","62576","64200","65845","67465","68823","69556","69569","69008","68059","66989","65851","64983","63678","62087","61549","61457","61181","60404","59353","58060","56522","55176","53548","51483","49560","48376","47207","46316","45447","44596","",
"Cote d'Ivoire","CIV","Number of deaths ages 10-14 years","SH.DTH.1014","","","","","","","","","","","","","","","","","","","","","","","","","","","","","","","3620","3719","3814","3913","4017","4121","4221","4324","4426","4511","4584","4654","4724","4798","4873","4947","5036","5130","5175","5149","5109","5041","4966","4883","4856","4913","5000","5097","5212","5330","5435","5504","5520","5502","5514","",
"Cote d'Ivoire","CIV","Prevalence of anemia among non-pregnant women (% of women ages 15-49)","SH.ANM.NPRG.ZS","","","","","","","","","","","","","","","","","","","","","","","","","","","","","","","","","","","","","","","","","54.8","54.4","53.9","53.5","53.1","52.7","52.2","51.7","51.2","50.6","50.1","49.7","49.4","49.1","49","48.9","48.9","49","49.1","49.2","49.4","49.7","50.2","50.8","","",
"Cote d'Ivoire","CIV","Total alcohol consumption per capita (liters of pure alcohol, projected estimates, 15+ years of age)","SH.ALC.PCAP.LI","","","","","","","","","","","","","","","","","","","","","","","","","","","","","","","","","","","","","","","","","4.21","4.21","4.36","4.35","4.35","4.26","4.23","4.19","4.22","3.53","2.82","2.12","2.15","2.26","2.44","2.57","2.65","2.71","2.8","2.8","2.85","","","","","",
"Cote d'Ivoire","CIV","Women who believe a husband is justified in beating his wife when she neglects the children (%)","SG.VAW.NEGL.ZS","","","","","","","","","","","","","","","","","","","","","","","","","","","","","","","","","","","","","","","","","","","","","","","","","","","","","32.7","","","","","","","","","13.9","","","","",
"Cote d'Ivoire","CIV","Proportion of women subjected to physical and/or sexual violence in the last 12 months (% of ever-partnered women ages 15-49)","SG.VAW.1549.ZS","","","","","","","","","","","","","","","","","","","","","","","","","","","","","","","","","","","","","","","","","","","","","","","","","","","","","22","","","","","","","","","","","","","",
"Cote d'Ivoire","CIV","Women making their own informed decisions regarding sexual relations, contraceptive use and reproductive health care (% of women age 15-49)","SG.DMK.SRCR.FN.ZS","","","","","","","","","","","","","","","","","","","","","","","","","","","","","","","","","","","","","","","","","","","","","","","","","","","","","25.2","","","","","","","","","18.7","","","","",
"Cote d'Ivoire","CIV","Expenditure on tertiary education (% of government expenditure on education)","SE.XPD.TERT.ZS","","","","","","","","","","","15.2677","","13.94633","13.79976","18.83858","18.12563","15.93877","","22.70772","23.8944","15.28025","","","","","","","","","","","","14.81622","15.25327","16.71696","18.55619","18.26501","19.72602","23.51193","20.80258","22.04268","19.42326","17.32955","18.69688","20.22161","20","21.9331","23.9028","23.77474","21.93434","22.23469","25.85954","24.76669","24.89689","21.02246","21.4443","21.8988","26.03471","14.02777","","","","","","","",
"Cote d'Ivoire","CIV","Expenditure on primary education (% of government expenditure on education)","SE.XPD.PRIM.ZS","","","","","","","","","","","30.76972","","27.58503","31.80341","34.87111","36.92761","37.44791","","33.3384","32.00354","44.08725","","","","","","","","","","","","49.47249","49.89651","49.25645","47.40749","44.66425","43.89168","43.1724","41.68008","41.55833","42.21462","","","","","45.77992","43.95862","43.09156","41.76716","42.66416","39.55984","39.59923","39.28107","39.09514","41.4065","44.45114","39.52525","47.29398","","","","","","","",
"Cote d'Ivoire","CIV","Current education expenditure, secondary (% of total expenditure in secondary public institutions)","SE.XPD.CSEC.ZS","","","","","","","","","","","","","","","","","","","","","","","","","","","","","","","","","","","","","","","87.4600372314453","88.7644805908203","","","","","","","94.7035522460938","94.4972763061523","92.8594207763672","87.1828308105469","90.0922012329102","91.6808776855469","85.1921691894531","89.1409378051758","91.3943786621094","92.1757965087891","96.1658477783203","91.7075500488281","90.4021072387695","95.1406784057617","94.5501327514648","93.3959808349609","92.0329818725586","92.2216186523438","83.0249710083008","",
"Cote d'Ivoire","CIV","School enrollment, tertiary, female (% gross)","SE.TER.ENRR.FE","","","","","","","","","","","","0.286669999361038","0.300480008125305","0.358130007982254","0.388370007276535","","0.438129991292953","0.535719990730286","","0.687579989433289","0.755240023136139","","","","","","","0.852310001850128","","","","","","","1.66735005378723","1.73706996440887","","2.83713006973267","","2.85304999351502","","","","","","","","5.28237009048462","5.27431011199951","4.91948986053467","4.37811589278362","2.31072890115898","","5.49261323221624","5.54473779086426","6.57439386448781","7.17429217053764","7.82112938052772","","9.08865273199781","9.38932796498552","9.93822747655663","10.2587866541503","11.1647106583714","12.2253799438477","",
"Cote d'Ivoire","CIV","Educational attainment, at least completed short-cycle tertiary, population 25+, male (%) (cumulative)","SE.TER.CUAT.ST.MA.ZS","","","","","","","","","","","","","","","","","","","","","","","","","","","","","","","","","","","","","","","","","","","","","","","","","","","","","8.67569101590498","3.89780293003178","","","6.44397669082299","","","","","9.95438003540039","","","","",
"Cote d'Ivoire","CIV","Educational attainment, at least Master's or equivalent, population 25+, female (%) (cumulative)","SE.TER.CUAT.MS.FE.ZS","","","","","","","","","","","","","","","","","","","","","","","","","","","","","","","","","","","","","","","","","","","","","","","","","","","","","0.898602917067128","","","","0.647454583794604","","","","","2.42580008506775","","","","",
"Cote d'Ivoire","CIV","Educational attainment, at least Bachelor's or equivalent, population 25+, total (%) (cumulative)","SE.TER.CUAT.BA.ZS","","","","","","","","","","","","","","","","","","","","","","","","","","","","","","","","","","","","","","","","","","","","","","","","","","","","","6.24850035627203","2.59873863000434","","","4.47960303777146","","","","","4.9792799949646","","","","",
"Cote d'Ivoire","CIV","Price level index (GDP)","PA.NUS.GDP.PLI","","","","","","","","","","","","","","","","","","","","","","","","","","","","","","","48.9092959528391","45.9617979804738","47.8829448980957","46.4139531304181","33.9277922876602","41.0451309031717","41.2896806062243","36.9695980105477","38.1179897356197","35.734892760688","30.77837315946","31.1956334853574","33.9173024168304","41.0929792800203","42.903732975527","42.1471053166311","41.8254678373652","45.8208164701878","50.8361064354081","48.4933013949655","46.2290876039759","50.272949442211","47.0093042107825","49.3547881068527","48.877284591529","41.2094841660212","41.1110235455299","41.8811246734974","43.08588105969","38.8255389424653","39.3179644042115","40.626932513803","34.7311652450832","35.7850805696667","35.5177366478691","37.1559975615278",
"Cote d'Ivoire","CIV","Net secondary income (Net current transfers from abroad) (constant LCU)","NY.TRF.NCTR.KN","","","","","","","","","","","","","","","","","","","","","","","","","","","","","","","","","","","","","","-212029139757.483","-210338766807.704","-213423545282.79","-205926642436.664","-166283064105.94","-219481268549.371","-190365823947.183","-155665478374.319","-148440936003.68","-170441753285.392","-124124528069.308","-73075724522.7087","","","","","","","","","","","","","","","","","",
"Cote d'Ivoire","CIV","Taxes less subsidies on products (current LCU)","NY.TAX.NIND.CN","","","","","","","","","","","","","","","","","","","","","","","","","","","","","","","","","","","","","","","","","","","","","","","","","","","","","","","","2000000000000","2080000000000","2287000000000","2411000000000","2714431000000","2463842000000","3074493000000","3276134000000","3862869000000","4351675409500","4725005642900",
"Cote d'Ivoire","CIV","Net primary income (Net income from abroad) (current US$)","NY.GSR.NFCY.CD","10258412.9525492","-7461176.86928141","-16646740.9224142","-29381305.2501137","-24261008.9336047","-26699985.9716523","-34099981.6764546","-36224598.4606774","-37591164.3523773","-41959516.5226862","-35868794.0650977","-66872775.7489994","-59900565.9804114","-103300381.337931","-96698124.6911256","-140898094.79504","-158199672.104465","-194200247.00699","-308805657.428972","-460296458.126283","-495101048.939638","-522297215.994352","-540506101.385721","-688069719.496072","-492039653.881834","-682005923.555288","-690141264.23903","-891072955.709129","-952705620.173609","-1384916946.94125","-1586690704.19786","-1371111378.20449","-1345715990.65133","-1366706045.92848","-774128894.255606","-987481810.871222","-6847870140.11447","-7044758665.01352","-7598841698.54392","-7128405857.82893","-6838274092.35084","-6890107106.60444","-7196692853.16943","-8204741696.33579","-8720961474.10054","-7597527924.84393","-8174942717.63564","-9198876170.27432","-10656750660.7023","-10450069226.8877","-10940716623.1447","-12268435911.1532","-10375643148.7097","-12898452662.5191","-909353588.735584","-1007253466.76073","-1076231054.27376","-1539138225.81069","-1629068200.30528","-1682436373.6614","-1846407487.09656","-2237387498.89715","-2298978375.48822","-3051791751.89663","-3821057090.14668","-5537742360.47402",
"Cote d'Ivoire","CIV","Gross savings (current US$)","NY.GNS.ICTR.CD","","","","","","","","","","","","","","","","","","","","","","","","","","","","","","","","","","","","","","","","","","","","","","-4507624962.15175","-4618125448.4899","-5724113560.75051","-4765575139.02201","-4145902061.75339","-3971431326.08663","-4568010585.60894","-3594207617.8393","-3555333414.06252","11130881303.5004","10277437757.3192","10858571217.2609","10102032086.5761","10457172050.6708","11418033460.5917","11186102524.6022","13868104446.0691","13764990198.9213","13334951899.6651","14940501049.2187","",
"Cote d'Ivoire","CIV","GNI per capita growth (annual %)","NY.GNP.PCAP.KD.ZG","","","","","","","","","","","","","","","","","","","","","","","","","","","","","","","","","","","","","","","","","","","","","","","","","","5.29661207017604","10.2280698187518","-9.53157369621618","5.18948715332301","10.7311127011207","49.616220026443","6.34503777018647","4.80687132109104","0.910286407112309","1.41556025019558","3.85054757078693","-0.00935796158537983","5.2194361323759","2.9809759696205","4.35150289285164","2.14621769562413","8.21675023173161",
"Cote d'Ivoire","CIV","GNI, PPP (constant 2021 international $)","NY.GNP.MKTP.PP.KD","","","","","","","","","","","","","","","","","","","","","","","","","","","","","","","","","","","","","","","","","","","","","","","","","55277430716.3081","59513327603.0285","67062001537.7247","62002511208.6376","66596715986.9437","75228694510.5318","115317060784.5","126228618818.317","136190076151.968","141363831059.595","147284038826.912","157014362251.666","161022752815.249","173671121074.45","183405542701.142","196238959796.248","205393987931.956","227681031111.77",
"Cote d'Ivoire","CIV","GNI (constant 2015 US$)","NY.GNP.MKTP.KD","","","","","","","","","","","","","","","","","","","","","","","","","","","","","","","","","","","","","","","","","","","","","","","","","19621995498.9264","21125624531.0302","23805199975.2951","22009217506.9037","23640036166.76","26704155492.5286","40934443195.7348","44807751702.5044","48343800111.9681","50180343420.7737","52281857341.6936","55735859453.758","57158729883.4677","61648559129.0517","65104015992.1589","69659532578.4556","72909320394.9939","80820619008.0402",
"Cote d'Ivoire","CIV","GNI, Atlas method (current US$)","NY.GNP.ATLS.CD","","","620762614.239463","721613582.48438","885121618.188893","887462003.871023","1011605552.79313","1072952725.4836","1250499172.60119","1389035168.7479","1537676672.02009","1623469257.79369","1788480286.95942","2227242526.48413","2924349541.0557","3823422790.36443","4588233620.96277","5496993575.57571","7012995350.45509","8691557481.93821","9317824110.37747","9495038024.72981","8387623137.06054","6546703950.73125","6259070788.40562","6315631334.70732","7545232746.50637","8704999650.3751","10118374506.6698","9536262118.63268","9252562275.74883","9334244921.81688","9969482768.9372","9928779305.14358","9392716793.95128","9904300974.15852","7941566171.72805","10129269791.5101","11813008145.5261","11767120765.789","10715842936.1899","10046144124.0925","9906939123.02575","11085269948.3235","13896865770.1758","17008726792.4232","17550779929.7954","18516796834.0364","21452404130.1943","23771712531.7476","25191501226.3027","23341807787.3987","26806058979.9982","29766420355.9374","45707802572.5598","47540059401.8622","48916733337.103","50063915043.6004","55125815646.735","59848852036.5625","61171952028.0076","68303137855.9826","74090133013.911","78290366533.7063","80562575392.8852","90950348318.1906",
"Cote d'Ivoire","CIV","Gross domestic savings (current US$)","NY.GDS.TOTL.CD","158892827.960702","168339463.546337","156378583.266299","223356131.852604","306763635.662564","262791763.047798","302427836.595199","294714368.121637","391008963.499456","397752612.286508","424380142.979347","405292871.704839","469392920.165852","644715005.303779","900688814.227732","879554854.607445","1327890182.55807","2106808226.68095","2279134481.15196","2277154447.90376","2071662834.57952","1587964507.73772","1534967507.45032","1343861587.28667","1722138319.54677","1906900928.75517","1957849984.56163","1626833474.59069","1563742976.41847","1159383443.81442","1216374525.81639","1089515704.84224","1023832282.5874","1472339529.3698","2072891340.78218","2520649996.19973","2950039171.15593","3401276796.30926","4117618936.22576","3058635445.78837","2736707614.73297","2697396157.69106","3402140935.3926","3865780828.62537","3969190352.27105","3552456081.19449","4088588657.9549","3818545326.55386","6224982710.25944","6403295759.03935","7409034935.41322","8234277328.1635","7302102433.20885","9782655627.20898","12334791046.0387","11629281056.614","12350053416.2168","12158038290.2636","12643009778.6311","13676935272.0803","13732003438.8258","16781944479.4465","16421216349.1466","16639227393.0574","18869488390.0955","24259739488.5025",
"Cote d'Ivoire","CIV","GDP per capita, PPP (current international $)","NY.GDP.PCAP.PP.CD","","","","","","","","","","","","","","","","","","","","","","","","","","","","","","","2693.36146607667","2677.07471986612","2624.52422266923","2576.99340154112","2550.99222452083","2683.32097616165","2831.79903700796","3039.52473895099","3086.12766369107","3064.79944782813","3040.57593174788","2961.76287276493","2851.03041350791","2701.74168485872","2794.17325721544","2841.82308795836","2941.82141170605","2984.53472149065","3115.83789176753","3176.63242423806","3360.54408815073","3175.9192237076","3290.72306949457","3619.01790854865","4074.21445539789","4403.64296618998","4530.64849808487","4690.17801861096","4945.62520575915","5516.39055126829","5543.85096318939","6045.20480490881","6718.37891572875","7243.14676270142","7680.36980823038","8208.90898574972",
"Cote d'Ivoire","CIV","GDP per capita (current LCU)","NY.GDP.PCAP.CN","36455.801071736","39796.5821564552","39956.0452915751","45346.848551128","52804.8871863793","50738.6015189616","54488.1341906769","55502.9614287762","63566.8681955447","68159.6571679056","74340.7612804203","77191.6834369516","78870.117379583","90396.9384848109","114147.897106868","123149.851460171","157836.029131939","210217.222433914","234482.385057207","246119.239504309","261522.29116595","267793.397935347","279144.342988095","281017.136319087","309776.168994487","312216.056050292","303763.940245862","279382.203018484","270903.136275587","265593.49772278","241130.722003305","233370.652348219","223638.691288311","227705.090837904","323067.210302424","369605.982317064","598637.18226908","656427.698217193","694592.310777734","674889.459735995","665206.743215607","677268.137484348","671386.666445812","644365.406219599","632713.483592753","631521.684775183","642808.458708075","654549.882271312","706450.982430915","724465.354392275","768687.066850794","752408.876425028","789803.094275308","882183.070977066","983251.260111398","1072882.83585796","1103784.83078008","1140583.64952988","1183582.0798245","1254885.67041567","1254621.70758614","1361916.95499582","1455462.97381392","1572208.11089028","1654045.41055162","1774941.23689106",
"Cote d'Ivoire","CIV","GDP, PPP (current international $)","NY.GDP.MKTP.PP.CD","","","","","","","","","","","","","","","","","","","","","","","","","","","","","","","32831478345.2292","33955667727.0683","34644533341.7429","35397455090.8921","36446538661.1662","39862249177.2328","43729524250.7765","48775770205.1521","51427070909.1094","52763388081.8451","53815165578.3095","53841629590.6237","53185319478.0254","51672274066.9163","54751824975.1366","57031007284.1227","60445022065.6847","62766430563.323","67035504256.3211","69879369470.4433","75572133889.6993","72988975599.248","77223654948.2285","86638474451.6252","99929867262.254","111175876370.327","117748858729.37","125384273717.75","135827506244.13","155523648459.422","160302939789.704","179178274483.429","204205140580.333","225737405877.572","245266695941.085","268526112106.074",
"Cote d'Ivoire","CIV","GDP: linked series (current LCU)","NY.GDP.MKTP.CN.AD","","","","","","","","","","","","","","","","","","","","","","","","","","","","","","","4371931287080.75","4402739673609.74","4390925386109.43","4652179443544.3","6865386962418.7","8166823139349.01","9236478591754.08","10524846451831.6","11564804357157.3","11608969679648.5","11763481872428.6","12301525544544.7","12513910694708.8","12313354564811.4","12387474533169.7","12673666407000","13207658125000","13765549263000","15198896568000","15936745398000","17286284724000","17291860798000","18534370818000","21119264228000","24116592041000","27086367000000","28686711000000","30491647000000","32506103000000","35379003000000","36277949999999.9","40366858999999.9","44238799999999.9","48998894000000.2","52820666571000.2","58061073692799.8",
"Cote d'Ivoire","CIV","Forest rents (% of GDP)","NY.GDP.FRST.RT.ZS","","","","","","","","","","","5.88211960748263","5.64893582443539","6.24912983609408","7.46318789264459","6.97736372517021","5.73987904350225","5.84187720102765","5.2925209975451","4.33407992517679","4.7895015532176","4.81186623351826","4.14147747862383","5.17023104068879","4.6508254927197","4.02828187962135","3.24820989236042","3.23672077585922","2.75717141829197","2.52900616996132","2.83295870368807","3.97715725220701","3.43635961836602","3.2188728678227","3.12604382681375","4.97078950867356","4.79845231371173","2.67075979517167","2.40731988555317","2.3111831517153","1.95882111256975","2.33761600477411","1.86945333668158","1.81782276899122","1.92749978907432","1.45103886446991","1.45857095914574","1.47922268374704","1.77953766108715","1.90768602761435","1.83447616244734","1.97683794132654","2.12923468361246","2.42796236799746","2.14475507972274","2.0564736172434","2.08311829430822","2.10759701676303","1.98953607572324","1.47066903768452","1.30790324801116","1.31857899198966","1.2244190059936","","","","",
"Cote d'Ivoire","CIV","Gross value added at basic prices (GVA) (current US$)","NY.GDP.FCST.CD","","","","","","","","","","","","","","","","","","","","","","","","","","","","","","","","","","","","","","","","","","","","","","","","","","","","","","","","42432122173.6042","44897838168.4757","48573700383.2299","54181825388.4698","55750056365.6413","58747272703.4077","67250321183.765","65670587462.3343","74411928718.8324","79936286009.5932","91653991497.7971",
"Cote d'Ivoire","CIV","GDP deflator (base year varies by country)","NY.GDP.DEFL.ZS","4.12414369012187","4.24745820383184","4.37508666957138","4.50694815728575","4.63792809089007","4.78072376568463","4.78271270090255","4.84143254380278","5.12193546149916","5.21689193716499","5.3729212615224","5.32235702882457","5.45603422234133","6.17775673617317","7.82685770397758","8.16450471853724","9.65232022919024","12.4274869870358","12.9784353435802","13.8274063411093","17.1658506806723","17.676876537696","19.1442901990049","20.8762323814242","24.6151438670624","24.6997355479654","24.2007008964512","23.2144722877239","23.1260423235453","22.8919127623557","21.8564489289281","22.0014641217509","21.9962196025479","23.3499096935415","34.1810150170952","37.9558944846567","59.3189052191571","61.6450807838509","64.9661240652394","64.4620441585202","65.4940926292252","69.9974460025683","73.2048251214139","75.6045676418867","73.7119150123269","74.6076142463677","75.6219333066226","77.9575541086092","82.1461616374003","83.1383059711316","84.3988638681401","89.2174655047789","88.8569391891795","91.4131137966907","95.4419935384241","100","98.820167564343","97.790780362221","99.4355982794369","101.407756696452","103.261878975611","107.321000353731","110.540631038999","114.854409212636","116.78293315608","120.534385021034",
"Cote d'Ivoire","CIV","Exports as a capacity to import (constant LCU)","NY.EXP.CAPM.KN","","","","","","","","","","","","","","","","","","","","","","","","","","","","","","","","","","","","","4707807626276.91","5048678452423.99","5247197736592.54","5314530163243.51","5048072459532.78","4904209564300.36","5673522024907.34","4939574352164.76","5127641828910.14","5299145607165.5","5450628522467.95","5064396975029.93","5104697293837.23","6631736042705.07","6565154106846.61","6364988548790.18","6717650674809.29","6108396546350.44","6650868378854.78","7409478525045.88","7576141756548.54","8041476375866.49","7413650150560.63","8193490828979.91","8431125070168.7","9627990148675.13","9868609765868.1","10753507094976.8","13444605435831.4","18146051144667.3",
"Cote d'Ivoire","CIV","Adjusted net savings, including particulate emission damage (current US$)","NY.ADJ.SVNG.CD","","","","","","","","","","","","","","","","","","","","","","","","","","","","","","","","","","","","","","","","","","","","","","-6029681232.43359","-6401485030.26245","-7387687836.7119","-6700464661.97869","-5577265367.78577","-5163656787.05013","-6343936736.43501","-4930968082.03424","-4766639897.76877","10785145858.0663","9336203152.73147","8375507308.11203","7445947882.46671","7501899154.23588","8444011701.69949","11308815800.0185","","","","","",
"Cote d'Ivoire","CIV","Adjusted net national income (annual % growth)","NY.ADJ.NNTY.KD.ZG","","","","","","","","","","","","","","","","","","","","","","","","","","","","","","","","","","","","","","","","","","","","","","","","","","4.50656023272688","6.32594931230683","-16.4884930200866","32.7896363218086","7.09970392732376","65.0219829706382","8.16645414450011","5.4508527328471","2.74737494241404","4.74808693322606","5.0499778403432","3.16890277819763","5.1382222784065","","","","",
"Cote d'Ivoire","CIV","Adjusted savings: net national savings (current US$)","NY.ADJ.NNAT.CD","","","","","","","","","","","","","","","","","","","","","","","","","","","","","","","","","","","","","","","","","","","","","","-5483480157.02685","-5472840373.80995","-6626661762.31623","-5759850496.61902","-5138497573.45755","-4943450361.22567","-5657569293.76193","-4566238833.65441","-4630382129.88834","10025428289.5898","9089610892.02516","7903934278.41531","7054584241.91628","7352605943.88195","8303734817.70786","11005190535.1609","","","","","",
"Cote d'Ivoire","CIV","Adjusted savings: particulate emission damage (current US$)","NY.ADJ.DPEM.CD","","","","","","","","","","","","","","","","","","","","","","","","","","","","","","","390618040.633549","375848135.03476","397795585.711394","393658133.718837","293928065.852695","356269387.918354","537087988.255609","494321332.381458","528503306.529263","512631011.648105","458055620.909516","475834910.493403","514379625.709985","613577601.614298","637878512.894843","625897394.952736","632151154.907329","695595153.064172","767483796.953035","722894772.223134","688711716.21817","731684056.539124","668107718.361354","721202983.705971","754564710.723651","656351925.193845","629566303.629506","609804817.762581","650864735.828066","615924195.823272","625335721.109338","657134604.644195","","","","",
"Cote d'Ivoire","CIV","Adjusted savings: mineral depletion (current US$)","NY.ADJ.DMIN.CD","","","","","","","","","","","0","0","0","0","0","0","0","0","0","0","0","0","0","0","0","0","0","0","10072.2940146214","7968.78992960602","11992.3392824986","0","416261.50993203","349113.041841056","3937860.27261206","10660542.1117787","0","4063527.60909624","0","0","0","0","0","1845626.64764744","0","0","1635662.98121202","0","25443582.907034","57124768.4057031","24002108.0558091","183104746.581144","147702925.65854","121061010.888686","131699578.160793","127094781.275309","206041880.196334","158641914.26306","203959797.072591","262803272.35799","325771687.654204","1282376910.48729","","","","",
"Cote d'Ivoire","CIV","Adjusted savings: net forest depletion (current US$)","NY.ADJ.DFOR.CD","","","","","","","","","","","0","0","0","0","0","0","0","0","0","0","0","0","0","0","0","0","0","0","0","0","0","0","0","0","0","0","0","0","0","0","0","0","0","0","0","0","0","0","0","0","0","0","0","0","0","0","0","0","0","0","0","0","","","","",
"Cote d'Ivoire","CIV","Adjusted savings: education expenditure (current US$)","NY.ADJ.AEDU.CD","","","","","","","","","","","68141480.1266702","86605494.6397536","130633507.646781","156332857.18644","160566502.330033","225176477.766854","261223519.395858","285330789.958633","402361130.348021","581736846.322611","580830897.815028","553720416.171846","512942098.68557","473558883.957897","406374378.334513","396625593.9078","592514524.692671","643481816.892151","650890513.305164","585820750.87392","644361995.042644","638229688.488644","755158669.178645","706570966.393161","376971425.124824","430544599.670359","448931333.947412","429109154.942848","404442200.683668","452089584.019208","383726823.691088","392849021.781472","478824168.241834","577982686.078107","638911372.532682","667439218.770834","691101443.111745","819614930.214901","994072457.467569","983127968.233861","1055033450.91357","981199045.704794","1085248577.78665","1322136130.17738","2185774665.0972","1506534315.25966","1779925980.08562","1835286675.68386","1778329629.53151","1815497897.65783","1896005678.32343","2164584452.49311","","","","",
"Cote d'Ivoire","CIV","Services, value added (constant 2015 US$)","NV.SRV.TOTL.KD","","","","","","","","","","","","","","","","","","","","","","","","","","","","","","","","","","","","","","","","","","","","","","","","","20086799554.4973","21213356480.3043","22744205509.6143","21129274032.0575","25000890741.8473","26187412594.1263","28315939535.08","24800859065.5458","26317246516.9997","27940328553.015","29336589970.9089","31163140208.4045","31284250676.3716","33153388164.6332","34387612077.0256","36462875457.0022","38908732363.2423","41744278882.4859",
"Cote d'Ivoire","CIV","Textiles and clothing (% of value added in manufacturing)","NV.MNF.TXTL.ZS.UN","","","","","","17.9556489963458","13.361713814886","13.181676534746","16.5002804262479","16.1408936450779","15.6849098386587","14.46031459049","14.8554540738528","13.3729481673236","13.3695345862869","16.8543772394246","16.5176577728351","17.2452462814399","17.0544724612973","17.1638392081551","14.763034408906","16.613264675436","17.2633461978037","","","","13.2382892057026","10.2766798418972","10.0189035916824","6.66666666666667","","","","","8.89448277354972","10.9549939787725","13.2341255508199","10.0780152192641","8.1737378831073","6.28855656833828","5.77491326539527","7.66301622972557","8.13912489926096","6.9442436028489","3.29489230172668","2.22536390979352","2.68528245344017","2.62693904493894","3.06442490365569","3.02062084362858","2.41102910395554","2.24049548501997","3.29259376572886","3.1189740378581","4.45507779853134","3.78558533894549","2.28628922803391","","","","","","3.38385737402617","","","",
"Cote d'Ivoire","CIV","Food, beverages and tobacco (% of value added in manufacturing)","NV.MNF.FBTO.ZS.UN","","","","","","32.4823547079141","26.263389178797","26.4100966033032","26.2338754907459","23.9995942587615","26.9534957291996","28.6873983004882","29.3446308144562","29.6375831029005","37.6178708460688","26.7768329857212","26.406535959159","26.1013962315304","26.2749195699398","29.8669771940781","34.8532397319868","31.5220894650827","31.088400443907","","","","32.3828920570265","32.0158102766798","34.0264650283554","38.2857142857143","","","","","34.709573273876","37.8466755847567","36.8555948855017","42.0064882757297","30.0052636131576","26.1194337379398","33.0817528253057","34.6594353572347","32.3138685505581","32.7910887276616","35.166326572463","33.553917027298","33.8814342950675","35.6922754741818","32.4249778323909","35.836875674033","38.5876476058562","40.5644569799822","43.4592329520801","37.9082534833986","38.4511891244654","37.1698823258822","36.4314774129335","56.0011624527754","52.9972752043597","48.6808901124111","48.3760292772187","44.8594674556213","44.2461861710002","45.2516546098199","44.3646489813865","",
"Cote d'Ivoire","CIV","Industry (including construction), value added (annual % growth)","NV.IND.TOTL.KD.ZG","","","","","","","","","","","","","","","","","","","","","","","","","","","","","","","","","","","","","","","","","","","","","","","","","","3.885672865925","-4.00346473770111","-7.64965925865756","-1.43014183640766","28.8354594084796","4.50201654343125","8.29576574413933","14.5558538321261","3.75052398168758","1.91650035916537","21.565456077311","-2.01871706450028","5.26365629864438","12.0331338522169","10.7247085398241","4.84563115014876","6.68954067370177",
"Cote d'Ivoire","CIV","Manufacturing, value added (% of GDP)","NV.IND.MANF.ZS","","","","","","9.13930826486916","11.089026456892","12.1996997206525","9.74148480410249","9.23989827495998","10.2908245387679","10.3392962111823","11.0920401842888","10.159184719431","10.2300466559829","9.39484707158809","9.40754002981478","7.6403322847263","7.68454009836235","8.12895270809284","","","","","","","","","","","17.4505076054833","16.577634038236","16.5831869926802","15.4323260552114","14.7417900049573","15.0492451707548","9.80285006702168","11.226710485998","10.4106818313486","10.8702639777103","11.1544711278649","10.7672585033538","9.79702179289704","8.88995122139567","8.79290482659688","10.2822652747136","10.0288786056082","10.3106092817882","10.2040236477777","9.62769349501281","9.00191119633441","9.2213557501251","10.3182515272799","11.8501855603565","12.2006998127999","11.4305990168412","12.5430342990523","11.2836181003932","11.2909843422326","12.3199684287316","12.0519433981248","13.3970815019321","12.8110776060833","13.2606544139547","12.918437529424","12.2868015807717",
"Cote d'Ivoire","CIV","Manufacturing, value added (current LCU)","NV.IND.MANF.CN","","","","","","20600000500","27899990000","32500000800","30899990500","32700000300","41399988200","45100011500","51699998700","56800002000","75600044000","78399995900","104800002000","117599993900","136999985200","158099996700","","","","","","","","","","","512928000000","490705098600","489552272000","482683956300","680440659200","826309761600","906209000000","1182600000000","1205000000000","1263000000000","1313271302300","1325664710700","1227034315000","1095583154800","1090146161500","1303140000000","1324580000000","1419312000000","1550899000000","1534341000000","1556096000000","1594544000000","1912423000000","2502672000000","2942393000000","3096134000000","3598184000000","3440561000000","3670259000000","4358682000000","4372198000000","5407981000000","5667467000000","6497574000000","6823604813600","7133848920300",
"Cote d'Ivoire","CIV","CPIA gender equality rating (1=low to 6=high)","IQ.CPA.GNDR.XQ","","","","","","","","","","","","","","","","","","","","","","","","","","","","","","","","","","","","","","","","","","","","","","2.5","2.5","2.5","2.5","2.5","2.5","2.5","2.5","3","3","3","3","3","3","3","3","3.5","3.5","3.5","3.5","3.5",
"Cote d'Ivoire","CIV","CPIA policy and institutions for environmental sustainability rating (1=low to 6=high)","IQ.CPA.ENVR.XQ","","","","","","","","","","","","","","","","","","","","","","","","","","","","","","","","","","","","","","","","","","","","","","3","3","2.5","2.5","2.5","2.5","2.5","3","3","3","3","3","3.5","3.5","4","4","3.5","4","4","4","4",
"Cote d'Ivoire","CIV","Trademark applications, resident, by count","IP.TMK.RSCT","","","","","","","","","","","","","","","","","","","","","","","","","","","","","","","","","","","","","","","","","","","","","","","","","","","","","","","","","","","","","","","","","","",
"Cote d'Ivoire","CIV","Scientific and technical journal articles","IP.JRN.ARTC.SC","","","","","","","","","","","","","","","","","","","","","","","","","","","","","","","","","","","","","79.05","114.9","99.19","108.1","75.76","81.14","81.16","99.04","106.13","100.07","99.53","116.52","163.97","149","153.94","178.81","180.76","151.95","178.71","172.93","166.03","197.4","244.56","300.69","294.57","394.35","349.61","391.71","","",
"Cote d'Ivoire","CIV","Public private partnerships investment in transport (current US$)","IE.PPN.TRAN.CD","","","","","","","","","","","","","","","","","","","","","","","","","","","","","","","","","","","","31650000","28000000","","","150000000","140000000","","","","36400000","","","","","","","","285000000","","","","","235650000","","","","468310000","175600000","","","",
"Cote d'Ivoire","CIV","Investment in transport with private participation (current US$)","IE.PPI.TRAN.CD","","","","","","","","","","","","","","","","","","","","","","","","","","","","","","","","","","","","31650000","28000000","","","150000000","140000000","","","","36400000","","","","","","","","285000000","","","","","235650000","","","","468310000","175600000","","","",
"Cote d'Ivoire","CIV","Firms expected to give gifts in meetings with tax officials (% of firms)","IC.TAX.GIFT.ZS","","","","","","","","","","","","","","","","","","","","","","","","","","","","","","","","","","","","","","","","","","","","","","","","","","13.62271976","","","","","","","22.90621758","","","","","","","20.30066299","","",
"Cote d'Ivoire","CIV","Firms filling taxes electronically (% of firms)","IC.FRM.TAXE.ZS","","","","","","","","","","","","","","","","","","","","","","","","","","","","","","","","","","","","","","","","","","","","","","","","","","","","","","","","","","","","","","","","45.58693695","","",
"Cote d'Ivoire","CIV","Firms where largest owner is also the top manager (% of firms)","IC.FRM.LOTM.ZS","","","","","","","","","","","","","","","","","","","","","","","","","","","","","","","","","","","","","","","","","","","","","","","","","","88.54312897","","","","","","","","","","","","","","72.63307953","","",
"Cote d'Ivoire","CIV","Firms with female top manager (% of firms)","IC.FRM.FEMM.ZS","","","","","","","","","","","","","","","","","","","","","","","","","","","","","","","","","","","","","","","","","","","","","","","","","","","","","","","","","14.29562855","","","","","","","11.55643559","","",
"Cote d'Ivoire","CIV","Firms that are partially credit constrained (% of firms)","IC.FRM.CRDC.PT.ZS","","","","","","","","","","","","","","","","","","","","","","","","","","","","","","","","","","","","","","","","","","","","","","","","","","","","","","","","","18.32613373","","","","","","","31.41151619","","",
"Cote d'Ivoire","CIV","Firms competing against unregistered firms (% of firms)","IC.FRM.CMPU.ZS","","","","","","","","","","","","","","","","","","","","","","","","","","","","","","","","","","","","","","","","","","","","","","","","","","73.59896851","","","","","","","75.64442444","","","","","","","76.5426178","","",
"Cote d'Ivoire","CIV","Firms with a bank loan/line of credit (% of firms)","IC.FRM.BNKL.ZS","","","","","","","","","","","","","","","","","","","","","","","","","","","","","","","","","","","","","","","","","","","","","","","","","","11.48861885","","","","","","","21.34289932","","","","","","","26.92733765","","",
"Cote d'Ivoire","CIV","Average time to clear imports through customs (days)","IC.CUS.DURS.IM","","","","","","","","","","","","","","","","","","","","","","","","","","","","","","","","","","","","","","","","","","","","","","","","","","31.2184906","","","","","","","27.06309319","","","","","","","28.58225822","","",
"Cote d'Ivoire","CIV","B-READY: Utility Services Pillar 3: Operational Efficiency of Utility Service Provision","IC.BRE.US.P3","","","","","","","","","","","","","","","","","","","","","","","","","","","","","","","","","","","","","","","","","","","","","","","","","","","","","","","","","","","","","","","","","40.125","",
"Cote d'Ivoire","CIV","B-READY: Taxation Pillar 3: Operational Efficiency of Tax Systems in Practice","IC.BRE.TX.P3","","","","","","","","","","","","","","","","","","","","","","","","","","","","","","","","","","","","","","","","","","","","","","","","","","","","","","","","","","","","","","","","","69.75","",
"Cote d'Ivoire","CIV","B-READY: Pillar 3: Operational Efficiency","IC.BRE.P3.OE","","","","","","","","","","","","","","","","","","","","","","","","","","","","","","","","","","","","","","","","","","","","","","","","","","","","","","","","","","","","","","","","","50.3028717041015","",
"Cote d'Ivoire","CIV","B-READY: Market Competition Pillar 2: Public Services that Promote Market Competition","IC.BRE.MC.P2","","","","","","","","","","","","","","","","","","","","","","","","","","","","","","","","","","","","","","","","","","","","","","","","","","","","","","","","","","","","","","","","","25.3835973739624","",
"Cote d'Ivoire","CIV","B-READY: Labor Pillar 2: Adequacy of Public Services for Labor","IC.BRE.LB.P2","","","","","","","","","","","","","","","","","","","","","","","","","","","","","","","","","","","","","","","","","","","","","","","","","","","","","","","","","","","","","","","","","58.3333333333333","",
"Cote d'Ivoire","CIV","B-READY: International Trade Pillar 2: Quality of Public Services for the Facilitation of International Trade","IC.BRE.IT.P2","","","","","","","","","","","","","","","","","","","","","","","","","","","","","","","","","","","","","","","","","","","","","","","","","","","","","","","","","","","","","","","","","48.9682540247619","",
"Cote d'Ivoire","CIV","B-READY: Financial Services Pillar 2: Accessibility of Information in Credit Infrastructure","IC.BRE.FS.P2","","","","","","","","","","","","","","","","","","","","","","","","","","","","","","","","","","","","","","","","","","","","","","","","","","","","","","","","","","","","","","","","","42.7777767181396","",
"Cote d'Ivoire","CIV","B-READY: Dispute Resolution Pillar 2: Public Services for Dispute Resolution","IC.BRE.DR.P2","","","","","","","","","","","","","","","","","","","","","","","","","","","","","","","","","","","","","","","","","","","","","","","","","","","","","","","","","","","","","","","","","44.8804626464844","",
"Cote d'Ivoire","CIV","B-READY: Business Location Pillar 2: Quality of Public Services and Transparency of Information for Business Location","IC.BRE.BL.P2","","","","","","","","","","","","","","","","","","","","","","","","","","","","","","","","","","","","","","","","","","","","","","","","","","","","","","","","","","","","","","","","","22.2250000238419","",
"Cote d'Ivoire","CIV","B-READY: Business Insolvency Pillar 2: Quality of Institutional and Operational Infrastructure for Judicial Insolvency Proceedings","IC.BRE.BI.P2","","","","","","","","","","","","","","","","","","","","","","","","","","","","","","","","","","","","","","","","","","","","","","","","","","","","","","","","","","","","","","","","","15","",
"Cote d'Ivoire","CIV","B-READY: Business Entry Pillar 2: Digital Public Services and Transparency of Information for Business Entry","IC.BRE.BE.P2","","","","","","","","","","","","","","","","","","","","","","","","","","","","","","","","","","","","","","","","","","","","","","","","","","","","","","","","","","","","","","","","","42.3333330154419","",
"Cote d'Ivoire","CIV","Human capital index plus (HCI+): overall score, male (scale 0–325)","HD_HCIP_OVRL_MA","","","","","","","","","","","","","","","","","","","","","","","","","","","","","","","","","","","","","","","","","","","","","","","","","","","","","","","","122.427320148577","","","","","121.451355685794","","","","","124.484794454606",
"Cote d'Ivoire","CIV","Human capital index plus (HCI+): on-the-job learning pillar score, female (scale -30–87)","HD_HCIP_OTJL_FE","","","","","","","","","","","","","","","","","","","","","","","","","","","","","","","","","","","","","","","","","","","","","","","","","","","","","","","","26.1607933455392","","","","","18.9672513877968","","","","","22.1180428043951",
"Cote d'Ivoire","CIV","Human capital index plus (HCI+): education pillar score, total (scale 0–188)","HD_HCIP_EDUC_TO","","","","","","","","","","","","","","","","","","","","","","","","","","","","","","","","","","","","","","","","","","","","","","","","","","","37.8962112225144","","","","","45.0972851967519","","","","","45.9902814588502","","","","","47.3267523881573",
"Cote d'Ivoire","CIV","Voice and Accountability - Governance score (0-100)","GOV_WGI_VA_SC","","","","","","","","","","","","","","","","","","","","","","","","","","","","","","","","","","","","","40.3851556","","39.4615737","","33.3101752","","33.7660275","33.6002212","31.5272019","32.3448867","35.6007102","36.2569083","37.2353814","38.302958","38.9091269","38.8771621","42.1768154","42.7566396","44.8808711","46.3013539","45.8523538","46.4161702","48.4347113","48.7241989","45.1784572","44.4484319","45.3022051","45.5874151","46.0558972","",
"Cote d'Ivoire","CIV","Regulatory Quality - Governance score (0-100)","GOV_WGI_RQ_SC","","","","","","","","","","","","","","","","","","","","","","","","","","","","","","","","","","","","","42.7327525","","48.0945545","","36.88952","","45.8889292","44.5202696","36.2463568","37.2667914","39.861149","39.6279639","40.1369675","40.7155232","39.8097374","40.0129316","42.27887","43.6630818","46.2093004","47.8317995","47.8671117","48.4719694","50.174469","49.8780562","49.7970195","50.3026275","51.4636422","51.8839317","52.2296396","",
"Cote d'Ivoire","CIV","Rule of Law - Governance score (0-100)","GOV_WGI_RL_SC","","","","","","","","","","","","","","","","","","","","","","","","","","","","","","","","","","","","","43.0869286","","40.1155592","","35.270803","","33.2349162","33.2189671","32.0231399","30.4495257","32.323489","32.7996386","32.9774338","35.8770586","35.3073706","33.8635957","39.0775817","40.8276211","45.6122775","45.0609636","45.2619071","45.0161831","46.2409862","46.6400181","46.322799","45.730157","46.6008431","46.5987933","47.0144438","",
"Cote d'Ivoire","CIV","Carbon dioxide (CO2) emissions from Transport (Energy) (Mt CO2e)","EN.GHG.CO2.TR.MT.CE.AR5","","","","","","","","","","","0.8787","0.8787","0.9578","0.9122","0.9546","1.0136","1.217","1.3024","1.4122","1.494","1.557","1.5065","1.4085","1.2728","1.1849","1.188","1.1496","1.0901","1.1032","1.2353","1.1917","1.1804","1.1357","1.101","1.0943","1.2285","1.2528","1.3775","1.2111","1.4227","1.2909","1.259","1.4126","1.0374","1.1441","1.2253","1.2819","1.2905","1.5618","1.5512","1.4843","1.5836","2.3561","2.5584","2.7017","3.165","3.8397","3.574","3.9669","4.2357","4.162","6.7911","7.4153","7.0915","7.3711","",
"Cote d'Ivoire","CIV","Carbon dioxide (CO2) emissions excluding LULUCF per capita (t CO2e/capita)","EN.GHG.CO2.PC.CE.AR5","","","","","","","","","","","0.483372006666461","0.472069069742914","0.501699235631628","0.493116833394126","0.48396237475203","0.502176926424565","0.550966724369853","0.526772239635616","0.587008245288454","0.526798196011347","0.48172214724901","0.423614717815356","0.386789936524016","0.437357054179432","0.374549920439487","0.329904447823875","0.331302317602946","0.311072918658523","0.302717763755446","0.279800688938376","0.243819042479691","0.241629723420376","0.23121426693767","0.235753607449532","0.236897346093192","0.249266857234982","0.299961560160163","0.351401524380934","0.327935492837592","0.423863124483219","0.393649269755518","0.384346412791568","0.396005933281089","0.304012299363856","0.305981117632049","0.318684175934195","0.305580401271205","0.296468595840396","0.321574734065806","0.291450017592556","0.325279209216089","0.307997563310417","0.384376785213736","0.409402344006993","0.426425227791211","0.44620325590139","0.43877495464017","0.461221278034062","0.449429152663727","0.467605284700189","0.459550187168112","0.580322307864011","0.605701555801839","0.575152377678325","0.589054440955677","",
"Cote d'Ivoire","CIV","Carbon dioxide (CO2) net fluxes from LULUCF - Total excluding non-tropical fires (Mt CO2e)","EN.GHG.CO2.LU.MT.CE.AR5","","","","","","","","","","","","","","","","","","","","","","","","","","","","","","","","","","","","","","","","","71.516","70.148","69.7284","71.1578","71.2293","71.7928","74.4426","73.5293","73.5623","76.3277","75.158","76.6944","76.5659","77.5669","78.1069","67.1403","63.9548","60.7977","57.755","57.755","57.755","54.6768","54.6768","54.6768","","",
"Cote d'Ivoire","CIV","Carbon dioxide (CO2) emissions from Industrial Combustion (Energy) (Mt CO2e)","EN.GHG.CO2.IC.MT.CE.AR5","","","","","","","","","","","0.7043","0.7043","0.8356","0.7349","0.8664","1.0036","0.9241","0.5424","0.6426","0.5435","0.6247","0.5186","0.5602","0.7785","0.2038","0.4005","0.4011","0.4149","0.4338","0.4146","0.3957","0.418","0.4176","0.4297","0.4326","0.4499","0.5242","0.613","0.5077","0.7583","0.7452","0.7325","0.6843","0.5207","0.5399","0.3778","0.5329","0.4149","0.5644","1.0567","0.971","0.9131","1.0012","1.2874","1.3292","1.435","0.8018","1.5599","1.2599","1.3215","1.2894","1.8012","1.8151","1.7609","1.8658","",
"Cote d'Ivoire","CIV","Methane (CH4) emissions (total) excluding LULUCF (% change from 1990)","EN.GHG.CH4.ZG.AR5","","","","","","","","","","","","","","","","","","","","","","","","","","","","","","","","3.35194524495679","5.828530259366","5.59257925072048","15.5079250720461","19.5226945244957","26.5111671469741","29.9387608069164","28.3591498559078","29.7406340057637","32.0911383285303","33.6419308357349","36.8299711815562","39.1084293948127","48.3267291066282","53.2708933717579","57.6476945244957","64.7784582132565","67.3667146974063","65.2773775216138","74.5821325648415","88.5086455331412","97.6062680115274","104.994596541787","107.99711815562","111.902017291066","123.867074927954","122.213616714697","109.189481268012","120.970821325648","122.474783861671","132.101945244957","134.960374639769","142.222622478386","145.009005763689","",
"Cote d'Ivoire","CIV","Methane (CH4) emissions (total) excluding LULUCF (Mt CO2e)","EN.GHG.CH4.MT.CE.AR5","","","","","","","","","","","2.7903","2.8551","2.9421","3.0368","3.1451","3.295","3.4208","3.5661","3.7018","3.8393","3.9593","4.3726","4.6528","5.4985","5.8858","6.0718","5.8124","5.8403","5.7182","5.3732","5.552","5.7381","5.8756","5.8625","6.413","6.6359","7.0239","7.2142","7.1265","7.2032","7.3337","7.4198","7.5968","7.7233","8.2351","8.5096","8.7526","9.1485","9.2922","9.1762","9.6928","10.466","10.9711","11.3813","11.548","11.7648","12.4291","12.3373","11.6142","12.2683","12.3518","12.8863","13.045","13.4482","13.6029","",
"Cote d'Ivoire","CIV","Methane (CH4) emissions from Building (Energy) (Mt CO2e)","EN.GHG.CH4.BU.MT.CE.AR5","","","","","","","","","","","0.3358","0.3358","0.3477","0.3598","0.3723","0.3853","0.3992","0.4137","0.4286","0.4439","0.4602","0.4766","0.4934","0.5111","0.5295","0.5485","0.5683","0.5886","0.6095","0.6323","0.6555","0.6786","0.7011","0.7232","0.7444","0.7647","0.7893","0.8123","0.8282","0.8532","0.876","0.8803","0.8982","0.9155","1.2405","1.2719","1.3049","1.3374","1.3177","1.2384","1.384","1.6224","1.6706","1.7157","1.7613","1.3737","1.3571","1.4227","1.2673","1.3654","1.4067","1.6671","1.6863","1.6952","1.6954","",
"Cote d'Ivoire","CIV","Total greenhouse gas emissions including LULUCF (Mt CO2e)","EN.GHG.ALL.LU.MT.CE.AR5","","","","","","","","","","","","","","","","","","","","","","","","","","","","","","","","","","","","","","","","","87.8401","86.68","87.0383","87.0092","87.8882","89.3886","92.1908","91.6884","92.5804","94.7445","94.9783","97.1389","99.591","101.9063","103.3937","93.5154","91.4569","89.2231","85.6615","87.5656","87.8956","89.7329","91.1976","91.4056","","",
"Cote d'Ivoire","CIV","Bird species, threatened","EN.BIR.THRD.NO","","","","","","","","","","","","","","","","","","","","","","","","","","","","","","","","","","","","","","","","","","","","","","","","","","","","","","","","","","","25","","","","26","","","",
"Cote d'Ivoire","CIV","PM2.5 pollution, population exposed to levels exceeding WHO Interim Target-1 value (% of total)","EN.ATM.PM25.MC.T1.ZS","","","","","","","","","","","","","","","","","","","","","","","","","","","","","","","3.31894131233447","","","","","3.18111390428194","","","","","2.84553574949955","","","","","0.00433810697991753","","","","","0.00337231498427356","0.00334505294915536","0.00331766681208587","0.000892768564841898","0.00324587242556119","3.33004132121894","2.64198022649299","2.76632621400984","","","","","","","","",
"Cote d'Ivoire","CIV","Combustible renewables and waste (% of total energy)","EG.USE.CRNW.ZS","","","","","","","","","","","","","","","","","","","","","","","","","","","","","","","73.1012119046964","73.5641702373194","69.7031895246819","69.4243804604388","69.7512313792832","71.8207724208234","65.9857435152796","66.5433626028882","68.0303650534387","58.5429612607591","62.2046994854553","64.8545066904616","61.950608667091","66.8414709618579","74.7570621468927","74.5747646960973","78.1468072429081","74.8820691094956","74.2927357508603","75.7723544107798","70.273260475368","73.2584348983677","68.958119943377","65.6065507074024","66.8500819042631","64.5121939197981","62.9143299622215","60.174459621223","57.0105630813637","57.0256036626772","57.6331809308538","61.9357734455719","59.8632010055309","58.4333100331749","","",
"Cote d'Ivoire","CIV","Energy imports, net (% of energy use)","EG.IMP.CONS.ZS","","","","","","","","","","","","","","","","","","","","","","","","","","","","","","","25.0790073923438","26.5907658114909","26.1868255142378","25.6344397299995","25.4206539351049","20.8924310173066","14.080341231602","11.0500654926502","11.3439332714576","17.0767442176686","14.6003397472646","11.5900954108444","9.24325470955743","-0.00796210040207579","-1.7069851052902","-7.29262097885424","-24.056513264863","-12.8216856786979","-13.4841136850557","-15.8652585041117","-10.2835483342577","-6.36443400079664","1.62962792464111","6.06606593180593","7.71742363370812","3.20789590418457","5.10007743388786","3.01472428938805","7.79211013980921","4.60104644318652","8.14378558490739","13.2300673339274","14.3786092266282","","","",
"Cote d'Ivoire","CIV","Electricity production from renewable sources, excluding hydroelectric (% of total)","EG.ELC.RNWX.ZS","","","","","","","","","","","","","","","","","","","","","","","","","","","","","","","0","0","0","0","0","0","0","0","0","0","0","0","0","0.00393159032828779","0.00362976406533575","-0.0668896321070234","0","0","0","0","0","0","0","-0.00169934640522876","0.0120685493603669","0.00573986913098381","0.00104854776135053","0.00556947925368978","0.0059624366491106","0.257567211881933","0.219458018658374","0.204169910891946","","","","",
"Cote d'Ivoire","CIV","Electricity production from nuclear sources (% of total)","EG.ELC.NUCL.ZS","","","","","","","","","","","","","","","","","","","","","","","","","","","","","","","0","0","0","0","0","0","0","0","0","0","0","0","0","0","0","0","0","0","0","0","0","0","0","0","0","0","0","0","0","0","0","0","","","","",
"Cote d'Ivoire","CIV","Electricity production from oil, gas and coal sources (% of total)","EG.ELC.FOSL.ZS","","","","","","","","","","","","","","","","","","","","","","","","","","","","","","","33.3333333333333","30.9851403412218","43.3513513513514","49.7714808043876","50.275307073274","39.4638615541228","45.3038674033149","53.3862565120317","65.7633018398807","63.587294996886","63.25","63.1525076765609","67.3403853418965","63.9866325928838","66.3339382940109","72.7688787185355","71.3174182139699","66.0451074409519","65.2413793103448","62.4765797990121","71.7183570829841","69.8639121167405","73.560433295325","78.1176470588235","76.0680666183925","83.2644628099173","82.8352731466918","79.3724470850353","69.9135274823576","66.9958615500376","69.4360434086462","76.1385281385281","75.8988764044944","","","",
"Cote d'Ivoire","CIV","Access to electricity, rural (% of rural population)","EG.ELC.ACCS.RU.ZS","","","","","","","","","","","","","","","","","","","","","","","","","","","","","","","","","","","13.5857437129987","19.275963754443","20.160078805271","21.0525576857507","21.9540068337895","20.0588223798653","23.8","24.6","26.8","26.1","26.9","36.2","34.1","29.3","35.6","31","31.9","26.3","25.8","34.5","34.3","39.2","36.7","38.4","40.4","42.1","43.7","45.2","45.3","48","47.7","",
"Cote d'Ivoire","CIV","Access to clean fuels and technologies for cooking, rural (% of rural population)","EG.CFT.ACCS.RU.ZS","","","","","","","","","","","","","","","","","","","","","","","","","","","","","","","","","","","","","","","","","1.3","1.4","1.4","1.4","1.5","1.5","1.5","1.6","1.7","1.8","1.8","2.1","2.2","2.5","2.7","3","3.3","3.7","4.2","4.7","5.3","6","6.9","7.6","","",
"Cote d'Ivoire","CIV","Public and publicly guaranteed debt service (% of GNI)","DT.TDS.DPPG.GN.ZS","","","","","","","","","","","2.83127815637563","2.95041626011379","3.21934772280343","2.97306015872206","3.84961280139817","3.4602977545761","3.99629052285021","4.4337251371032","5.20796087517277","6.77566857482219","8.9883928390956","11.619101609382","13.4941010511693","12.8437528082234","10.1755501161088","9.44342914557766","9.4540923312959","6.27698182584041","4.91087851661826","4.7311486944272","5.68995180581176","6.77630613804344","5.69977374924775","5.89813093462629","9.18974844285447","7.70090158413999","7.57478543260727","5.46506666205211","7.36887562005822","8.44604172454851","6.88680047331148","3.05481696660964","4.65206966181034","2.30471422989079","0.641610819382634","0.143153630308179","0.0952806796504587","0.78245399429908","3.28558843567272","3.30173888706174","2.06998434253732","1.69759475906994","1.15539619777272","1.77290799968032","1.2387256681186","0.888406384776835","2.19837210456458","3.4273420919468","1.94860073892518","4.19632293263665","3.10106574963793","1.82261403739975","2.7002195162038","3.67104856852761","5.22283102225605","",
"Cote d'Ivoire","CIV","Total debt service (% of GNI)","DT.TDS.DECT.GN.ZS","","","","","","","","","","","3.00033819910849","3.14155082858281","3.40934493795979","3.14352974807775","4.16574345452456","3.79070526755369","4.99777400219402","5.00249134819536","6.22736566203241","7.62632689940042","14.5352755013558","19.3769137996926","21.9139634821377","20.6090652099252","17.9352067437743","17.6981755113916","15.5979355193967","14.8778426816929","11.5546651099741","12.8521086538822","13.7026402741674","14.0278982728125","11.8238748987081","11.3012420678079","16.5023234987143","10.4480696502242","12.2485578855119","10.6033337099096","11.5090820439872","12.3577082383138","10.498320547987","6.2429915858913","7.65306406925786","4.37576841031281","2.64963966539707","1.86813150643797","1.57866003206806","2.20468655700905","4.47458034344447","4.83465362911298","3.13144235915807","2.99276624574005","2.78221681961334","3.51547067418703","2.105766700134","1.80611488648909","3.31055558668332","4.41115582548775","2.90811149486105","5.11506410485388","4.01014177130789","2.45383208591289","3.35979499643596","4.67228133755145","6.46821270909015","",
"Cote d'Ivoire","CIV","Net ODA received per capita (current US$)","DT.ODA.ODAT.PC.ZS","0.0353869936002968","0.884479351490027","2.27448540399536","2.10356792336745","9.12738334954","8.69354377890143","7.78556639679003","7.0878781155336","8.98593415790994","9.56430780727787","9.71622486260536","9.03754957553852","8.16959711419244","10.2377644316301","11.6804660117423","14.7100990858541","15.2239496109557","14.1970372575942","17.0390356408161","20.2372304262745","25.5208979477644","14.3807190443207","15.3155560026229","16.7501666523112","12.7443960368306","11.6886807746552","16.7054290508147","22.1610422295162","37.6694360499259","33.6661866139359","56.30947704003","49.6615011360147","57.2486564487524","55.5935300644865","111.547387845379","81.6152022091553","62.4757497148905","27.8553294159013","58.0458380660116","26.0098829570223","19.8268361703035","10.2362094147428","57.2239146456153","13.2647568080501","8.20179418752192","4.54826498049261","12.0281491684033","8.1346117489767","27.1737813897622","109.238089541708","29.2083835072279","62.5578907116848","123.932254405912","53.1935309379215","37.7145975966682","25.8163270649516","23.6935610944453","31.0155740512738","34.9571055048358","41.671703364753","54.1153419121968","53.2313425279203","64.7294787715016","76.2482761497041","","",
"Cote d'Ivoire","CIV","Net ODA received (% of gross capital formation)","DT.ODA.ODAT.GI.ZS","0.14230638289457","2.7472971424546","10.0415917843822","6.39151209120363","19.3884581774084","19.1972674558794","16.087689482547","15.8803642803211","19.647435702924","18.6825491297381","16.058867608032","14.7870317118525","12.5055436141748","10.8899254984773","11.1875153717501","11.4056110539188","10.0254701519206","6.07045470515149","5.5095584751232","6.25454024519095","7.76975496925475","5.62526193225456","7.77519034673563","12.3358023011363","15.4296014205483","12.9865764574196","15.7874221543034","19.3541984439886","32.7391543402355","45.4145972006032","95.0543503197448","81.588222807354","97.8608592310139","70.5941093920214","139.765861091485","70.6611085319359","41.0064213622391","14.9848654553853","24.3196893361037","16.2228876107247","13.3196445332582","7.78422672835115","49.1761817550069","8.54614566293352","4.64444086829352","2.74332767724726","6.89350557110834","4.33355908210984","9.43644839876557","48.0975910372577","8.67165918882551","23.6120967700911","39.1740547632956","12.9992253438627","8.37253883046089","6.08260080352679","5.48439220174426","7.58473265141156","7.37216092372998","8.84799236965251","11.4182749953973","9.1935835147784","10.0929378119772","11.9852604965154","","",
"Cote d'Ivoire","CIV","Net official development assistance and official aid received (constant 2023 US$)","DT.ODA.ALLD.KD","1205330.96790314","34198623.6572266","90129913.3300781","83842811.5844727","319718719.482422","313266662.597656","283639251.708984","255844284.057617","328858520.507813","343077392.578125","378767028.808594","342712463.378906","281035339.355469","313185394.287109","354394531.25","381755432.128906","422665924.072266","370293823.242188","388510498.046875","412651153.564453","480777832.03125","323871185.302734","383197357.177734","441344848.632813","373482482.910156","341354064.941406","383960693.359375","446731933.59375","784533630.371094","727142333.984375","1043199951.17188","962440673.828125","1085719238.28125","1104461181.64063","2300610839.84375","1538679199.21875","1269464111.32813","639064208.984375","1452903076.17188","647486755.371094","566275024.414063","336832916.259766","1741494750.97656","361373382.568359","204164443.969727","114769531.25","289310516.357422","196198654.174805","626148681.640625","2516381591.79688","691432495.117188","1445398559.57031","3035383056.64063","1358355590.82031","971938781.738281","755107604.980469","721632507.324219","946233093.261719","1048678588.86719","1291745239.25781","1677670898.4375","1604384277.34375","2075018554.6875","2376327392.57813","","",
"Cote d'Ivoire","CIV","Net official flows from UN agencies, WFP (current US$)","DT.NFL.WFPG.CD","","","","","","","","","","119999.997317791","509999.990463257","839999.973773956","1429999.94754791","3029999.97138977","2039999.96185303","1299999.95231628","529999.971389771","360000.014305115","1129999.99523163","270000.010728836","1600000.02384186","310000.002384186","","","","370000.004768372","430000.007152557","59999.9986588955","90000.0035762787","1860000.01430511","6559999.94277954","5610000.1335144","4380000.11444092","6340000.15258789","4460000.03814697","2660000.08583069","2619999.88555908","3140000.10490417","819999.992847443","879999.995231628","810000.002384186","810000.002384186","1580000.04291534","1929999.94754791","-409999.996423721","2910000.08583069","3319999.9332428","2099999.90463257","5050000.19073486","3269999.98092651","2930000.0667572","8770000.45776367","2213670.01533508","948109.984397888","1501799.94106293","151640.996336937","613927.006721497","3197740.07797241","1249945.04451752","377550.005912781","1223150.01487732","345970.004796982","777695.000171661","2000222.92137146","","",
"Cote d'Ivoire","CIV","Net official flows from UN agencies, UNRWA (current US$)","DT.NFL.UNRW.CD","","","","","","","","","","","","","","","","","","","","","","","","","","","","","","","","","","","","","","","","","","","","","","","","","","","","","","","","","","","","","","","","","","",
"Cote d'Ivoire","CIV","Net bilateral aid flows from DAC donors, Luxembourg (current US$)","DC.DAC.LUXL.CD","","","","","","","","","","","","","","","","","","","","","","","","","","","","","","","270000.010728836","79999.9982118607","129999.995231628","129999.995231628","170000.001788139","140000.000596046","129999.995231628","70000.0002980232","109999.999403954","19999.9995529652","","","490000.009536743","19999.9995529652","1250000","579999.983310699","19999.9995529652","550000.011920929","19999.9995529652","419999.986886978","509999.990463257","319999.992847443","66696.0030794144","82593.9998030663","155531.004071236","63611.0007762909","86636.9977593422","72316.9967532158","78705.9962749481","114720.00181675","175872.996449471","139070.004224777","119841.001927853","475822.001695633","","",
"Cote d'Ivoire","CIV","Net bilateral aid flows from DAC donors, Italy (current US$)","DC.DAC.ITAL.CD","","","","","9999.99977648258","9999.99977648258","","9999.99977648258","9999.99977648258","9999.99977648258","50000.0007450581","29999.9993294477","209999.993443489","259999.990463257","200000.002980232","209999.993443489","170000.001788139","119999.997317791","50000.0007450581","19999.9995529652","50000.0007450581","159999.996423721","330000.013113022","800000.011920929","680000.007152557","670000.016689301","980000.019073486","2890000.10490417","2150000.09536743","1139999.98569489","2009999.99046326","2420000.07629395","129999.995231628","270000.010728836","100000.001490116","29590000.1525879","509999.990463257","500000","28250000","159999.996423721","209999.993443489","319999.992847443","319999.992847443","709999.978542328","49729999.5422363","1179999.94754791","759999.990463257","819999.992847443","1740000.00953674","65970001.2207031","2240000.00953674","1220000.02861023","2630000.11444092","620000.004768372","540000.021457672","1289417.02842712","769617.974758148","3201925.03929138","4640462.87536621","3145996.09375","3144303.0834198","4344122.88665771","3043292.04559326","2743913.88893127","","",
"Cote d'Ivoire","CIV","Net bilateral aid flows from DAC donors, Greece (current US$)","DC.DAC.GRCL.CD","","","","","","","","","","","","","","","","","","","","","","","","","","","","","","","","","","","","","19999.9995529652","250000","189999.997615814","150000.005960464","150000.005960464","140000.000596046","29999.9993294477","230000.004172325","660000.026226044","100000.001490116","259999.990463257","490000.009536743","90000.0035762787","150000.005960464","19999.9995529652","29999.9993294477","19999.9995529652","7581.00021630526","7575.99994540215","6333.99980142713","","","","","","","42064.9982988834","27032.9993218184","","",
"Cote d'Ivoire","CIV","Net bilateral aid flows from DAC donors, Estonia (current US$)","DC.DAC.ESTL.CD","","","","","","","","","","","","","","","","","","","","","","","","","","","","","","","","","","","","","","","","","","","","","","","","","","","","79999.9982118607","","6637.99978792667","","5545.99985480309","","","","","","","","","","",
"Cote d'Ivoire","CIV","Net bilateral aid flows from DAC donors, Czechia (current US$)","DC.DAC.CZEL.CD","","","","","","","","","","","","","","","","","","","","","","","","","","","","","","","","","","","","","","","","","","","","","","59999.9986588955","29999.9993294477","9999.99977648258","19999.9995529652","39999.9991059303","50000.0007450581","19999.9995529652","9999.99977648258","12659.0002328157","","","","1154561.99645996","","","","","","","","",
"Cote d'Ivoire","CIV","Net bilateral aid flows from DAC donors, Belgium (current US$)","DC.DAC.BELL.CD","","","","","","","29999.9993294477","109999.999403954","100000.001490116","159999.996423721","230000.004172325","280000.001192093","389999.985694885","870000.004768372","1080000.04291534","1860000.01430511","3779999.97138977","4090000.15258789","4210000.03814697","11829999.9237061","10010000.2288818","4889999.8664856","6159999.84741211","3049999.95231628","3230000.01907349","2920000.07629395","2920000.07629395","4550000.19073486","4769999.98092651","3740000.00953674","3369999.88555908","3599999.90463257","3710000.03814697","3430000.0667572","12590000.1525879","8590000.15258789","5139999.8664856","15560000.4196167","35040000.9155273","3710000.03814697","13890000.3433228","2539999.96185303","44349998.4741211","4679999.82833862","7800000.19073486","4409999.84741211","4440000.05722046","5929999.82833862","4650000.09536743","37680000.3051758","3259999.99046326","2509999.99046326","273470001.220703","1879999.99523163","529999.971389771","345236.003398895","232369.005680084","87067.0005679131","91611.9962930679","775107.026100159","258421.003818512","336400.985717773","202314.004302025","741315.007209778","","",
"Cote d'Ivoire","CIV","Stocks traded, total value (% of GDP)","CM.MKT.TRAD.GD.ZS","","","","","","","","","","","","","","","","","","","","","","","","","","","","","","","","","","","","","","","0.0969436018974524","0.399661015060959","0.19900426815693","0.0511583893933417","0.0968739817316515","0.114390556236345","0.213393328517081","0.145442934810869","0.423394051926219","0.571486370703201","0.856440935589503","0.710010700101918","0.649782455918201","0.31771112120816","0.479859364814398","0.859139328482481","0.81686209721708","1.13903730463853","","","","0.249723039539215","0.268294083446005","","","","","",
"Cote d'Ivoire","CIV","Market capitalization of listed domestic companies (current US$)","CM.MKT.LCAP.CD","","","","","","","","","","","","","","","","","","","","","","","","","","","","","","","","","","332300000","19530000","62490000","62090000","","1825250000","1293420000","436330000","984230000","1314710000","1650110000","2082660000","2332410000","4155260000","8305170000","7087790000","6124330000","7158120000","6287600000","","11818850000","11710400000","12493030000","12363659088.7213","12485700000","8453312865.34401","8100130000","7331390000","","","","","",
"Cote d'Ivoire","CIV","Personal transfers, receipts (BoP, current US$)","BX.TRF.PWKR.CD","","","","","","","","","","","","","","","","","","","","","","","","","","","","","","","","","","","","","","","","","","","","","","1889016.98020456","2113219.46587424","2365065.30213438","2556471.94496466","128188130.160136","191781696.822004","204628454.46904","187178548.285763","196200001.558317","197826734.08548","168984004.107","172073968.602467","180066554.077281","193743297.797474","196275539.139931","191804524.666653","297069950.170323","910315553.791283","1174395854.40116","1632653875.44618","",
"Cote d'Ivoire","CIV","Foreign direct investment, net inflows (BoP, current US$)","BX.KLT.DINV.CD.WD","","","","","","","","","","","30699999.9","15699999.9","18699999.9","51000000","32600000","69060000","44780000","14650000","83310000","74750000","94659999.9","32750000","47469999.9","37530000","21739999.9","29160000","70750000","87510000","51700000","18489999.9","48434430","18524890","69053840","175153530","117538570","211760840","269194530","415458080","760099130","235348770","234701730","272679900","212580420","165390570","282979830","349059586.543272","350964618.559396","443801751.423173","468377743.888901","397624744.268005","358468317.342001","301972462.51786","330255520.65457","407592122.101427","439356961.1509","494408755.77634","577871524.156215","975014998.795492","620330654.359791","848881139.442876","712915894.481616","1392435143.38301","1599115748.83326","2485137116.69214","3121671772.60831","",
"Cote d'Ivoire","CIV","Charges for the use of intellectual property, receipts (BoP, current US$)","BX.GSR.ROYL.CD","","","","","","","","","","","","","","","","","","","","","","","","","","","","","","","","","","","","","","","","","","","","","","","22969.7768029809","","298206.250323954","136085.25406391","","","33747.499937353","720895.467024129","973636.178973586","67657.6599152079","1553950.85127917","","1878578.90571318","1449059.63687464","","","3206.36295848934","42863.9904856583","374374.141096014","",
"Cote d'Ivoire","CIV","Exports of goods and services (BoP, current US$)","BX.GSR.GNFS.CD","","","","","","","","","","","","","","","","","","","","","","","","","","","","","","","","","","","","","","","","","","","","","","8526829195.09724","9323637218.1731","9607218874.00009","11452802998.0292","12389416637.9745","12605548916.4372","13669676040.3552","13107468405.0069","12988034912.6686","13888903173.2373","12501412278.3909","11796872426.2873","12855832030.3664","13084415386.5339","13790700196.5208","13231734044.6865","16230487075.3303","17210592597.5069","18112644089.1502","22010319949.0873","",
"Cote d'Ivoire","CIV","ICT service exports (BoP, current US$)","BX.GSR.CCIS.CD","","","","","","","","","","","","","","","","","","","","","","","","","","","","","","","","","","","","","","","","","","","","","","90947822.5419172","92832352.9492472","102817119.0209","112878723.566515","108118361.894485","104614404.157831","94169540.0059422","86700339.962606","91769022.8515006","93093949.6363683","79710043.2227682","98032533.8190084","141869753.616867","162605321.601036","154647613.650687","118409116.0415","125777586.597597","82622314.2096484","100992507.429267","119958050.778677","",
"Cote d'Ivoire","CIV","Net secondary income (BoP, current US$)","BN.TRF.CURR.CD","","","","","","","","","","","","","","","","","","","","","","","","","","","","","","","","","","","","","","","","","","","","","","-462553118.691958","-531771388.617743","-343782716.612194","-333807187.682297","-99128594.542896","-439749638.961488","-533852001.133826","-520666901.163287","-439536378.752364","-294556153.802775","-344589832.534052","-415251144.682168","-516867977.876823","-556769527.654959","-576465437.8272","-699493427.127018","-676452534.480228","-357247774.737062","-252483741.495696","-107930250.730161","",
"Cote d'Ivoire","CIV","Net errors and omissions (BoP, current US$)","BN.KAC.EOMS.CD","","","","","","","","","","","","","","","","","","","","","","","","","","","","","","","","","","","","","","","","","","","","","","-38252180.5499443","-37633692.4987133","35265972.8456907","-44052194.5649717","-37120344.3698863","-24927781.4945086","-44634345.0954184","-76509842.0386928","284223104.57488","-54765800.6792202","-66141374.9918791","-9799485.27720652","-5042118.26019053","-4180591.25377413","-2553553.24786146","21850439.1380304","79472553.4335873","-6210982.83175281","3279095.27215286","6958081.50345412","",
"Cote d'Ivoire","CIV","Net financial account (BoP, current US$)","BN.FIN.TOTL.CD","","","","","","","","","","","","","","","","","","","","","","","","","","","","","","","","","","","","","","","","","","","","","","186741904.709984","474774305.672726","-10958237.6285911","499016338.565652","1812808133.61839","1619507361.91038","2776427828.36755","7713952138.3619","-156798155.455103","736591438.254181","-2959430.61676661","-236989485.806786","-861538784.066622","-2136241716.94177","-1171644446.46367","-1778066493.06304","-2629472587.81122","-5337221021.88163","-6313923500.06312","-3720051938.87775","",
"Cote d'Ivoire","CIV","Secondary income, other sectors, payments (BoP, current US$)","BM.TRF.PRVT.CD","","","","","","","","","","","","","","","","","","","","","","","","","","","","","","","","","","","","","","","","","","","","","","635623868.184536","713448924.092854","765213535.657094","846817920.575847","833639985.963229","811377097.820948","838187250.882197","724519769.908521","778053982.117621","802032589.774422","709580868.293881","744739349.040871","896322001.542937","954259409.428062","977676192.893916","968825788.827321","1049712877.53996","1495659192.73561","1817718406.99014","2280299699.61349","",
"Cote d'Ivoire","CIV","Transport services (% of service imports, BoP)","BM.GSR.TRAN.ZS","","","","","","","","","","","","","","","","","","","","","","","","","","","","","","","","","","","","","","","","","","","","","","48.0944221581362","47.8471584736692","49.3113972537121","53.2931738400165","52.5581797691935","54.0973184635211","51.7740238668628","58.7877915213395","60.3836053130261","57.4901514937164","58.8876500502877","47.5666262854886","45.7598488093161","52.2419849933993","52.0119505745853","54.4230805953239","60.1774166650585","56.4094560345235","44.0849312212267","40.6067562776678","",
"Cote d'Ivoire","CIV","Goods imports (BoP, current US$)","BM.GSR.MRCH.CD","","","","","","","","","","","","","","","","","","","","","","","","","","","","","","","","","","","","","","","","","","","","","","5098826667.23391","5214045541.02138","5944854575.62372","6910104407.55968","6939025074.98641","7796223789.3865","6675286621.92969","9056226020.39809","9057773559.35524","9106696214.06258","8565435529.774","7815414471.7435","8508141106.61172","9714987733.58141","9477167039.24366","9517832243.71766","12267029418.1649","15223032458.3031","15365237052.2115","15340008468.2391","",
"Cote d'Ivoire","CIV","Communications, computer, etc. (% of service imports, BoP)","BM.GSR.CMCP.ZS","","","","","","","","","","","","","","","","","","","","","","","","","","","","","","","","","","","","","","","","","","","","","","28.1535044495345","28.2011216182089","28.2342785764992","26.2676549563278","25.9801565109899","26.1900221607918","20.5782474687228","20.496228455325","23.4244503093726","24.6348777693244","24.2927456854152","24.9777576399659","19.8878075988364","24.1866314725835","25.9588249910863","28.1269030639353","27.9938672849368","32.9867949741202","45.8282454897029","48.7202015576264","",
"Cote d'Ivoire","CIV","Livestock production index (2014-2016 = 100)","AG.PRD.LVSK.XD","","22.88","23.12","23.5","27.42","27.74","28.09","30.42","31.04","31.48","31.85","33.93","34.48","35.2","37.92","38.73","39.55","42.39","43.87","44.44","46.68","50.54","52.12","54.36","55.39","54.43","57.31","57.45","59.67","61.68","63","59.81","60.75","61.63","59.97","60.14","58.76","62.88","64.12","64.98","66.75","68.4","70.35","71.65","75.21","75.39","76.58","77.99","81.7","84.72","87.8","87.82","92.97","99.35","97.83","98.87","103.3","107.17","111.73","118.59","121.01","117.98","116.93","","","",
"Cote d'Ivoire","CIV","Other people in need of international protection by country or territory of asylum","SM.POP.OPIP.EA","","","","","","","","","","","","","","","","","","","","","","","","","","","","","","","","","","","","","","","","","","","","","","","","","","","","","","","","","","","","","","","","","","",
"Cote d'Ivoire","CIV","Asylum-seekers by country or territory of origin","SM.POP.ASYS.EO","","","","","","","","","","","","","","","","","","","","","","","","","","","","","","","","","","","","","","","","","678","785","1688","3294","4742","6348","6377","7416","6459","5262","6014","18197","11192","10985","13404","13752","18628","26535","22855","19881","34216","32608","22037","25948","26785","24238",
"Cote d'Ivoire","CIV","Children in employment, wage workers, female (% of female children in employment, ages 7-14)","SL.WAG.0714.FE.ZS","","","","","","","","","","","","","","","","","","","","","","","","","","","","","","","","","","","","","","","","","","","","","","","1.95","","","","","","4.65","","","","","","","","","","","","","",
"Cote d'Ivoire","CIV","Unemployment, male (% of male labor force) (national estimate)","SL.UEM.TOTL.MA.NE.ZS","","","","","","","","","","","","","","","","","","","","","","","","","","","","","","","","","","","","","","","3.194","","","","","","","","","","","","","","7.13","3.548","","","1.556","2.865","","1.945","","","2.097","","","",
"Cote d'Ivoire","CIV","Share of youth not in education, employment or training, total (% of youth population)  (modeled ILO estimate)","SL.UEM.NEET.ME.ZS","","","","","","","","","","","","","","","","","","","","","","","","","","","","","","","","","","","","","","","","","","","","","","22.139","22.155","22.276","22.429","22.609","22.663","23.154","22.756","22.898","23.856","24.805","25.759","25.4","23.655","21.917","21.265","20.125","18.834","18.829","18.98","19.131",
"Cote d'Ivoire","CIV","Share of youth not in education, employment or training, female (% of female youth population) (modeled ILO estimate)","SL.UEM.NEET.FE.ME.ZS","","","","","","","","","","","","","","","","","","","","","","","","","","","","","","","","","","","","","","","","","","","","","","29.695","29.516","29.422","29.311","29.258","29.061","29.087","28.533","30.575","32.894","35.224","37.648","36.684","34.484","32.309","30.3","27.651","25.021","24.974","25.163","25.349",
"Cote d'Ivoire","CIV","Unemployment with basic education (% of total labor force with basic education)","SL.UEM.BASC.ZS","","","","","","","","","","","","","","","","","","","","","","","","","","","","","","","","","","","","","","","6.505","","","","","","","","","","","","","","7.507","5.414","","","3.312","2.239","","4.149","","","2.228","","","",
"Cote d'Ivoire","CIV","Unemployment with advanced education, male (% of male labor force with advanced education)","SL.UEM.ADVN.MA.ZS","","","","","","","","","","","","","","","","","","","","","","","","","","","","","","","","","","","","","","","6.625","","","","","","","","","","","","","","23.348","6.178","","","7.164","9.297","","4.558","","","6.297","","","",
"Cote d'Ivoire","CIV","Unemployment, youth male (% of male labor force ages 15-24) (modeled ILO estimate)","SL.UEM.1524.MA.ZS","","","","","","","","","","","","","","","","","","","","","","","","","","","","","","","","9.043","9.133","8.002","6.882","5.645","5.618","5.575","5.748","6.157","6.66","7.107","7.507","7.929","8.096","8.297","8.386","8.736","8.937","9.245","9.413","10.083","10.319","5.221","3.774","2.534","1.273","4.457","3.919","3.355","3.935","4.234","3.943","3.886","3.892","3.626",
"Cote d'Ivoire","CIV","Labor force, total","SL.TLF.TOTL.IN","","","","","","","","","","","","","","","","","","","","","","","","","","","","","","","4176181","4358646","4551689","4752650","4960891","5176501","5398868","5627257","5858115","6073240","6253233","6429804","6605404","6779544","6954406","7133415","7317090","7505748","7771201","8106769","8433828","8749188","9048653","9300688","9534174","9764168","10013267","10180365","10349949","10522774","10849289","11390094","11906614","12285672","12671518","13067763",
"Cote d'Ivoire","CIV","Part time employment, female (% of total female employment)","SL.TLF.PART.FE.ZS","","","","","","","","","","","","","","","","","","","","","","","","","","","","","","","","","","","","","","","","","","","","","","","","","","","","","25.245","45.705","","","36.767","40.221","","39.875","","","52.328","","","",
"Cote d'Ivoire","CIV","Labor force participation rate, total (% of total population ages 15+) (modeled ILO estimate)","SL.TLF.CACT.ZS","","","","","","","","","","","","","","","","","","","","","","","","","","","","","","","65.604","65.554","65.498","65.44","65.381","65.321","65.265","65.213","65.17","65.322","65.474","65.625","65.776","65.927","66.078","66.228","66.378","66.527","66.676","66.825","66.973","67.122","67.269","67.16","67.05","66.94","66.829","66.121","65.406","64.684","64.893","66.233","67.149","67.129","67.108","67.09",
"Cote d'Ivoire","CIV","Ratio of female to male labor force participation rate (%) (modeled ILO estimate)","SL.TLF.CACT.FM.ZS","","","","","","","","","","","","","","","","","","","","","","","","","","","","","","","57.7349368465583","57.9028900614804","58.0949379363848","58.2913413553189","58.4964418222736","58.7058794851794","58.9037583335368","59.0877956897184","59.2417932386085","60.9512755291038","62.6974740747196","64.4799276945093","66.3016369367887","68.1620247991929","70.0602890784016","72.0008318386233","73.9806156307789","76.0029648846475","78.0702926633703","80.1819310605447","82.3392307063217","84.543589884779","86.7969912267286","84.3992021459523","82.0550164014755","79.7651273349225","77.5267871421718","77.4108873573121","77.3052442606898","77.2093790373567","77.4963641851659","77.9396111507835","78.8862768145754","79.3821752468218","79.9035218553903","79.9048463833562",
"Cote d'Ivoire","CIV","Labor force with basic education (% of total working-age population with basic education)","SL.TLF.BASC.ZS","","","","","","","","","","","","","","","","","","","","","","","","","","","","","","","","","","","","","","","60.174","","","","","","","","","","","","","","65.423","65.581","","","56.637","66.351","","50.827","","","57.016","","","",
"Cote d'Ivoire","CIV","Labor force with advanced education, male (% of male working-age population with advanced education)","SL.TLF.ADVN.MA.ZS","","","","","","","","","","","","","","","","","","","","","","","","","","","","","","","","","","","","","","","72.853","","","","","","","","","","","","","","78.66","86.273","","","69.07","47.177","","80.259","","","78.421","","","",
"Cote d'Ivoire","CIV","Labor force participation rate, female (% of female population ages 15-64) (modeled ILO estimate)","SL.TLF.ACTI.FE.ZS","","","","","","","","","","","","","","","","","","","","","","","","","","","","","","","48.291","48.362","48.437","48.51","48.585","48.671","48.752","48.83","48.886","49.954","51.024","52.093","53.161","54.225","55.287","56.346","57.402","58.455","59.5","60.548","61.615","62.702","63.809","62.741","61.646","60.529","59.417","58.965","58.49","57.992","58.118","59.336","60.42","60.653","60.896","60.89",
"Cote d'Ivoire","CIV","Labor force participation rate for ages 15-24, male (%) (national estimate)","SL.TLF.ACTI.1524.MA.NE.ZS","","","","","","","","","","","","","","","","","","","81.283","","","","","","","","","","75.344","","","","","","","","","","61.315","","","","","","","","","","","","","","50.988","50.592","","","53.88","31.424","","47.654","","","40.849","","","",
"Cote d'Ivoire","CIV","Children in employment, work only (% of children in employment, ages 7-14)","SL.TLF.0714.WK.ZS","","","","","","","","","","","","","","","","","","","","","","","","","","","","","","","","","","","","","","","","","46.4373464373","","","","","","46.8","","","","","","41.152743848366","","","","","","","","","","","","","",
"Cote d'Ivoire","CIV","Children in employment, work only, female (% of female children in employment, ages 7-14)","SL.TLF.0714.WK.FE.ZS","","","","","","","","","","","","","","","","","","","","","","","","","","","","","","","","","","","","","","","","","54.0740740741","","","","","","","","","","","","47.2215945413647","","","","","","","","","","","","","",
"Cote d'Ivoire","CIV","Children in employment, study and work, male (% of male children in employment, ages 7-14)","SL.TLF.0714.SW.MA.ZS","","","","","","","","","","","","","","","","","","","","","","","","","","","","","","","","","","","","","","","","","60.6356968215","","","","","","","","","","","","64.8084529221883","","","","","","","","","","","","","",
"Cote d'Ivoire","CIV","Children in employment, male (% of male children ages 7-14)","SL.TLF.0714.MA.ZS","","","","","","","","","","","","","","","","","","","","","","","","","","","","","","","","","","","","","","","","","40.9","","","","","","47.7","","","","","","36.6","","","","","","","","","","","","","",
"Cote d'Ivoire","CIV","Employment in services, female (% of female employment) (modeled ILO estimate)","SL.SRV.EMPL.FE.ZS","","","","","","","","","","","","","","","","","","","","","","","","","","","","","","","","40.2080064141375","40.6125410724874","40.9637651360511","41.3922789291189","41.6629518117324","41.9513838463381","42.2999602177459","42.6271587213434","42.9799098247862","43.1961481647457","43.4023502509911","43.5084943455551","43.598963042501","44.1113262914749","44.4891618525644","44.7410030969304","45.057485808662","45.3600443504953","45.8208580923506","46.2838897429701","46.4998727903659","47.5256609246717","48.5837019610554","48.7821571690213","48.5781843315822","48.0670223177578","50.3080927696198","52.151523833882","54.0687161778402","49.9621423019094","46.9159770211135","44.2744494537453","45.0818420011721","45.8105021977693","46.3997274120365",
"Cote d'Ivoire","CIV","Children in employment, self-employed (% of children in employment, ages 7-14)","SL.SLF.0714.ZS","","","","","","","","","","","","","","","","","","","","","","","","","","","","","","","","","","","","","","","","","","","","","","","","","","","","","","","","","","","","","","","","","","",
"Cote d'Ivoire","CIV","Child employment in manufacturing, male (% of male economically active children ages 7-14)","SL.MNF.0714.MA.ZS","","","","","","","","","","","","","","","","","","","","","","","","","","","","","","","","","","","","","","","","","","","","","","","","","","","","","","","","","","","","","","","","","","",
"Cote d'Ivoire","CIV","Employment in industry, female (% of female employment) (modeled ILO estimate)","SL.IND.EMPL.FE.ZS","","","","","","","","","","","","","","","","","","","","","","","","","","","","","","","","14.893580508271","14.562477682447","14.2237385798371","13.9353255893378","13.9819017805277","14.0619603956521","14.2668160902284","14.1636857052086","13.9591452012588","13.6799520461331","13.2681528813238","12.8923779096303","12.4401369145719","12.3766234834833","12.1933242454476","12.0833313247246","11.8642798962145","11.8124598595146","11.6859257657463","11.5935670259521","10.685527103868","10.4899379386246","10.460495748793","7.49275138110518","5.01726735114045","3.27890896326693","4.14141467780602","5.08431227019107","6.26198758261975","7.90665533401293","9.61317968196086","12.0858467675955","12.1872878151517","12.2726729061388","12.6197715082143",
"Cote d'Ivoire","CIV","Contributing family workers, female (% of female employment) (modeled ILO estimate)","SL.FAM.WORK.FE.ZS","","","","","","","","","","","","","","","","","","","","","","","","","","","","","","","","32.2841715507193","32.3463487664331","32.4648678041007","32.6148784769921","32.6289045432722","32.5491550378824","32.3989305802194","32.2586027516194","32.045646883003","31.8899389946713","31.7947724843384","31.8350423449465","31.9698410526156","31.9634472642298","31.8858416029623","31.7290402821326","31.5194279806779","31.2101439747551","30.5133807565184","29.7361945911236","29.2289945947545","28.4148187929037","23.581185701955","22.1681479965865","20.6970534397816","19.2054244758057","16.6495892859772","18.5106310993044","20.371979163939","23.7120537655521","26.6207558964336","29.6144846091992","29.0558416793917","28.4851089914182","28.2375937587506",
"Cote d'Ivoire","CIV","Wage and salaried workers, total (% of total employment) (modeled ILO estimate)","SL.EMP.WORK.ZS","","","","","","","","","","","","","","","","","","","","","","","","","","","","","","","","18.060706216868","18.0119000691832","17.9752797656728","17.946131820243","17.9991547602549","18.1267279100162","18.3782791557561","18.5808051788452","18.7638948729738","18.8716487183861","18.868255408223","18.885454422235","18.8365412287368","18.8232451389735","18.8566708817274","18.9820023601317","19.1109295829992","19.3315294051023","19.8455098366835","20.363948447725","20.6797730790895","21.1047420655672","23.2958052846215","24.2358244098323","25.1763422917387","26.1431605714696","25.7468044868641","26.0271924926856","26.3352331425605","26.0944969223387","27.1197663275488","28.0387768204995","28.350821497471","28.680418085423","29.034720594951",
"Cote d'Ivoire","CIV","Vulnerable employment, male (% of male employment) (modeled ILO estimate)","SL.EMP.VULN.MA.ZS","","","","","","","","","","","","","","","","","","","","","","","","","","","","","","","","74.3450585060158","74.4056920350548","74.4543303803773","74.5294229085935","74.4073296503137","74.1784778195318","73.682479135434","73.4717698871673","73.0481336985421","72.8101732055349","72.8629838323613","72.7222900935566","72.6732131329149","72.5376581300313","72.4058059191302","72.1054813648297","71.8259052120049","71.400388096745","70.692732691696","70.1456272961369","69.6455828597658","69.051338866728","67.6482748256055","66.36793901123","65.1630572246192","63.8843353576183","66.4712040636587","65.0033243397432","63.5573510966285","64.3236359843481","63.2902427370779","62.4513276718039","62.0614406853971","61.6721966129826","61.2850409964444",
"Cote d'Ivoire","CIV","Employment to population ratio, 15+, male (%) (modeled ILO estimate)","SL.EMP.TOTL.SP.MA.ZS","","","","","","","","","","","","","","","","","","","","","","","","","","","","","","","","77.229","77.016","77.566","78.094","78.719","78.629","78.561","78.337","77.449","76.483","75.561","74.674","73.765","73.074","72.35","71.712","70.857","70.112","69.285","68.586","67.513","66.793","70.109","71.468","72.669","73.865","72.171","71.754","71.341","71.248","72.464","73.284","73.106","72.876","72.849",
"Cote d'Ivoire","CIV","Female share of employment in senior and middle management (%)","SL.EMP.SMGT.FE.ZS","","","","","","","","","","","","","","","","","","","","","","","","","","","","","","","","","","","","","","","","","","","","","","","","","","","","","","","","","22.156","22.165","","","","","","","","",
"Cote d'Ivoire","CIV","Employers, total (% of total employment) (modeled ILO estimate)","SL.EMP.MPYR.ZS","","","","","","","","","","","","","","","","","","","","","","","","","","","","","","","","0.907223250853431","0.908776654238187","0.906310240371376","0.873785913110525","0.904583793958107","0.945692643521125","1.07107970081639","1.03858501669298","1.08555942728962","1.06898206068163","0.948848471327026","0.963274170893528","0.979938296990032","1.01499141603155","1.00709469745168","1.03331013918669","1.0335634453309","1.06318229764156","1.08830998904798","0.968100077888294","0.97486922801199","0.950480981923065","0.872823317961638","1.20489087125055","1.47947663859493","1.8004783454277","1.56709595084877","2.27793914847326","3.03272959684928","2.46723849388617","2.00454892036847","1.52527754593784","1.54201760628333","1.54067937831459","1.53389817827361",
"Cote d'Ivoire","CIV","Employment to population ratio, ages 15-24, total (%) (national estimate)","SL.EMP.1524.SP.NE.ZS","","","","","","","","","","","","","","","","","","","","","","","","","","","","","","","","","","","","","","","48.144","","","","","","","","","","","","","","46.016","47.566","","","47.04","27.636","","41.9","","","35.552","","","",
"Cote d'Ivoire","CIV","Employment to population ratio, ages 15-24, female (%) (national estimate)","SL.EMP.1524.SP.FE.NE.ZS","","","","","","","","","","","","","","","","","","","","","","","","","","","","","","","","","","","","","","","38.42","","","","","","","","","","","","","","46.229","47.276","","","41.788","25.35","","37.96","","","32.03","","","",
"Cote d'Ivoire","CIV","Child employment in agriculture (% of economically active children ages 7-14)","SL.AGR.0714.ZS","","","","","","","","","","","","","","","","","","","","","","","","","","","","","","","","","","","","","","","","","","","","","","","","","","","","","","","","","","","","","","","","","","",
"Cote d'Ivoire","CIV","Annualized average growth rate in per capita real survey mean consumption or income, total population (%)","SI.SPR.PCAP.ZG","","","","","","","","","","","","","","","","","","","","","","","","","","","","","","","","","","","","","","","","","","","","","","","","","","","","","","","","","","","","","","-1.16","","","","",
"Cote d'Ivoire","CIV","Average transaction cost of sending remittances from a specific country (%)","SI.RMT.COST.OB.ZS","","","","","","","","","","","","","","","","","","","","","","","","","","","","","","","","","","","","","","","","","","","","","","","","","","","","","","","","","3.2091","1.07527","3.1043","2.57348","2.51183","2.39667","2","3.053333","","",
"Cote d'Ivoire","CIV","Poverty headcount ratio at societal poverty line (% of population)","SI.POV.SOPO","","","","","","","","","","","","","","","","","","","","","","","","","","30","29","32.2","33.5","","","","40.9","","","43.5","","","42.9","","","","43.9","","","","","","47","","","","","","","46.6","","","34.4","","","32.5","","","","",
"Cote d'Ivoire","CIV","Poverty gap at $4.20 a day (2021 PPP) (%)","SI.POV.LMIC.GP","","","","","","","","","","","","","","","","","","","","","","","","","","8.5","6.7","10.2","14.1","","","","23.3","","","22.5","","","26.6","","","","25.9","","","","","","29.1","","","","","","","28.2","","","12.9","","","12.3","","","","",
"Cote d'Ivoire","CIV","Poverty headcount ratio at $3.00 a day (2021 PPP) (% of population)","SI.POV.DDAY","","","","","","","","","","","","","","","","","","","","","","","","","","13.6","10.2","16","22.5","","","","38.4","","","39.8","","","42.9","","","","43.9","","","","","","47","","","","","","","46.6","","","21.7","","","20.8","","","","",
"Cote d'Ivoire","CIV","Income share held by highest 10%","SI.DST.10TH.10","","","","","","","","","","","","","","","","","","","","","","","","","","35.6","29.4","32","28.3","","","","29.5","","","32.7","","","30.1","","","","31.3","","","","","","32.6","","","","","","","31.9","","","29","","","27.8","","","","",
"Cote d'Ivoire","CIV","Income share held by second 20%","SI.DST.02ND.20","","","","","","","","","","","","","","","","","","","","","","","","","","9.3","10.9","10.4","11.3","","","","10.6","","","10.2","","","10.8","","","","11.2","","","","","","9.9","","","","","","","10.2","","","11","","","11.6","","","","",
"Cote d'Ivoire","CIV","UHC service coverage sub-index on service capacity and access","SH_UHC_SCI_CAPACITY","","","","","","","","","","","","","","","","","","","","","","","","","","","","","","","","","","","","","","","","","23","23","23","23","23","22","22","22","22","22","22","22","25","28","29","27","28","30","25","23","24","26","26","26","","",
"Cote d'Ivoire","CIV","Proportion of population facing impoverishing out-of-pocket health expenditure, based on the societal poverty line (%)","SH_UHC_FH40_IMPOV","","","","","","","","","","","","","","","","","","","","","","","","","","22.11","19.01","18.95","21.81","","","","19.78","","","","","","32.53","","","","32.89","","","","","","26.81","","","","","","","17.28","","","24.63","","","24.16","","","","",
"Cote d'Ivoire","CIV","Domestic private health expenditure per capita (current US$)","SH.XPD.PVTD.PC.CD","","","","","","","","","","","","","","","","","","","","","","","","","","","","","","","","","","","","","","","","","24.80397219","25.62808168","26.82797168","35.91784848","38.99149924","38.61376291","38.60811357","41.83522538","45.80324522","51.1817411","50.0405983","50.72514267","47.15416467","48.14186471","48.84343883","36.18903585","36.73322555","37.14590424","38.64273531","38.79444018","39.25060079","41.00811525","41.23418624","41.5088409","","",
"Cote d'Ivoire","CIV","Out-of-pocket expenditure (% of current health expenditure)","SH.XPD.OOPC.CH.ZS","","","","","","","","","","","","","","","","","","","","","","","","","","","","","","","","","","","","","","","","","75.2956543","77.22060394","75.83152771","76.0766449","77.01480103","76.73565674","75.94538879","68.75501251","65.54959869","57.42655182","56.47934341","59.20729446","52.79811478","56.15932083","51.14342117","42.58926392","40.01249313","39.21524048","39.2853241","37.26046371","31.99206734","28.36708641","32.54924393","31.99314499","","",
"Cote d'Ivoire","CIV","Domestic general government health expenditure (% of GDP)","SH.XPD.GHED.GD.ZS","","","","","","","","","","","","","","","","","","","","","","","","","","","","","","","","","","","","","","","","","0.58689862","0.50978333","0.54329485","0.5154925","0.5599317","0.52909023","0.5577988","0.67966127","0.67955697","0.83744568","0.83997321","0.57983553","0.74607307","0.7278282","0.77760309","0.80445331","0.85302079","0.93267012","0.89862597","0.96328849","1.33183074","1.59011114","1.49067545","1.40123832","","",
"Cote d'Ivoire","CIV","Control of Corruption - Governance estimate (approx. -2.5 to +2.5)","GOV_WGI_CC_EST","","","","","","","","","","","","","","","","","","","","","","","","","","","","","","","","","","","","","0.0688334","","-0.4870276","","-0.7462823","","-0.7625117","-0.8817182","-1.167954","-1.2702551","-1.143042","-1.0556439","-0.9172218","-0.9153277","-1.00570309999999","-0.9073893","-0.835052","-0.7559365","-0.4250952","-0.4307488","-0.471418699999999","-0.4649251","-0.483168999999999","-0.5301004","-0.4863208","-0.446876999999999","-0.370305999999999","-0.3616761","-0.2850472","",
"Cote d'Ivoire","CIV","WBL: Legal Framework Index (scale 0-100)","GD_WBL_OVL_LAW","","","","","","","","","","","","","","","","","","","","","","","","","","","","","","","","","","","","","","","","","","","","","","","","","","","","","","","","","","","","","","","","","","78.25",
"Cote d'Ivoire","CIV","Expense (% of GDP)","GC.XPN.TOTL.GD.ZS","","","","","","","","","","","","","","","","","","","","","","","","","","","","","","","","","","","","","","","","","","8.2941205356375","9.08261519702029","10.3190259166705","10.1072584827044","10.5281294074699","9.75267521167762","10.6613980449347","11.0198789267792","10.4786765320953","10.6252444022858","9.60983909951552","11.3215604705724","9.93060164103365","9.21632749724051","13.4545912156732","13.4001933039204","14.9472059883342","14.7370417836244","13.6271086543806","16.0320683194889","16.3773571246349","18.4136127955891","17.8812303499603","","",
"Cote d'Ivoire","CIV","Interest payments (% of expense)","GC.XPN.INTP.ZS","","","","","","","","","","","","","","","","","","","","","","","","","","","","","","","","","","","","","","","","","","25.4315629492387","23.3497544740576","17.1424078005819","14.8511691006304","13.2728771640561","10.2398882074373","11.3246116107931","10.8603498716341","10.0858703202472","10.580331135563","13.1941602676745","11.1000390777648","10.2408845785235","6.2313059256766","8.16782655043181","9.36857438056189","8.32576662136964","9.06305439484547","10.8052321314054","11.4134754757554","11.8669276037444","11.9115858858528","14.1441585161889","","",
"Cote d'Ivoire","CIV","Goods and services expense (current LCU)","GC.XPN.GSRV.CN","","","","","","","","","","","","","","","","","","","","","","","","","","","","","","","","","","","","","","","","","","208268000000","263220000000","412400000000","436500000000","423000000000","433200000000","467400000000","585200000000","355277000000","371431000000","299219000000","388571000000","376977000000","474961003672","617481812007","652495298000","741806234454","626273597499","572539383436.996","794334251393.62","1152924079087.37","1444685392957.19","1419992193960","","",
"Cote d'Ivoire","CIV","Taxes on income, profits and capital gains (% of revenue)","GC.TAX.YPKG.RV.ZS","","","","","","","","","","","","","","","","","","","","","","","","","","","","","","","","","","","","15.2156724940701","","","","","","11.1371955955322","10.1359951982829","19.1194676570721","17.7768258727779","22.4675683135523","25.4790631653655","24.9563496682575","24.4289545303024","19.6862152554078","20.1728145720601","22.6735144600829","21.3908964663293","22.8573618026585","22.0558928960844","21.0036595568855","22.1830198724743","23.1521426186516","25.3196839747488","23.7655823348727","24.2803695947196","24.2516233793875","27.7235795225355","26.8153750190333","","",
"Cote d'Ivoire","CIV","Other taxes (% of revenue)","GC.TAX.OTHR.RV.ZS","","","","","","","","","","","","","","","","","","","","","","","","","","","","","","","","","","","","2.84634981990688","","","","","","14.7334166484281","14.4691480295359","3.45868152274838","3.0127793246234","0.420921887938173","0.294602086318411","1.90315446397393","1.50504251434144","0.352254661580604","0.366778446764728","0.385515087361639","0.404142894608992","0.458432217549605","0.447692779551662","4.04492433011167","4.36820855007849","4.23195138053651","4.57877009125971","5.36244891661437","5.17207930782461","5.5546652022465","5.51465314890379","5.1334754832993","","",
"Cote d'Ivoire","CIV","Customs and other import duties (% of tax revenue)","GC.TAX.IMPT.ZS","","","","","","","","","","","","","","","","","","","","","","","","","","","","","","","31.4259539100869","","","","","33.9398045098229","","","","","","30.2785112000681","29.8493074508048","29.3084614738257","29.7003383276945","27.7493606138107","29.9485465499802","32.6794714616537","30.5386984770455","30.8205263032099","37.0756352020299","30.4907389726943","34.0712213511632","33.487977633635","34.4385285022147","14.5407231857689","13.6321496812116","13.5447089943093","13.8369080872775","13.0965184054141","11.8974476034199","13.336675438252","13.797771245523","11.8421860339525","","",
"Cote d'Ivoire","CIV","Taxes on goods and services (current LCU)","GC.TAX.GSRV.CN","","","","","","","","","","","","","","","","","","","","","","","","","","","","","","","186034000000","","","","","163700000000","","","","","","295500000000","296400000000","254100000000","255900000000","282400000000","275000000000","270800000000","348460000000","494228000000","444782000000","329545000000","549899000000","556858000000","605494246422.4","1206345980953.6","1333894502983","1426227274730.38","1537998178568.05","1681454657762.45","1878997823214.6","2155542436665.25","2098369491609.05","2442463691523.29","","",
"Cote d'Ivoire","CIV","Revenue, excluding grants (current LCU)","GC.REV.XGRT.CN","","","","","","","","","","","","","","","","","","","","","","","","","","","","","","","","","","","","1103300000000","","","","","","1222141300000","1315323972000","1243000000000","1324800000000","1354600000000","1478440000000","1679800000000","1826610000000","1846602000000","1946549000000","1497559000000","2244702000000","2473700000000","2567051727984.7","3294817249886.56","3365304803713.87","3645126661032.68","3889895345461.73","4232341474450.22","4393988951290.15","5112191601380.01","5328822099814.47","6550232441952.32","","",
"Cote d'Ivoire","CIV","Grants and other revenue (current LCU)","GC.REV.GOTR.CN","","","","","","","","","","","","","","","","","","","","","","","","","","","","","","","","","","","","52800000000","","","","","","88336300000","84400272000","102300000000","159300000000","198000000000","129200000000","250000000000","376900000000","483967000000","333777000000","221176000000","357678000000","428927000000","441502534000","549917160126","370119321897","326515609093.547","343915727292","380117611627.593","311288651590","295572838355.725","334155831171.2","478926319313.629","","",
"Cote d'Ivoire","CIV","Net investment in nonfinancial assets (current LCU)","GC.NFN.TOTL.CN","","","","","","","","","","","","","","","","","","","","","","","","","","","","","","","","","","","","","","","","","","","","215700000000","260500000000","234300000000","239000000000","249300000000","300300000000","300569000000","342574000000","281829000000","612240000000","927215000000","983800000000","589992516601","744659975419","415625141867","421626915502","607711989414.434","895039789924","885228493318","592300937686","757182794146","","",
"Cote d'Ivoire","CIV","Central government debt, total (current LCU)","GC.DOD.TOTL.CN","","","","","","","","","","","","","","","","","","","","","","","","","","","","","","","","","","","","9392700000000","","","","","","","","","","","","","","","","","","","","","","","","","","","","","","",
"Cote d'Ivoire","CIV","Account ownership at a financial institution or with a mobile-money-service provider (% of population ages 15+)","FX.OWN.TOTL.ZS","","","","","","","","","","","","","","","","","","","","","","","","","","","","","","","","","","","","","","","","","","","","","","","","","","","","","","","34.322022683895","","","41.3309551965021","","","","50.7622911401206","","","57.5676269730853","",
"Cote d'Ivoire","CIV","Account ownership at a financial institution or with a mobile-money-service provider, older adults (% of population ages 25+)","FX.OWN.TOTL.OL.ZS","","","","","","","","","","","","","","","","","","","","","","","","","","","","","","","","","","","","","","","","","","","","","","","","","","","","","","","39.2803573952676","","","45.1340125881811","","","","55.8792240400492","","","61.7114419721381","",
"Cote d'Ivoire","CIV","Account ownership at a financial institution or with a mobile-money-service provider, poorest 40% (% of population ages 15+)","FX.OWN.TOTL.40.ZS","","","","","","","","","","","","","","","","","","","","","","","","","","","","","","","","","","","","","","","","","","","","","","","","","","","","","","","24.1759494544382","","","34.1676872075878","","","","44.010125314071","","","43.526253371749","",
"Cote d'Ivoire","CIV","Claims on central government, etc. (% GDP)","FS.AST.CGOV.GD.ZS","","","-0.271973508383731","-3.37321471686023","-2.76933986751971","-2.76397519942463","-2.90540546429876","-1.33258255206924","-3.25977293987905","-2.48940376316747","-4.03678836095879","-3.72306269743635","-2.19051708180389","-4.51082094370437","-5.15561575060655","-3.03055733247127","-1.93447026501496","-4.93698027578173","-6.02984050960286","-5.85942738741538","-2.54383929531161","2.6826395308761","3.09458705830314","8.08657620901686","7.88091686996164","7.07566351220666","7.74703958368451","6.10271963828755","8.65877164896735","7.38561927970556","6.93286572334491","7.30762015336147","12.455529738104","12.0261301136277","10.9742840310006","9.29023022473017","5.84116307708837","5.1269479958206","5.27121590889228","5.81039536238749","4.65011804803386","3.84772868608303","3.66991762028542","3.31757210654067","2.31277939992949","2.70955658903355","2.49141319272299","2.65219485810357","3.06333990936071","4.50144366770162","5.03294791925469","4.91453113574272","6.17315486368619","6.47725153511915","6.43933521155838","5.42664799283344","6.19678846680263","6.50449644340957","7.13861861312936","7.89730153959115","10.7806262205775","11.4371857590753","13.3224118707108","12.784176346713","13.478027404182","13.2617391646029",
"Cote d'Ivoire","CIV","Lending interest rate (%)","FR.INR.LEND","","","","","","","","","","","","","","","","","","","","","","","","","","","","","","","","","","","","","","","","","","","","","","7.04916666666667","4.73666666666667","4.75166666666667","4.98416666666667","4.9775","5.11333333333333","5.25591666666667","5.03916666666667","5.2875","5.33833333333333","5.15416666666667","5.295","","","","","","","","","",
"Cote d'Ivoire","CIV","Consumer price index (2010 = 100)","FP.CPI.TOTL","5.55883694312651","6.20457880008372","6.12135995510318","6.17911292402158","6.21731173808976","6.37965669789429","6.64704839639421","6.79938890491669","7.16318713418071","7.48196533255959","8.09587484446533","8.05994976931642","8.08496089757377","8.98263302829178","10.5419631884473","11.7484090662531","13.1672221604008","16.7779195858277","18.999817271053","22.1048351578257","25.3544628407263","27.5854554816787","29.6772952999557","31.3512219023248","32.6945468639048","33.3039088979584","36.5287113202562","39.0650116220129","41.7724849806154","42.2108948289126","41.8707257970249","42.5755560310966","44.3770912239754","45.3377285700267","57.1625208877872","65.333942739535","66.9547515630835","69.6468905321824","72.858620390728","73.3703617129058","75.2272006073529","78.5082568831034","80.9241638777508","83.5920777572988","84.8108405175449","88.1064459399084","90.2802006727278","91.9883077512366","97.7914156186894","98.7884035771395","100","104.912433950525","106.281028400716","109.024322817415","109.513495413212","110.884056313105","111.685945921178","112.451978676858","112.903246012758","113.796147557137","116.541509399556","121.388699871755","127.74161214938","133.323566179512","137.923936202659","138.096394599599",
"Cote d'Ivoire","CIV","Broad money (current LCU)","FM.LBL.BMNY.CN","","","31780000000","36320000000","49490000000","48860000000","53950000000","58230000000","72540000000","91920000000","106780000000","117600000000","122830000000","147910000000","223210000000","244560000000","349750000000","524490000000","581610000000","566160000000","581820000000","639650000000","660340000000","691950000000","826050000000","939444500000","964894700000","930318800000","944003900000","867726200000","845408700000","846385300000","836351700000","824958200000","1210904600000","1429857500000","1486002500000","1607674800000","1704409900000","1675730500000","1646263400000","1721287400000","2233866300000","1615546900000","1737810274677.67","1734737955468.89","1963128517857.43","2594327909926.19","2802312736270.85","3395556314392.12","4044800677967.23","4490367687026.4","4708415144402.85","5242357163197.1","5985607687231.4","7072276299086.32","7852947279510.66","8574900500169.7","9723654645046","10770015310310.4","13042567711704.7","15487394121215","16878624072339","17440073865948","19819798874030","24529366719552",
"Cote d'Ivoire","CIV","Net domestic credit (current LCU)","FM.AST.DOMS.CN","","","29150000000","30250000000","41080000000","38500000000","40860000000","51220000000","55170000000","70240000000","76440000000","95110000000","122700000000","150150000000","205640000000","267230000000","370350000000","529520000000","588810000000","689620000000","844870000000","1040450000000","1119580000000","1335740000000","1351640000000","1320474500000","1361444700000","1384468800000","1456513900000","1374346200000","1307128700000","1303259300000","1334615700000","1289278200000","1372354500000","1540052300000","1593062200000","1722887500000","1811509500000","1789844200000","1709490100000","1767648766768.12","1785089157544.47","1610714988485.16","1582166488257.68","1561553962548.46","1828333091360.13","2130991832746.27","2377678924955.68","2867240634923.21","3310537868719.74","3276240542466.23","3821319893591","4529450556988.94","5325209818317.93","6320004026039.62","7273900440714.4","8292936330124.29","9338832105802","10238469067286","12042667971972","13764046011871","15708140172867","17669808150678","19836058538766","22111712067730",
"Cote d'Ivoire","CIV","Total reserves in months of imports","FI.RES.TOTL.MO","","","","","","","","","","","","","","","","","","","","","","","","","","","","","","","","","","","","","","","","","","","","","","","","","","","","","","","","","","","","","","","","","","",
"Cote d'Ivoire","CIV","Domestic credit to private sector by banks (% of GDP)","FD.AST.PRVT.GD.ZS","18.8835009617134","19.9629380108903","16.8876573810363","18.1048853483627","19.8461972265932","18.4738246073903","18.1836251698589","19.6096091605908","19.659520360818","21.514551932755","22.1948788639169","24.6446576338921","27.6249735017697","29.9463422127051","32.2746958707918","34.3139617300573","33.8716317910949","37.7936592450026","37.7686772905673","39.7819950701213","40.0595383926525","41.3594324029053","40.63138516551","41.8708271847572","36.018733731907","33.6155416281076","33.4783287616655","37.6949107979713","37.4472407355159","35.0753931779634","36.155518801031","35.5963408042854","31.4662099293015","28.0880227604873","17.942871164345","18.1592450122111","10.99059277815","10.8925293067928","10.2523357926723","9.33418292987036","9.65021708020917","9.44431281617057","9.64154520466675","9.0256564857585","9.4265731599469","8.79759882844194","10.0946699457158","12.0977862667159","11.9746644502895","12.6406732853149","13.0404983292352","13.1270231220567","13.627907142643","14.2646082900585","14.6214562278233","16.6488785871593","17.5694708681171","19.2182833005382","19.2459489837954","19.0215394142113","20.5471450288674","20.9766531500506","20.8362817255441","21.8868593238043","22.5025975089185","22.6620128825342",
"Cote d'Ivoire","CIV","Bank capital to assets ratio (%)","FB.BNK.CAPA.ZS","","","","","","","","","","","","","","","","","","","","","","","","","","","","","","","","","","","","","","","","","","","","","","","","","","","","","","","","","","","","","","","","","","",
"Cote d'Ivoire","CIV","Marine protected areas (% of territorial waters)","ER.MRN.PTMR.ZS","","","","","","","","","","","","","","","","","","","","","","","","","","","","","","","","","","","","","","","","","","","","","","","","","","","","","","0.1","0.1","0.1","0.1","0.1","0.1","0.1","0.1","0.1","0.1","0.1","0.1","0.2",
"Cote d'Ivoire","CIV","Annual freshwater withdrawals, total (% of internal resources)","ER.H2O.FWTL.ZS","","","","","","","","","","","","","","","","","","","","","","","","","","","","0.922696512233212","1.09231303097345","1.2619295510151","1.43154606975534","1.474492451848","1.51743883394066","1.56038521603332","1.60333159812598","1.64167968115565","1.68002776288391","1.71837584591359","1.75672392894326","1.79507201067153","1.8334200937012","1.8699635606455","1.9065070275898","1.9430504945341","1.9795939614784","2.0161374284227","1.96014807131702","1.90279946772514","1.84613048802707","1.79048094221759","1.73483139510672","1.67918184929724","1.62421192608017","1.56822256897449","1.51223321186882","1.51223321186882","1.51223321186882","1.51223321186882","1.51223321186882","1.51223321186882","1.51223321186882","1.51223321186882","1.51223321186882","","","",
"Cote d'Ivoire","CIV","Annual freshwater withdrawals, domestic (% of total freshwater withdrawal)","ER.H2O.FWDM.ZS","","","","","","","","","","","","","","","","","","","","","","","","","","","","22.00282087","22.00282087","22.00282087","22.00282087","19.59605227","17.32551585","15.17996309","13.14935065","17.82581123","22.28878331","26.55255983","30.6301857","34.53359111","38.27370812","38.87172206","39.44681083","40.00026791","40.53329126","41.046992","39.88904954","38.69062999","37.40395235","36.01526378","34.53748312","32.96175259","31.26491222","29.46833622","27.53872633","27.53872633","27.53872633","27.53872633","27.53872633","27.53872633","27.53872633","27.53872633","27.53872633","","","",
"Cote d'Ivoire","CIV","Capture fisheries production (metric tons)","ER.FSH.CAPT.MT","40500","42100","43600","45600","54600","59500","60800","66100","68400","67400","64302","77530","75199","60763","66690","58590","75917","67054","65012","73621","70068","75586","73753","79858","73680","101867","103435","101453","89336","99003","95000","82855","87039","69823","73978","70189","72711","67167","72528","78273","80323","76005","69870","68903","54401","42665","54830","47300","43799","42893","48038","52468","52513.206","61346.018","74806.818","98527.918","104537.211","95248.74","109087.039","106114.894","68709.197","66575.07","71646.007","76290.347","85494.248","",
"Cote d'Ivoire","CIV","Population in the largest city (% of urban population)","EN.URB.LCTY.UR.ZS","28.3318737825796","27.727792923137","27.2334826723521","26.8937647237094","27.5686587250162","28.4768808248165","29.6368435780881","31.0011019669792","32.5458448630563","34.2080123309667","35.9434629623923","37.7002432582495","39.4559705091592","41.1799504442151","42.8725381967223","44.2838419960402","44.5251235855202","44.8141420149695","45.8554332929003","45.4877424980518","45.2621822891636","45.0522595918418","44.8660005069383","44.7248712941594","44.6168086989252","44.5252232947101","44.4530624667161","44.3861411127758","44.2300287669748","43.8581910352766","43.4535865737749","43.0255988428903","42.5882938106124","42.1495442838661","41.7292304011212","41.3219353285276","40.927756022431","40.5426756141023","40.1893033530044","39.7961932777509","39.4403208208313","39.1148330051604","38.8240267852974","38.5665537880493","38.334596391071","38.1127476174718","37.9036799441083","37.7051395107068","37.527963723604","37.368220794093","37.2180211891723","37.0808872359965","36.9781787608731","36.9098365484552","36.6869588868363","36.2958550867323","35.9017233295737","35.537648482934","35.2200173896463","34.9407049974764","34.7115880827659","34.5316250317598","34.3373424972789","34.1629155959371","34.0375799179402","33.9438645513107",
"Cote d'Ivoire","CIV","Urban population living in areas where elevation is below 5 meters (% of total population)","EN.POP.EL5M.UR.ZS","","","","","","","","","","","","","","","","","","","","","","","","","","","","","","","2.64842919180164","","","","","","","","","","2.70761427849242","","","","","","","","","","","","","","","2.71979650450791","","","","","","","","","","",
"Cote d'Ivoire","CIV","Plant species (higher), threatened","EN.HPT.THRD.NO","","","","","","","","","","","","","","","","","","","","","","","","","","","","","","","","","","","","","","","","","","","","","","","","","","","","","","","","","","","118","","","","159","","","",
"Cote d'Ivoire","CIV","Nitrous oxide (N2O) emissions from Transport (Energy) (Mt CO2e)","EN.GHG.N2O.TR.MT.CE.AR5","","","","","","","","","","","0.0105","0.0112","0.0123","0.0123","0.0139","0.0145","0.0161","0.0164","0.0178","0.0183","0.0189","0.0181","0.017","0.0152","0.0149","0.0141","0.0141","0.0144","0.0154","0.0171","0.0164","0.0173","0.0159","0.0156","0.0158","0.0185","0.0179","0.0186","0.0156","0.0199","0.0189","0.0182","0.0189","0.0149","0.0134","0.0144","0.0121","0.0131","0.0181","0.0157","0.0171","0.0189","0.0274","0.0277","0.029","0.0342","0.0454","0.0438","0.0474","0.0502","0.05","0.0847","0.091","0.0871","0.0905","",
"Cote d'Ivoire","CIV","Nitrous oxide (N2O) emissions from Industrial Combustion (Energy) (Mt CO2e)","EN.GHG.N2O.IC.MT.CE.AR5","","","","","","","","","","","0.0015","0.0015","0.0017","0.0015","0.0018","0.0021","0.0019","0.0011","0.0013","0.0011","0.0013","0.0011","0.0012","0.0016","0.0004","0.0008","0.0008","0.0009","0.0009","0.0009","0.0008","0.0009","0.0009","0.0009","0.0009","0.0009","0.0011","0.0013","0.001","0.0016","0.0015","0.0015","0.0014","0.001","0.0011","0.0008","0.0011","0.0008","0.0011","0.0013","0.0012","0.0012","0.0016","0.0016","0.0017","0.0019","0.0015","0.0019","0.0018","0.0023","0.0023","0.0034","0.0034","0.0033","0.0034","",
"Cote d'Ivoire","CIV","F-gases emissions from Industrial Processes (Mt CO2e)","EN.GHG.FGAS.IP.MT.CE.AR5","","","","","","","","","","","","","","","","","","","","","","","","","","","","","","","0.0005","0.003","0.0048","0.0077","0.0181","0.031","0.0486","0.0671","0.0913","0.1332","0.2418","0.3312","0.417","0.5152","0.6143","0.7338","0.7742","0.7908","0.8224","0.8501","0.8451","0.8509","0.8677","0.8918","0.9721","1.0742","1.2255","1.3748","1.5575","1.7186","1.883","2.0523","2.2173","2.3835","2.5491","",
"Cote d'Ivoire","CIV","Carbon intensity of GDP (kg CO2e per 2021 PPP $ of GDP)","EN.GHG.CO2.RT.GDP.PP.KD","","","","","","","","","","","","","","","","","","","","","","","","","","","","","","","0.0463926919057184","0.0478201126405293","0.0477387044492045","0.0507487918262953","0.052614708011863","0.0537352993283721","0.0623950214722881","0.06927396802141","0.0643873134870204","0.0849868942284158","0.0813597925220623","0.0833871781489298","0.0906407695298555","0.0748793157745758","0.0748307549417122","0.0790333298186199","0.0754651753555688","0.0741223274515139","0.0784950113756747","0.0702105752302556","0.0749718499622944","0.0766651778369068","0.0907788264644845","0.0890543224046666","0.0868905959935364","0.0873042394068195","0.0824627645319244","0.0830108767115232","0.0792610179369298","0.0793234001622871","0.0793990065926269","0.0959971293929991","0.096568250299462","0.0882013951789471","0.0873056360093844","",
"Cote d'Ivoire","CIV","Carbon dioxide (CO2) emissions (total) excluding LULUCF (Mt CO2e)","EN.GHG.CO2.MT.CE.AR5","","","","","","","","","","","2.6158","2.6676","2.9649","3.0499","3.1332","3.4029","3.8887","3.857","4.4631","4.1629","3.9601","3.6247","3.4455","4.0555","3.6146","3.3124","3.4591","3.3756","3.4132","3.2792","2.9721","3.0648","3.0521","3.2383","3.3846","3.703","4.6321","5.639","5.4647","7.2972","6.9672","6.987","7.3874","5.8144","5.9957","6.3955","6.2787","6.2349","6.9185","6.4113","7.3149","7.0784","9.0202","9.801","10.4591","11.265","11.4035","12.33","12.3432","13.1832","13.2881","17.2006","18.4103","17.925","18.811","",
"Cote d'Ivoire","CIV","Carbon dioxide (CO2) net fluxes from LULUCF - Forest Land (Mt CO2e)","EN.GHG.CO2.LU.FL.MT.CE.AR5","","","","","","","","","","","","","","","","","","","","","","","","","","","","","","","","","","","","","","","","","-32.7577","-32.6628","-33.8669","-34.1683","-32.8933","-33.0197","-32.1543","-29.3033","-30.1194","-29.5213","-26.6878","-25.9594","-24.4457","-24.37","-22.837","-22.2675","-21.6608","-21.0385","-20.4161","-19.7938","-19.7938","-19.7938","-19.1714","-19.1714","","",
"Cote d'Ivoire","CIV","Carbon dioxide (CO2) emissions from Fugitive Emissions (Energy) (Mt CO2e)","EN.GHG.CO2.FE.MT.CE.AR5","","","","","","","","","","","0.0623","0.0623","0.0592","0.1277","0.0979","0.1038","0.1809","0.1245","0.2138","0.2792","0.2612","0.264","0.273","0.2404","0.2314","0.3086","0.2785","0.2104","0.2011","0.1948","0.1762","0.1824","0.2259","0.2726","0.2861","0.3162","0.5686","0.6294","0.5563","0.6654","0.7149","0.7981","0.949","0.3922","0.4079","0.5888","0.2242","0.2564","0.3464","0.3539","0.3066","0.3392","0.3786","0.3253","0.3303","0.3128","0.2859","0.2665","0.3824","0.4116","0.3935","0.4427","0.4625","0.5121","0.5501","",
"Cote d'Ivoire","CIV","Methane (CH4) emissions from Waste (Mt CO2e)","EN.GHG.CH4.WA.MT.CE.AR5","","","","","","","","","","","0.6159","0.6576","0.6859","0.7154","0.7469","0.7801","0.8159","0.8536","0.892","0.9326","0.9761","1.0144","1.0514","1.0892","1.1232","1.1589","1.1959","1.2326","1.2691","1.3072","1.3444","1.3692","1.3923","1.4138","1.4348","1.4759","1.5087","1.5383","1.5634","1.5847","1.5878","1.6139","1.631","1.6542","1.6738","1.7011","1.7554","1.8101","1.864","1.8956","1.9554","1.9902","2.0707","2.1512","2.2429","2.3394","2.4317","2.5297","2.6325","2.725","2.82","2.9355","3.0584","3.1588","3.2621","",
"Cote d'Ivoire","CIV","Methane (CH4) emissions from Industrial Processes (Mt CO2e)","EN.GHG.CH4.IP.MT.CE.AR5","","","","","","","","","","","","","","","","","","","","","","","","","","","","","","","","","","","","","","","","","","","","","","","","","","","","","","","","","","","","","","","","","","",
"Cote d'Ivoire","CIV","Methane (CH4) emissions from Agriculture (Mt CO2e)","EN.GHG.CH4.AG.MT.CE.AR5","","","","","","","","","","","0.8839","0.9146","0.9326","0.9597","0.9975","1.072","1.1186","1.1819","1.2344","1.2854","1.2581","1.2682","1.3556","1.3681","1.458","1.5028","1.5759","1.6179","1.7162","1.8003","1.882","1.964","2.0262","1.9701","2.0911","2.1462","2.0896","2.1402","2.0854","2.1267","2.1522","2.1934","2.2344","2.2733","2.316","2.3692","2.4224","2.4455","2.5078","2.5643","2.642","2.5957","2.8464","2.9643","3.0076","3.0539","3.1476","3.2967","3.3704","3.4195","3.3829","3.5358","3.5096","3.7948","3.8818","",
"Cote d'Ivoire","CIV","Fish species, threatened","EN.FSH.THRD.NO","","","","","","","","","","","","","","","","","","","","","","","","","","","","","","","","","","","","","","","","","","","","","","","","","","","","","","","","","","","59","","","","89","","","",
"Cote d'Ivoire","CIV","Government Effectiveness - Governance score (0-100)","GOV_WGI_GE_SC","","","","","","","","","","","","","","","","","","","","","","","","","","","","","","","","","","","","","56.5466965","","45.3679406","","29.0392472","","25.7958117","25.6982863","19.9016798","21.5027723","24.5400527","24.0884828","24.8852482","29.0066377","27.0081055","27.8419914","30.6005962","33.3779839","37.3050032","39.6748365","39.4727587","39.7545161","41.464396","41.8297433","41.8599477","41.6068526","44.4409236","45.1473715","45.2016572","",
"Cote d'Ivoire","CIV","Control of Corruption - Governance score (0-100)","GOV_WGI_CC_SC","","","","","","","","","","","","","","","","","","","","","","","","","","","","","","","","","","","","","49.2481211","","37.9966415","","32.7489285","","32.4204206","30.0074981","24.2136462","22.142915","24.7179033","26.486975","29.2888507","29.3271902","27.4978534","29.4878756","30.9520936","32.5535127","39.2502483","39.1358108","38.3125896","38.44403","38.0747455","37.1247819","38.0109482","38.8093512","40.3592658","40.5339482","42.0850347","",
"Cote d'Ivoire","CIV","Primary government expenditures as a proportion of original approved budget (%)","GF.XPD.BUDG.ZS","","","","","","","","","","","","","","","","","","","","","","","","","","","","","","","","","","","","","","","","","","","","","","","","97.7562","92.1559","107.5487","119.347","101.2459","107.2785","102.4122","103.8371","94.1376","97.3549","","","","","","","","","",
"Cote d'Ivoire","CIV","Subsidies and other transfers (% of expense)","GC.XPN.TRFT.ZS","","","","","","","","","","","","","","","","","","","","","","","","","","","","","","","","","","","","","","","","","","6.40156604372231","6.85424391547508","8.01289612329952","6.75923709201181","7.06737615228959","3.86615945966928","6.31643499591169","3.70768404083826","8.3936561354763","10.6022725416642","14.803456659365","15.0832277687549","11.8209863298478","9.98200761120228","38.2369470498058","35.2630890180993","34.6572403259254","38.5510944748769","37.4381049215681","37.996673282028","36.2442183864122","42.7233259357904","43.5624093168653","","",
"Cote d'Ivoire","CIV","Other expense (% of expense)","GC.XPN.OTHR.ZS","","","","","","","","","","","","","","","","","","","","","","","","","","","","","","","","","","","","","","","","","","0.367714743451642","0.634868727572572","","","5.73334332608859","6.5057060787206","6.87517034614336","8.00047764045615","15.6341469256749","15.0126040583435","10.6792961509761","10.7565836502445","10.4273174174045","9.17977663214692","3.25539074559173","5.11790092002798","10.4099563653238","8.3385574705307","7.50485701460294","8.20953069299654","8.82103583951361","5.17465199349647","2.74736552267436","","",
"Cote d'Ivoire","CIV","Interest payments (current LCU)","GC.XPN.INTP.CN","","","","","","","","","","","","","","","","","","","","","","","","","","","","","","","","","","","","343200000000","","","","","","259700000000","265617000000","218000000000","186100000000","177100000000","131900000000","166200000000","181900000000","168430000000","194330000000","219250000000","232921000000","214779000000","138501000000","297665000000","360135000000","379459243000","434160000000","520934847529.66","663819801013.155","784525510081.319","970313180934.558","1239255314624","","",
"Cote d'Ivoire","CIV","Compensation of employees (current LCU)","GC.XPN.COMP.CN","","","","","","","","","","","","","","","","","","","","","","","","","","","","","","","","","","","","572100000000","","","","","","484078000000","523528000000","539400000000","545800000000","563400000000","589400000000","640400000000","711700000000","745000000000","800475000000","719800000000","934674000000","1038900000000","1183300000000","1217083000000","1279169000000","1382379040506","1483784687729","1560900000000","1670550000000","1694300000000","1829212000000","2044878000000","","",
"Cote d'Ivoire","CIV","Tax revenue (% of GDP)","GC.TAX.TOTL.GD.ZS","","","","","","","","","","","","","","","","","","","","","","","","","","","","","","","18.0109074301712","","","","","18.8190745863034","","","","","","9.53622594518063","10.0548462063633","9.6568945061175","10.0128885806634","9.87243911760948","10.3299160766247","10.6657567522302","10.7442668136723","10.5012658369382","10.213762113664","7.57148126100708","10.619351578358","10.6359292433206","10.1172575454966","11.1757327985719","11.4603709076892","11.7563706937153","11.6659927465613","11.6654955006353","11.7866882349007","12.3894127185479","11.8184021009685","13.0371915910548","","",
"Cote d'Ivoire","CIV","Taxes on international trade (% of revenue)","GC.TAX.INTT.RV.ZS","","","","","","","","","","","","","","","","","","","","","","","","","","","","","","","","","","","","58.3326012474743","","","","","","43.7249784404964","47.0557251385776","49.8452491488703","49.568073106304","43.9621860336738","47.1631158187929","42.8297055057618","37.9768248329527","34.6229252895672","42.3748189924548","40.9560774166569","39.1846632070888","39.8346267139162","41.1605306957635","25.8528778033818","26.8620312386269","27.8027812262649","24.6015550325938","25.1329789868108","22.8003629983399","23.9182226886952","23.0307792498654","25.5087371624034","","",
"Cote d'Ivoire","CIV","Taxes on goods and services (% value added of industry and services)","GC.TAX.GSRV.VA.ZS","","","","","","","","","","","","","","","","","","","","","","","","","","","","","","","9.37626972676506","","","","","3.9608170573262","","","","","","4.86225903022696","4.73566399153844","4.01054389509516","3.82944699582951","4.0483351723345","3.81839756711146","3.56056758182107","4.15425562036355","5.47123155404395","4.78181083796993","3.7533449468026","5.16711353181074","4.5623713535862","4.3923465982668","5.99791456215376","6.17395347832595","6.19047484066464","6.33131636031395","6.20135811657758","6.79049188087013","7.00743637285346","6.24032664412292","6.54403448207729","","",
"Cote d'Ivoire","CIV","Taxes on exports (current LCU)","GC.TAX.EXPT.CN","","","","","","","","","","","","","","","","","","","","","","","","","","","","","","","9499000000","","","","","177400000000","","","","","","196500000000","256400000000","284900000000","316000000000","262700000000","264300000000","256100000000","230800000000","231200000000","235000000000","227600000000","240800000000","313423000000","345737453626","484599643943","534367614590","601891111558.259","492821211414.305","592295977613.461","537180210146.152","599901884561.72","559689828394","995198232719.968","","",
"Cote d'Ivoire","CIV","Social contributions (current LCU)","GC.REV.SOCL.CN","","","","","","","","","","","","","","","","","","","","","","","","","","","","","","","","","","","","52200000000","","","","","","","","","","","","","","","","","","","","","","","","","","","","","","",
"Cote d'Ivoire","CIV","Net lending (+) / net borrowing (-) (current LCU)","GC.NLD.TOTL.CN","","","","","","","","","","","","","","","","","","","","","","","","","","","","","","","","","","","","","","","","","","","","-195000000000","-112900000000","-119400000000","-33560000000","1300000000","34710000000","187001000000","-79924000000","-413129000000","-384710000000","-349325000000","-325023841687.3","-657335310741.44","-931011898242.13","-1062047767160.06","-1075989551378.27","-921593554298.774","-2123888002730.89","-2199463550365.81","-3175787175286.59","-2651781891627.36","","",
"Cote d'Ivoire","CIV","Net incurrence of liabilities, total (current LCU)","GC.LBL.TOTL.CN","","","","","","","","","","","","","","","","","","","","","","","","","","","","","","","","","","","","145400000000","","","","","","","","263300000000","126900000000","143100000000","","85000000000","-700000000.000017","-40549200000","295964000000","699175000000","244597000000","550296000000","686245000000","868000000000","814133000000","1323419554000","1158277214661.52","1092925530385.62","2710768686617.87","2046711361626.42","3287351483285.04","2425500865224.92","","",
"Cote d'Ivoire","CIV","Net acquisition of financial assets (current LCU)","GC.AST.TOTL.CN","","","","","","","","","","","","","","","","","","","","","","","","","","","","","","","","","","","","-35000000000","","","","","","","","62600000000","-11200000000","25100000000","","29400000000","26700000000","29783777000","136324000000","181877000000","-48286070943","195353000000","159884934742","224983000000","-110832972000","263984036000","74327670644","161404668103","592119610835.727","-139717169830","104959124913","-217759980593.818","","",
"Cote d'Ivoire","CIV","Account ownership at a financial institution or with a mobile-money-service provider, secondary education or more (% of population ages 15+)","FX.OWN.TOTL.SO.ZS","","","","","","","","","","","","","","","","","","","","","","","","","","","","","","","","","","","","","","","","","","","","","","","","","","","","","","","47.7121022799862","","","60.31510333515","","","","69.2525881807532","","","75.037189495848","",
"Cote d'Ivoire","CIV","Account ownership at a financial institution or with a mobile-money-service provider, female (% of population ages 15+)","FX.OWN.TOTL.FE.ZS","","","","","","","","","","","","","","","","","","","","","","","","","","","","","","","","","","","","","","","","","","","","","","","","","","","","","","","29.1605831255157","","","35.5649786616342","","","","37.4442612620447","","","53.8175498364075","",
"Cote d'Ivoire","CIV","Domestic credit provided by financial sector (% of GDP)","FS.AST.DOMS.GD.ZS","","","","","","","","","","","","","","","","","","","","","","","","","","","","","","","","","","","","","","","","","","","","","","","","","","","","","","","","","","","","","","","","","","",
"Cote d'Ivoire","CIV","Real interest rate (%)","FR.INR.RINR","","","","","","","","","","","","","","","","","","","","","","","","","","","","","","","","","","","","","","","","","","","","","","5.76399145289527","3.33183089135264","1.61328996274159","-0.368943717783127","3.72473413500344","3.54338989640227","-0.428915663486719","5.46535041885889","2.34335749341271","0.891700761437536","0.361232955383729","6.55213666931005","","","","","","","","","",
"Cote d'Ivoire","CIV","Wholesale price index (2010 = 100)","FP.WPI.TOTL","","","","","","","","","","","","","","","","","","","","","","","","","","","","","","","","","","","","","","","","","","","","","","","","","","","","","","","","","","","","","","","","","","",
"Cote d'Ivoire","CIV","Broad money to total reserves ratio","FM.LBL.BMNY.IR.ZS","","","","","","","","","","","","","","","","","","","","","","","","","","","","","","","","","","","","","","","","","","","","","","","","","","","","","","","","","","","","","","","","","","",
"Cote d'Ivoire","CIV","Monetary Sector credit to private sector (% GDP)","FM.AST.PRVT.GD.ZS","","","18.7092473906762","19.5957497224281","20.9716569487532","19.8447208138465","19.145469386494","20.5593088385444","20.6525846510132","22.3368181019737","23.0375335771959","25.5272802561291","28.5153403861464","31.3664817167896","32.9824090040116","35.0533266466784","34.9174127000241","39.0560033265717","38.7401827568587","40.4092766963627","40.7618966548432","41.7631157551195","41.1119610634531","42.2637967195917","36.4147866000749","34.0508676452859","33.863676846309","37.9390668175877","37.6578524090097","35.5477941080379","36.4950145398956","36.0103415445764","32.0594486300766","28.6558246270457","18.5220671351368","18.5046323094816","11.2356453697633","11.1012819475022","10.2523357926723","9.47189015365766","9.76197487157275","9.44431281617057","9.64154520466675","9.0256564857585","9.4830301198372","8.85463546639548","10.149368807964","12.1552083745954","12.0323122094594","12.6992828688009","13.0878719593805","13.168148828706","13.6834555407143","14.3175686042922","14.6906998099912","16.7417116291801","17.6694307998743","19.2505134817876","19.2748278273806","19.0476721988887","20.5738024943085","20.9963038205128","20.8539472820397","21.9036293631015","22.5184329531641","22.6767007239408",
"Cote d'Ivoire","CIV","Claims on central government (annual growth as % of broad money)","FM.AST.CGOV.ZG.M3","","","","-18.4392699811202","0.110132158590308","0.0404122044857547","-2.21039705280393","6.96941612604263","-11.6606560192341","2.10918114143921","-8.08311575282855","0","5.12755102040816","-12.2201416592038","-8.70799810695693","5.73899018861162","1.52927706902192","-15.5654038598999","-6.00774085301912","-1.11070992589536","10.4687720785644","19.96493760957","2.42007347768311","20.2577460096314","3.59563552279789","-1.66964469463108","2.54354568045265","-6.28943241164036","8.54159885836984","-3.66407384545763","-3.00924416019708","1.48199326550578","17.8867709540797","1.00999376219358","15.8063887358172","0.293689527647347","2.0895718629304","0.00576715045903355","4.3579709030707","3.81225783774197","-7.61577115174546","-4.47979345225072","-0.818637259530279","-2.27359175434985","-7.55863732566353","3.26049943573441","-0.826800738508267","1.83543015341275","3.87401585676421","8.98506968715657","4.49487732334439","-0.499303329729209","6.55495387579092","4.75303145422583","3.52895331147517","-1.38776906752841","4.35182386264747","2.61905866139746","3.93192462702427","4.86956650287079","10.3714211093801","5.41183664557525","8.24439853297819","2.19466866879314","4.90295456994339","2.93002082153783",
"Cote d'Ivoire","CIV","Total reserves (includes gold, current US$)","FI.RES.TOTL.CD","","","","","","","","","","","","","","","","","","","","","","","","","","","","","","","","","","","","","","","","","","","","","","","","","","","","","","","","","","","","","","","","","","",
"Cote d'Ivoire","CIV","Borrowers from commercial banks (per 1,000 adults)","FB.CBK.BRWR.P3","","","","","","","","","","","","","","","","","","","","","","","","","","","","","","","","","","","","","","","","","","","","","","","","","","","","","","","","","","","","","","","","","","",
"Cote d'Ivoire","CIV","Bank nonperforming loans to total gross loans (%)","FB.AST.NPER.ZS","","","","","","","","","","","","","","","","","","","","","","","","","","","","","","","","","","","","","","","","","","","","","","","","","","","","","","","","","","","","","","","","","","",
"Cote d'Ivoire","CIV","Renewable internal freshwater resources per capita (cubic meters)","ER.H2O.INTR.PC","","20167.1797259479","19419.0509381115","18686.4932207961","17978.6764100299","17297.0461534444","16640.9710496048","16009.1871566484","15398.7327909041","14799.0619043373","14199.2143865169","13597.9109758005","13002.3168626039","12423.717983542","11868.9100204092","11339.5265880465","10887.0015945122","10494.4721010113","10106.3640895263","9723.79191945805","9347.11997035781","8980.20661487348","8626.01617254547","8286.6517181969","7962.26854605495","7653.01828607249","7359.50683258951","7081.06501650697","6814.96336779809","6556.44210112979","6303.64228126222","6058.08794949806","5821.075414138","5594.07936152364","5378.24028653338","5172.47240343938","4975.93883610174","4788.38324763806","4611.15217114216","4463.30681429734","4341.48723849093","4226.8753912844","4119.05351183351","4017.66391770753","3921.40852258229","3828.89407845884","3739.75473166092","3653.7309185995","3571.55489854976","3493.05434963456","3416.92359925143","3343.48620659647","3274.3744236074","3209.72106045274","3132.82352243277","3043.60924842102","2956.58942557554","2874.31005710765","2797.826826972","2725.49836734348","2657.40296821952","2592.46573586216","2528.04720986694","","","",
"Cote d'Ivoire","CIV","Level of water stress: freshwater withdrawal as a proportion of available freshwater resources","ER.H2O.FWST.ZS","","","","","","","","","","","","","","","","","","","","","","","","","","","","3.104203152","3.674839463","4.245475774","4.816112084","4.960595447","5.105078809","5.249562172","5.394045534","5.523058961","5.652072388","5.781085814","5.910099241","6.039112668","6.168126095","6.291068301","6.414010508","6.536952715","6.659894921","6.782837128","6.594473633","6.401537264","6.210887332","6.023667056","5.83644678","5.649226503","5.464292664","5.275929169","5.087565674","5.087565674","5.087565674","5.087565674","5.087565674","5.087565674","5.087565674","5.087565674","5.087565674","","","",
"Cote d'Ivoire","CIV","Water productivity, total (constant 2015 US$ GDP per cubic meter of total freshwater withdrawal)","ER.GDP.FWTL.M3.KD","","","","","","","","","","","","","","","","","","","","","","","","","","","","31.1558383779039","26.6169971295131","23.7185970319391","20.679166815748","20.0850774759988","19.468901892926","18.8966172361419","18.5396424684047","19.3968022138445","20.4190743379812","21.8896285054423","22.3247715810389","22.1027817988507","21.5829586727902","20.7053627203067","19.7539586980014","18.4664524569712","18.7028662514818","18.5467839092221","19.6136665831468","20.427345953069","22.0613464484164","23.5666789723895","25.9882726152645","25.4076058233848","28.2691941545493","32.4288991971846","36.7813180589382","39.4277152919665","42.2557705412306","45.3872453072853","47.5854158896246","50.7838085550651","51.1391573843903","54.750879364917","58.2548719292001","","","",
"Cote d'Ivoire","CIV","Population in urban agglomerations of more than 1 million (% of total population)","EN.URB.MCTY.TL.ZS","5.22227660326225","5.47503235436076","5.7331184534308","5.9994246194305","6.47070907675145","6.97655782028405","7.52302264484456","8.11197430529628","8.74689705714665","9.4206121041458","10.1310027206537","10.8743824842484","11.65641462297","12.481632816724","13.3651742639893","14.25594244172","14.9920982811176","15.825565593865","16.6913757886555","16.7675554369398","16.8296330464726","16.8808367252585","16.9299150779709","16.980895838384","17.0365190835392","17.0957413104529","17.1648812072733","17.2435820936785","17.2991157842232","17.2768648807216","17.244358346805","17.2048120959928","17.1632181365438","17.1222363853802","17.0895544900642","17.0626899751036","17.0414119336535","17.0237742854348","17.0190461468075","16.997229601529","16.9924703107587","17.0020506726667","17.0278423680462","17.069314950656","17.1230517989283","17.1821023817575","17.2475064489355","17.3180901809643","17.3987246425528","17.4875647446988","17.5808367683035","17.6800757114263","17.7954707441634","17.9271943867476","17.9829615008035","17.9553734952969","17.9257278110061","17.9101686087337","17.9170732721499","17.9425686701267","17.9930181959132","18.0663754899841","18.1470295675585","18.2455660965754","18.3712085746235","18.5160212691867",
"Cote d'Ivoire","CIV","Population living in slums (% of urban population)","EN.POP.SLUM.UR.ZS","","","","","","","","","","","","","","","","","","","","","","","","","","","","","","","","","","","","","","","","","67.07658","","65.53594","","63.9953","","62.45466","","60.91402","","59.37338","","57.83274","","56.2921","","54.75146","","53.21082","","53.21082","","48.26127","","","",
"Cote d'Ivoire","CIV","Population density (people per sq. km of land area)","EN.POP.DNST","","11.981606918239","12.4432044025157","12.9310094339623","13.4401006289308","13.9697389937107","14.5205","15.093534591195","15.6918899371069","16.3277389937107","17.0175062893082","17.7700251572327","18.5840125786164","19.4495094339623","20.3586698113208","21.3091100628931","22.1948364779874","23.025","23.909213836478","24.8498962264151","25.8513018867925","26.907534591195","28.0123773584906","29.159572327044","30.347534591195","31.5738459119497","32.833072327044","34.1241352201258","35.4565691823899","36.8546257861635","38.3326352201258","39.8863836477987","41.5104088050314","43.1948144654088","44.9283050314465","46.7156132075472","48.5607295597484","50.4627987421384","52.4023522012579","54.1381603773585","55.6572452830189","57.166393081761","58.6628018867925","60.143213836478","61.6194968553459","63.108358490566","64.6125849056604","66.1338301886792","67.6554685534591","69.1759119496855","70.7171855345912","72.2704402515723","73.7958427672956","75.2823113207547","77.1301729559748","79.3910125786164","81.7276886792453","84.0672075471698","86.3653238993711","88.6572610062893","90.9290849056604","93.2067169811321","95.5817672955975","98.0052012578616","","",
"Cote d'Ivoire","CIV","Nitrous oxide (N2O) emissions (total) excluding LULUCF (% change from 1990)","EN.GHG.N2O.ZG.AR5","","","","","","","","","","","","","","","","","","","","","","","","","","","","","","","","2.46992215145081","2.94409058740268","6.7445152158528","17.862703467799","21.6631280962491","22.8025477707006","27.1903750884642","28.3864118895966","26.0651096956829","26.072186836518","26.963906581741","35.0743099787686","27.2823779193206","28.3651804670913","38.485491861288","37.4876150035386","40.4741684359519","40.4883227176221","40.0778485491861","39.2498230714791","45.0176928520878","53.2979476291578","60.3184713375796","63.312101910828","60.7218683651805","72.9582448690729","68.6765746638358","69.2569002123142","86.8648266100495","85.2583156404813","106.433121019108","101.578202406228","110.34677990092","116.822363765039","",
"Cote d'Ivoire","CIV","Nitrous oxide (N2O) emissions (total) excluding LULUCF (Mt CO2e)","EN.GHG.N2O.MT.CE.AR5","","","","","","","","","","","0.6292","0.6412","0.6629","0.6733","0.6908","0.7355","0.7822","0.8482","0.8775","0.9092","0.943","0.9264","1.1801","1.1571","1.1026","1.1373","1.1894","1.1999","1.2381","1.3405","1.413","1.4479","1.4546","1.5083","1.6654","1.7191","1.7352","1.7972","1.8141","1.7813","1.7814","1.794","1.9086","1.7985","1.8138","1.9568","1.9427","1.9849","1.9851","1.9793","1.9676","2.0491","2.1661","2.2653","2.3076","2.271","2.4439","2.3834","2.3916","2.6404","2.6177","2.9169","2.8483","2.9722","3.0637","",
"Cote d'Ivoire","CIV","Nitrous oxide (N2O) emissions from Building (Energy) (Mt CO2e)","EN.GHG.N2O.BU.MT.CE.AR5","","","","","","","","","","","0.0475","0.0475","0.0502","0.0496","0.0523","0.0545","0.0591","0.0628","0.0658","0.0686","0.0712","0.0724","0.0727","0.0724","0.0728","0.0751","0.0784","0.0828","0.0859","0.0879","0.0901","0.0934","0.0953","0.0975","0.0996","0.1046","0.1072","0.1125","0.111","0.1208","0.1225","0.1224","0.1231","0.1223","0.1606","0.1636","0.1664","0.1773","0.1714","0.1633","0.181","0.2082","0.2218","0.2292","0.2347","0.189","0.1837","0.1972","0.1652","0.1766","0.1826","0.2202","0.2323","0.2313","0.2328","",
"Cote d'Ivoire","CIV","Carbon dioxide (CO2) emissions from Waste (Mt CO2e)","EN.GHG.CO2.WA.MT.CE.AR5","","","","","","","","","","","","","","","","","","","","","","","","","","","","","","","","","","","","","","","","","","","","","","","","","","","","","","","","","","","","","","","","","","",
"Cote d'Ivoire","CIV","Carbon dioxide (CO2) emissions from Power Industry (Energy) (Mt CO2e)","EN.GHG.CO2.PI.MT.CE.AR5","","","","","","","","","","","0.4748","0.4748","0.49","0.6607","0.5956","0.5945","0.7811","1.0298","1.2579","0.8586","0.3971","0.1507","0.2287","0.9952","1.2702","0.6935","0.7371","0.7876","0.6984","0.487","0.4117","0.4496","0.4597","0.6333","0.7635","0.8186","1.1159","1.7048","2.0937","2.0049","1.8311","1.9347","2.1781","1.9647","1.9743","2.6125","2.1911","2.3154","2.6171","2.3076","2.7633","2.678","3.4609","3.4377","3.764","3.7923","3.4416","3.784","3.285","3.501","3.5898","3.9943","4.2937","4.2345","4.5841","",
"Cote d'Ivoire","CIV","Carbon dioxide (CO2) net fluxes from LULUCF - Other Land (Mt CO2e)","EN.GHG.CO2.LU.OL.MT.CE.AR5","","","","","","","","","","","","","","","","","","","","","","","","","","","","","","","","","","","","","","","","","-43.201","-64.1098","-62.2688","-63.9335","-65.5692","-66.5274","-70.8632","-72.3572","-71.5968","-75.562","-76.817","-79.5396","-80.9823","-82.3221","-84.1538","-69.4686","-65.6443","-61.896","-58.3342","-59.0951","-59.0951","-54.8378","-55.5633","-55.5633","","",
"Cote d'Ivoire","CIV","Net official flows from UN agencies, UNDP (current US$)","DT.NFL.UNDP.CD","","","","","","","","","949999.988079071","1649999.97615814","2869999.88555908","2799999.95231628","3349999.90463257","3099999.90463257","2670000.07629395","3680000.0667572","3680000.0667572","3849999.90463257","3920000.07629395","4150000.09536743","3809999.94277954","3420000.07629395","2380000.11444092","2059999.94277954","1870000.00476837","2200000.04768372","3059999.94277954","3519999.98092651","3880000.11444092","3980000.01907349","5280000.20980835","4050000.19073486","2839999.91416931","1519999.98092651","1440000.05722046","1210000.03814697","230000.004172325","2039999.96185303","2220000.02861023","1950000.04768372","1340000.0333786","1740000.00953674","2500000","4380000.11444092","4929999.82833862","3500000","4269999.98092651","4349999.90463257","7840000.15258789","7610000.1335144","7150000.09536743","3740000.00953674","2378631.11495972","2346502.06565857","3078983.06846619","2226413.96522522","3267658.94889832","2702301.02539063","763087.98789978","1556540.96603394","3643157.00531006","2512484.07363892","1278156.99577332","","","",
"Cote d'Ivoire","CIV","Net official flows from UN agencies, UNICEF (current US$)","DT.NFL.UNCF.CD","","","","","","","","","","","140000.000596046","289999.99165535","280000.001192093","239999.994635582","310000.002384186","400000.005960464","230000.004172325","200000.002980232","219999.998807907","239999.994635582","730000.019073486","189999.997615814","379999.995231628","509999.990463257","330000.013113022","740000.009536743","730000.019073486","1100000.02384186","159999.996423721","769999.980926514","1620000.00476837","2619999.88555908","1919999.95708466","1309999.94277954","2380000.11444092","1870000.00476837","2440000.05722046","3819999.9332428","3250000","2690000.05722046","2390000.10490417","2730000.01907349","3119999.88555908","4659999.84741211","3519999.98092651","4409999.84741211","6409999.84741211","9739999.77111816","7679999.82833862","8430000.30517578","9569999.69482422","13529999.7329712","7229437.82806396","8279596.32873535","8446299.55291748","9926996.2310791","11946985.244751","10509869.5755005","13520684.2422485","10762999.5346069","12746999.7406006","12336999.8931885","12336999.8931885","11579999.9237061","","",
"Cote d'Ivoire","CIV","Net official flows from UN agencies, SDGFUND (current US$)","DT.NFL.SDGF.CD","","","","","","","","","","","","","","","","","","","","","","","","","","","","","","","","","","","","","","","","","","","","","","","","","","","","","","","","","","","","","","","250000","","","",
"Cote d'Ivoire","CIV","PPG, other private creditors (NFL, current US$)","DT.NFL.PROP.CD","","","","","","","","","","","6700000","18091000","10120000","33662000","37327000","100657000","111484000","152643000","211949000","271626000","388848000","97128000","33139000","7352000","33973000","-20794000","-71783000","-47527000","-1419000","-11250000","-37492000","-38886000","-12246000","-8231000","-28705000","-30148000","2489000","-2596000","782000","-603000","0","0","-828000","0","","","","","","","25979000","25178000","2418000","4894000","","-7500000","-8500000","-8500000","-8500000","-8500000","-8500000","-8500000","1654000","-849000","-850000","",
"Cote d'Ivoire","CIV","PPG, commercial banks (NFL, current US$)","DT.NFL.PCBK.CD","","","","","","","","","","","6560000","14973000","12012000","98267000","29376000","109592000","75561000","303411000","359144000","252490000","346745000","398866000","560602000","-41618000","-8486000","66794000","-41937000","-55121000","-6619000","-8750000","-23388000","-10808000","-10590000","-44379000","-4962000","-4092000","-3274000","","-3760000","-5219000","-4475000","0","-20000","0","652000","-33000","-282000","0","0","0","86000","-94000","0","50015000","-49880000","-945000","0","5661000","797600000","1401275000","1060924000","894337000","2104890000","403360000","375403000","",
"Cote d'Ivoire","CIV","Net financial flows, others (NFL, current US$)","DT.NFL.MOTH.CD","","","","","","","","","","","8321104.2","3373457.3","5115485.4","5132886","17589269.5","16956630.9","8979688","12254414.6","22768472.5","9066571.7","33844409.5","8440410.4","63538077.2","3565587.2","3493812.9","-3159758.9","894402.9","1603562.8","-15248915.3","-16054052.7","-13096369.1","3137678.1","480444.7","-3060106.3","-6282993","26230632.7","-8876101","-13848387.4","12890053.7","19070711.4","8075756.3","397316.5","-1931470.5","-4236861.3","111489.4","1813150.2","16824319.5","19669864","-14733180.8","34126964.7","81577434.7","54111199.4","51600536.7","88356179.1","55558838.6","21866975.1","16910164.1","97423159.1","267955154.7","129094583.3","374886539.3","138708667","304746120.4","303982289","-132230137.4","",
"Cote d'Ivoire","CIV","Net financial flows, IMF nonconcessional (NFL, current US$)","DT.NFL.IMFN.CD","","","","","","","","","","","0","0","0","0","26362636","0","14062358.1","-11629047","13028639.2","-2920038.7","37834472.8","231246.7","","","-4419928.2","-7080777.1","-11883206.3","-147830779","-64442506","-123856230.8","29701145","-59416858.2","-91919010","-49330357.7","93969079.5","94595205.4","90700269.7","-22145416.7","168055886.9","-8142822.4","-39273373.9","-66715139.4","-10560939.3","-104956160.4","-126732816.9","-91143014","-57480534","15344138.4","19768928.7","157505971.5","44416844","237921775.1","172977717.9","148262684.3","165913401.9","81899159.3","32677495.7","150280846.8","118918208.8","111087336.3","1018510405","-190099753.8","-165675728.7","668479980.3","913421771.8","",
"Cote d'Ivoire","CIV","Net official flows from UN agencies, IAEA (current US$)","DT.NFL.IAEA.CD","","","","","","","","","","","","","","","","","","","","","","","","","","","","","","","","","","","","","","","","","","","","","","","19999.9995529652","170000.001788139","409999.996423721","159999.996423721","319999.992847443","70000.0002980232","59999.9986588955","330000.013113022","379999.995231628","256893.992424011","141121.000051498","226512.998342514","487179.011106491","271450.996398926","663452.02922821","294351.011514664","715165.019035339","516915.023326874","","",
"Cote d'Ivoire","CIV","Portfolio investment, bonds (PPG + PNG) (NFL, current US$)","DT.NFL.BOND.CD","","","","","","","","","","","3482000","-1518000","-3289000","6031000","-2297000","-523000","-1378000","-1793000","-1622000","-2989000","-469000","-2828000","-1222000","-1130000","-612000","-332000","0","-2697000","-694000","-596000","-826000","","","","","","","","-22816000","-45632000","-45632000","0","0","0","","","","","","","","","","","750000000","1000000000","136377000","1135786000","1927785000","403923000","477999000","959482000","-55541000","-55541000","2219567000","",
"Cote d'Ivoire","CIV","Present value of external debt (current US$)","DT.DOD.PVLX.CD","","","","","","","","","","","","","","","","","","","","","","","","","","","","","","","","","","","","","","","","","","","","","","","","","","","","","","","","","","","","","","","","","28516688545","",
"Cote d'Ivoire","CIV","Short-term debt (% of total external debt)","DT.DOD.DSTC.ZS","","","","","","","","","","","28.6442","28.7739","28.8014","28.7304","28.6055","28.6779","28.6687","18.5786","19.0043","17.9601","14.1954","14.3176","12.3518","10.0169","7.4969","7.6523","7.2135","10.3477","14.14","19.5434","20.8496","21.6498","23.8292","26.8734","18.4806","20.6877","29.7352","17.0489","10.6089","9.498","7.5918","9.8607","6.8859","3.0771","5.3754","7.3518","13.3527","13.2328","10.3636","3.2389","3.5116","3.6865","7.722","0","0","0","2.3501","0.2071","0.8512","4.4874","4.2051","7.3491","5.3358","8.2067","10.5627","",
"Cote d'Ivoire","CIV","External debt stocks, public and publicly guaranteed (PPG) (DOD, current US$)","DT.DOD.DPPG.CD","","","","","","","","","","","255548111.5","353353853.5","400832810.3","583195403.9","703548278.3","966465061.7","1202634484.7","1923562130.7","2822956025.4","3696673722.2","4326945129.8","4412917215.6","5019040297.9","4843381061.3","4758716282.5","5791163759.1","7568780934.7","9283173252.5","8609667533.2","9067854213.3","10665474515.7","11264584405.2","11243940128.6","11110602379.9","11240980480.3","11902075654.8","11366658369.7","10427060959.8","10799676637.8","9699057824.5","9063446458.9","8590705807.6","9101419989.2","9696151525.6","11090584224.7","9974818021.3","10833186445.6","11657862269.7","10639561413.8","12725142153.4","9412369651.9","9896053180.8","5049891691","6368338511.8","6618420545","8508116979.7","8366252017.7","10441857921.7","13230636016.8","15744433659.8","20017209086.3","23188578846.5","26109393593.6","28976663282","31249010244.2","",
"Cote d'Ivoire","CIV","External debt stocks (% of GNI)","DT.DOD.DECT.GN.ZS","","","","","","","","","","","26.3133582054048","33.9002764927943","32.4019468274356","35.8898941552585","35.8581224167869","39.0238393074887","40.5824628372904","42.3802874668754","50.5285359104642","54.9620207569625","77.0871084654556","102.91459674489","127.535202499901","144.036808339084","134.589300974127","153.422460541012","135.210147721973","147.631839025354","143.427362900929","177.015826405622","187.325824904665","199.243579877126","189.110216791026","197.032522345352","230.722651270129","188.7452168418","173.956416144925","141.861059488963","123.550836840313","112.597871265117","123.827740747421","117.135736116065","107.837610728743","89.5263834060071","89.1088513563425","73.0604016499992","79.7593450880136","73.5408713516321","55.3661564735526","63.5530027715313","48.7687327973699","52.3637452575251","36.8043493917994","32.9959305681881","20.4531343881166","25.4109025665834","24.2006866364198","26.3779718245256","28.4634771423081","33.7779620972679","41.0439427377816","42.1962341583395","46.0823328796999","47.4826411328516","48.8304044647452","",
"Cote d'Ivoire","CIV","Net ODA provided, total (current US$)","DC.ODA.TOTL.CD","","","","","","","","","","","","","","","","","","","","","","","","","","","","","","","","","","","","","","","","","","","","","","","","","","","","","","","","","","","","","","","","","","",
"Cote d'Ivoire","CIV","Net bilateral aid flows from DAC donors, Total (current US$)","DC.DAC.TOTL.CD","19999.9995529652","3109999.89509583","8259999.77067112","8490000.11384487","38340000.72442","37640001.2429804","36570000.7639825","34639999.7565896","43889999.5815009","47499998.7799673","48969999.3990362","47030000.64753","43170000.4339218","56849999.3123114","70260001.3278425","93049998.9166855","101160000.249743","95629999.9207259","92090000.2550335","151809995.314106","163290002.744645","117329997.563735","131719996.538013","150700002.865866","123959998.527542","119780002.014711","180419996.84833","246970006.514341","432329998.258502","392729998.916387","666990002.620965","572439998.097717","650599984.519184","738059992.44377","954579978.466034","782479976.151139","553639984.695241","274719992.987811","532120005.197823","373859998.803586","253009994.188324","230309998.227283","836099980.745465","287760000.796989","219480000.3618","150140001.479536","276430000.68143","182209994.528443","345750005.129725","1792910065.65466","504260008.648038","820710023.978725","2271186525.8459","861353028.268554","365913399.796933","201628819.977865","319310703.969794","389829873.847018","609268910.445272","719036700.356752","776560766.401934","842130062.368233","1140016681.62132","1209697870.46313","","",
"Cote d'Ivoire","CIV","Net bilateral aid flows from DAC donors, Portugal (current US$)","DC.DAC.PRTL.CD","","","","","","","","","","","","","","","","","","","","","","","","","","","","","","","","","9999.99977648258","","","100000.001490116","9999.99977648258","","","","","29999.9993294477","79999.9982118607","","100000.001490116","230000.004172325","119999.997317791","200000.002980232","180000.007152557","29999.9993294477","","90000.0035762787","34703.9997577667","25458.000600338","26104.9997061491","19411.9997322559","19905.0009250641","20291.0006046295","30926.0003268719","592728.972434998","72137.9965543747","398891.985416412","94265.9974098206","99729.0015220642","","",
"Cote d'Ivoire","CIV","Surface area (sq. km)","AG.SRF.TOTL.K2","","322460","322460","322460","322460","322460","322460","322460","322460","322460","322460","322460","322460","322460","322460","322460","322460","322460","322460","322460","322460","322460","322460","322460","322460","322460","322460","322460","322460","322460","322460","322460","322460","322460","322460","322460","322460","322460","322460","322460","322460","322460","322460","322460","322460","322460","322460","322460","322460","322460","322460","322460","322460","322460","322460","322460","322460","322460","322460","322460","322460","322460","322460","322460","","",
"Cote d'Ivoire","CIV","Cereal production (metric tons)","AG.PRD.CREL.MT","","294000","451000","440600","478900","481500","524600","620600","625600","617800","591900","711400","585900","613400","693900","837525","780125","809385","846450","889850","859900","846680","934475","818885","1096250","1082424","1043119","1079837","1150577","1194341","1241131","1224938","1245791","1267664","1290241","1321407","1354230","1221428","1243200","1264364","1285904","1307824","1330096","1334280","1378128","1424903","1441779","1224570","1408447","1428840","1961771","1607414","2332512","2712481","2855919","3308600","3159200","3290400","3214062","3139196","2817182","2956948","3065235","3390058.49","","",
"Cote d'Ivoire","CIV","Average precipitation in depth (mm per year)","AG.LND.PRCP.MM","","1348","1348","1348","1348","1348","1348","1348","1348","1348","1348","1348","1348","1348","1348","1348","1348","1348","1348","1348","1348","1348","1348","1348","1348","1348","1348","1348","1348","1348","1348","1348","1348","1348","1348","1348","1348","1348","1348","1348","1348","1348","1348","1348","1348","1348","1348","1348","1348","1348","1348","1348","1348","1348","1348","1348","1348","1348","1348","1348","1348","1348","1348","","","",
"Cote d'Ivoire","CIV","Land area where elevation is below 5 meters (% of total land area)","AG.LND.EL5M.ZS","","","","","","","","","","","","","","","","","","","","","","","","","","","","","","","0.512809665148453","","","","","","","","","","0.512809665149962","","","","","","","","","","","","","","","0.51280966514918","","","","","","","","","","",
"Cote d'Ivoire","CIV","Rural land area where elevation is below 5 meters (sq. km)","AG.LND.EL5M.RU.K2","","","","","","","","","","","","","","","","","","","","","","","","","","","","","","","1556.32544252","","","","","","","","","","1545.95135037","","","","","","","","","","","","","","","1533.4364454","","","","","","","","","","",
"Cote d'Ivoire","CIV","Arable land (hectares per person)","AG.LND.ARBL.HA.PC","","0.440927406814061","0.424570608745801","0.408554250532762","0.393078817918404","0.378175917982648","0.363831746009058","0.354185556563017","0.340679929002303","0.327412873989763","0.314141911206126","0.300838738402667","0.289354006182361","0.28132833538994","0.274171203620852","0.267845402880069","0.260698632664009","0.256762201326149","0.251212329658969","0.24360098184483","0.237813893051139","0.230231741687933","0.223396306394658","0.219352545481683","0.238432846492353","0.237040389391626","0.227949326673127","0.221168090052274","0.214630548543355","0.206488676271917","0.199347354808266","0.193158712601123","0.196965071274841","0.211270410035679","0.209978147574182","0.201944523819861","0.194271427749938","0.180717223036835","0.174028387510571","0.162640019261225","0.158200992553027","0.15402461082244","0.150095651133965","0.146401079770707","0.142893595304925","0.139522428678875","0.136274248420752","0.137894581779523","0.13479319632736","0.131830525949248","0.128957293568833","0.126185710556087","0.127838668282434","0.146200204471429","0.142697583661045","0.152645805083366","0.145466716148369","0.149005142336702","0.148431940768797","0.153926698636531","0.149924723631302","0.148105192299958","0.148345162142118","0.154112270514201","","",
"Cote d'Ivoire","CIV","Fertilizer consumption (kilograms per hectare of arable land)","AG.CON.FERT.ZS","","4.20416666666667","3.69702380952381","5.42619047619048","6.62678571428571","7.01904761904762","7.44047619047619","8.15823529411765","6.88470588235294","8.14411764705882","12.0435294117647","13.9235294117647","17.9508771929825","17.1454022988506","17.392676056338","20.771349862259","20.2717391304348","25.4255319148936","21.4659685863874","26.1122077922078","27.1611253196931","24.9238578680203","19.6984924623116","18.5349065880039","18.0356366797045","17.436974789916","12.6050420168067","9.125","11.3636363636364","14.4628099173554","15.2263374485597","15.7959183673469","14.2307692307692","18.6078566505858","21.6666666666667","22","23.5","37.9310344827586","31.0344827586207","25.2142857142857","23.9642857142857","24.5357142857143","31.0189285714286","29.3453571428571","27.2189285714286","17.7803571428571","22.7725","23.99","18.211724137931","15.3075862068966","32.0858620689655","19.4027586206897","26.0213333333333","31.1382857142857","35.1205714285714","37.5154245936463","40.8438527137036","33.6078895621563","25.9353442687776","42.3455145116545","36.8435561964575","36.5820866323076","23.3757227151368","43.7850458640548","","",
"Cote d'Ivoire","CIV","Tuberculosis case detection rate (%, all forms)","SH.TBS.DTEC.ZS","","","","","","","","","","","","","","","","","","","","","","","","","","","","","","","","","","","","","","","","","51","51","45","46","49","46","47","50","51","48","48","49","52","56","55","55","54","55","57","60","58","62","67","68","69","",
"Cote d'Ivoire","CIV","Prevalence of severe wasting, weight for height, female (% of children under 5)","SH.SVR.WAST.FE.ZS","","","","","","","","","","","","","","","","","","","","","","","","","","","2.2","","","","","","","","1.5","","","","1.9","","","","","","","","","4.3","","","","0.8","1.3","","","","1","","","","","1.9","","","","",
"Cote d'Ivoire","CIV","Mortality rate attributed to unsafe water, unsafe sanitation and lack of hygiene (per 100,000 population)","SH.STA.WASH.P5","","","","","","","","","","","","","","","","","","","","","","","","","","","","","","","","","","","","","","","","","","","","","","","","","","","","","","","","","","","","47","","","","","","",
"Cote d'Ivoire","CIV","Suicide mortality rate, female (per 100,000 female population)","SH.STA.SUIC.FE.P5","","","","","","","","","","","","","","","","","","","","","","","","","","","","","","","","","","","","","","","","","1.66","1.67","1.54","1.61","1.63","1.66","1.65","1.74","1.69","2.3","3.19","3.36","3.04","2.76","2.72","2.58","2.54","2.5","2.5","2.58","2.4","2.59","","","","",
"Cote d'Ivoire","CIV","Prevalence of stunting, height for age, female (modeled estimate, % of children under 5)","SH.STA.STNT.ME.FE.ZS","","","","","","","","","","","","","","","","","","","","","","","","","","","","","","","","","","","","","","","","","30.1","30.1","30.1","30","29.9","29.9","29.7","29.5","29.1","28.5","27.7","27","26.4","25.7","25","24.3","23.5","22.4","21.5","20.5","19.7","19.1","18.7","18.5","18.3","",
"Cote d'Ivoire","CIV","People using safely managed sanitation services, urban (% of urban population)","SH.STA.SMSS.UR.ZS","","","","","","","","","","","","","","","","","","","","","","","","","","","","","","","","","","","","","","","","","23.8469213708694","24.2747895959735","24.7026578210777","25.1305260461817","25.5583942712859","25.8795567155314","26.202613694373","26.5275652078106","26.8544112558445","27.1831518384743","27.5137869557003","27.8463166075223","28.1807407939404","28.5170595149545","28.8552727705649","29.1953805607712","29.5373828855737","29.8812797449721","30.2270711389668","30.5747570675574","30.9243375307442","31.2758125285271","31.629182060906","31.984446127881","32.2002851861086","",
"Cote d'Ivoire","CIV","Mortality rate attributed to unintentional poisoning (per 100,000 population)","SH.STA.POIS.P5","","","","","","","","","","","","","","","","","","","","","","","","","","","","","","","","","","","","","","","","","0.77","0.76","0.73","0.72","0.74","0.84","0.84","0.74","0.8","0.82","0.9","0.94","1.18","1.19","1.05","1.07","1.07","1.04","1.05","1.03","0.97","0.97","","","","",
"Cote d'Ivoire","CIV","Prevalence of overweight, weight for height, female (modeled estimate, % of children under 5)","SH.STA.OWGH.ME.FE.ZS","","","","","","","","","","","","","","","","","","","","","","","","","","","","","","","","","","","","","","","","","3.5","3.5","3.4","3.3","3.2","3","2.9","2.7","2.6","2.5","2.4","2.3","2.2","2.1","2.1","2","2","2","2.1","2.2","2.3","2.4","2.6","2.9","3.3","",
"Cote d'Ivoire","CIV","Diarrhea treatment (% of children under 5 receiving oral rehydration and continued feeding)","SH.STA.ORCF.ZS","","","","","","","","","","","","","","","","","","","","","","","","","","","","","","","","","","","","","","","","31.1","34","","","","","","45","","","","","","36.3","","","","43","","","","","","","","","",
"Cote d'Ivoire","CIV","Maternal mortality ratio (national estimate, per 100,000 live births)","SH.STA.MMRT.NE","","","","","","","","","","","","","","","","","","","","","","","","","","","","","","","","","","","","","","","","","","","","","","","","","","","","","","","","","","","","","","385","","","","",
"Cote d'Ivoire","CIV","Prevalence of underweight, weight for age, female (% of children under 5)","SH.STA.MALN.FE.ZS","","","","","","","","","","","","","","","","","","","","","","","","","","","10.7","","","","","","","","18.1","","","","19.4","","","","","","","","","27.4","","","","13.7","12.9","","","","11.6","","","","","13.4","","","","",
"Cote d'Ivoire","CIV","Female genital mutilation prevalence (%)","SH.STA.FGMS.ZS","","","","","","","","","","","","","","","","","","","","","","","","","","","","","","","","","","","","","","","","44.5","","","","","","41.7","","","","","","","38.2","","","","36.7","","","","","","","","","",
"Cote d'Ivoire","CIV","Exclusive breastfeeding (% of children under 6 months)","SH.STA.BFED.ZS","","","","","","","","","","","","","","","","","","","","","","","","","","","","","","","","","","","3","","","","","3.5","8.5386","","","","5.4","","4.187536","","","","","","11.80358","","","","23.12827","","","","","","","","","",
"Cote d'Ivoire","CIV","ARI treatment (% of children under 5 taken to a health provider)","SH.STA.ARIC.ZS","","","","","","","","","","","","","","","","","","","","","","","","","","","","","","","","","","","","","","","","","38","","","","","","35","","","","","","38.2","","","","44","","","","","","","","","",
"Cote d'Ivoire","CIV","Mortality rate attributed to household and ambient air pollution, age-standardized, female (per 100,000 female population)","SH.STA.AIRP.FE.P5","","","","","","","","","","","","","","","","","","","","","","","","","","","","","","","","","","","","","","","","","","","","","","","","","","","","","","","","","","","","148.2","","","","","","",
"Cote d'Ivoire","CIV","Prevalence of current tobacco use, males (% of male adults)","SH.PRV.SMOK.MA","","","","","","","","","","","","","","","","","","","","","","","","","","","","","","","","","","","","","","","","","39.8","","","","","31.5","","28.7","","","25.1","","","","","19.9","","","","","16","","14.6","14","13.4","",
"Cote d'Ivoire","CIV","Lifetime risk of maternal death (%)","SH.MMR.RISK.ZS","","","","","","","","","","","","","","","","","","","","","","","","","","5.3675308117341","5.11602020158241","4.82931634645447","4.5621162204211","4.32616901292088","4.09413417848104","3.78701262152422","3.46799554784971","3.11027080182634","2.78806006692351","2.50319356500121","2.233343484323","2.115190303292","2.18059672498494","2.1818873813065","2.15620469816612","2.27827975085922","2.36758119248459","2.45699676766633","2.46100984488495","2.63722488137289","2.88592551536086","2.97779929348669","2.91506077313333","3.04363155944271","3.06247216311274","2.93828117868592","2.91312689437568","2.78952140878938","2.65319305408512","2.51737617217711","2.38311503710231","2.21519522214145","2.05733588243978","1.92836208249421","1.97566937423211","1.98393149390452","1.73444779152076","1.48980512002707","","",
"Cote d'Ivoire","CIV","Use of insecticide-treated bed nets (% of under-5 population)","SH.MLR.NETS.ZS","","","","","","","","","","","","","","","","","","","","","","","","","","","","","","","","","","","","","","","","","1","","","","4","1.3","3","","","","","","37.2","","","","59.7","","","","","","","","","",
"Cote d'Ivoire","CIV","Nurses and midwives (per 1,000 people)","SH.MED.NUMW.P3","","","","","","","","","","","","","","","","","","","","","","","","","","","","","","","","","","","","","","","","","","","","","0.52","0.448","","","0.429","","","0.423","","0.528","0.578","0.431","0.467","0.508","0.552","0.645","0.683","0.676","0.688","0.793","","",
"Cote d'Ivoire","CIV","Immunization, DPT (% of children ages 12-23 months)","SH.IMM.IDPT","","","","","","","","","","","","","","","","","","","","","","","","","19","25","30","31","31","42","54","39","49","50","50","52","55","58","58","58","65","66","65","62","68","77","77","76","74","81","78","61","82","75","73","79","87","83","83","79","72","73","73","79","77","",
"Cote d'Ivoire","CIV","Incidence of HIV, ages 15-24 (per 1,000 uninfected population ages 15-24)","SH.HIV.INCD.YG.P3","","","","","","","","","","","","","","","","","","","","","","","","","","","","","","","8.6","9.2","9","8.5","7.8","7","6.1","5.3","4.6","4.3","3.6","3.2","2.8","2.4","2.3","2","1.8","1.6","1.3","1.3","1.2","1","0.89","0.85","0.7","0.72","0.69","0.58","0.52","0.45","0.42","0.41","0.36","0.33","0.3","",
"Cote d'Ivoire","CIV","Children (ages 0-14) newly infected with HIV","SH.HIV.INCD.14","","","","","","","","","","","","","","","","","","","","","","","","","","","","","","","11000","13000","15000","16000","17000","18000","18000","19000","19000","18000","18000","17000","16000","15000","14000","12000","12000","9900","7800","6800","6300","6100","4900","3800","2900","2600","3200","2700","2500","1600","1800","900","930","1100","1000","",
"Cote d'Ivoire","CIV","Prevalence of HIV, female (% ages 15-24)","SH.HIV.1524.FE.ZS","","","","","","","","","","","","","","","","","","","","","","","","","","","","","","","4.1","4.7","5.1","5.3","5.4","5.3","5.1","4.8","4.4","4","3.5","3.1","2.8","2.5","2.2","2","1.9","1.8","1.7","1.6","1.6","1.5","1.4","1.4","1.3","1.3","1.2","1.1","1.1","1","0.9","0.9","0.8","0.7","0.7","",
"Cote d'Ivoire","CIV","People using safely managed drinking water services, rural (% of rural population)","SH.H2O.SMDW.RU.ZS","","","","","","","","","","","","","","","","","","","","","","","","","","","","","","","","","","","","","","","","","13.2769057876234","13.964252290447","14.6579278586218","15.3579324921479","16.0642661910251","16.7769289552534","17.4959207848331","18.2212416797638","18.9528916400458","19.6908706656791","20.4351787566634","21.1858159129989","21.9427821346858","22.7060774217238","23.4757017741129","24.2516551918533","25.0339376749448","25.8225492233875","25.3288529810819","24.0878168767624","22.8340482183509","21.5675470058472","20.2883132392515","18.9963469185636","19.0836267419155","",
"Cote d'Ivoire","CIV","Demand for family planning satisfied by modern methods (% of married women with demand for family planning)","SH.FPL.SATM.ZS","","","","","","","","","","","","","","","","","","","","","","","","","","","","","","","","","","","10.3","","","","","16.5","","","","","","","","","","","","","27.5","","","","","","","","","41.4","","","","",
"Cote d'Ivoire","CIV","Mortality from CVD, cancer, diabetes or CRD between exact ages 30 and 70, female (%)","SH.DYN.NCOM.FE.ZS","","","","","","","","","","","","","","","","","","","","","","","","","","","","","","","","","","","","","","","","","16.2","17","16.6","17.1","16.8","17","17.4","17.9","18.4","19.8","21.4","21.8","21.6","21","20.8","20.7","20.8","20.8","20.7","20.6","21.2","21.3","","","","",
"Cote d'Ivoire","CIV","Prevalence of HIV, total (% of population ages 15-49)","SH.DYN.AIDS.ZS","","","","","","","","","","","","","","","","","","","","","","","","","","","","","","","4.8","5.7","6.4","6.9","7.3","7.5","7.5","7.4","7.2","7","6.7","6.4","6","5.7","5.3","4.9","4.6","4.3","4","3.8","3.6","3.4","3.2","3.1","2.9","2.7","2.6","2.5","2.3","2.2","2.1","2","1.9","1.8","1.7","",
"Cote d'Ivoire","CIV","Probability of dying among adolescents ages 10-14 years (per 1,000)","SH.DYN.1014","","","","","","","","","","","","","","","","","","","","","","","","","","","","","","","11.3","11.2","11.1","10.9","10.8","10.6","10.5","10.3","10.2","10.1","10","9.8","9.7","9.6","9.5","9.4","9.4","9.3","9.2","9.2","9.1","9","8.9","8.7","8.6","8.4","8.3","8.1","7.9","7.8","7.6","7.5","7.3","7.1","7","",
"Cote d'Ivoire","CIV","Cause of death, by non-communicable diseases (% of total)","SH.DTH.NCOM.ZS","","","","","","","","","","","","","","","","","","","","","","","","","","","","","","","","","","","","","","","","","15.6906121638606","","","","","","","","","","25.4307235790162","","","","","32.4448341442218","","","","36.3173658451069","36.0973763290178","35.670179468665","","","","",
"Cote d'Ivoire","CIV","Cause of death, by communicable diseases and maternal, prenatal and nutrition conditions (% of total)","SH.DTH.COMM.ZS","","","","","","","","","","","","","","","","","","","","","","","","","","","","","","","","","","","","","","","","","79.6911803678277","","","","","","","","","","67.4957863312689","","","","","59.1417424477216","","","","53.9401959393894","53.9695380690906","53.1517506391788","","","","",
"Cote d'Ivoire","CIV","Number of deaths ages 5-9 years","SH.DTH.0509","","","","","","","","","","","","","","","","","","","","","","","","","","","","","","","6877","7007","7129","7252","7362","7458","7551","7636","7726","7790","7842","7900","7986","8098","8235","8395","8556","8692","8672","8491","8292","8112","7982","7910","7934","8019","8021","7928","7809","7760","7742","7716","7676","7606","7402","",
"Cote d'Ivoire","CIV","Prevalence of anemia among children (% of children ages 6-59 months)","SH.ANM.CHLD.ZS","","","","","","","","","","","","","","","","","","","","","","","","","","","","","","","","","","","","","","","","","80","79.3","78.6","77.9","77.2","76.6","76","75.4","75","74.6","74.4","74.3","74.3","74.3","74.3","74.2","74","73.6","73","72.2","","","","","","",
"Cote d'Ivoire","CIV","Total alcohol consumption per capita, female (liters of pure alcohol, projected estimates, female 15+ years of age)","SH.ALC.PCAP.FE.LI","","","","","","","","","","","","","","","","","","","","","","","","","","","","","","","","","","","","","","","","","1.47","1.47","1.52","1.52","1.52","1.48","1.47","1.45","1.46","1.21","0.95","0.7","0.71","0.75","0.82","0.86","0.89","0.92","0.95","0.95","0.97","","","","","",
"Cote d'Ivoire","CIV","Women who believe a husband is justified in beating his wife when she goes out without telling him (%)","SG.VAW.GOES.ZS","","","","","","","","","","","","","","","","","","","","","","","","","","","","","","","","","","","","","","","","","","","","","","","","","","","","","26.6","","","","","","","","","12.4","","","","",
"Cote d'Ivoire","CIV","Proportion of time spent on unpaid domestic and care work, male (% of 24 hour day)","SG.TIM.UWRK.MA","","","","","","","","","","","","","","","","","","","","","","","","","","","","","","","","","","","","","","","","","","","","","","","","","","","","","","","","","","","","","","","","","","",
"Cote d'Ivoire","CIV","Women participating in the three decisions (own health care, major household purchases, and visiting family) (% of women age 15-49)","SG.DMK.ALLD.FN.ZS","","","","","","","","","","","","","","","","","","","","","","","","","","","","","","","","","","","","","","","","","","","","","","","","","","","","","23.6","","","","","","","","","31.5","","","","",
"Cote d'Ivoire","CIV","Government expenditure per student, tertiary (% of GDP per capita)","SE.XPD.TERT.PC.ZS","","","","","","","","","","","","","","","","","","","","","","","","","","","","","","","","","","","","","","136.91261","","141.24161","","","","","","","","124.47137","133.41635","126.97594","144.09475","339.70936","","153.55843","123.47373","124.84419","138.96225","150.17056","","","","","","","","",
"Cote d'Ivoire","CIV","Government expenditure per student, primary (% of GDP per capita)","SE.XPD.PRIM.PC.ZS","","","","","","","","","","","","","","","","","","","","","","","","","","","","","","","","","","","","","","15.42192","14.10458","14.31843","13.0342","12.75154","","","","","16.26761","16.46328","15.56569","15.51095","","12.48176","13.59607","13.57966","12.75758","13.78098","15.7917","13.17057","13.27872","","","","","","","",
"Cote d'Ivoire","CIV","Current education expenditure, primary (% of total expenditure in primary public institutions)","SE.XPD.CPRM.ZS","","","","","","","","","","","","","","","","","","","","","","","","","","","","","","","","","","","","","","","84.577278137207","91.6822128295898","","","","","","","98.8730773925781","97.3282012939453","95.1205062866211","93.4182815551758","94.133903503418","98.28662109375","93.4816131591797","92.0199966430664","93.9278335571289","96.4341201782227","99.1828689575195","99.2167129516602","98.9734802246094","98.9849700927734","98.6929092407227","99.6928329467773","97.13134765625","93.2083435058594","86.4877014160156","",
"Cote d'Ivoire","CIV","School enrollment, tertiary (% gross)","SE.TER.ENRR","","","","","","","","","","","","1.01452004909515","1.01679003238678","1.17733001708984","1.20425999164581","","1.27639997005463","1.5035799741745","1.69719994068146","1.98238003253937","2.17178010940552","2.79007005691528","2.50741004943848","","2.24981999397278","2.22501993179321","","2.43722009658814","","","","","2.47028994560242","2.93564009666443","3.6460599899292","3.5975399017334","","5.41806983947754","","5.49134016036987","","","","","","","","7.9370698928833","7.48366022109985","7.18858003616333","6.53099472386889","2.92101759305363","","7.35426503598509","7.73897659286671","8.46433224598306","8.89557845705252","9.52488768872621","","10.3256981639741","10.2664091345849","10.7725833415282","11.1134926507622","11.5724272130065","12.3354902267456","",
"Cote d'Ivoire","CIV","Educational attainment, at least completed short-cycle tertiary, population 25+, female (%) (cumulative)","SE.TER.CUAT.ST.FE.ZS","","","","","","","","","","","","","","","","","","","","","","","","","","","","","","","","","","","","","","","","","","","","","","","","","","","","","3.61681341890821","1.21177424180053","","","2.37046635170303","","","","","5.46795988082886","","","","",
"Cote d'Ivoire","CIV","Educational attainment, Doctoral or equivalent, population 25+, total (%) (cumulative)","SE.TER.CUAT.DO.ZS","","","","","","","","","","","","","","","","","","","","","","","","","","","","","","","","","","","","","","","","","","","","","","","","","","","","","","0.206594547601376","","","","","","","","0.854309976100922","","","","",
"Cote d'Ivoire","CIV","Educational attainment, at least Bachelor's or equivalent, population 25+, male (%) (cumulative)","SE.TER.CUAT.BA.MA.ZS","","","","","","","","","","","","","","","","","","","","","","","","","","","","","","","","","","","","","","","","","","","","","","","","","","","","","8.67569101590498","3.89780293003178","","","6.44397669082299","","","","","6.69229984283447","","","","",
"Cote d'Ivoire","CIV","External health expenditure (% of current health expenditure)","SH.XPD.EHEX.CH.ZS","","","","","","","","","","","","","","","","","","","","","","","","","","","","","","","","","","","","","","","","","1.98552418","2.00521016","2.2463038","4.97327042","3.19876003","3.96596384","3.8120501","9.28857231","12.761796","9.92927074","10.2001543","12.19101715","15.65249825","8.71003151","13.47169113","13.08228302","14.9303875","13.03412533","12.27736473","12.99884796","13.54403591","13.35010147","10.46179485","11.83283997","","",
"Cote d'Ivoire","CIV","Newborns protected against tetanus (%)","SH.VAC.TTNS.ZS","","","","","","","","","","","","","","","","","","","","","","","","","","","","","","31","36","41","43","47","34","36","35","54","60","71","76","76","76","76","76","75","75","74","92","92","82","82","82","82","82","85","85","85","85","85","86","86","83","84","80","",
"Cote d'Ivoire","CIV","Prevalence of severe wasting, weight for height (% of children under 5)","SH.SVR.WAST.ZS","","","","","","","","","","","","","","","","","","","","","","","","","","","2.7","","","","","","","","2.4","","","","1.9","","","","","","","","","5.7","","","","0.8","1.8","","","","1.2","","","","","2.4","","","","",
"Cote d'Ivoire","CIV","Prevalence of wasting, weight for height, male (% of children under 5)","SH.STA.WAST.MA.ZS","","","","","","","","","","","","","","","","","","","","","","","","","","","8.6","","","","","","","","10.9","","","","7","","","","","","","","","15.5","","","","6.3","9.3","","","","6.6","","","","","9","","","","",
"Cote d'Ivoire","CIV","Suicide mortality rate (per 100,000 population)","SH.STA.SUIC.P5","","","","","","","","","","","","","","","","","","","","","","","","","","","","","","","","","","","","","","","","","5.92","5.84","5.71","5.65","5.15","5.18","5.29","5.48","5.81","6.68","7.93","8.5","8.79","8.92","8.6","8.06","7.82","7.68","7.71","7.75","7.3","7.39","","","","",
"Cote d'Ivoire","CIV","Prevalence of stunting, height for age (modeled estimate, % of children under 5)","SH.STA.STNT.ME.ZS","","","","","","","","","","","","","","","","","","","","","","","","","","","","","","","","","","","","","","","","","32.4","32.5","32.6","32.5","32.4","32.3","32.2","31.9","31.5","30.9","30.1","29.4","28.7","28","27.2","26.5","25.6","24.6","23.5","22.6","21.7","21.1","20.7","20.5","20.3","",
"Cote d'Ivoire","CIV","Prevalence of stunting, height for age, female (% of children under 5)","SH.STA.STNT.FE.ZS","","","","","","","","","","","","","","","","","","","","","","","","","","","16.5","","","","","","","","27.9","","","","30.7","","","","","","","","","37.8","","","","23.8","27.2","","","","19.9","","","","","22.6","","","","",
"Cote d'Ivoire","CIV","Mortality rate attributed to unintentional poisoning, male (per 100,000 male population)","SH.STA.POIS.P5.MA","","","","","","","","","","","","","","","","","","","","","","","","","","","","","","","","","","","","","","","","","1.1","1.08","1.06","1.03","1","1.1","1.13","1.03","1.12","1.14","1.23","1.29","1.61","1.64","1.46","1.47","1.46","1.41","1.42","1.38","1.31","1.3","","","","",
"Cote d'Ivoire","CIV","Prevalence of overweight, weight for height (modeled estimate, % of children under 5)","SH.STA.OWGH.ME.ZS","","","","","","","","","","","","","","","","","","","","","","","","","","","","","","","","","","","","","","","","","3.8","3.7","3.7","3.5","3.4","3.3","3.1","3","2.8","2.7","2.6","2.4","2.3","2.3","2.2","2.2","2.2","2.2","2.2","2.3","2.4","2.6","2.8","3.1","3.5","",
"Cote d'Ivoire","CIV","Prevalence of overweight, weight for height, female (% of children under 5)","SH.STA.OWGH.FE.ZS","","","","","","","","","","","","","","","","","","","","","","","","","","","5.8","","","","","","","","3","","","","4","","","","","","","","","4.9","","","","1.2","3","","","","1.1","","","","","3.1","","","","",
"Cote d'Ivoire","CIV","People practicing open defecation, urban (% of urban population)","SH.STA.ODFC.UR.ZS","","","","","","","","","","","","","","","","","","","","","","","","","","","","","","","","","","","","","","","","","7.07118466731188","6.95713388887361","6.84308311043537","6.7290323319971","6.61498155355886","6.50093077512059","6.38687999668235","6.27282921824411","6.15877843980584","6.0447276613676","5.93067688292933","5.81662610449109","5.70257532605285","5.58852454761458","5.47447376917634","5.36042299073807","5.24637221229983","5.13232143386159","5.01827065542332","4.90421987698508","4.79016909854681","4.67611832010857","4.56206754167033","4.44801676323206","4.33396598479382","",
"Cote d'Ivoire","CIV","Prevalence of underweight, weight for age (% of children under 5)","SH.STA.MALN.ZS","","","","","","","","","","","","","","","","","","","","","","","","","","","11.7","","","","","","","","20.9","","","","18.2","","","","","","","","","28.4","","","","15.5","15.7","","","","12.8","","","","","13.6","","","","",
"Cote d'Ivoire","CIV","People with basic handwashing facilities including soap and water, urban (% of urban population)","SH.STA.HYGN.UR.ZS","","","","","","","","","","","","","","","","","","","","","","","","","","","","","","","","","","","","","","","","","","","","","","","24.1333334514416","24.1333334514416","24.1333334514416","24.1333334514416","24.1333334514416","24.8610800051972","25.5888265589529","26.3165731127085","27.0443196664642","27.7720662202198","28.4998127739755","29.2275593277311","29.9553058814868","30.6830524352422","31.4107989889978","31.4107989889978","31.4107989889978","31.4107989889978","31.4107989889978","",
"Cote d'Ivoire","CIV","Low-birthweight babies (% of births)","SH.STA.BRTW.ZS","","","","","","","","","","","","","","","","","","","","","","","","","","","","","","","","","","","","","","","","","19.40701452","19.39505585","19.3884295","19.37815373","19.37211223","19.35551805","19.34513549","19.32559144","19.31038617","19.28577602","19.25527046","19.20902242","19.12436808","19.0161338","18.89289015","18.76376178","18.64470903","18.53292228","18.43593712","18.35391593","18.28976148","","","","","",
"Cote d'Ivoire","CIV","People using at least basic sanitation services, urban (% of urban population)","SH.STA.BASS.UR.ZS","","","","","","","","","","","","","","","","","","","","","","","","","","","","","","","","","","","","","","","","","37.2326181536918","37.7559017628638","38.279185372036","38.802468981208","39.3257525903802","40.0398343291073","40.7589270564745","41.4830307724817","42.2121454771292","42.9462711704165","43.6854078523441","44.4295555229116","45.1787141821193","45.9328838299669","46.6920644664548","47.4562560915825","48.2254587053505","48.9996723077584","49.7788968988065","50.5631324784946","51.3523790468228","52.146636603791","52.9459051493993","53.7501846836478","54.3210726849005","",
"Cote d'Ivoire","CIV","Mortality rate attributed to household and ambient air pollution, age-standardized (per 100,000 population)","SH.STA.AIRP.P5","","","","","","","","","","","","","","","","","","","","","","","","","","","","","","","","","","","","","","","","","","","","","","","","","","","","","","","","","","","","186.5","","","","","","",
"Cote d'Ivoire","CIV","Risk of impoverishing expenditure for surgical care (% of people at risk)","SH.SGR.IRSK.ZS","","","","","","","","","","","","","","","","","","","","","","","","","","","","","","","","","","","","","","","","","","","","100","100","100","100","100","100","100","100","100","100","100","100","99.9","99.9","100","99.9","99.8","99.7","100","100","","","",
"Cote d'Ivoire","CIV","Prevalence of current tobacco use (% of adults)","SH.PRV.SMOK","","","","","","","","","","","","","","","","","","","","","","","","","","","","","","","","","","","","","","","","","21.4","","","","","17","","15.5","","","13.6","","","","","10.8","","","","","8.7","","8","7.7","7.3","",
"Cote d'Ivoire","CIV","Number of maternal deaths","SH.MMR.DTHS","","","","","","","","","","","","","","","","","","","","","","","","","","3700","3700","3600","3600","3500","3500","3400","3300","3100","2900","2800","2600","2600","2800","2900","3000","3200","3500","3700","3800","4100","4600","4900","4900","5300","5400","5300","5400","5300","5100","4900","4800","4500","4300","4200","4400","4500","4000","3600","","",
"Cote d'Ivoire","CIV","Specialist surgical workforce (per 100,000 population)","SH.MED.SAOP.P5","","","","","","","","","","","","","","","","","","","","","","","","","","","","","","","","","","","","","","","","","","","","","","","","","","","","","","","2.81","","","","","","","","","","","",
"Cote d'Ivoire","CIV","Hospital beds (per 1,000 people)","SH.MED.BEDS.ZS","1.34876954555511","","","","","","","","","","1.15610003471375","","","","","","","","","","","","","","","","","","","0.828499972820282","0.8116000295","","","","","","","","","","","","","","","","0.4","","","","","","","","","","","","","","","","","","","",
"Cote d'Ivoire","CIV","Antiretroviral therapy coverage for PMTCT (% of pregnant women living with HIV)","SH.HIV.PMTC.ZS","","","","","","","","","","","","","","","","","","","","","","","","","","","","","","","","","","","","","","","","","0","1","2","4","6","15","9","17","34","42","46","44","57","72","84","88","87","93","94","88","83","98","95","89","88","",
"Cote d'Ivoire","CIV","Incidence of HIV, all (per 1,000 uninfected population)","SH.HIV.INCD.TL.P3","","","","","","","","","","","","","","","","","","","","","","","","","","","","","","","7.2","7.8","7.8","7.5","7","6.4","5.7","5.1","4.6","4.3","3.7","3.3","3","2.6","2.4","2.1","1.9","1.7","1.3","1.3","1.2","1","0.9","0.82","0.67","0.67","0.67","0.56","0.5","0.41","0.4","0.35","0.31","0.3","0.27","",
"Cote d'Ivoire","CIV","Antiretroviral therapy coverage (% of people living with HIV)","SH.HIV.ARTC.ZS","","","","","","","","","","","","","","","","","","","","","","","","","","","","","","","","","","","","","","","","","0","0","0","0","1","3","5","6","10","14","15","19","22","25","30","34","42","52","57","62","66","69","70","74","78","",
"Cote d'Ivoire","CIV","People using safely managed drinking water services (% of population)","SH.H2O.SMDW.ZS","","","","","","","","","","","","","","","","","","","","","","","","","","","","","","","","","","","","","","","","","25.3536971285304","25.8569468295015","26.3585900409277","26.8582510447453","27.3560820287857","27.851223744983","28.3440940576862","28.8345959025586","29.3226243319058","29.8076450619648","30.2900223956178","30.7696487964197","31.899410503068","33.0374498665528","34.1836861214288","35.3400557938247","36.5061772067666","37.6823190093324","38.2342546419239","38.4404227871287","38.6664529242919","38.9130722009631","37.7410681967297","36.2481307099891","36.4489381559953","",
"Cote d'Ivoire","CIV","People using at least basic drinking water services, urban (% of urban population)","SH.H2O.BASW.UR.ZS","","","","","","","","","","","","","","","","","","","","","","","","","","","","","","","","","","","","","","","","","89.5880398290327","89.5511097365261","89.514180488729","89.4772520856412","89.4403245272628","89.4033978135939","89.3664719446344","89.3295469203842","89.2926227408435","89.2556994060122","89.2187769158903","89.1818552704778","89.1449344697747","89.1080145137811","89.0710954024968","89.0341771359219","88.9972597140565","88.9603431369005","88.9234274044538","88.8865125167166","88.8495984736888","88.8126852753704","88.7757729217614","88.7388614128618","88.7378164354012","",
"Cote d'Ivoire","CIV","Mortality from CVD, cancer, diabetes or CRD between exact ages 30 and 70 (%)","SH.DYN.NCOM.ZS","","","","","","","","","","","","","","","","","","","","","","","","","","","","","","","","","","","","","","","","","21.8","22.1","21.8","22.1","21.2","21.2","21","21.5","22.3","23.4","24.6","25.1","25.3","25.1","24.5","24.1","23.8","23.6","23.5","23.3","23.8","22.7","","","","",
"Cote d'Ivoire","CIV","Mortality rate, under-5, female (per 1,000 live births)","SH.DYN.MORT.FE","296","288.2","280.7","273.6","266.9","260.2","253.7","247.2","240.7","234.2","227.5","220.6","213.1","205.4","197.2","189.1","181.3","173.7","167.1","161.1","156.3","152.1","148.8","146","143.8","142.1","141","140.6","140.4","140.7","141.1","141.7","142.1","142","141.4","140.4","138.9","136.9","134.5","131.8","128.6","125.1","121.4","117.5","113.7","109.6","105.9","102.1","97.7","94.3","90.9","88.1","85.2","82.2","79.1","76.4","74.1","71.8","69.5","67.1","65.1","63.1","61.1","59.2","57.2","",
"Cote d'Ivoire","CIV","Probability of dying among youth ages 20-24 years (per 1,000)","SH.DYN.2024","","","","","","","","","","","","","","","","","","","","","","","","","","","","","","","18","18.2","18.3","18.5","18.6","18.7","18.8","18.7","18.7","18.5","18.3","18.1","17.7","17.4","16.9","16.5","16","15.6","15.1","14.5","14","13.5","12.9","12.4","11.9","11.4","11","10.5","10.1","9.6","9.2","8.8","8.6","8.4","8.3","",
"Cote d'Ivoire","CIV","Cause of death, by other COVID-19 pandemic-related outcomes (% of total)","SH.DTH.OCVD.ZS","","","","","","","","","","","","","","","","","","","","","","","","","","","","","","","","","","","","","","","","","0","","","","","","","","","","0","","","","","0","","","","0","0.646981017824105","1.64585791588621","","","","",
"Cote d'Ivoire","CIV","Cause of death, by injury (% of total)","SH.DTH.INJR.ZS","","","","","","","","","","","","","","","","","","","","","","","","","","","","","","","","","","","","","","","","","4.61820746831169","","","","","","","","","","7.07349008971504","","","","","8.4134234080567","","","","9.74243821550373","9.28610458406745","9.53221197626955","","","","",
"Cote d'Ivoire","CIV","Number of deaths ages 15-19 years","SH.DTH.1519","","","","","","","","","","","","","","","","","","","","","","","","","","","","","","","3183","3374","3581","3781","3974","4163","4343","4520","4690","4816","4887","4963","5034","5110","5183","5250","5300","5343","5353","5296","5171","4976","4749","4525","4396","4380","4370","4380","4371","4347","4311","4309","4334","4370","4470","",
"Cote d'Ivoire","CIV","Condom use, population ages 15-24, female (% of females ages 15-24)","SH.CON.1524.FE.ZS","","","","","","","","","","","","","","","","","","","","","","","","","","","","","","","","","","","11.2","","","","24.7","","","","","","","24.4","","","","","","","23.1","","","","","","","","","","","","","",
"Cote d'Ivoire","CIV","Total alcohol consumption per capita, male (liters of pure alcohol, projected estimates, male 15+ years of age)","SH.ALC.PCAP.MA.LI","","","","","","","","","","","","","","","","","","","","","","","","","","","","","","","","","","","","","","","","","6.9","6.9","7.13","7.12","7.12","6.96","6.92","6.85","6.9","5.77","4.63","3.49","3.55","3.72","4.01","4.23","4.36","4.46","4.61","4.61","4.69","","","","","",
"Cote d'Ivoire","CIV","Women who believe a husband is justified in beating his wife (any of five reasons) (%)","SG.VAW.REAS.ZS","","","","","","","","","","","","","","","","","","","","","","","","","","","","","","","","","","","","","","","","","","","","","","","","","","","","","47.9","","","","","","","","","25.8","","","","",
"Cote d'Ivoire","CIV","Women who believe a husband is justified in beating his wife when she argues with him (%)","SG.VAW.ARGU.ZS","","","","","","","","","","","","","","","","","","","","","","","","","","","","","","","","","","","","","","","","","","","","","","","","","","","","","34.3","","","","","","","","","19.5","","","","",
"Cote d'Ivoire","CIV","Proportion of seats held by women in national parliaments (%)","SG.GEN.PARL.ZS","","","","","","","","","","","","","","","","","","","","","","","","","","","","","","","","","","","","","","8","8","8","","8.52017937219731","8.52017937219731","8.52017937219731","8.52017937219731","8.52017937219731","8.52017937219731","8.86699507389163","8.86699507389163","8.86699507389163","8.86699507389163","11.0236220472441","10.4417670682731","10.4417670682731","9.44881889763779","9.16334661354582","9.16334661354582","10.5882352941176","10.5882352941176","10.9803921568627","11.3725490196078","14.1732283464567","14.1732283464567","13.7254901960784","13.3858267716535","13.3858267716535",
"Cote d'Ivoire","CIV","Government expenditure on education, total (% of government expenditure)","SE.XPD.TOTL.GB.ZS","","","","","","","","","","","","","","","","","","","","","","","","","","","","","","","","","0","0","0","0","0","19.2201499938965","18.8147506713867","21.6711807250977","20.8069496154785","23.2020301818848","22.5923004150391","22.648229598999","22.1071605682373","21.8456897735596","20.0178909301758","20.755880355835","21.5269107818604","22.1895599365234","22.7727508544922","22.4268608093262","20.8587608337402","21.5747299194336","21.7667808532715","21.1732196807861","22.3875999450684","20.6334991455078","18.2889003753662","19.8460693359375","18.5902500152588","16.2662792205811","15.9030103683472","15.9464597702026","17.6227703094482","",
"Cote d'Ivoire","CIV","Government expenditure per student, secondary (% of GDP per capita)","SE.XPD.SECO.PC.ZS","","","","","","","","","","","","","","","","","","","","","","","","","","","","","","","","","","","","","","","","41.35127","","","","","","","","","","","","","","","27.17591","24.16853","22.82275","20.80971","18.84725","","","","","","","",
"Cote d'Ivoire","CIV","Current education expenditure, tertiary (% of total expenditure in tertiary public institutions)","SE.XPD.CTER.ZS","","","","","","","","","","","","","","","","","","","","","","","","","","","","","","","","","","","","","","","80.8221969604492","85.1235809326172","","","","","","","95.4186630249023","94.2045516967773","93.7432327270508","94.510139465332","95.7841110229492","83.3384628295898","74.3143615722656","82.9911804199219","92.4428863525391","90.571647644043","73.8812103271484","82.4572372436523","82.0759124755859","89.3376312255859","71.0075988769531","86.0856399536133","77.5450210571289","83.5143127441406","79.7538604736328","",
"Cote d'Ivoire","CIV","School enrollment, tertiary, male (% gross)","SE.TER.ENRR.MA","","","","","","","","","","","","1.73308002948761","1.72878003120422","1.9936900138855","2.01138997077942","","2.09682011604309","2.46262001991272","","3.29819011688232","3.62965989112854","","","","","","","4.14239978790283","","","","","","","5.68703985214233","5.50843000411987","","8.05916023254395","","8.18966007232666","","","","","","","","10.5950899124146","9.69250965118408","9.47194004058838","8.71504874776917","3.545537938764","","9.28549878478965","10.0188461304639","10.4106906725897","10.6464215239326","11.2272227207866","","11.5033004622446","11.0836728652674","11.5370844548834","11.8899702383964","11.9434578140429","12.4365100860596","",
"Cote d'Ivoire","CIV","Educational attainment, at least completed short-cycle tertiary, population 25+, total (%) (cumulative)","SE.TER.CUAT.ST.ZS","","","","","","","","","","","","","","","","","","","","","","","","","","","","","","","","","","","","","","","","","","","","","","","","","","","","","6.24850035627203","2.59873863000434","","","4.47960303777146","","","","","7.82509994506836","","","","",
"Cote d'Ivoire","CIV","Educational attainment, at least Master's or equivalent, population 25+, male (%) (cumulative)","SE.TER.CUAT.MS.MA.ZS","","","","","","","","","","","","","","","","","","","","","","","","","","","","","","","","","","","","","","","","","","","","","","","","","","","","","3.30921226052632","1.37410644006589","","","1.88705358714443","","","","","5.34078979492188","","","","",
"Cote d'Ivoire","CIV","Educational attainment, Doctoral or equivalent, population 25+, female (%) (cumulative)","SE.TER.CUAT.DO.FE.ZS","","","","","","","","","","","","","","","","","","","","","","","","","","","","","","","","","","","","","","","","","","","","","","","","","","","","","","","","","","","","","","0.476850003004074","","","","",
"Cote d'Ivoire","CIV","Adolescents out of school (% of lower secondary school age)","SE.SEC.UNER.LO.ZS","","","","","","","","","","","","","","","","","","","","","","","","","","","","","","","","","","","","","","","","","","","","","","","","","","","","","","50.8325536293703","48.9790116103871","82.4621244057023","45.4704224324056","43.807145739122","46.5730494865112","46.3493489538943","45.3982480187754","44.0065040079523","47.3221933962677","32.3116835224311","30.8062378874686","",
"Cote d'Ivoire","CIV","Secondary education, teachers, female","SE.SEC.TCHR.FE","","","","","","","","","","","","","","","","","","","","","","","","","","","","","","","","","","","","","","","","","","","","","","","","","","","","","","","9283","","10253","11697","11737","12634","13604","13628","14870","15879","17941","",
"Cote d'Ivoire","CIV","Trained teachers in upper secondary education, male (% of male teachers)","SE.SEC.TCAQ.UP.MA.ZS","","","","","","","","","","","","","","","","","","","","","","","","","","","","","","","","","","","","","","","","","","","","","","","","","","","","","","","","","","","","","","","","","","",
"Cote d'Ivoire","CIV","Trained teachers in lower secondary education, male (% of male teachers)","SE.SEC.TCAQ.LO.MA.ZS","","","","","","","","","","","","","","","","","","","","","","","","","","","","","","","","","","","","","","","","","","","","","","","","","","","","","","","","","","","","","","","","","","",
"Cote d'Ivoire","CIV","Progression to secondary school, male (%)","SE.SEC.PROG.MA.ZS","","","","","","","","","","","","","53.11111","49.8875","","48.27058","50.49503","51.1672","57.25918","58.2781","58.62769","","51.59113","48.56312","54.46426","51.16145","48.12412","49.44451","","","","","","69.02335","","71.02583","68.52887","63.60061","","69.07233","70.55824","","","","","","71.84271","","70.04196","","","77.28643","","90.3775","94.4113","94.12181","91.49627","","","","","","","","","",
"Cote d'Ivoire","CIV","School enrollment, secondary, female (% net)","SE.SEC.NENR.FE","","","","","","","","","","","","","","","","","","","","","","","","","","","","","","","","","","","","","","","","","","","","","","","","","","","","","","","24.51976","","28.999","32.40814","35.05883","","","","","","","",
"Cote d'Ivoire","CIV","School enrollment, secondary (% gross)","SE.SEC.ENRR","","","","","","","","","","","","9.22047996520996","10.1796903610229","11.0865001678467","10.818699836731","11.4515104293823","12.4472599029541","12.9619598388672","14.003339767456","15.2307796478272","16.8812007904053","18.0322895050049","","17.7665195465088","17.5473194122314","17.7126197814941","","17.0907402038574","","","","","","","","","","","","21.0010890960693","","","","","","","","","","","","","","","40.4629922041554","43.9865647318392","46.2425069943643","49.0863555848622","51.072614509286","53.791930617454","55.4380323721262","57.135967003236","54.0714108290486","63.9607557764462","65.3065056618336","",
"Cote d'Ivoire","CIV","Pupil-teacher ratio, secondary","SE.SEC.ENRL.TC.ZS","","","","","","","","","","","","21.26075","","","","","","","","","","","","","","","","","","","","","","","","","","","","29.3952","","","","","","","","","","","","","","","22.30057","","25.83658","26.31551","27.28114","","","","","","","",
"Cote d'Ivoire","CIV","Secondary education, pupils (% female)","SE.SEC.ENRL.FE.ZS","","","","","","","","","","","","21.56095","22.78395","22.64688","23.3286","","","","","","","30.01892","","29.20793","29.84285","","","","","","","","","","","","","","","34.91782","","","","","","","","","","","","","","","41.01643","41.40705","41.90515","42.7095","43.47853","","","","","","","",
"Cote d'Ivoire","CIV","Educational attainment, at least completed upper secondary, population 25+, male (%) (cumulative)","SE.SEC.CUAT.UP.MA.ZS","","","","","","","","","","","","","","","","","","","","","","","","","","","","","","","","","","","","","","","","","","","","","","","","","","","","","18.869107879978","","16.2345600128174","","14.2386374783178","","","","","21.3910007476807","","","","",
"Cote d'Ivoire","CIV","Educational attainment, at least completed post-secondary, population 25+, female (%) (cumulative)","SE.SEC.CUAT.PO.FE.ZS","","","","","","","","","","","","","","","","","","","","","","","","","","","","","","","","","","","","","","","","","","","","","","","","","","","","","3.61681341890821","1.21177424180053","4.40786981582642","","3.60036966431124","","","","","6.75701999664307","","","","",
"Cote d'Ivoire","CIV","Lower secondary completion rate, total (% of relevant age group)","SE.SEC.CMPT.LO.ZS","","","","","","","","","","","","7.91324996948242","","10.009880065918","9.43513965606689","10.3607902526856","9.71197986602783","10.4546804428101","11.1668901443481","11.5193595886231","12.5988597869873","14.2947397232056","14.9114198684692","15.490909576416","15.4585695266724","15.2491798400879","15.0645303726196","13.5733003616333","13.7874097824097","14.4560298919678","14.8115100860596","16.8233203887939","15.9866600036621","16.6649398803711","16.82839012146","16.639139175415","15.7393598556519","19.2302398681641","19.9662990570068","","20.8285694122314","20.1560306549072","21.5231399536133","","","","22.3676490783691","22.381950378418","29.3330001831055","28.5577907562256","","26.226584461295","30.6736019035182","","33.08514192321","34.6712109290908","39.5554426805652","46.8573503676142","49.747982719819","52.2521162360685","56.8313370346016","","56.5542394322233","76.6226961018841","70.8449603903402","",
"Cote d'Ivoire","CIV","Children out of school (% of primary school age)","SE.PRM.UNER.ZS","","","","","","","","","","","","","","","","","","53.7632484436035","","","","","","","","","","","","","","55.0914192199707","55.070930480957","","","","51.8279991149902","51.0720291137695","","49.8122215270996","50.6646385192871","47.1865310668945","46.953929901123","50.8157005310059","","","","","","50.9214706420898","","","","34.2464387845097","29.5599662881331","27.2279251430508","20.1686513051337","20.4103732311075","17.0757385775597","16.2086093922531","14.9827962161399","17.0939491495179","17.5821561930816","13.1592272040596","12.6030704782369","",
"Cote d'Ivoire","CIV","Children out of school, primary, female","SE.PRM.UNER.FE","","","","","","","","","","","","","","","","","","382100","","","","","","","","","","","","","","","","","","","781666","800162","","835335","876879","844626","874489","913790","","","","","","1037359","","","","636887","583842","570914","448389","460520","403369","381806","366370","428360","474797","347655","337596","",
"Cote d'Ivoire","CIV","Adjusted net enrollment rate, primary (% of primary school age children)","SE.PRM.TENR","","","","","","","","","","","","","","","","","","50.85929","","","","","","","","","","","","","","49.10346","49.3883","","","","54.68437","55.69958","","57.5195","56.50839","60.60849","60.66286","56.0829","","","","","","55.83834","","","","68.27574","72.85662","76.73595","86.90249","88.60837","93.69235","","","","","","","",
"Cote d'Ivoire","CIV","Trained teachers in primary education, male (% of male teachers)","SE.PRM.TCAQ.MA.ZS","","","","","","","","","","","","","","","","","","","","","","","","","","","","","","","","","","","","","","","","","99.5679397583008","99.136589050293","","100","","","","100","100","100","","100","99.2271937117376","82.5987800684175","84.2243630143153","100","100","100","100","100","100","100","100","100","100","",
"Cote d'Ivoire","CIV","Repeaters, primary, female (% of female enrollment)","SE.PRM.REPT.FE.ZS","","","","","","","","","","","","","","24.36622","25.27697","","20.58782","18.90868","17.44335","18.38377","18.8912","19.5477","","24.45096","25.62467","27.92941","27.97828","26.71019","25.45269","25.91335","25.98763","24.07125","27.40633","26.34491","24.93345","26.6145","23.51582","24.6623","25.06695","24.85105","25.20676","23.64687","22.13052","17.73059","","","23.69204","20.6795","","18.69828","","","19.20476","19.70166","14.64189","14.83184","12.13297","10.82134","","","","","","","","",
"Cote d'Ivoire","CIV","Persistence to grade 5, total (% of cohort)","SE.PRM.PRS5.ZS","","","","","","","","","","","","","86.2265014648438","82.1871719360352","85.0470581054688","79.4280471801758","93.7642822265625","92.3122100830078","93.138542175293","88.993293762207","89.4426498413086","83.325439453125","82.7889099121094","74.5695190429688","70.8415908813477","72.9800796508789","74.7750778198242","76.9220886230469","80.3813400268555","75.0258026123047","67.708137512207","72.9793319702148","61.3695907592773","84.0097198486328","74.2682800292969","72.6622924804688","71.8802871704102","69.8198699951172","83.0844268798828","69.2493209838867","88.9145431518555","","","","","","78.5929107666016","","66.0550231933594","","","84.8147201538086","78.3567428588867","76.2742233276367","83.8606719970703","83.5438766479492","75.1137008666992","60.0106010437012","","79.7251281738281","76.0963973999023","68.0376586914062","","","","",
"Cote d'Ivoire","CIV","Over-age students, primary (% of enrollment)","SE.PRM.OENR.ZS","","","","","","","","","","","","","","","","","","24.2702","","","","","","","","","","","","","","29.7063","27.69976","","","","17.63979","16.32877","","16.62831","8.04822","5.01964","4.99593","9.02606","","","","","","18.77439","","","","17.18187","13.31161","","10.54454","10.38117","7.97903","","","","","","","",
"Cote d'Ivoire","CIV","Net intake rate in grade 1, male (% of official school-age population)","SE.PRM.NINT.MA.ZS","","","","","","","","","","","","","","","","","","","","","","","","","","","","","","","","","","","","","","","28.85326","30.47677","28.49257","","27.55721","26.86232","","","","","","","","","","","41.88818","44.50707","71.73683","72.13253","76.45178","","","","","","","",
"Cote d'Ivoire","CIV","School enrollment, primary (% net)","SE.PRM.NENR","","","","","","","","","","","","","","","","","","50.85929","","","","","","","","","","","","","","49.10346","49.3883","","","","54.68437","55.69958","","56.60624","55.6689","59.62325","59.60988","56.0829","","","","","","55.83834","","","","66.9161","72.34108","76.73595","83.16992","85.57232","90.32837","","","","","","","",
"Cote d'Ivoire","CIV","School enrollment, primary, male (% gross)","SE.PRM.ENRR.MA","","","","","","","","","","","71.368293762207","73.3746566772461","72.865348815918","74.0357437133789","75.4596481323242","76.0334777832031","75.5513687133789","78.6927108764648","81.81298828125","84.7400588989258","85.5226898193359","86.048957824707","85.7697372436523","84.5739288330078","81.7072067260742","79.2461090087891","77.9883880615234","77.302131652832","77.7530822753906","78.1709136962891","77.5146713256836","75.2540512084961","73.7630233764648","71.7979965209961","73.0646286010742","72.609260559082","72.2595520019531","72.7536087036133","72.6388397216797","74.7356262207031","73.9360809326172","75.331916809082","77.1147537231445","70.3522415161133","","","66.6375503540039","66.4606018066406","69.6652984619141","69.3075637817383","","78.7376726868255","82.8047493995915","84.4018403794434","86.9467197638793","88.2349444585271","90.5313417290029","90.2008113765919","89.5526848166709","89.1769880723408","89.3612410030232","86.5016675083457","87.3132988589714","93.0214450108623","92.2301770309309","",
"Cote d'Ivoire","CIV","Primary education, pupils (% female)","SE.PRM.ENRL.FE.ZS","","","","","","","","","","","36.2831","36.38153","36.71446","37.16377","37.19079","37.26342","37.69576","37.77591","38.33623","38.7528","39.32477","40.00244","40.39787","40.70305","41.05537","41.19484","41.38884","41.36574","41.37989","41.49508","41.58721","41.4366","41.68381","41.6654","41.87906","42.2095","42.28243","42.37971","42.84994","42.56529","42.70601","43.21549","42.34247","44.19991","","","44.08438","44.14096","44.10145","44.7004","","45.3226","45.68745","46.13392","46.36633","46.71188","47.1361","47.53503","47.90466","","","","","","","",
"Cote d'Ivoire","CIV","Educational attainment, at least completed primary, population 25+ years, male (%) (cumulative)","SE.PRM.CUAT.MA.ZS","","","","","","","","","","","","","","","","","","","","","","","","","","","","","","","","","","","","","","","","","","","","","","","","","","","","","","","41.4922218322754","","40.7705307316665","","","","","38.9869117736816","","","","",
"Cote d'Ivoire","CIV","Primary completion rate, female (% of relevant age group)","SE.PRM.CMPT.FE.ZS","","","","","","","","","","","","","","21.0338706970215","21.5023899078369","","27.9329109191894","30.5816307067871","31.9819393157959","33.0525703430176","35.4195404052734","38.8074989318848","","37.0666313171387","35.8083000183105","32.2839012145996","31.3756294250488","32.0525703430176","31.5995693206787","31.1800498962402","29.7156105041504","31.0643405914307","28.9488506317139","29.7747402191162","30.2716693878174","28.8732395172119","29.3339099884033","27.2646503448486","28.2648296356201","","29.1281795501709","33.8321914672852","","","","","29.2575492858887","32.0338401794434","","34.0590705871582","","44.9349383737398","46.0370267359848","48.3541947961902","51.3204622995251","56.585316020488","60.0756978934749","63.9597887314782","65.1730012586897","68.4297525471377","70.5036415257376","69.0392878312341","65.6604297418292","77.6545363578366","80.8235371900826","",
"Cote d'Ivoire","CIV","Trained teachers in preprimary education, female (% of female teachers)","SE.PRE.TCAQ.FE.ZS","","","","","","","","","","","","","","","","","","","","","","","","","","","","","","","","","","","","","","","","","87.6526489257812","90.8484802246094","","100","","","","100","100","100","","100","91.6490038151759","85.951370127364","89.0158172231986","100","100","100","100","100","100","100","100","100","100","",
"Cote d'Ivoire","CIV","Pupil-teacher ratio, preprimary","SE.PRE.ENRL.TC.ZS","","","","","","","","","","","","","","","","","43.11111","43.23148","41.80992","41.96923","36.19643","35.14525","","30.90129","32.57826","","","","","","","","","","","21.50839","","","18.50954","22.5019","21.99718","20.22957","21.18264","22.32538","","","16.49447","17.04336","15.46104","17.34812","","18.9628","18.49686","20.71104","21.84952","22.09197","22.95188","22.91741","21.09542","","","","","","","",
"Cote d'Ivoire","CIV","Primary school age children out-of-school (%)","SE.LPV.PRIM.SD","","","","","","","","","","","","","","","","","","","","","","","","","","","","","","","","","","","","","","","","","","","","","","","","","","","","","","","8.69999694824218","","","","","8.69999694824218","","","","","","",
"Cote d'Ivoire","CIV","Pupils below minimum reading proficiency at end of primary (%). Low GAML threshold","SE.LPV.PRIM.LD","","","","","","","","","","","","","","","","","","","","","","","","","","","","","","","","","","","","","","","","","","","","","","","","","","","","","","","77.6267852783203","","","","","77.9686965942382","","","","","","",
"Cote d'Ivoire","CIV","School enrollment, secondary (gross), gender parity index (GPI)","SE.ENR.SECO.FM.ZS","","","","","","","","","","","","0.283609986305237","0.305079996585846","0.303149998188019","0.314999997615814","","","","","","","0.436699986457825","","0.42059999704361","0.433099985122681","","","","","","","","","","","","","","","0.539070010185242","","","","","","","","","","","","0.676990568637848","","0.662658989429474","0.6910799741745","0.703029990196228","0.718529999256134","0.743610024452209","0.768459975719452","0.793129980564117","0.826719999313354","0.859139978885651","","","","",
"Cote d'Ivoire","CIV","Literacy rate, adult total (% of people ages 15 and above)","SE.ADT.LITR.ZS","","","","","","","","","","","","","","","","","","","","","","","","","","","","","34.1399993896484","","","","","","","","","","36.3499984741211","","48.7400016784668","","","","","","","","","","","","","","43.9099998474121","","50.0400009155273","","","56.9592400560829","","50","","","","",
"Cote d'Ivoire","CIV","Literacy rate, youth male (% of males ages 15-24)","SE.ADT.1524.LT.MA.ZS","","","","","","","","","","","","","","","","","","","","","","","","","","","","","59.9300003051758","","","","","","","","","","54.4000015258789","","70.8399963378906","","","","","","","","","","","","","","59.1199989318848","","71.9899978637695","","","76.1289268799976","","76.1600036621094","82.1118012756757","","","",
"Cote d'Ivoire","CIV","Coverage of social insurance programs in richest quintile (% of population)","per_si_allsi.cov_q5_tot","","","","","","","","","","","","","","","","","","","","","","","","","","","","","","","","","","","","","","","","","","","17.5941510645746","","","","","","15.9494949425982","","","","","","","12.0492274963166","","","8.27368524019173","","","9.04289587981787","","","","",
"Cote d'Ivoire","CIV","Coverage of social insurance programs in poorest quintile (% of population)","per_si_allsi.cov_q1_tot","","","","","","","","","","","","","","","","","","","","","","","","","","","","","","","","","","","","","","","","","","","25.201346734447","","","","","","2.28044198051402","","","","","","","5.42580962788545","","","0.5883578843139","","","0.988883067746969","","","","",
"Cote d'Ivoire","CIV","Coverage of social safety net programs in richest quintile (% of population)","per_sa_allsa.cov_q5_tot","","","","","","","","","","","","","","","","","","","","","","","","","","","","","","","","","","","","","","","","","","","8.95366833651133","","","","","","15.9629623290459","","","","","","","11.4025057527754","","","5.75255347376018","","","3.84420476067897","","","","",
"Cote d'Ivoire","CIV","Coverage of social safety net programs in poorest quintile (% of population)","per_sa_allsa.cov_q1_tot","","","","","","","","","","","","","","","","","","","","","","","","","","","","","","","","","","","","","","","","","","","3.25496781260865","","","","","","28.5586885990668","","","","","","","36.4649803516749","","","3.81304246898361","","","3.41023645639077","","","","",
"Cote d'Ivoire","CIV","Coverage of unemployment benefits and ALMP in richest quintile (% of population)","per_lm_alllm.cov_q5_tot","","","","","","","","","","","","","","","","","","","","","","","","","","","","","","","","","","","","","","","","","","","","","","","","","","","","","","","","","","","","","","4.26686595837608","","","","",
"Cote d'Ivoire","CIV","Coverage of unemployment benefits and ALMP in poorest quintile (% of population)","per_lm_alllm.cov_q1_tot","","","","","","","","","","","","","","","","","","","","","","","","","","","","","","","","","","","","","","","","","","","","","","","","","","","","","","","","","","","","","","0.592086405690713","","","","",
"Cote d'Ivoire","CIV","Coverage of social protection and labor programs (% of population)","per_allsp.cov_pop_tot","","","","","","","","","","","","","","","","","","","","","","","","","","","","","","","","","","","","","","","","","","","25.3007908826839","","","","","","32.3991555762045","","","","","","","32.8626697977589","","","9.04980265746691","","","9.00098240137307","","","","",
"Cote d'Ivoire","CIV","Price level index (Households and NPISHs Final consumption expenditure)","PA.NUS.PRVT.PLI","","","","","","","","","","","","","","","","","","","","","","","","","","","","","","","61.439711890037","57.8446695582993","62.3700880603563","57.8560223314635","36.2580176788458","44.8372497046884","43.5586088426496","38.8044889214422","39.5477606776156","37.3430333533718","32.1087560804829","31.6008546739342","33.8528090694575","40.9036200873913","44.4463301527797","44.665044115319","44.7468782681165","48.3847450131748","53.1598852430067","51.1095587854734","48.3810816039508","51.6629328498148","45.9750999458914","49.0996778895118","48.808311798938","41.1448386146766","40.8873556478975","41.7914703111835","42.9853556426814","39.6151527615474","40.9432664277256","43.0165495837638","37.2617247034035","38.4109599195624","38.6121751620848","39.2242338681703",
"Cote d'Ivoire","CIV","DEC alternative conversion factor (LCU per US$)","PA.NUS.ATLS","245.195101","245.260102","245.013851","245.016351","245.027184","245.060934","245.678437","246.000938","247.564694","259.960574","276.403137","275.356457","252.027627","222.889183","240.704668","214.3129","238.950494","245.679687","225.65586","212.721644","211.279555","271.731453","328.606253","381.066036","436.956666","449.262963","346.305904","300.536562","297.848219","319.008299","272.264788","282.106909","264.691801","283.162579","555.204696","499.148426","511.55243","583.669372","589.951775","615.6991","710.207977","732.397693","693.713227","579.897426","527.338032","527.258363","522.425625","478.633718","446.000041","470.293423","494.794262","471.248626","510.556338","493.899624","493.75733","591.211698","592.605615","580.65675","555.446458","585.911013","575.586005","554.530675","623.759701","606.56975","606.345298","581.928481",
"Cote d'Ivoire","CIV","Net secondary income (Net current transfers from abroad) (current US$)","NY.TRF.NCTR.CD","","","","","","","","","","","","","","","","","","","","","","","","","","","","","","","","","","","","","","-380439698.658713","-393589798.081377","-385746839.324599","-330888989.719134","-310623589.034162","-464185851.396488","-487672452.61061","-466304315.407314","-461751282.454291","-531278029.671688","-343289138.898484","-332244873.941615","-98871927.026715","-439749639.214692","-533852000.875648","-520666901.602542","-439536378.549663","-294556153.728391","-246002070.480006","-343779303.71112","-423796259.838536","-540327507.138411","-527820190.162563","-586805441.873105","-676481963.779551","-357247774.652245","-252476047.148741","-107925302.984703","-506952331.1405",
"Cote d'Ivoire","CIV","Changes in inventories (current LCU)","NE.GDI.STKB.CN","","","","","","1300000000","5499998200","1600000000","1500000000","7800001000","7400002000","3600000000","3100000000","7700000800","19100000300","3400000000","8899999700","23099998200","1800011800","16800022500","46899998700","35999998000","37900001300","17999999000","-39300001800","36999999500","7800000000","16600000500","35599999000","-44000002000","-53299998700","-35999998000","-46599999500","14000000000","99999998000","105000001500","-570768992600","-157910729900","239173195000","-539073247600","-55295496900","-137946995700","-430267444500","138592781700","151870953100","13265234000","-8296005600","-408957073300","313437302600","-217474611000","169039218000","-216725863300","618778415000","460104101300","34820898400","-46536000000","-29289000000","-333353000000","-69485000000","-66056000000","507213000000","1016493000000","2298555000000","1931392000000","606307940300","-431114870500",
"Cote d'Ivoire","CIV","Gross fixed capital formation (annual % growth)","NE.GDI.FTOT.KD.ZG","","","","","","","","","","","","","","","","","","","","","","","","","","","","","","","","","","","","","","5.49222070516093","8.65522065720359","5.69460338837568","-16.1848881884065","-3.9779490635471","5.43941323685091","-16.9841689528486","10.6985784263459","2.42899450037804","12.8335638892044","20.9507849821639","9.68876361616449","4.56156272128754","41.0122326358686","-19.8463145875405","-1.89626759773104","40.4062685715954","18.3389457106567","16.0268940444475","9.30742713882795","1.2269938646789","6.87022900746064","6.91717102629272","3.78073732189372","14.8752186215697","13.1735480936057","2.94378540830316","6.39830652135691","10.5383868369886",
"Cote d'Ivoire","CIV","Gross fixed capital formation, private sector (% of GDP)","NE.GDI.FPRV.ZS","","","","","","14.6850088858298","12.9173296736025","11.8618650437035","11.2862539998076","10.9352921274754","13.4228186901825","13.3424801372622","14.0956877196239","15.0420181817266","13.0987830999467","12.8220481935093","12.7378812553022","15.0597711561136","16.3114183989607","13.8001949854958","12.9596733636444","13.8613950432831","12.1800856893859","10.6389591586289","8.58337545420536","8.02603019813682","7.92981643643033","6.69259474668811","6.77037400388502","5.94340284352881","4.91799153771647","5.12830400670581","4.68141337416927","","","","","","","","","","","","","","","","","","","","","","","18.5776113865695","18.0013665561033","16.1847603706025","16.5322801075232","17.2731153560206","14.9365358296155","15.3762496110981","14.0606594211416","12.8992015621822","12.4150259885216","12.6708386149123",
"Cote d'Ivoire","CIV","Exports of goods and services (annual % growth)","NE.EXP.GNFS.KD.ZG","","","","","","","","","","","","","","","","","","","","","","","","","","","","","","","","","","","","","","8.5885253468107","3.30871692658728","6.82312964566316","-7.00035920483238","-6.32938061134884","3.54301378361217","-13.057268170666","12.3510604431258","5.62160348018381","5.72222556936606","-8.42344993178071","-5.62579357135303","18.8242699719747","-9.05452775227047","0.326099921708462","10.4649545221505","-12.8379444161883","5.74837281098459","1.66284006131256","-0.836820083682014","17.5401816904859","-3.71760771701165","10.2834756683825","-4.60559394978887","10.5159410494134","4.99207739662157","6.59133643743371","25.1455520401354","12.3171383462691",
"Cote d'Ivoire","CIV","Gross national expenditure (% of GDP)","NE.DAB.TOTL.ZS","87.6345296094411","92.6124104317561","89.6555144897274","88.4343046060533","88.5391738047679","93.3008010908735","92.2893449549907","92.5675637212382","87.2950773060386","90.307998366724","93.3383077304195","96.217309381479","95.4945317864631","97.4780889211239","92.6792961754135","99.8562075680556","94.5062833342412","93.7045224781556","100.914289296907","103.059281829449","106.177031031782","107.109194752465","102.903566934013","98.7604571364817","86.4793493741344","85.6226887918112","90.6855393116724","96.1902700482194","97.4020145339097","97.0218748729971","95.421747385822","96.974371392245","97.7439785710407","96.4636171494155","88.7818514483327","92.6837505443469","96.6946765972076","97.6823882533105","99.2849262963313","98.4185594242635","99.3838745049428","98.1744754598086","93.1796253516284","95.7780338706247","97.8357185727079","99.0629755937523","98.0085165930959","100.449036895797","99.9132831528853","95.8474211366704","100.473790901328","94.1531503560511","100.336108518664","100.031873935698","97.3665000315125","98.0050222312944","97.6818534547233","97.6649342687196","100.64910887657","99.3395913389645","99.9556948504532","100.521497102363","104.331670388889","103.946325808905","99.2089623228469","94.9871155237336",
"Cote d'Ivoire","CIV","Gross national expenditure (current US$)","NE.DAB.TOTL.CD","478662919.941455","572572184.203038","578533114.84827","673026797.301377","815501859.581425","858153924.688788","945137839.671294","1002435183.39755","1118495481.02364","1229417231.55297","1358523010.54022","1524205828.95574","1766076254.41","2445161268.32409","2845395551.6974","3888240144.20037","4405933796.8977","5870652229.78732","7972759964.66478","9422642084.31936","10804168666.4855","9032079184.0759","7786826977.39169","6753422541.17866","5916605107.2442","5974452095.88755","8305255650.79595","9703342071.23857","9988741984.72209","9466822746.51419","10301589271.2502","10175160608.7038","10901357852.0326","10655139915.5748","7380930278.73093","10195348125.1687","17473842786.9456","17629285712.6312","19479359763.7705","18572558923.8315","16475395479.1189","16503656564.7675","16823006737.9125","20354512470.2795","23001740658.4473","23811686908.4161","24777938113.2003","28889234372.9532","34048688717.7214","32479636605.7197","35101833028.5326","34548284702.0545","36424318009.7394","42773864854.5722","47556725076.2637","44901006001.407","47285598196.7029","51286146247.3312","58902352384.791","59984120830.9904","62999928220.9789","73174258574.6046","73994967815.3382","83968166892.5956","86424081080.4473","94772022582.7888",
"Cote d'Ivoire","CIV","Final consumption expenditure (annual % growth)","NE.CON.TOTL.KD.ZG","","","","","","","","","","","","","","","","","","","","","","","","","","","","","","","","","","","","","","6.01440230329777","1.05928231348045","6.20078978923024","-2.03633816742527","1.3339234437459","-3.42051614980882","-3.14503793676457","1.61711349313727","1.89775175175448","0.353515379049412","4.32461075254918","-1.66940265038029","2.41056981083787","3.68459783616903","-6.58176700838203","13.5003526993929","4.92053083788815","9.13730290575484","9.25855676835879","6.17485527687704","6.41145638349076","5.86377603240662","5.4325631071205","1.42684579592472","5.37687554624378","4.50390752288772","9.70147034768283","2.77140434543573","5.99655975051681",
"Cote d'Ivoire","CIV","Households and NPISHs final consumption expenditure (% of GDP)","NE.CON.PRVT.ZS","62.9714684808433","63.9000311382923","66.2971353120809","61.2267944104474","56.6644679673719","60.6477393448618","59.7376801854617","61.8243214822509","58.2597723219724","58.5758688519345","57.2706920175435","58.4823443442083","59.0216716556898","58.5405094175583","54.4654936121574","60.4194194284026","55.3321357190999","52.7481818363663","54.8631364433506","56.902663892122","62.7843183043571","63.5550326817381","62.3220491749564","63.489138898291","59.6654982807452","58.5842794048707","63.493992484986","67.5785850338598","67.6489358177146","69.8636406002633","71.9331970835562","73.2551160720527","73.3782698522922","71.196147577727","63.0420231089436","66.4770608124796","","","","","","","","","","","","","","","","","","","","65.2689967613597","64.6222566260733","66.5788896218036","68.3489743449099","66.5220102443249","66.8911969943175","66.983520566215","67.3773220883026","70.1396633621975","69.0801659120547","66.9761536148139",
"Cote d'Ivoire","CIV","Households and NPISHs Final consumption expenditure per capita (constant 2015 US$)","NE.CON.PRVT.PC.KD","","","","","","","","","","","","","","","","","","","","","","","","","","","","","","","","","","","","","","","","","","","","","","","","","933.527278325631","947.434227417768","969.542493109341","908.562156322187","975.334214846241","996.443593645028","1071.97159680623","1184.44859220177","1224.36703092235","1261.37703507857","1301.10971756233","1324.83846412782","1310.10396288449","1345.469184039","1372.0627457523","1474.61017815956","1475.41309548405","1531.61254718647",
"Cote d'Ivoire","CIV","Households and NPISHs final consumption expenditure: linked series (current LCU)","NE.CON.PRVT.CN.AD","","","","","","","","","","","","","","","","","","","","","","","","","","","","","","","3144869949093.45","3225232058253.13","3221985078832.18","3312172542206.48","4328078835366.4","5429063984792.7","","","","","","","","","","","","","","","","","","","","17679000000000","18538000000000","20301000000000","22217588000000","23534824000000","24266754999999.9","27039143300199.9","29806918763999.9","34367659302800.1","36488604103100.1","38887073906899.8",
"Cote d'Ivoire","CIV","Households and NPISHs Final consumption expenditure per capita, PPP (current international $)","NE.CON.PCAP.PP.CD","","","","","","","","","","","","","","","","","","","","","","","","","","","","","","","1542.29072248093","1558.23200002326","1478.50415120169","1471.87113504917","1504.84171282062","1632.92829666049","","","","","","","","","","","","","","","","","","","","2878.7294642086","2943.82341213472","3129.3674410195","3388.18922481221","3596.47071805181","3561.14003485218","3824.34839452674","4219.24400275477","4733.01412905361","4880.41236485524","5208.10941244386",
"Cote d'Ivoire","CIV","General government final consumption expenditure (constant 2015 US$)","NE.CON.GOVT.KD","","","","","","","","","","","","","","","","","","","","","","","","","","","","","","","","","","","","","","","","","","","","","","","","","3369055333.15133","3528060843.42072","3672938902.20508","3285422060.27597","4455241686.0101","3689839238.45604","4065111466.69302","4282729872.50668","4470442162.36729","4908008409.29574","5157249334.55204","5787059069.48465","5871662706.58073","6230297961.35511","6480289217.31852","6885092767.19608","7199654789.73839","7458842362.06407",
"Cote d'Ivoire","CIV","Military expenditure (% of general government expenditure)","MS.MIL.XPND.ZS","","","","","","","","","","","","","","","","","","","","","","","","","","","","","","","","","","","","","","3.80430692034288","","","","","","7.94302579237778","8.11390079608083","7.78177953592726","7.51370525636891","7.75383692446133","7.55130959455136","8.70091244077908","7.79155169615322","7.63088341781318","6.81856726444505","6.27478142722117","7.01849128540305","7.53762863534676","7.08640996153389","5.33371364410156","5.91783893628576","5.16147853527053","4.72826675327487","4.28374188547621","3.91794171503057","4.02541004338775","3.6638316320556","",
"Cote d'Ivoire","CIV","Armed forces personnel (% of total labor force)","MS.MIL.TOTL.TF.ZS","","","","","","","","","","","","","","","","","","","","","","","","","","","","","","","0.35917983439894","0.344143571191604","0.32954799855614","0.315613394632468","0.302365038860963","0.289771024867956","0.27783602043984","0.26655971106349","0.25605506208055","0.246985134788021","","","","","0.258828719519683","0.266352090828867","","0.25313932735285","0.244492453611739","0.228821124667546","","","","","0.262214639674082","0.25603820008013","0.249668764450204","0.265216423969082","0.26087085066796","1.27342847047746","0.248864234329088","","","","","",
"Cote d'Ivoire","CIV","Logistics performance index: Frequency with which shipments reach consignee within scheduled or expected time (1=low to 5=high)","LP.LPI.TIME.XQ","","","","","","","","","","","","","","","","","","","","","","","","","","","","","","","","","","","","","","","","","","","","","","","","3.25","","","2.73","","3.36","","3.31321","","2.706679","","3.23","","","","","","","",
"Cote d'Ivoire","CIV","Logistics performance index: Quality of trade and transport-related infrastructure (1=low to 5=high)","LP.LPI.INFR.XQ","","","","","","","","","","","","","","","","","","","","","","","","","","","","","","","","","","","","","","","","","","","","","","","","2.22","","","2.37","","2.31","","2.40873","","2.463248","","2.89","","","","","","","",
"Cote d'Ivoire","CIV","Individuals using the Internet (% of population)","IT.NET.USER.ZS","","","","","","","","","","","","","","","","","","","","","","","","","","","","","","","0","","","","","0.0002","0.00841","0.0188","0.061","0.119","0.231461670612799","0.395747702246439","0.497929360753307","0.758669629452205","0.849282414747704","1.039199948","1.52489996","1.799999952","1.899999976","2","2.700000048","2.900000095","4.400000095","6.599999905","10","38.4400001654616","41.2078149304414","43.8399208514876","37.5465361301281","36.2889545655205","36.01660156","35.95069885","38.41328122","40.65284979","41.43219902","",
"Cote d'Ivoire","CIV","Secure Internet servers","IT.NET.SECR","","","","","","","","","","","","","","","","","","","","","","","","","","","","","","","","","","","","","","","","","","","","","","","","","","","11","14","39","54","78","117","144","212","292","1145","1493","1673","2001","1977","1940","",
"Cote d'Ivoire","CIV","Fixed telephone subscriptions","IT.MLT.MAIN","3690","3690","3690","3690","3690","8600","8600","8600","8600","8600","17000","17000","17000","17000","17000","24022","26206","27696","30521","32656","37465","42590","47025","50970","51739","57088","61111","63640","66663","68375","72753","81284","83869","90165","103268","115790","129808","142322","170001","219283","263667","293568","324839","238000","257932","258515","270573","247573","356502","282070","283343","276494","276135","272145","242684","277248","289108","305562","302398","271724","263786","265383","263308","244387","244702","",
"Cote d'Ivoire","CIV","Liner shipping connectivity index (maximum value in 2004 = 100)","IS.SHP.GCNW.XQ","","","","","","","","","","","","","","","","","","","","","","","","","","","","","","","","","","","","","","","","","","","","","","","17.0312079416","16.2631013574","19.9860895975","19.3033930144","19.9469291655","19.959116331","19.5016811904","21.3572389453","22.4579503436","21.5692586524","20.6383670749","18.9750549279","19.605379262","19.9702011986","19.9814975669","19.2845020632","","","","",
"Cote d'Ivoire","CIV","Air transport, passengers carried","IS.AIR.PSGR","","","","","","","","","","","108700","51000","47900","51600","56500","95000","113700","120400","132200","137300","151100","379100","382300","388500","397700","182700","184900","183400","190700","218200","200200","177700","195100","186200","156900","174700","178700","157600","162400","259600","107979","46364","","","","","","","","","516085","89791.8677663574","39485.4722019258","234996","237120","642893","667062","808471","825257","748540","322841","569309","617913","716233","","",
"Cote d'Ivoire","CIV","Statistical performance indicators (SPI): Pillar 4 data sources score (scale 0-100)","IQ.SPI.PIL4","","","","","","","","","","","","","","","","","","","","","","","","","","","","","","","","","","","","","","","","","","","","","","","","","","","","","","","","32.7166666666667","36.0416666666667","35.7916666666667","37.1666666666667","35.5166666666667","35.1416666666667","45.125","42.7","42.7","43.375","",
"Cote d'Ivoire","CIV","Statistical performance indicators (SPI): Overall score (scale 0-100)","IQ.SPI.OVRL","","","","","","","","","","","","","","","","","","","","","","","","","","","","","","","","","","","","","","","","","","","","","","","","","","","","","","","","","46.9166666666667","52.155","53.2783333333333","51.7783333333333","56.7991666666667","66.6858333333333","63.75375","64.88625","70.20125","",
"Cote d'Ivoire","CIV","CPIA policies for social inclusion/equity cluster average (1=low to 6=high)","IQ.CPA.SOCI.XQ","","","","","","","","","","","","","","","","","","","","","","","","","","","","","","","","","","","","","","","","","","","","","","2.3","2.3","2.3","2.3","2.4","2.4","2.6","2.8","2.9","2.9","3","3.2","3.3","3.4","3.5","3.5","3.6","3.7","3.7","3.8","4",
"Cote d'Ivoire","CIV","CPIA property rights and rule-based governance rating (1=low to 6=high)","IQ.CPA.PROP.XQ","","","","","","","","","","","","","","","","","","","","","","","","","","","","","","","","","","","","","","","","","","","","","","2","2","2","2","2","2","2","2.5","3","3","3","3","3","3.5","3.5","3.5","3.5","3.5","3.5","3.5","3.5",
"Cote d'Ivoire","CIV","IDA resource allocation index (1=low to 6=high)","IQ.CPA.IRAI.XQ","","","","","","","","","","","","","","","","","","","","","","","","","","","","","","","","","","","","","","","","","","","","","","2.49166666666667","2.45","2.55","2.7","2.79166666666667","2.7","2.86666666666667","3.06666666666667","3.18333333333333","3.25","3.275","3.35","3.375","3.46666666666667","3.5","3.58333333333333","3.608333","3.741667","3.808333","3.9","3.95",
"Cote d'Ivoire","CIV","CPIA financial sector rating (1=low to 6=high)","IQ.CPA.FINS.XQ","","","","","","","","","","","","","","","","","","","","","","","","","","","","","","","","","","","","","","","","","","","","","","3","3","3","3","3","3","3","3","3","3","3","3","3","3","3","3","3","3.5","3.5","3.5","3.5",
"Cote d'Ivoire","CIV","CPIA debt policy rating (1=low to 6=high)","IQ.CPA.DEBT.XQ","","","","","","","","","","","","","","","","","","","","","","","","","","","","","","","","","","","","","","","","","","","","","","1.5","1","1.5","2","2.5","2","2","2.5","3","3.5","3.5","3.5","3.5","3.5","3.5","4","4","4","4","4.5","4.5",
"Cote d'Ivoire","CIV","WBL: Enforcement Perceptions Index (scale 0-100)","GD_WBL_OVL_ENF","","","","","","","","","","","","","","","","","","","","","","","","","","","","","","","","","","","","","","","","","","","","","","","","","","","","","","","","","","","","","","","","","","65.65",
"Cote d'Ivoire","CIV","Expense (current LCU)","GC.XPN.TOTL.CN","","","","","","","","","","","","","","","","","","","","","","","","","","","","","","","","","","","","","","","","","","1021172000000","1137558000000","1271700000000","1253100000000","1334300000000","1288100000000","1467600000000","1674900000000","1669960000000","1836710000000","1661720000000","2098380000000","2097270000000","2222664103672","3644359955027","3844074726537","4557649286325.74","4790437981338","4821135179646.56","5816105728910.04","6611024658427.82","8145961337415.06","8761605105072.86","","",
"Cote d'Ivoire","CIV","Interest payments (% of revenue)","GC.XPN.INTP.RV.ZS","","","","","","","","","","","","","","","","","","","","","","","","","","","","","","","","","","","","30.1502240182729","","","","","","20.5713349655741","19.7671999749068","16.8678427731353","13.2862140358392","12.2205354678443","8.83136708759056","9.67291351414271","9.05015647466802","7.80661219079225","9.25663059218047","14.3261326955999","10.0141879952363","8.02864127753106","4.80665873338642","8.321598320938","9.84588005505329","9.70179628760793","10.4969074239999","11.557699922265","14.4709512967797","14.8113398704174","17.4439105528207","18.0465156613231","","",
"Cote d'Ivoire","CIV","Compensation of employees (% of expense)","GC.XPN.COMP.ZS","","","","","","","","","","","","","","","","","","","","","","","","","","","","","","","","","","","","","","","","","","47.4041591426322","46.0220929394369","42.415664071715","43.5559811667066","42.2243873191936","45.7573169784955","43.6358680839466","42.4920890799451","44.6118469903471","43.5820026024794","43.316563560648","44.5426471849713","49.5358251441159","53.2379138190563","33.3963443518022","33.2763822505699","30.3309656724473","30.9738836722101","32.376192366264","28.722827229502","25.6284023663425","22.4554466223438","23.3390797174372","","",
"Cote d'Ivoire","CIV","Taxes on income, profits and capital gains (current LCU)","GC.TAX.YPKG.CN","","","","","","","","","","","","","","","","","","","","","","","","","","","","","","","105706000000","","","","","173200000000","","","","","","140600000000","136200000000","247100000000","249000000000","325600000000","380540000000","428800000000","491000000000","424736000000","423500000000","347000000000","497533000000","611471000000","635527378048","751304506763.985","811393376427.873","905532774701.01","1047241206428.41","1071175068857.84","1113803079171.4","1284557465325.24","1542117207718.3","1841413413515.21","","",
"Cote d'Ivoire","CIV","Other taxes (current LCU)","GC.TAX.OTHR.CN","","","","","","","","","","","","","","","","","","","","","","","","","","","","","","","61792000000","","","","","32400000000","","","","","","186000000000","194425700000","44700000000","42200000000","6100000000","4400000000","32700000000","30250000000","7600000000","7700000000","5900000000","9400000000","12263795311","12900000000","144687637432.97","159776960250","165521210677.485","189381380869.969","241699172633.879","237256596787","294218928824.067","306751208248.908","352516069836.4","","",
"Cote d'Ivoire","CIV","Customs and other import duties (current LCU)","GC.TAX.IMPT.CN","","","","","","","","","","","","","","","","","","","","","","","","","","","","","","","166369000000","","","","","350700000000","","","","","","355500000000","375900000000","348800000000","368700000000","347200000000","408600000000","479800000000","498700000000","515800000000","654600000000","399200000000","670600000000","752217000000","840278649888.3","440162231667","448171027566","485538680272","524717640889","540511126267","508731155194","666996047648","721391532673","756488280683","","",
"Cote d'Ivoire","CIV","Taxes on exports (% of tax revenue)","GC.TAX.EXPT.ZS","","","","","","","","","","","","","","","","","","","","","","","","","","","","","","","1.79429542878731","","","","","17.1682957514759","","","","","","16.736223490333","20.3601022356647","23.9391647760692","25.4551313033672","20.9958439897698","19.3720040459123","17.4431276392862","14.1334100832206","13.814861731877","13.3100737434724","17.3839984724079","12.2343425311066","13.9532906247357","14.1699294068282","16.0087094519918","16.2540165669458","16.7905056457108","12.995792926358","14.3512590126325","12.5627717873318","11.9951186478659","10.7049665415562","15.5789890120838","","",
"Cote d'Ivoire","CIV","Social contributions (% of revenue)","GC.REV.SOCL.ZS","","","","","","","","","","","","","","","","","","","","","","","","","","","","","","","","","","","","4.58578582096108","","","","","","","","","","","","","","","","","","","","","","","","","","","","","","",
"Cote d'Ivoire","CIV","Net lending (+) / net borrowing (-) (% of GDP)","GC.NLD.TOTL.GD.ZS","","","","","","","","","","","","","","","","","","","","","","","","","","","","","","","","","","","","","","","","","","","","-1.58229932668928","-0.910629225678182","-0.942110957994383","-0.254095008232203","0.00944386580704215","0.228371841631444","1.17339516526045","-0.46235498995938","-2.38915293632125","-2.07565718727491","-1.65405857054842","-1.34771878686149","-2.42681239141979","-3.2454466398819","-3.48307773325613","-3.31011549239929","-2.6049166911198","-5.85448737519868","-5.4486863849521","-7.17873716123988","-5.41192193364071","","",
"Cote d'Ivoire","CIV","Net incurrence of liabilities, total (% of GDP)","GC.LBL.TOTL.GD.ZS","","","","","","","","","","","","","","","","","","","","","","","","","","","","","","","","","","","","2.64811133731589","","","","","","","","2.1365098088066","1.02355047598371","1.12911288181739","","0.617483533537372","-0.00460559749760919","-0.254438399982777","1.71213192843624","4.04337629227774","1.31969410994224","2.60565895695559","2.84553057427572","3.20456412630014","2.83801443811387","4.34026916945484","3.56326076571381","3.08919256539146","7.47222124353187","5.07027648999497","7.43092372145049","4.95011349689836","","",
"Cote d'Ivoire","CIV","Net acquisition of financial assets (% of GDP)","GC.AST.TOTL.GD.ZS","","","","","","","","","","","","","","","","","","","","","","","","","","","","","","","","","","","","-0.637440830853206","","","","","","","","0.507958655644866","-0.0903370002444255","0.198048450968668","","0.213576657482338","0.175670647408803","0.186887449452118","0.788625214594145","1.05180698667801","-0.260521770159611","0.924999080891276","0.662966535529496","0.830613422612195","-0.386356497961722","0.865758533804356","0.228657586681492","0.456215988062185","1.63217494603672","-0.346118507337913","0.23725581370426","-0.44441815481349","","",
"Cote d'Ivoire","CIV","Account ownership at a financial institution or with a mobile-money-service provider, young adults (% of population ages 15-24)","FX.OWN.TOTL.YG.ZS","","","","","","","","","","","","","","","","","","","","","","","","","","","","","","","","","","","","","","","","","","","","","","","","","","","","","","","24.1007406741498","","","33.5828220056594","","","","39.9800899602096","","","48.6274745623548","",
"Cote d'Ivoire","CIV","Account ownership at a financial institution or with a mobile-money-service provider, male (% of population ages 15+)","FX.OWN.TOTL.MA.ZS","","","","","","","","","","","","","","","","","","","","","","","","","","","","","","","","","","","","","","","","","","","","","","","","","","","","","","","39.2024899755814","","","46.5971047415742","","","","64.0095413479943","","","61.2027446506055","",
"Cote d'Ivoire","CIV","Domestic credit to private sector (% of GDP)","FS.AST.PRVT.GD.ZS","","","18.7092473906762","19.5957497224281","20.9716569487532","19.8447208138465","19.145469386494","20.5593088385444","20.6525846510132","22.3368181019737","23.0375335771959","25.5272802561291","28.5153403861464","31.3664817167896","32.9824090040116","35.0533266466784","34.9174127000241","39.0560033265717","38.7401827568587","40.4092766963627","40.7618966548432","41.7631157551195","41.1119610634531","42.2637967195917","36.4147866000749","34.0508676452859","33.863676846309","37.9390668175877","37.6578524090097","35.5477941080379","36.4950145398956","36.0103415445764","32.0594486300766","28.6558246270457","18.5220671351368","18.5046323094816","11.2356453697633","11.1012819475022","10.2523357926723","9.47189015365766","9.76197487157275","9.44431281617057","9.64154520466675","9.0256564857585","9.4830301198372","8.85463546639548","10.149368807964","12.1552083745954","12.0323122094594","12.6992828688009","13.0878719593805","13.168148828706","13.6834555407143","14.3175686042922","14.6906998099912","16.7417116291801","17.6694307998743","19.2505134817876","19.2748278273806","19.0476721988887","20.5738024943085","20.9963038205128","20.8539472820397","21.9036293631015","22.5184329531641","22.6767007239408",
"Cote d'Ivoire","CIV","Risk premium on lending (lending rate minus treasury bill rate, %)","FR.INR.RISK","","","","","","","","","","","","","","","","","","","","","","","","","","","","","","","","","","","","","","","","","","","","","","","","","","","","","","","","","","","","","","","","","","",
"Cote d'Ivoire","CIV","Deposit interest rate (%)","FR.INR.DPST","","","","","","","","","","","","","","","","","","","","","","","","","","","","","","","","","","","","","","","","","","","","","","7.6075","7.82166666666667","7.81333333333333","8.12416666666667","8.57916666666667","8.38666666666667","8.50083333333333","7.9925","7.65416666666667","7.25833333333333","6.99833333333333","6.925","","","","","","","","","",
"Cote d'Ivoire","CIV","Broad money growth (annual %)","FM.LBL.BMNY.ZG","","","","14.2857142857143","36.261013215859","-1.27298444130127","10.4175194433074","7.93327154772938","24.5749613601236","26.7162944582299","16.1662315056571","10.1329837048136","4.44727891156463","20.4184645444924","50.9093367588398","9.56498364768604","43.0119398102715","49.9614010007148","10.890579420008","-2.6564192500129","2.76600254345061","9.93950018906191","3.23458141170953","4.78692794620953","19.3800130067201","13.7273167483808","2.70906902962336","-3.58338583474445","1.4710118724893","-8.08023144819635","-2.57195184379589","0.115518092018689","-1.18546482317214","-1.36228574653462","46.7837521949597","18.0817630059379","3.92661506478793","8.18789335818749","6.01708131520131","-1.68265861398716","-1.75846295093394","4.55722942027382","29.7788097443809","-27.6793378368258","7.56792481095225","-0.176792556330689","13.1657096490292","32.1527289898297","8.01690586409246","21.1697848867048","19.1204121935271","11.0157964392722","4.85589316007314","11.340164416661","14.1777925634701","18.1546915307032","11.0384683432857","9.19340465385153","13.3967052428604","10.7609813744002","21.1007351049792","18.7449777034031","8.98298280676063","3.32639551187774","13.6451544091705","23.7619356051739",
"Cote d'Ivoire","CIV","Claims on private sector (annual growth as % of broad money)","FM.AST.PRVT.ZG.M3","","","","21.9005663939585","29.7081497797357","-5.25358658314811","7.04052394596807","12.2335495829472","18.4441009788769","18.6655638268542","14.8281114012185","17.4845476681026","18.3333333333333","34.5681022551494","46.2240551686837","21.8538595941042","39.4422636571802","60.6633309506791","17.0661023089096","16.3786729939306","15.9707503179313","13.8565191983775","10.213397952005","11.9665626798316","-1.83394753956211","-2.56563162036196","0.700946144237366","7.89625023331562","0.00548199176454351","-4.63543635783708","-3.89356688780401","-0.802842459511003","-14.1182272423682","-5.99575513507057","-5.01279943638357","13.3046814753202","1.582437410721","8.79716554985607","1.07511792807849","-5.0543592829401","2.91221052549918","0.817478958102446","2.60141871203113","-4.26410023520069","3.9244163718662","-3.07864894692467","12.5832822615215","16.9493367243786","5.99567579850638","6.96116775951496","7.02548893173452","0.36123297748232","5.77067277246596","10.356409513149","9.90262548729702","16.5701690562452","7.55141728572663","10.2002476158103","4.61459313818392","4.86834579501626","6.73051283980123","7.75763330364766","4.84256851668577","8.9284535108623","6.66195718181291","6.41757032602709",
"Cote d'Ivoire","CIV","Claims on other sectors of the domestic economy (annual growth as % of broad money)","FM.AST.DOMO.ZG.M3","","","","","","","","","","","","","","","","","","","","","","","","","","","","","","","","","","","","","","","","","","","1.83185508569603","-5.5323440377477","5.79152674363839","-4.44662003874678","16.205442104521","13.5817337578152","5.63469317209697","8.48484734355294","8.56033934078838","-0.34863279825684","5.58390398878035","10.2866505126401","11.6504638201055","18.0075386832985","9.1360034553833","10.3574182349735","8.26525218752898","4.38247909443296","6.38063404284236","7.78631634046749","4.30835337467123","9.42753447646097","7.5181533034449","8.55169775405176",
"Cote d'Ivoire","CIV","Total reserves (% of total external debt)","FI.RES.TOTL.DT.ZS","","","","","","","","","","","","","","","","","","","","","","","","","","","","","","","","","","","","","","","","","","","","","","","","","","","","","","","","","","","","","","","","","","",
"Cote d'Ivoire","CIV","Depositors with commercial banks (per 1,000 adults)","FB.CBK.DPTR.P3","","","","","","","","","","","","","","","","","","","","","","","","","","","","","","","","","","","","","","","","","","","","","72.1070944668365","74.5770469673414","67.5380822881141","68.9383155502532","75.4581872250683","94.6966209259141","116.844317374363","195.123130056769","162.597475587195","165.272646174658","180.955953511442","172.452333837545","193.916660926987","241.206546809652","239.118757535156","241.685272244461","221.771862524287","331.336881392391","312.237925984477","391.671258253655","410.159506195121","",
"Cote d'Ivoire","CIV","Automated teller machines (ATMs) (per 100,000 adults)","FB.ATM.TOTL.P5","","","","","","","","","","","","","","","","","","","","","","","","","","","","","","","","","","","","","","","","","","","","","","","","","","","","","","","6.77239050405362","6.35521410010168","6.54723862702604","6.50144889432502","8.25952319232404","7.56701619396788","6.92636135449243","6.86747369077225","7.02135031902308","7.02124864793153","7.04364240836221","",
"Cote d'Ivoire","CIV","Terrestrial protected areas (% of total land area)","ER.LND.PTLD.ZS","","","","","","","","","","","","","","","","","","","","","","","","","","","","","","","","","","","","","","","","","","","","","","","","","","","","","","22.9","22.9","22.9","22.9","22.9","22.9","23","23","23","23","23","22.8","22.9",
"Cote d'Ivoire","CIV","Annual freshwater withdrawals, total (billion cubic meters)","ER.H2O.FWTL.K3","","","","","","","","","","","","","","","","","","","","","","","","","","","","0.709","0.839333333","0.969666667","1.1","1.133","1.166","1.199","1.232","1.261466667","1.290933333","1.3204","1.349866667","1.379333333","1.4088","1.43688","1.46496","1.49304","1.52112","1.5492","1.506177778","1.462111111","1.418566667","1.375805556","1.333044444","1.290283333","1.248044444","1.205022222","1.162","1.162","1.162","1.162","1.162","1.162","1.162","1.162","1.162","","","",
"Cote d'Ivoire","CIV","Annual freshwater withdrawals, agriculture (% of total freshwater withdrawal)","ER.H2O.FWAG.ZS","","","","","","","","","","","","","","","","","","","","","","","","","","","","66.99576869","66.99576869","66.99576869","66.99576869","66.43557738","65.90709501","65.40770341","64.93506494","60.77581651","56.80644495","53.01423811","49.38759384","45.9159014","42.58943782","41.69172095","40.82841852","39.99758881","39.19743347","38.42628453","39.52388681","40.71509993","41.96489414","43.32613217","44.77470119","46.31928388","47.94968128","49.72660716","51.63511188","51.63511188","51.63511188","51.63511188","51.63511188","51.63511188","51.63511188","51.63511188","51.63511188","","","",
"Cote d'Ivoire","CIV","Aquaculture production (metric tons)","ER.FSH.AQUA.MT","0","0","0","0","0","0","0","0","0","0","0","0","0","0","0","0","0","0","0","0","0","0","0","0","21","60","213","229","170","168","100","253","306","351","117","386","1128","450","862","1000","1197","1025","806","866","866","866","866","1290","1290","1340","1700","3394","3720","3720","3750","4000","4392","4420","4550","4580","5650","7170","7957","8806","9636","",
"Cote d'Ivoire","CIV","Population in largest city","EN.URB.LCTY","191849","208607","226856","246700","276555","309925","347377","389354","436472","489139","548246","614497","688861","771982","865269","966025","1058136","1158740","1269067","1325017","1383516","1444425","1508106","1574595","1644112","1716495","1792171","1871183","1950508","2024809","2102049","2182236","2265598","2351902","2441619","2534759","2631588","2731834","2836045","2926232","3007498","3090788","3176505","3264599","3355262","3448183","3543811","3642091","3743238","3846904","3953590","4063235","4176077","4291730","4410752","4533075","4658790","4787992","4920776","5058550","5202762","5354826","5515790","5686350","5866704","6056877",
"Cote d'Ivoire","CIV","Rural population living in areas where elevation is below 5 meters (% of total population)","EN.POP.EL5M.RU.ZS","","","","","","","","","","","","","","","","","","","","","","","","","","","","","","","0.750229057102414","","","","","","","","","","0.614692477134796","","","","","","","","","","","","","","","0.546220265402917","","","","","","","","","","",
"Cote d'Ivoire","CIV","Total greenhouse gas emissions excluding LULUCF (% change from 1990)","EN.GHG.TOT.ZG.AR5","","","","","","","","","","","","","","","","","","","","","","","","","","","","","","","","3.18185477378845","4.5222186443407","6.83364192561584","15.5319191756561","21.6490903236194","35.241909515376","48.0991386250201","45.8772741909516","65.1787151827403","64.266019964579","66.3580743841571","74.1859201416841","59.5093382708099","67.6350426662373","77.0628723232974","78.5964417968121","82.7312429560457","91.3751811302528","85.3244244083078","99.4475527290291","105.728747383674","131.696787956851","144.922315247142","154.455804218322","165.407140557076","176.747906939301","186.038882627596","180.817299951699","199.977861857994","203.298583158912","252.762236354854","267.501207535019","269.594268233779","282.654765738206","",
"Cote d'Ivoire","CIV","Nitrous oxide (N2O) emissions from Power Industry (Energy) (Mt CO2e)","EN.GHG.N2O.PI.MT.CE.AR5","","","","","","","","","","","0.0007","0.0007","0.0007","0.001","0.0009","0.0008","0.001","0.0013","0.0016","0.0011","0.0005","0.0002","0.0003","0.0013","0.0018","0.001","0.0012","0.0014","0.0013","0.0008","0.0007","0.0008","0.0008","0.0012","0.0014","0.0014","0.0008","0.0011","0.0014","0.0013","0.0009","0.0009","0.001","0.0009","0.0026","0.0029","0.0028","0.0029","0.0031","0.0027","0.0029","0.0027","0.0034","0.0033","0.0036","0.004","0.0037","0.0039","0.0067","0.0053","0.0061","0.0103","0.011","0.011","0.0112","",
"Cote d'Ivoire","CIV","Nitrous oxide (N2O) emissions from Fugitive Emissions (Energy) (Mt CO2e)","EN.GHG.N2O.FE.MT.CE.AR5","","","","","","","","","","","0.0113","0.0112","0.0115","0.0119","0.0122","0.0125","0.013","0.0132","0.0137","0.0141","0.0145","0.0149","0.0153","0.0157","0.0161","0.0166","0.0169","0.0173","0.0177","0.0182","0.0186","0.0193","0.02","0.0207","0.0213","0.0221","0.0234","0.0242","0.0245","0.0254","0.0262","0.027","0.0282","0.0271","0.034","0.0357","0.0362","0.0376","0.0382","0.0353","0.0372","0.0446","0.0462","0.0489","0.0501","0.0539","0.0586","0.0521","0.0444","0.0488","0.05","0.0505","0.0507","0.0514","0.0514","",
"Cote d'Ivoire","CIV","Carbon dioxide (CO2) emissions (total) excluding LULUCF (% change from 1990)","EN.GHG.CO2.ZG.AR5","","","","","","","","","","","","","","","","","","","","","","","","","","","","","","","","3.11900676289492","2.69169947175396","8.95662999226137","13.8790754012314","24.5920392988123","55.8527640388951","89.7311665152586","83.8666262911746","145.523367316039","134.420106995054","135.086302614313","148.558258470442","95.6327176070792","101.732781534942","115.184549645032","111.254668416271","109.780962955486","132.781534941624","115.716160290704","146.118905824165","138.161569260792","203.495844688941","229.766831533259","251.909424312775","279.024931866357","283.684936576831","314.858181084082","315.302311496921","343.565155950338","347.094646882675","478.735574173144","519.437434810403","503.108912889876","532.919484539551","",
"Cote d'Ivoire","CIV","Carbon intensity of GDP (kg CO2e per constant 2015 US$ of GDP)","EN.GHG.CO2.RT.GDP.KD","","","","","","","","","","","0.206541813686887","0.192434110389527","0.205187573921742","0.199236969592798","0.196188768394626","0.196832008871417","0.199202123886213","0.184111502482766","0.192087602093438","0.174977601327234","0.186937422449006","0.165317839878092","0.156829812270977","0.192087220793599","0.175957223992624","0.154300829050515","0.156048363724685","0.15281475897229","0.15278059896606","0.142579288097432","0.130658508390748","0.134678638639613","0.13444936388938","0.142926852706278","0.148181943876324","0.151337932113184","0.175726824671991","0.195100412590418","0.181337835635803","0.239353664909416","0.229138441794172","0.234848288993332","0.255277011522169","0.210887088171315","0.210750323398082","0.222586285965917","0.212537079491813","0.208755136756176","0.221070187591255","0.197738235398901","0.211147697729541","0.215916718133939","0.255665829510749","0.25080900575438","0.24471517386339","0.245880142507484","0.232244807725647","0.233788488785645","0.22322753760911","0.223403228395319","0.223616163299657","0.270362447640959","0.271970929552309","0.248406855879033","0.24588407584268","",
"Cote d'Ivoire","CIV","Carbon dioxide (CO2) net fluxes from LULUCF - Organic Soil (Mt CO2e)","EN.GHG.CO2.LU.OS.MT.CE.AR5","","","","","","","","","","","","","","","","","","","","","","","","","","","","","","","","","","","","","","","","","0","0","0","0","0","0","0","0","0","0","0","0","0","0","0","0","0","0","0","0","0","","","","","",
"Cote d'Ivoire","CIV","Carbon dioxide (CO2) net fluxes from LULUCF - Deforestation (Mt CO2e)","EN.GHG.CO2.LU.DF.MT.CE.AR5","","","","","","","","","","","","","","","","","","","","","","","","","","","","","","","","","","","","","","","","","147.5485","167.1684","166.1684","169.5749","169.7453","171.088","177.4027","175.2262","175.3048","181.8951","179.1076","182.7689","182.4629","184.8482","186.1351","160.0008","152.4095","144.886","137.6348","137.6348","137.6348","130.2993","130.2993","130.2993","","",
"Cote d'Ivoire","CIV","Carbon dioxide (CO2) emissions from Building (Energy) (Mt CO2e)","EN.GHG.CO2.BU.MT.CE.AR5","","","","","","","","","","","0.2817","0.2817","0.3104","0.2752","0.2945","0.3229","0.3804","0.4155","0.4565","0.4785","0.5509","0.547","0.4929","0.4517","0.447","0.4563","0.5111","0.5464","0.625","0.5965","0.5302","0.5611","0.5332","0.5207","0.5171","0.5644","0.6135","0.6701","0.6402","2.0003","1.9263","1.7981","1.6469","1.4044","1.4032","1.0766","1.4737","1.3882","1.3929","0.7714","0.8308","0.6501","0.854","1.0928","1.0819","1.1065","1.2153","1.3881","1.3067","1.3637","1.5141","1.7703","2.0567","1.9667","2.0434","",
"Cote d'Ivoire","CIV","Methane (CH4) emissions from Transport (Energy) (Mt CO2e)","EN.GHG.CH4.TR.MT.CE.AR5","","","","","","","","","","","0.0069","0.0068","0.0072","0.0071","0.0069","0.0076","0.0086","0.0092","0.01","0.0107","0.0111","0.0108","0.0102","0.0092","0.0085","0.0084","0.0083","0.0089","0.008","0.0083","0.0078","0.0075","0.0071","0.0068","0.0069","0.0076","0.0077","0.0079","0.0074","0.0069","0.0058","0.0057","0.0079","0.0047","0.005","0.0058","0.007","0.0066","0.0077","0.0082","0.007","0.0081","0.0128","0.0142","0.0154","0.0178","0.0261","0.0219","0.0247","0.027","0.0277","0.044","0.0475","0.0454","0.0472","",
"Cote d'Ivoire","CIV","Methane (CH4) emissions from Industrial Combustion (Energy) (Mt CO2e)","EN.GHG.CH4.IC.MT.CE.AR5","","","","","","","","","","","0.0008","0.0008","0.0009","0.0008","0.0009","0.0011","0.001","0.0006","0.0007","0.0006","0.0007","0.0006","0.0006","0.0009","0.0002","0.0004","0.0004","0.0005","0.0005","0.0005","0.0004","0.0005","0.0005","0.0005","0.0005","0.0005","0.0006","0.0007","0.0006","0.0008","0.0008","0.0008","0.0007","0.0006","0.0006","0.0004","0.0006","0.0004","0.0006","0.0008","0.0008","0.0007","0.0009","0.001","0.0011","0.0012","0.0009","0.0012","0.0011","0.0015","0.0015","0.0024","0.0024","0.0023","0.0024","",
"Cote d'Ivoire","CIV","Total greenhouse gas emissions excluding LULUCF per capita (t CO2e/capita)","EN.GHG.ALL.PC.CE.AR5","","","","","","","","","","","1.11525922158961","1.09078817625894","1.11171162878216","1.09296058298992","1.07646565360793","1.09698556601046","1.14646474235182","1.12965808288776","1.18929967000433","1.12770170888936","1.07806937450932","1.04290304228457","1.04158808505135","1.1551273280056","1.09870808980577","1.04791771471552","1.0019139123508","0.959851080152698","0.919674162446412","0.852644646384302","0.815240441622481","0.808412574395669","0.786875459742991","0.772913357072983","0.80359337003798","0.813769116152768","0.870323044891205","0.917139906911935","0.869943905249824","0.953465495774699","0.922317436619597","0.909405309327351","0.927907396987076","0.828807884241921","0.850160755294718","0.876788839481339","0.86379379136471","0.863462586204322","0.883969133473571","0.837205665621417","0.881369739904256","0.889587503263424","0.981166040356622","1.01669293048911","1.03096150243432","1.04470976428981","1.05820429517336","1.06329272640952","1.01610560055823","1.05737560683927","1.04237011847888","1.18273995422901","1.20153964786711","1.17850246299981","1.19078180372597","",
"Cote d'Ivoire","CIV","Net official flows from UN agencies, SPRP (current US$)","DT.NFL.SPRP.CD","","","","","","","","","","","","","","","","","","","","","","","","","","","","","","","","","","","","","","","","","","","","","","","","","","","","","","","","","","","","","","603600.025177002","243992.000818253","","","",
"Cote d'Ivoire","CIV","PPG, private creditors (NFL, US$)","DT.NFL.PRVT.CD","","","","","","","","","","","16741000","31546000","18843000","137960000","64406000","209726000","185667000","454261000","569471000","521127000","735124000","493165000","592519000","-35397000","24875000","45669000","-113720000","-105346000","-8732000","-20596000","-61706000","-49695000","-22836000","-52610000","-33667000","-34240000","-785000","-2596000","-25795000","-51454000","-50107000","0","-848000","0","652000","-33000","-282000","0","0","0","26066000","25084000","2418000","54909000","700120000","991555000","127877000","1132947000","2716885000","1796698000","1530423000","1845319000","2051003000","346971000","2594121000","",
"Cote d'Ivoire","CIV","Commercial banks and other lending (PPG + PNG) (NFL, current US$)","DT.NFL.PCBO.CD","","","","","","","","","","","15260000","35064000","21132000","151929000","78703000","231249000","196045000","537054000","669093000","473516000","855793000","664294000","591041000","123034000","77987000","-200000","-181020000","-213948000","44562000","129200000","9920000","-3994000","-10436000","-51610000","-39017000","14340000","108713000","","-240978000","-242822000","-117763000","-110000000","-114409000","-115000000","-133348000","-109352000","-118675000","-166696000","79000000","155000000","195665000","207484000","579354000","-345675000","-400660000","-331520000","-37682000","-173480000","575279000","1663340000","712915000","685410000","1909902000","261207000","233347000","",
"Cote d'Ivoire","CIV","IFC, private nonguaranteed (NFL, US$)","DT.NFL.NIFC.CD","","","","","","","","","","","0","0","0","0","0","0","0","0","0","0","0","0","0","0","0","0","0","0","0","0","0","0","0","0","0","0","0","0","0","0","0","-6391300","-6359200","-6912800","-5828500","-4049230.51","-3250771.92","-2837971.11","-2869540.52","-3027763.72","5287559.22","-7655886.75","-1261323.37","34109934","63829265","11805319","26162071","-8145131","820002","-9459002","83914404","-20971625","36807549","75264544.19","144441925.37","",
"Cote d'Ivoire","CIV","Net financial flows, IBRD (NFL, current US$)","DT.NFL.MIBR.CD","","","","","","","","","","","3407000","6132000","7081000","11227000","20106000","23518000","12915000","34865000","54741000","52826000","78279000","34487000","199788000","178314000","186430000","25731000","60063000","290092000","-19827000","9068000","136102000","34780000","-54412000","-160714000","-174722000","-179887000","-159503000","-157617000","-139472000","-120667000","-57480000","-72142000","-89858000","-82074000","-38363000","0","0","-29653000","-377429000","-73270000","-24872000","-14688000","","","","","","","17198000","12911000","26964000","35467000","29782000","36770000","13584000","",
"Cote d'Ivoire","CIV","Net official flows from UN agencies, IFAD (current US$)","DT.NFL.IFAD.CD","","","","","","","","","","","","","","","","","","","","","","","","","","70000.0002980232","140000.000596046","550000.011920929","620000.004768372","990000.009536743","460000.00834465","490000.009536743","529999.971389771","-370000.004768372","280000.001192093","959999.978542328","-709999.978542328","239999.994635582","-90000.0035762787","-439999.997615814","1610000.01430511","250000","1840000.0333786","759999.990463257","1149999.97615814","1720000.02861023","1740000.00953674","-109999.999403954","850000.023841858","2740000.00953674","2289999.96185303","1299999.95231628","1889999.98569489","7239999.77111816","4969999.79019165","5961489.20059204","1869946.00296021","7138752.93731689","5624519.82498169","4717507.83920288","7534618.85452271","5054999.82833862","4451539.99328613","6942520.14160156","","",
"Cote d'Ivoire","CIV","Net official flows from UN agencies, CERF (current US$)","DT.NFL.CERF.CD","","","","","","","","","","","","","","","","","","","","","","","","","","","","","","","","","","","","","","","","","","","","","","","","","","","","","","","","","","","","","","","","","","",
"Cote d'Ivoire","CIV","Present value of external debt (% of exports of goods, services and primary income)","DT.DOD.PVLX.EX.ZS","","","","","","","","","","","","","","","","","","","","","","","","","","","","","","","","","","","","","","","","","","","","","","","","","","","","","","","","","","","","","","","","","130.889987378356","",
"Cote d'Ivoire","CIV","PPG, IBRD (DOD, current US$)","DT.DOD.MIBR.CD","","","","","","","","","","","4463000","10598000","17678000","28905000","49010000","72528000","85443000","120308000","175052000","227878000","306159000","340647000","540433000","718750000","768476000","964914000","1253359000","1872225000","1694844000","1653552000","1912861000","1986408000","1875186072.5","1752284824.5","1691231275","1573286557.5","1304229000","1043797000","941510000","707876000","599488000","498649000","479113000","480814000","478786000","422532000","456159000","479081000","117003000","41958000","14219000","0","","","","","","","17273000","29900000","62266000","91162000","116478000","157730000","161496000","",
"Cote d'Ivoire","CIV","External debt stocks, short-term (DOD, current US$)","DT.DOD.DSTC.CD","","","","","","","","","","","107000000","148000000","167000000","248000000","305000000","420000000","524000000","478000000","729006000","857087000","1059323000","1165580000","1106898000","887345140.5","640680535.2","739140171.6","825933474.7","1404926624.4","1886609024.7","2896470989.7","3596806873.1","3934648635","4419499332.5","5125005212.4","3214736239.6","3909651522.4","5805389971.4","2661115927.2","1575621401.8","1255826511.4","915572340.7","1145850960.2","806251934.3","359423139.2","708420477.2","883004228.2","1821849590.4","1903604628.4","1343910715.4","482437130.3","410947839.4","471509783.4","736849249.3","0","0","0","269196000","27853000","137858000","889755955.2","1055965115.4","2188019089.8","1687371732.6","2983623000","4284366000","",
"Cote d'Ivoire","CIV","Use of IMF credit (DOD, current US$)","DT.DOD.DIMF.CD","","","","","","","","","","","0","0","0","0","13676548","13076719","27140348.8","16289261.1","31023338.3","28392413.5","64562529.6","430648955.3","535456740.9","670402858.2","636785646.3","665129330","658897981.6","604082451.9","508502350.4","369614070.8","431253771.2","371504141.6","267382500","218578715.8","328102737","426768309.3","502672001.1","449947876.3","643954087.5","671455204.8","598611576.2","511536865.7","542288056.7","481229898.6","370136638.4","252467682.1","206970838.8","233244900","246606468.7","839175295.4","861428341","1090425757","1265163491.4","1417940614.6","1492154720.8","1508308147.7","1494849865.1","1737919425.3","1814028914.6","1914817944.1","3047380511.8","3647029432","3303123623.4","4002292913.2","4787624283.9","",
"Cote d'Ivoire","CIV","Net ODA provided, total (% of GNI)","DC.ODA.TOTL.GN.ZS","","","","","","","","","","","","","","","","","","","","","","","","","","","","","","","","","","","","","","","","","","","","","","","","","","","","","","","","","","","","","","","","","","",
"Cote d'Ivoire","CIV","Net bilateral aid flows from DAC donors, United States (current US$)","DC.DAC.USAL.CD","","1000000","2000000","2000000","6000000","2630000.11444092","5530000.20980835","100000.001490116","1190000.05722046","4000000","3000000","3000000","2000000","1000000","1000000","1000000","1000000","1000000","-1000000","2000000","1000000","","","","","","","1000000","3000000","6000000","17000000","19000000","20000000","21000000","23000000","9000000","14000000","10000000","20809999.4659424","13840000.1525879","10000000","1950000.04768372","53060001.373291","62590000.1525879","31750000","23770000.4577637","30920000.0762939","37029998.7792969","88819999.6948242","230660003.662109","75930000.3051758","73540000.9155273","139309997.558594","257029998.779297","112319999.694824","69290832.5195313","145879776.000977","153437957.763672","184267562.866211","72775810.2416992","195026885.986328","188171356.201172","185864059.448242","278951812.744141","","",
"Cote d'Ivoire","CIV","Net bilateral aid flows from DAC donors, Slovak Republic (current US$)","DC.DAC.SVKL.CD","","","","","","","","","","","","","","","","","","","","","","","","","","","","","","","","","","","","","","","","","","","","","","","","","","","","","","","","","","","","","","","","","","",
"Cote d'Ivoire","CIV","Net bilateral aid flows from DAC donors, Norway (current US$)","DC.DAC.NORL.CD","","","","","","","","","","","","","","","39999.9991059303","219999.998807907","170000.001788139","79999.9982118607","200000.002980232","230000.004172325","29999.9993294477","","300000.011920929","310000.002384186","180000.007152557","200000.002980232","100000.001490116","280000.001192093","209999.993443489","109999.999403954","330000.013113022","1009999.99046326","620000.004768372","500000","400000.005960464","11989999.7711182","2130000.11444092","230000.004172325","200000.002980232","90000.0035762787","150000.005960464","239999.994635582","509999.990463257","870000.004768372","3039999.96185303","3859999.89509583","3750000","4670000.07629395","3599999.90463257","1570000.05245209","1720000.02861023","7429999.82833862","7613039.01672363","988674.998283386","1091902.01759338","1077651.02386475","347665.011882782","298130.989074707","377018.988132477","129943.996667862","110307.99895525","191302.001476288","251648.008823395","100060.001015663","","",
"Cote d'Ivoire","CIV","Imports of goods and services (BoP, current US$)","BM.GSR.GNFS.CD","","","","","","","","","","","","","","","","","","","","","","","","","","","","","","","","","","","","","","","","","","","","","","7371118516.67803","7601571995.62488","8592168083.58854","9759897658.06345","9725288614.99802","10785918960.7851","9480011911.33186","11986923740.0767","12070085515.4247","12173615245.2847","11350941885.2359","10719663210.286","11848917548.7643","13183079166.8557","12880625262.8795","12660139881.6488","16190824220.8505","19948193945.836","21311191328.7204","21973644477.0622","",
"Cote d'Ivoire","CIV","Cereal yield (kg per hectare)","AG.YLD.CREL.KG","","624.2","785.7","751.9","774.9","785.5","840.7","888.9","877.8","845.1","828.6","1000.3","823.8","840.6","885.1","820.5","749.3","753.7","753.3","762.6","927.4","897.8","949","784.7","970.8","986.7","851.5","847.6","885.1","882.7","1112.5","1052.8","1050.8","1235.4","1131","1141.7","1389","1286.7","1498.6","1645.7","1682.3","1719.9","1750.9","1827","1853.9","1836.3","1827.9","1569.4","1735","1711.5","2270.5","1882.8","2079.8","2176.6","2206.9","2200.3","2219.8","2247.4","2254.4","2233.6","2248.7","2255.1","2326.7","2397.8","","",
"Cote d'Ivoire","CIV","Crop production index (2014-2016 = 100)","AG.PRD.CROP.XD","","14.6","14.69","16.83","19.06","17.86","20.36","18.03","21.93","21.44","23.2","23.9","23.98","26.02","26.1","30.83","31.15","31.31","31.06","34.72","35.24","38.91","35.71","35.6","36.74","41.29","42.18","43.86","45.27","46.24","49.94","48.46","50.8","48.85","50.61","56.44","58.75","61.92","65.32","66.09","71.68","67.51","67.38","66.76","67.93","70.99","73.53","70.56","74.37","69.34","73.51","76.14","83.12","85.71","94.35","104.58","101.08","111.1","116.99","121.5","125.74","129.93","133.26","","","",
"Cote d'Ivoire","CIV","Land area (sq. km)","AG.LND.TOTL.K2","","318000","318000","318000","318000","318000","318000","318000","318000","318000","318000","318000","318000","318000","318000","318000","318000","318000","318000","318000","318000","318000","318000","318000","318000","318000","318000","318000","318000","318000","318000","318000","318000","318000","318000","318000","318000","318000","318000","318000","318000","318000","318000","318000","318000","318000","318000","318000","318000","318000","318000","318000","318000","318000","318000","318000","318000","318000","318000","318000","318000","318000","318000","318000","","",
"Cote d'Ivoire","CIV","Forest area (sq. km)","AG.LND.FRST.K2","","","","","","","","","","","","","","","","","","","","","","","","","","","","","","","78508.6","75752.19","72995.78","70239.37","67482.96","64726.55","61970.14","59213.73","56457.32","53700.91","50944.5","49815.63","48686.76","47557.89","46429.02","45300.15","44171.28","43042.41","41913.54","40784.67","39655.8","38526.94","37398.08","36269.22","35140.36","34011.5","32882.6","31753.7","30624.8","29496","28367.1","27238.267","26109.389","24980.541","","",
"Cote d'Ivoire","CIV","Rural land area where elevation is below 5 meters (% of total land area)","AG.LND.EL5M.RU.ZS","","","","","","","","","","","","","","","","","","","","","","","","","","","","","","","0.484828146410127","","","","","","","","","","0.481596398261764","","","","","","","","","","","","","","","0.477697741841454","","","","","","","","","","",
"Cote d'Ivoire","CIV","Arable land (% of land area)","AG.LND.ARBL.ZS","","5.28301886792453","5.28301886792453","5.28301886792453","5.28301886792453","5.28301886792453","5.28301886792453","5.34591194968553","5.34591194968553","5.34591194968553","5.34591194968553","5.34591194968553","5.37735849056604","5.47169811320755","5.58176100628931","5.70754716981132","5.78616352201258","5.91194968553459","6.0062893081761","6.05345911949686","6.14779874213836","6.19496855345912","6.25786163522013","6.39622641509434","7.23584905660377","7.48427672955975","7.48427672955975","7.54716981132075","7.61006289308176","7.61006289308176","7.64150943396226","7.70440251572327","8.17610062893082","9.12578616352201","9.43396226415094","9.43396226415094","9.43396226415094","9.11949685534591","9.11949685534591","8.80503144654088","8.80503144654088","8.80503144654088","8.80503144654088","8.80503144654088","8.80503144654088","8.80503144654088","8.80503144654088","9.11949685534591","9.11949685534591","9.11949685534591","9.11949685534591","9.11949685534591","9.43396226415094","11.0062893081761","11.0062893081761","12.1187050314465","11.888658490566","12.5264462264151","12.8193726415094","13.6467194968553","13.6325179245283","13.8043987421384","14.1790927672956","15.1038040880503","","",
"Cote d'Ivoire","CIV","Agricultural land (sq. km)","AG.LND.AGRI.K2","","157339.68","158557.22","159149.3","159986.11","160566.44","161093.52","161648.48","161974.95","162245.03","162516.71","163100.86","163100","165082.09","166654.01","168013.74","168996.37","171350.17","172533.64","172902.43","173207.98","174576.96","175883.89","175840","179010","182105.14","183175.02","184174.1","188124.38","185294.19","190572.96","186302.41","186448.05","195020","190060.5","197478.5","197345.09","194960.08","195894.95","196803.62","197556.14","192657.66","193852.62","194250.01","201623.47","204046.57","206815.76","210072.71","209229.73","208920.04","209039.87","210516.57","219305.07","225420.28","230841.67","244659.062","239856.704","247100.249","258667.795","259248.864","262750.117","268369.318","267618.664","274993.096","","",
