"Data Source","World Development Indicators",

"Last Updated Date","2026-07-13",

"Country Name","Country Code","Indicator Name","Indicator Code","1960","1961","1962","1963","1964","1965","1966","1967","1968","1969","1970","1971","1972","1973","1974","1975","1976","1977","1978","1979","1980","1981","1982","1983","1984","1985","1986","1987","1988","1989","1990","1991","1992","1993","1994","1995","1996","1997","1998","1999","2000","2001","2002","2003","2004","2005","2006","2007","2008","2009","2010","2011","2012","2013","2014","2015","2016","2017","2018","2019","2020","2021","2022","2023","2024","2025",
"Ghana","GHA","Intentional homicides (per 100,000 people)","VC.IHR.PSRC.P5","","","","","","","","","","","","","","","","","","","","","","","","","","","","","","","","","","","","","","","","","","2.14706465642242","1.93445170691966","2.04726505813928","2.06691897101457","1.75060061637178","1.78813996205498","1.68765456155898","1.77319982485734","1.71743458952278","1.65652636352875","1.62099472513754","2.09468981730321","2.01196278014916","1.93640928203346","1.82951897503029","1.87009855981462","2.02943487003652","1.63198244300232","1.82667713193775","1.74047705817606","1.85431966533681","1.83111773115644","","","",
"Ghana","GHA","Internally displaced persons, new displacement associated with conflict and violence (number of cases)","VC.IDP.NWCV","","","","","","","","","","","","","","","","","","","","","","","","","","","","","","","","","","","","","","","","","","","","","","","","","","","","","","","","","","","5000","2000","","","","680","","",
"Ghana","GHA","High-technology exports (% of manufactured exports)","TX.VAL.TECH.MF.ZS","","","","","","","","","","","","","","","","","","","","","","","","","","","","","","","","","","","","","","","","","","","","","","","","","","","2.40120522287488","1.7061593383626","7.59366611332559","5.10093163620251","6.74454036554641","7.58597579597383","2.29813974435795","4.42717231922926","8.30535420920506","1.14325401056793","","0.726084593720307","1.95740716852014","2.11003762211445","","",
"Ghana","GHA","Export value index (2015 = 100)","TX.VAL.MRCH.XD.WD","","","","","","","","","","","","","","","","","","","","","","","","","","","","","","","","","","","","","","","","","","","","","","26.3","34.2","38.6","47.8","52.3","77.2","124","131.5","131","126.2","100","108","134","145","152","140.3","142.7","166.7","161.9","196","",
"Ghana","GHA","Merchandise exports to low- and middle-income economies in Sub-Saharan Africa (% of total merchandise exports)","TX.VAL.MRCH.R6.ZS","3.82122142613443","2.94406280667321","3.52941176470588","2.49056603773585","1.75192711983181","1.70476559473072","1.72735760971055","0.805832693783576","0.62934746604836","0.602698828140413","0.516196545153531","1.46207843299257","1.44259135960852","2.84111870980171","0.856661601559037","2.35256787340151","2.1777208475835","1.81004397851977","1.12147447166538","0.954960510642871","0.455744065843214","1.06987871078516","1.7163868574428","17.0425417896089","4.7522031383481","6.56677351347229","3.84249168206584","2.796420726299","2.20496224149395","2.20496224149394","2.77945411005127","4.18511059820454","17.702941805192","15.454771684786","13.5792281103239","7.94354628446349","7.87394636353075","8.23021379810438","8.05082929886791","8.32371745526629","10.6167326217442","7.94560918106084","8.65399578845039","9.80808255065966","9.40457277457705","40.1101164094703","42.0005005419046","47.3909327994002","51.3473884818992","58.9857983417318","62.9842488552018","51.1980240236209","40.6000384055007","31.8707278958314","26.7211223310907","15.2025102559028","15.8241866452653","14.0838150155298","14.710810047042","17.3691022156839","22.032041286558","26.325490630979","20.0588493687864","20.6616483886777","","",
"Ghana","GHA","Merchandise exports to low- and middle-income economies in Europe & Central Asia (% of total merchandise exports)","TX.VAL.MRCH.R2.ZS","","","0.0336134453781513","","","","","","","0.109163126537161","","","","0.000363477094582192","0.11882524756556","0.0488277005195731","","","","","0.000515430972453307","","0.000271967494445064","","","","","0.00134830684593733","0.00283297280640671","0.00283297280640672","","0.187980986131907","0.0224925718710643","0.000187376211365329","0.27600866752709","0.982597223141851","1.86640644234307","1.87801760725618","2.02636818803267","5.16597320540243","1.32564378653328","0.385273246970233","0.498650581586949","0.491105754075005","3.3226216214264","2.28604611549297","1.71548665477177","1.00938212144742","2.71766338087902","1.40431736282638","1.43711677562822","1.28616471905162","1.55371396996628","1.05016336163169","1.19575056864237","1.1953485980037","1.14218366336904","0.952838391133679","0.739464422333673","1.02012692754307","2.14946190837551","1.18114194596376","0.740807400098967","1.96095273966836","","",
"Ghana","GHA","Merchandise exports (current US$)","TX.VAL.MRCH.CD.WT","325000000","322000000","322000000","305000000","321000000","318000000","268000000","303000000","332000000","327000000","458000000","492000000","441000000","657000000","738000000","816000000","832000000","1014000000","1093000000","995000000","1258000000","1065000000","874000000","1158000000","528000000","617000000","863000000","977000000","1009000000","1018000000","897000000","617000000","1252000000","974000000","1425000000","1724000000","1669000000","1635000000","1795000000","1720000000","1671000000","1716000000","1850000000","2324000000","2450000000","2802000000","3727000000","4195000000","5270000000","5840000000","7960000000","12785000000","13552000000","13752000000","13217000000","10321000000","11138000000","13835000000","14943000000","15668000000","14472000000","14727000000","17276000000","16703000000","19165000000","31107000000",
"Ghana","GHA","Insurance and financial services (% of commercial service exports)","TX.VAL.INSF.ZS.WT","","","","","","","","","","","","","","","","5.67041965199877","5.16666666665805","4.79686386315182","5.29207634471288","3.0896986699954","1.25367286973555","1.18055555555556","1.29623971283342","4.59770114942529","5.61224489795918","4.14012738853503","2.87552785039212","2.18878248974008","2.4113475177305","2.56410256410256","2.6615969581749","2.64270613107822","2.0746887966805","2.69865067466267","3.01470588235294","3.0036023054755","3.01662049861496","2.99078341013825","1.11183902667291","1.09321286910533","1.04955140377029","1.05441143312637","1.14328136599852","1.11741697356709","1.12658598120589","0.745597904184685","0.767529919731905","0.779274773633263","0.859594570606845","0.93751724681673","1.31481605525413","1.68520610228621","1.22012330202834","1.54267488368072","1.76406273673418","0.453144058963365","1.05897126551545","0.564443462146585","0.521591161064544","0.41908589685551","11.5056697725597","17.484609711039","17.4593764309591","17.4559178154573","21.8965322647345","14.0864598545272",
"Ghana","GHA","Agricultural raw materials exports (% of merchandise exports)","TX.VAL.AGRI.ZS.UN","","","12.3016429897587","13.804699433443","14.4507636404855","12.1681390379541","13.1877155142784","9.78977475802127","9.439999334326","13.40537126025","8.66101768307841","9.8209763674597","12.9085145234436","21.0829448204647","13.4662373951311","9.73581267324618","9.23103360132941","8.49872844824183","6.33702247627989","4.64051895030164","3.5746473475541","5.88217529725643","2.45343188267985","3.49343974580235","2.87807730460959","","","","","","","","8.44434160906321","","","","10.3649613035169","7.85022842533046","9.45635380651237","10.0518228641097","6.48888651543229","5.25249389426704","","6.37764609032509","3.3680553055401","5.17800287956234","2.76090041695339","5.80607864646993","4.93165822255831","2.37896147269056","2.58336230125459","3.64626249917286","1.65997864925382","2.49813039974466","2.15978516865303","1.66541498694682","4.9835526826708","1.5796177720266","1.38140975954719","1.10399967738125","","1.61447853701644","1.3448227583434","1.11581950206246","","",
"Ghana","GHA","Net barter terms of trade index (2015 = 100)","TT.PRI.MRCH.XD.WD","","","","","","","","","","","","","","","","","","","","","","","","","","","","","","","","","","","","","","","","","","","","","","81.2","88.1","94","97.2","110.6","117.3","116.1","112.5","107.6","107.1","100","100.7","94.8","99.4","99.9","99.4","108.7","110.8","118.7","148.8","",
"Ghana","GHA","Computer, communications and other services (% of commercial service imports)","TM.VAL.OTHR.ZS.WT","","","","","","","","","","","","","","","","15.4128440367373","13.4130713370722","15.8759124087449","13.9151515151204","15.6947139769483","21.1859838274933","19.7049024274155","24.7842170160296","14.8959474260679","18.4306569343066","17.2893772893773","25.8552830759915","24.4919228764982","25.293542074364","27.9960707269155","27.7925531914894","27.6394699584811","25.4794520547945","25.210843373494","26.7084639498433","26.012084592145","28.2831325301205","27.6503610450776","20.7046721603814","19.390881239863","21.7246314950188","21.9537157217373","23.8099386104427","33.9982747778135","29.721816078159","17.4586472659224","19.9620800183697","17.4706683846843","13.9010784529451","29.5806728335326","25.264096752285","22.0755597974879","33.9557667372637","42.3932572531868","42.8803351206485","58.1406948232029","59.3081340620666","65.7948466923408","70.4264796928486","74.4593035855766","74.2690907450093","60.6012650061628","60.3086988066672","62.2880655568509","59.4399595122701","56.0917537483026",
"Ghana","GHA","Merchandise imports by the reporting economy, residual (% of total merchandise imports)","TM.VAL.MRCH.RS.ZS","0","0.979325353645267","1.4170692431562","1.30858186244674","0.166611129623469","0.159320233669676","0.0320615581917281","0","0.105189340813454","0.146684285285462","2.0323995044596","0.148535591412865","0.0311920950319162","0.0098669685959057","0.265222616845147","0.354006904686711","0.0398017013325965","0","0","0","0","0","0.000101489150302387","0","0","7.64783744420344E-15","-9.90188396508815E-14","-1.15328031777119E-13","-3.63329204357831E-14","4.35868620967109E-13","-3.78734724042982E-15","0.00158224718656672","0.164663492669536","4.32500251502293E-13","-1.44072047607936E-13","-3.71072166522656E-13","-6.78567988541364E-14","0.00402315024523133","5.60765232512331E-14","-1.47655306407763E-14","0.00570013659834458","0.255247588945987","0","0.00113001879588226","0.00158964622101729","0.000676360338709202","0.000717677655289623","0.00566633578348552","8.69040465998106E-05","5.09046076410181E-05","0","0.000397755733028856","0.0411734412641796","4.56106488993272E-05","1.83485627015997E-05","7.23619683775962E-06","2.84786140920273E-05","4.02039551087959E-05","3.1031812311793E-05","4.55913940708838E-15","0.00196185055091521","0.00133151267248181","0.00108719882124728","0.000617130239836219","","",
"Ghana","GHA","Merchandise imports from low- and middle-income economies in Latin America & the Caribbean (% of total merchandise imports)","TM.VAL.MRCH.R3.ZS","0.513595166163142","0.43525571273123","0.386473429951691","0.365185636031649","0.333222259246918","0.238980350504514","0.224430907342097","0.554400554400554","0.17531556802244","1.39009664451961","2.72231588859284","2.2765301070218","1.3401460829784","2.37621271210899","2.15540640909643","1.61982114756001","1.96574772059206","1.45908476334805","4.44118249084837","3.02480982104878","3.90559163804339","5.18186506084164","3.39471058846454","5.19256140797767","0.195236023493583","3.39750515162324","0.358161469592958","0.899384289993104","1.03485133657489","1.03485133657488","4.95143246812025","1.74185637151164","3.41394953517218","5.31221961928352","5.00208208173328","6.12046042108314","4.61747557998534","4.86986089055453","2.81501280814708","2.71444687519221","2.00014694065547","1.97778400456545","2.01781188386299","2.87484774075997","4.62291937369063","2.95407613519905","2.63754346594724","3.38687790015909","2.71307155118632","3.05995417131206","3.05795849802344","2.982804419901","2.10393650607486","2.78639825928585","3.22757281275785","2.42948067664924","3.3634827668643","2.16192646101743","2.17011899465042","2.39861702452896","2.19343674282329","2.6088155551526","2.57188613232926","2.3653056001734","","",
"Ghana","GHA","Merchandise imports from high-income economies (% of total merchandise imports)","TM.VAL.MRCH.HI.ZS","91.7824773413897","89.7170837867247","88.0193236714976","88.8618381010347","87.2709096967677","89.9362719065321","90.9265790317409","92.9313929313929","90.6732117812062","89.8128692250799","87.0336225739168","88.8727799007224","86.8644146469166","83.7286287627068","73.7066346166831","76.7925057966438","78.0082924436343","75.1952526643002","77.6850709456059","75.5859935304534","66.0841167793013","58.6372156792782","53.2306533770007","66.3408279469115","55.3843086070626","65.9932560568462","68.2077259773786","82.3519745666625","80.0488652533251","80.0488652533248","68.4804998412853","86.3788295326437","68.995586270144","67.0919096405483","65.2768382917654","62.7752118435181","66.3997627893219","64.5354385934029","61.6630595183722","60.9922638422442","65.403061917182","64.7311803618328","63.1730358336157","57.0629427272085","64.5482423177803","58.3583386820571","56.6657304906517","54.302985545374","51.3974982311499","59.0402829577181","61.8855188189976","52.1588226770574","55.5152043748241","54.4461683923689","52.5182519904929","51.0786317643171","54.1258147665124","55.9729850708795","50.7463143206966","50.741789601505","51.2352782995295","50.8770703526531","56.4890071828241","56.3969015230282","","",
"Ghana","GHA","Manufactures imports (% of merchandise imports)","TM.VAL.MANF.ZS.UN","","","69.7971601864667","74.4820550655846","72.8848985165759","78.9659264305158","74.0093160529447","71.6144711024855","70.5575886544371","72.651837848379","68.4528361280499","71.1505792080622","61.6490945628316","59.9951236147422","60.3878734201736","64.1266021625349","64.1815217776641","58.0177856441268","66.206561176459","64.7834783604365","58.6182144580484","53.1374623193195","46.7905129004255","64.5949602944852","48.9226903736327","","","","","","","","66.676853396233","","","","74.930156437455","62.7366285581573","65.6987041386914","65.8953355627075","58.3827149092455","53.13940317429","64.3782097037266","61.5045335726245","73.7350505358203","69.1078082481294","69.8974837959768","70.3993860823903","68.9438616174128","74.8770556530257","81.3141874863984","75.2249676200682","79.7692728254384","76.5745139113966","70.6067456250123","71.5440052202357","81.1801494006843","76.9728218797809","74.9933196144679","74.6560540895199","","63.8023567396044","56.0754180981536","51.4645047372225","","",
"Ghana","GHA","Food imports (% of merchandise imports)","TM.VAL.FOOD.ZS.UN","","","20.8273242618307","15.7315048900109","18.2966403752594","12.7849963780103","17.6738667831226","19.3417760880809","19.1206777272678","17.6785570565679","20.8537939123516","16.3757523934054","20.3229643339847","23.4418744760414","17.2919615235602","13.4244492954325","14.371437617791","9.08253708279079","11.6588384106302","9.76271612486069","10.0929301532568","8.81584589603143","11.1627671875022","14.6637073972592","7.71726080394065","","","","","","","","11.1890919100961","","","","7.90686476249858","5.8464458436442","10.2304693737779","11.7307982728475","12.7592190948003","18.1992163313309","19.5641722154173","16.1023479327627","20.7803532130101","13.8967790461099","13.4481786821341","14.3991098576178","14.7565513004193","16.336731038405","15.3319197029094","15.4000827958104","13.867723380365","16.8214830673867","20.7085709026088","15.1631137091062","14.6049033294353","18.2916723569764","20.0673120919156","17.406953900926","","17.4030499021968","14.8463107000708","13.69452189875","","",
"Ghana","GHA","Tariff rate, applied, weighted mean, primary products (%)","TM.TAX.TCOM.WM.AR.ZS","","","","","","","","","","","","","","","","","","","","","","","","","","","","","","","","","","13.6","","","","","","","27.24","8.66","8.66","8.66","","","","9.07","8.88","13.49","14.61","","","14.38","","","14.03","13.43","14.65","14.25","12.51","12.51","15.89","","","",
"Ghana","GHA","Binding coverage, primary products (%)","TM.TAX.TCOM.BC.ZS","","","","","","","","","","","","","","","","","","","","","","","","","","","","","","","","","","","","","","","","","55.09","55.8","55.8","55.8","55.8","","","54.83","54.83","54.83","53.93","","","52.48","","","52.48","52.48","53.2","53.16","53.16","53.16","0","","","",
"Ghana","GHA","Tariff rate, applied, simple mean, all products (%)","TM.TAX.MRCH.SM.AR.ZS","","","","","","","","","","","","","","","","","","","","","","","","","","","","","","","","","","13.64","","","","","","","14.26","12.52","12.52","12.52","","","","13.03","12.97","12.96","12.88","","","12.49","","","12.3","12.33","12.39","12.44","12.84","12.84","12.96","","","",
"Ghana","GHA","Tariff rate, applied, weighted mean, manufactured products (%)","TM.TAX.MANF.WM.AR.ZS","","","","","","","","","","","","","","","","","","","","","","","","","","","","","","","","","","9.16","","","","","","","8.85","9.29","9.29","9.29","","","","8.92","8.44","8.86","9.03","","","8.72","","","9.9","9.76","8.94","8.74","9.88","9.88","11.69","","","",
"Ghana","GHA","Binding coverage, manufactured products (%)","TM.TAX.MANF.BC.ZS","","","","","","","","","","","","","","","","","","","","","","","","","","","","","","","","","","","","","","","","","4.02","3.85","3.85","3.85","3.85","","","3.19","3.19","3.19","2.54","","","2.32","","","2.32","2.32","2.25","2.25","2.25","2.25","0","","","",
"Ghana","GHA","International tourism, expenditures (current US$)","ST.INT.XPND.CD","","","","","","","","","","","","","","","","","","","","","","","","","","","","","","","","","","","","74000000","59000000","61000000","145000000","151000000","162000000","165000000","184000000","216000000","270000000","472000000","575000000","816000000","870000000","948000000","882000000","1026000000","976000000","982000000","947000000","1405000000","1571000000","1581000000","1329000000","1380000000","946000000","","","","","",
"Ghana","GHA","International tourism, receipts for passenger transport items (current US$)","ST.INT.TRNR.CD","","","","","","","","","","","","","","","","","","","","","","","","","","","","","","","","","","","","19000000","19000000","20000000","20000000","21000000","22000000","23000000","25000000","27000000","29000000","31000000","49000000","82000000","51000000","81000000","86000000","103000000","240000000","157000000","130000000","92000000","106000000","69000000","52000000","65000000","81000000","","","","","",
"Ghana","GHA","International tourism, number of arrivals","ST.INT.ARVL","","","","","","","","","","","","","","","","","","","","","","","","","","","","","","","","","","","","286000","305000","325000","348000","373000","399000","439000","483000","531000","584000","429000","497000","587000","698000","803000","931000","821000","903000","994000","825000","897000","","","","","","","","","","",
"Ghana","GHA","Urban population growth (annual %)","SP.URB.GROW","","5.65932782471341","5.1869612911296","5.07806879481394","4.94578671670395","4.80676348222003","4.62459787333891","4.41762049572214","4.19286959430919","3.99018267533726","3.87385218061412","3.77402850464814","3.68206980731837","3.64201356586005","3.56849546740315","3.50013056426662","3.44341476671445","3.49610050799674","3.59193791380801","3.63537747387959","3.55513857748345","3.50971924757931","3.69559736153496","3.90611213979446","3.62571782702602","3.42509370580035","3.74123230665609","4.04688352186901","4.32988119899905","4.55986710719261","4.71104798738767","4.74279438554075","4.74049541766623","4.72685747308311","4.63744056131974","4.54494931710276","4.44981867444897","4.40201890285924","4.34552591148078","4.22693148439286","4.16366738975373","4.25195889895073","4.32238727993582","4.24554562899423","4.16220125880549","4.09957808175436","4.03506914596971","3.96704905987592","3.87751383533853","3.78119286883322","3.65984926569384","3.58216104729888","3.56158178744475","3.5178842180058","3.44066234134795","3.34998307543356","3.28635493979485","3.17287473958836","3.0201335835211","2.92026302698363","2.87180548038571","2.80589068483195","2.89506963103738","2.87658130544284","2.83566522568304","2.78649193424765",
"Ghana","GHA","Completeness of death registration with cause-of-death information (%)","SP.REG.DTHS.ZS","","","","","","","","","","","","","","","","","","","","","","","","","","","","","","","","","","","","","","","","","","","","","","","","","","","","","","","","","","","","","","","","","","",
"Ghana","GHA","Completeness of birth registration, male (%)","SP.REG.BRTH.MA.ZS","","","","","","","","","","","","","","","","","","","","","","","","","","","","","","","","","","","","","","","","","","","","","","","","","72.2","","","","","","70.8","","","","72.04","","","","","","","",
"Ghana","GHA","Population, female (% of total population)","SP.POP.TOTL.FE.ZS","48.88490714407","49.0122951426187","49.1800678035401","49.3380453334618","49.4861247243442","49.6211532074545","49.744288237036","49.858110226968","49.963896915074","50.0582252752007","50.1228795766704","50.1328100412107","50.1224970431292","50.1302161608858","50.1404426408056","50.1486209516345","50.1518936350026","50.1767753669375","50.2297383195018","50.2853864741798","50.2916396738486","50.2516750107802","50.2423397359342","50.2699113020302","50.2875564952631","50.2865518175561","50.2842347730246","50.2792336652505","50.2715937233373","50.2612646669216","50.247904336624","50.2321204071881","50.2146976293578","50.196265485455","50.2002772993345","50.2220671432185","50.2366539677503","50.2384429109625","50.2313993830063","50.2256047353652","50.2143622422206","50.1958911332133","50.1763149013372","50.1580127066605","50.1413004340804","50.125450801931","50.1097883215538","50.0948702957105","50.081579563105","50.0695380028464","50.0586418195035","50.049829301208","50.0427485038024","50.0368105211561","50.0326925078757","50.0297410094561","50.0271249445868","50.0253762668889","50.0247702299241","50.0257286354354","50.0302905718518","50.0361177199654","50.0415214241378","50.0485735816659","50.0565392451492","50.0648993920393",
"Ghana","GHA","Researchers in R&D (per million people)","SP.POP.SCIE.RD.P6","","","","","","","","","","","","","","","","","","","","","","","","","","","","","","","","","","","","","","","","","","","","","","","","16.80827","","","37.36945","","","","","87.47972","","","","","","","","","","",
"Ghana","GHA","Age dependency ratio (% of working-age population)","SP.POP.DPND","93.5217394567826","95.6844424591873","98.1375161246855","100.240190788334","101.879542345382","103.165237033232","104.213806176347","105.067313210644","105.77659364228","106.331044877043","106.578239956526","106.352673017781","105.819418954376","105.130275001541","104.324548517396","103.483226577348","102.012534222768","100.089832448456","98.3749704821458","96.8767114078693","95.4762232153088","94.1327907646138","93.0145118642883","92.0666200964355","91.6126654252281","91.7173890833646","92.0916551124609","92.4362836550524","92.4242276838759","92.1660652038456","91.8552673984128","91.648074420294","91.2775588108421","90.5351804870698","89.5214427960128","88.6102671349091","87.8801646872639","86.8456047745877","85.5145462560987","84.2689579944621","83.1799875094507","82.0317898789696","80.8269838475642","79.7165271538413","78.6772717883956","77.7192578163005","76.842523684012","75.9729700620989","75.1307760332468","74.3978797285801","73.8764202924428","73.5486144622864","73.2901734874387","73.0364754591143","72.7330535019516","72.3116450715179","71.7313257725725","71.0007408539075","70.2220127738796","69.4561926050096","68.6146228058037","67.736408434496","66.9188069536881","66.1425812587668","65.3615857268255","64.5206917510292",
"Ghana","GHA","Population ages 75-79, male (% of male population)","SP.POP.7579.MA.5Y","0.585009798408254","0.599343469932678","0.647559072518088","0.685193274357575","0.711295112228791","0.724245725310904","0.727135755665234","0.723329725303955","0.715645845616917","0.701960297746739","0.672594721669529","0.61634256789116","0.556565520956629","0.517198477457183","0.488346224035799","0.464198663465615","0.440719522524818","0.434734945037805","0.448129397363489","0.464016237186133","0.452265183802013","0.417835116709706","0.407207226968615","0.41912117274913","0.423614384384054","0.418179103545802","0.413126216663045","0.407859440295012","0.405184726810296","0.405401838830932","0.40790371216271","0.412480300466998","0.417626465387862","0.422563023320848","0.428156415761351","0.434661850676557","0.441760760704516","0.448805058666055","0.454779330474038","0.460037184227689","0.466140644018122","0.474087639531905","0.4846610887047","0.497324418276125","0.509848004487103","0.52167827321187","0.533829546705083","0.54526302219747","0.555356834547826","0.563704324058475","0.567287625362462","0.565601044179461","0.561205845696433","0.555433120718163","0.548473005832263","0.541417102508254","0.536123467050133","0.532942150340858","0.529569753598068","0.525931381631879","0.523124863364255","0.520126449542124","0.518256592732289","0.521977574345084","0.533059264839939","0.54367430485831",
"Ghana","GHA","Population ages 65 and above (% of total population)","SP.POP.65UP.TO.ZS","2.92892856555419","2.96800081366346","3.12702431046525","3.25609863529071","3.35551292445813","3.41742312123681","3.44997554653706","3.46337660949771","3.46402631183546","3.44277691788728","3.36154831843039","3.17469070201119","2.97139164545055","2.83701368962944","2.73375188808866","2.65282024528408","2.57823731067919","2.56834059751717","2.63402513235157","2.7120511400305","2.68170158258864","2.55586924689327","2.5153792536891","2.56585721547619","2.59283257480906","2.58229319696298","2.58046482845432","2.5818897366403","2.58449248485027","2.59196281688733","2.60957890659212","2.63731816622471","2.67388856205729","2.71707094099594","2.76392198180336","2.81681151345537","2.87825253212608","2.9443897766635","3.01279912418835","3.08083119857062","3.14081207665882","3.19159921532473","3.23691900600249","3.27808456754226","3.31253717138846","3.33811029033333","3.35961985880465","3.37850889924783","3.38781991514538","3.38595245895708","3.37978679445839","3.36998097113143","3.35645054211975","3.34807585976035","3.35054259133107","3.35879820466689","3.36936577242403","3.38515734651757","3.40728721613155","3.43641156155462","3.46870648905354","3.50669069594339","3.56150287042033","3.6318149146467","3.70833260535242","3.78769586621254",
"Ghana","GHA","Population ages 65 and above, female (% of female population)","SP.POP.65UP.FE.ZS","2.83558530330811","2.87984602005306","3.04451180343442","3.18098194175066","3.28947981690101","3.36202268218354","3.40666377368196","3.43327992120691","3.44740784994823","3.44030684202971","3.37370885124292","3.20108270764296","3.00919217317686","2.88205770973795","2.78273747498907","2.70291996790674","2.62788555936103","2.61592926463563","2.67857000633798","2.75398812135244","2.72376385177045","2.5999041441299","2.55964120238005","2.6091788850149","2.63824053345291","2.63286432869613","2.6354534453232","2.63947684820586","2.64280441139456","2.65081194999585","2.67080111817121","2.70266538476306","2.7440157107453","2.79239315844672","2.84587488752293","2.90772207285161","2.98026558917977","3.05957087266921","3.1443460297582","3.23277329752598","3.31656007874135","3.39316072015722","3.46564828838246","3.53515126936856","3.5976174660787","3.64982055263709","3.69651436597706","3.73748809427766","3.76354205881123","3.77226923367657","3.77325555682067","3.76937504991177","3.75937983772996","3.75175041525042","3.7522298702976","3.76316945097291","3.77968742164271","3.79673859056933","3.81672608110401","3.8413838822414","3.87001625060132","3.90327868575391","3.95180590704073","4.01761782962867","4.09157130479436","4.17126450646166",
"Ghana","GHA","Population ages 60-64, male (% of male population)","SP.POP.6064.MA.5Y","1.53109789667956","1.52222863713673","1.5155615043677","1.50396587849915","1.48776205067839","1.47376110693937","1.46754189597201","1.4662486512082","1.46272351700673","1.45846963392699","1.45608496793981","1.44229209023578","1.42297492613964","1.41597183784987","1.41758786446597","1.42383226180711","1.43581292974816","1.455198664765","1.4782036170087","1.50049492405817","1.51071497522363","1.51106081788612","1.51955046903498","1.53366280082762","1.54325050659358","1.55128464125871","1.56520723393612","1.58809996856286","1.61892535472812","1.65063257289898","1.68023636533012","1.71005787438817","1.73703246307032","1.76021530344311","1.77964437835991","1.78621767869639","1.77764336041012","1.76003398858053","1.73601671559718","1.70628006176633","1.67492827277717","1.64710297033193","1.62336024523281","1.59856598881118","1.57370516009929","1.55514338516237","1.53781778338599","1.52022981835429","1.51649003443977","1.53292116303604","1.54879224960923","1.56138217678705","1.58263073410836","1.6055196312538","1.62653113447877","1.65959075697136","1.70823129118154","1.76315744902065","1.82316177246164","1.88126829238003","1.92884878044586","1.9992629675021","2.0969563569709","2.18869213502319","2.2739443820786","2.35417816050597",
"Ghana","GHA","Population ages 50-54, male (% of male population)","SP.POP.5054.MA.5Y","2.60386411112713","2.61132048193365","2.57928116692309","2.55370162231052","2.53631203863955","2.52433416281263","2.52016556314239","2.51655528548578","2.50596302763702","2.49476311950456","2.49421712521603","2.50965620110642","2.53115645310536","2.54638175219161","2.55669804951309","2.56929536875997","2.59098810373495","2.62340972724728","2.66359054033995","2.70264785671953","2.74219671564437","2.78617028693871","2.82075864350727","2.84354378541514","2.86062700104275","2.85933762774116","2.83295293352669","2.79219809945693","2.74238678898437","2.68493645466848","2.62734408033361","2.57752142090548","2.53496695512442","2.49093476864121","2.44684189296586","2.41297338414193","2.38164144592168","2.34950139596349","2.33771929423727","2.35594180468508","2.37251288133927","2.3847004025974","2.41126068621229","2.44017236095487","2.4651504122693","2.50721293226239","2.57179282743754","2.64402645051986","2.72183666675203","2.79533819903241","2.85469703283345","2.94648656979943","3.07195303160885","3.18535048067438","3.28925006825581","3.38636308004903","3.43901819226841","3.45457845604879","3.48085646829971","3.52532077810165","3.57519908928226","3.60268255210197","3.62438146148872","3.65863340906512","3.69156139596034","3.72872426093899",
"Ghana","GHA","Population ages 40-44, male (% of male population)","SP.POP.4044.MA.5Y","4.66618103209151","4.63976756256265","4.5497283478092","4.45673755437536","4.36350264545909","4.28393071455588","4.22457828023701","4.19057001198377","4.17808664125004","4.17554168577611","4.195790687112","4.25079363379656","4.30828722991156","4.34856244253336","4.37609357716417","4.37202574624826","4.332413400441","4.26594815995009","4.17845652932284","4.07889576866381","3.99229400505197","3.9287990433958","3.86743945199605","3.7946763061347","3.71513741778621","3.64378511391057","3.5737297355455","3.50237347957926","3.46277930769556","3.46980298890745","3.4777767093404","3.47994060151309","3.50236712085453","3.52891503043469","3.54830508469569","3.5924795319362","3.67137684078267","3.76315441969165","3.86293098494109","3.95472301222984","4.02559784363412","4.14467142617768","4.31369331085108","4.4653872021454","4.60291677265571","4.72871747348024","4.78905059610415","4.79460910534326","4.81270430286513","4.85405097863561","4.90073203436243","4.91631044008377","4.92094932761133","4.93856050956019","4.95335713475418","4.97311307738157","5.01834713799371","5.09663481536635","5.20008453940556","5.32602025954155","5.42550320314821","5.48760239020101","5.55562432566712","5.62739723105464","5.6706018212376","5.72119915154049",
"Ghana","GHA","Population ages 30-34, male (% of male population)","SP.POP.3034.MA.5Y","7.12352570701565","7.08151342269521","6.99513442351782","6.90739489180875","6.82019881587152","6.70593976680904","6.55394355909498","6.38427116179149","6.20667734122595","6.02769754787383","5.87434056808518","5.75888633289011","5.66262746594181","5.56106276634359","5.45921943020324","5.37865989770364","5.3026552707459","5.22528963629414","5.19211529471992","5.22353448450802","5.25505155243571","5.27721521597736","5.3256270973016","5.37847222168636","5.38973591538966","5.40073957500794","5.45594360984857","5.52872845945267","5.61923750558492","5.70921943533392","5.77612259202559","5.90428850839097","6.09787880604328","6.27089675091965","6.42189129142518","6.55808212350017","6.60940238579921","6.58964512905177","6.58843518891895","6.61612354819763","6.65309595810789","6.65807018279219","6.65744913534812","6.6749313051776","6.68781815916438","6.70453932441369","6.75192071721275","6.84179485900555","6.96310012482249","7.11092240010276","7.21407962085614","7.2617209919398","7.31487752556389","7.36905180002171","7.38334948004081","7.40490305832861","7.4726790147895","7.50919110660163","7.48587815078933","7.44788433094423","7.42337941259911","7.39735360711244","7.36278209063662","7.32276228562863","7.27591829869557","7.21664901898297",
"Ghana","GHA","Population ages 20-24, male (% of male population)","SP.POP.2024.MA.5Y","8.00788369276756","7.79813254339069","7.67618908676645","7.56986746608509","7.47900404793313","7.42599276887443","7.38573915426372","7.34568501746814","7.36381890316604","7.45978549267458","7.52722746812736","7.56017526869583","7.62656525754897","7.69868505695499","7.75870843153321","7.86881233674883","8.04448510313672","8.23584982358608","8.43128274717896","8.60225190012854","8.72810651395964","8.93707571228944","9.22557191765063","9.46646235834135","9.63004714867064","9.73296200467999","9.71669030347414","9.60129160415775","9.51877384065908","9.49119255796905","9.48209010635043","9.41724382493419","9.33522544147018","9.28269161256636","9.22187094297631","9.17135292578269","9.17550853881251","9.24791726566013","9.36874128063206","9.52631943657235","9.63327326891764","9.68445531170808","9.75554661558295","9.82754954661465","9.84466144703008","9.86792724477063","9.94525472039934","9.97575200914981","9.9257012901078","9.85363874389517","9.78488328428594","9.70264315406273","9.60928271441745","9.50847421023531","9.39533188451292","9.26309559350714","9.12045186473342","8.99104408063662","8.89154823432228","8.83720660775635","8.84923920621155","8.91508662439885","8.99694109201892","9.07137856838776","9.121350042648","9.14891618092702",
"Ghana","GHA","Population ages 15-64, male (% of male population)","SP.POP.1564.MA.ZS","51.8544748781066","51.2760469754287","50.5525967932732","49.9293688294584","49.4384444577066","49.0096737331051","48.6133002522482","48.2855833006947","48.0102628566012","47.7962015667037","47.7043368528493","47.785184504492","47.9624036543989","48.1665632366038","48.3882518939962","48.6028978413164","48.9700623712039","49.4422020488367","49.845258889933","50.1879098386601","50.5298777034241","50.886448096268","51.1754267044873","51.4064202178202","51.5134092901491","51.480637175939","51.3734757931989","51.2745202844868","51.27649366658","51.3495151991526","51.4411794869686","51.5056281879993","51.6180776126723","51.8420609427308","52.1349121066949","52.3873957011596","52.5904603685774","52.897009191119","53.3098345734541","53.7074829914131","54.0703456884164","54.463761504472","54.8816607435314","55.2753487827872","55.6499234471338","56.0002736555777","56.3249458136564","56.6450508845904","56.951237444435","57.2150443970975","57.4049001228802","57.527863850365","57.6237773436978","57.7144964865384","57.8183007064454","57.9663940839216","58.1722369275619","58.4254844543703","58.6926285282744","58.9536956268951","59.2417852480056","59.5436553272909","59.8256776298167","60.0963499134501","60.3733214875073","60.6788504218881",
"Ghana","GHA","Population ages 15-19, male (% of male population)","SP.POP.1519.MA.5Y","8.59424247610681","8.55702894748047","8.51520133960909","8.54006762625946","8.66166625851208","8.77652810282924","8.87019863437022","8.9962409228165","9.11034846293538","9.18922617897637","9.31335970986119","9.53511137752842","9.78953515345196","10.0399852745039","10.2679857563345","10.4457462696965","10.720063104916","11.0596496442844","11.3079973270853","11.4947001412359","11.6845673561102","11.7603494368035","11.6629102700036","11.5321596561842","11.447224526155","11.3958499105054","11.2883501590002","11.1652524644587","11.0763269296611","10.9837371699227","10.9015602950219","10.8725067542392","10.9102199280959","11.0015861998975","11.1473517799546","11.2464099307339","11.2815868590813","11.3383284544346","11.4027600604659","11.4064976350829","11.4215555884123","11.5026101577365","11.5232890320575","11.4470628988984","11.3490157223312","11.2631241249541","11.1678674003735","11.0624301750967","10.949600956284","10.8193837084589","10.6617312862032","10.4810863689024","10.3039633510937","10.159387015238","10.0684228103821","10.0477568986197","10.086590638788","10.1519634967001","10.2139002402359","10.2557739674208","10.2820306113647","10.2979042273199","10.2946008927582","10.2797652146684","10.2709180201139","10.2712003508976",
"Ghana","GHA","Population ages 05-09, male (% of male population)","SP.POP.0509.MA.5Y","14.5885553804686","14.7828517971747","14.9016626846515","15.0347731778064","15.1479028743","15.2061006767282","15.4052285069055","15.7446903923831","16.0243362031085","16.2628597774054","16.4956025892544","16.5697559116471","16.4572646558749","16.323462221331","16.2243556813067","16.1202056683407","15.9120083289098","15.6372421526066","15.3718582669317","15.1018180285563","14.9018480438848","14.8181260521779","14.7881623554932","14.7939912487351","14.9309063379975","15.0649977295041","15.0983783539319","15.1456084381877","15.1947192098627","15.1598450148502","15.1442641788222","15.2307864126757","15.2511101521915","15.1522242957217","15.0432880162821","14.9666017982834","14.8799743922503","14.764098173538","14.6223413974825","14.4526761906116","14.2341464796751","13.9636892725021","13.6860733461817","13.4557252248556","13.2974073463145","13.2283757612609","13.2313155526442","13.2590856652586","13.277482633482","13.2682393130006","13.2369758802838","13.1880938500251","13.110696398629","13.0186945998855","12.9397200332567","12.876729514748","12.8369299613208","12.8426201952154","12.8805424368026","12.9058963521872","12.8894838478546","12.8129268422158","12.6488755503051","12.422932363682","12.1877864694472","11.9522050466664",
"Ghana","GHA","Population ages 0-14, male (% of male population)","SP.POP.0014.MA.ZS","45.1273259099817","45.6712127980785","46.240528913882","46.7413788076544","47.1413530221618","47.5183359245118","47.8938531874059","48.2211137346576","48.5091163495129","48.7585456800099","48.9463352813988","49.0666573716842","49.1041909008797","49.0417023201945","48.9272577714987","48.7946803635996","48.5016511361129","48.0373837104715","47.5656720878154","47.1424574770303","46.8309765430605","46.6021630960405","46.3538871373873","46.0715144984783","45.9396914055642","45.9882237536862","46.1016767526087","46.2018239172396","46.1979627210542","46.1179893515701","46.0110739290553","45.9230104227354","45.7787658207779","45.5167839992244","45.1837779849517","44.8875144825223","44.6342704262309","44.274885950452","43.8101364569155","43.36500527003","42.9661036929719","42.5477863514731","42.1117683766059","41.7052632947457","41.3242354951155","40.9748944228922","40.6538115737593","40.3367842898412","40.0378928377002","39.7863959474606","39.6097058622289","39.5023461125328","39.4233909994496","39.3416970111596","39.2333696258076","39.0796603144922","38.8691643749785","38.6013574311232","38.3099290108034","38.0152821481542","37.6913045553365","37.346815334892","37.0037713126627","36.6583884089777","36.3024522976936","35.918019370189",
"Ghana","GHA","Population ages 00-04, male (% of male population)","SP.POP.0004.MA.5Y","19.6292061982485","19.825184528431","20.190157874454","20.4834465909888","20.7274446573251","20.9428666542774","20.9381656755156","20.7337885501906","20.55004751912","20.3940018868092","20.2036506348471","19.9172061817607","19.6020759922609","19.304405047332","18.9899395664027","18.7158268029618","18.5750611560821","18.5345523692365","18.5136315253887","18.5157446902983","18.4956597973887","18.4674054402445","18.4408438457205","18.3632807381891","18.2564831114662","18.251606280115","18.3501035480129","18.3520350429476","18.1986697317536","18.0055421887868","17.8339584344786","17.6571897846566","17.4649238322847","17.2591572014208","17.0413591676705","16.7944723339299","16.5126828089364","16.2234376758589","15.9706807212668","15.7913681876935","15.7006555090021","15.6714302597095","15.6585572723853","15.6359656291779","15.5829094803343","15.5006548442217","15.398430020561","15.2699242234924","15.1298616543813","15.0046155388452","14.8963276529638","14.8122630478511","14.767404088088","14.7457956179323","14.7079656015716","14.6274984921021","14.4806674770054","14.2448649230404","13.9548897627443","13.6610321097695","13.3690453055967","13.0964797081413","12.8785231062342","12.7025909277682","12.5402038659221","12.386121039123",
"Ghana","GHA","Women who were first married by age 15 (% of women ages 20-24)","SP.M15.2024.FE.ZS","","","","","","","","","","","","","","","","","","","","","","","","","","","","","8.7","","","","","5.7","","","","","6.8","","","","","5.9","","","","","4.9","","","","","","4.9","","","","","","","","3.3","","","",
"Ghana","GHA","Survival to age 65, female (% of cohort)","SP.DYN.TO65.FE.ZS","44.195424","44.439033","44.663938","44.849609","45.256249","45.292035","45.30738","45.316376","45.302547","45.652548","45.416996","45.393604","45.841552","46.214603","46.485393","46.981828","47.448557","47.816485","48.306645","48.706073","49.056835","49.348623","49.416878","49.903663","50.558758","51.297046","51.951883","52.53338","53.213765","53.754905","54.123272","54.29269","54.527224","54.61673","54.492701","54.968123","55.387088","55.783685","56.197504","56.69627","57.097938","57.43206","57.864262","58.307447","58.768257","59.186205","59.677379","60.175662","60.720087","61.303963","62.017998","62.721015","63.396883","64.128119","64.998338","65.554071","66.162128","66.703345","67.314162","67.984748","67.961276","67.210056","69.697326","70.247296","70.601285","",
"Ghana","GHA","Life expectancy at birth, female (years)","SP.DYN.LE00.FE.IN","49.166","49.363","49.535","49.678","49.937","49.973","49.988","49.996","49.991","50.207","50.084","50.097","50.411","50.702","50.949","51.34","51.717","52.031","52.406","52.712","52.979","53.208","53.301","53.653","54.115","54.638","55.123","55.578","56.095","56.53","56.862","57.072","57.305","57.441","57.425","57.757","58.054","58.343","58.649","59.014","59.334","59.614","59.947","60.279","60.615","60.915","61.253","61.593","61.963","62.35","62.812","63.267","63.702","64.165","64.704","65.063","65.446","65.788","66.164","66.574","66.671","66.533","67.611","67.943","68.159","",
"Ghana","GHA","Contraceptive prevalence, any method (% of married women ages 15-49)","SP.DYN.CONU.ZS","","","","","","","","","","","","","","","","","","","","","9.5","","","","","","","","12.9","","","","","20.3","","","","","22","","","","","25.2","","","16.63177256","","23.5","","","34.69978307","","19.5699501268415","26.7","32.8821925534908","28.1963990081464","30.8","27.2444255990948","","","","36.3","","","",
"Ghana","GHA","Mortality rate, adult, male (per 1,000 male adults)","SP.DYN.AMRT.MA","410.279","409.14","406.875","405.856","405.301","404.948","405.158","404.756","404.47","403.81","403.343","403.225","399.389","396.854","393.19","389.859","386.341","383.555","380.19","377.256","374.904","372.307","372.06","368.381","363.698","359.051","352.961","346.795","340.597","334.119","328.451","324.602","320.513","317.659","322.388","315.021","312.626","310.562","309.228","308.116","307.049","306.609","305.503","304.116","302.722","299.949","297.213","295.518","294.77","292.738","291.317","291.391","289.244","286.622","283.965","281.229","278.572","276.379","274.447","272.585","278.413","286.666","268.829","267.399","265.166","",
"Ghana","GHA","Prevalence of severe food insecurity in the population (%)","SN.ITK.SVFI.ZS","","","","","","","","","","","","","","","","","","","","","","","","","","","","","","","","","","","","","","","","","","","","","","","","","","","","","","","","5.1","6","6.9","6.2","6","5.6","7","8.2","9.4","","",
"Ghana","GHA","International migrant stock (% of population)","SM.POP.TOTL.ZS","","","","","","","","","","","","","","","","","","","","","","","","","","","","","","","1.1","","","","","1.5","","","","","1","","","","","1.4","","","","","1.3","","","","","1.4","","","","","1.5","","","","1.5","",
"Ghana","GHA","Prevalence of stunting, height for age (% of children under 5)","SH.STA.STNT.ZS","","","","","","","","","","","","","","","","","","","","","","","","","","","","","33.7","","","","","32.8","","","","34.7","30.6","","","","","35.5","","","27.9","","28.4","","","22.8","","","18.8","","","17.5","","","","","17.4","","","",
"Ghana","GHA","Prevalence of stunting, height for age, male (% of children under 5)","SH.STA.STNT.MA.ZS","","","","","","","","","","","","","","","","","","","","","","","","","","","","","35.4","","","","","36.2","","","","37.3","33.7","","","","","38.4","","","29.7","","30.1","","","25.3","","","20.4","","","19.5","","","","","19.4","","","",
"Ghana","GHA","People using safely managed sanitation services, rural (% of rural population)","SH.STA.SMSS.RU.ZS","","","","","","","","","","","","","","","","","","","","","","","","","","","","","","","","","","","","","","","","","1.67005587984366","1.69665931841905","2.32016979717016","2.96211017549878","3.62248045340472","4.30057533419249","4.9935822925423","5.70397421182534","6.43175109204149","7.17691293319104","7.93945973527388","8.71939149828999","9.51670822223912","10.3314099071217","11.1634965529376","12.0129681596867","12.8798247273691","13.7640662559845","14.6656927455335","15.5847041960157","16.521100607431","17.4748819797795","18.4460483130614","19.4345996072766","20.4405358624251","",
"Ghana","GHA","Prevalence of overweight, weight for height (% of children under 5)","SH.STA.OWGH.ZS","","","","","","","","","","","","","","","","","","","","","","","","","","","","","1","","","","","2.9","","","","2","2.7","","","","","4.5","","","2.6","","5.7","","","2.6","","","2.6","","","1.4","","","","","2","","","",
"Ghana","GHA","Prevalence of overweight, weight for height, male (% of children under 5)","SH.STA.OWGH.MA.ZS","","","","","","","","","","","","","","","","","","","","","","","","","","","","","1.2","","","","","3","","","","2.3","2.9","","","","","5.3","","","2.6","","5.4","","","2.7","","","3.6","","","1.5","","","","","2.1","","","",
"Ghana","GHA","People practicing open defecation (% of population)","SH.STA.ODFC.ZS","","","","","","","","","","","","","","","","","","","","","","","","","","","","","","","","","","","","","","","","","20.3120026448652","20.198659683945","20.0854415911479","19.9723518736588","19.8591658344261","19.7467878345764","19.6345436545194","19.5226595207355","19.4111351184727","19.300643205005","19.1902903448043","19.0807456007967","18.9722261940184","18.8651766676722","18.7595898267724","18.6554606668602","18.5527837779392","18.4517727803524","18.3524235448639","18.2549454745029","18.1591148441541","18.0651429427454","17.9730212496199","17.8829579660775","17.794946030478","",
"Ghana","GHA","Maternal mortality ratio (modeled estimate, per 100,000 live births)","SH.STA.MMRT","","","","","","","","","","","","","","","","","","","","","","","","","","943","908","873","834","799","769","745","718","696","670","630","591","553","521","490","472","460","434","410","403","390","385","377","380","369","363","356","351","338","317","310","296","287","276","260","253","264","239","234","","",
"Ghana","GHA","People with basic handwashing facilities including soap and water (% of population)","SH.STA.HYGN.ZS","","","","","","","","","","","","","","","","","","","","","","","","","","","","","","","","","","","","","","","","","","","","","","","","","","","","39.8498608251711","39.8945753173815","39.939026026227","39.983214342958","40.0271394241732","40.5379314360602","41.0733965152903","41.6332513167337","42.2170668202961","42.8246639554795","43.4555783526048","44.1094627314564","44.7857609368921","45.4840792745481","",
"Ghana","GHA","Diabetes prevalence (% of population ages 20 to 79)","SH.STA.DIAB.ZS","","","","","","","","","","","","","","","","","","","","","","","","","","","","","","","","","","","","","","","","","","","","","","","","","","","","5","","","","","","","","","","","","","2.7","",
"Ghana","GHA","People using at least basic sanitation services (% of population)","SH.STA.BASS.ZS","","","","","","","","","","","","","","","","","","","","","","","","","","","","","","","","","","","","","","","","","5.7234427408028","5.81107386081924","6.75045552246998","7.7086235468762","8.68540857696259","9.68014854216275","10.6928566524772","11.7231535267872","12.7707576406742","13.8350497335121","14.9161840108112","16.0135300837222","17.126673080362","18.2550635017005","19.3983890713711","20.556338766229","21.7286047018582","22.9147548943672","24.1144852694417","25.327363008811","26.5532224510153","27.7916388048117","29.0423190138112","30.3048454596217","31.5789404731982","",
"Ghana","GHA","Pregnant women receiving prenatal care (%)","SH.STA.ANVC.ZS","","","","","","","","","","","","","","","","","","","","","","","","","","","","","82.8","","","","","85.7","85.7","","","","88.7","87.5","","","","91.9","","","92.1","96.1","90.1","","","96.4","","","90.5","","97.5","97.6","97.1","97.4","","","","","","",
"Ghana","GHA","Number of surgical procedures (per 100,000 population)","SH.SGR.PROC.P5","","","","","","","","","","","","","","","","","","","","","","","","","","","","","","","","","","","","","","","","","","","","","","","","","","","","","","","","869","","","","","","","","","","",
"Ghana","GHA","Prevalence of current tobacco use, females (% of female adults)","SH.PRV.SMOK.FE","","","","","","","","","","","","","","","","","","","","","","","","","","","","","","","","","","","","","","","","","1.1","","","","","1","","0.9","","","0.9","","","","","0.8","","","","","0.7","","0.7","0.6","0.6","",
"Ghana","GHA","Lifetime risk of maternal death (1 in: rate varies by country)","SH.MMR.RISK","","","","","","","","","","","","","","","","","","","","","","","","","","19","20","21","22","23","24","25","27","28","30","33","36","39","42","45","46","48","52","56","58","60","62","65","66","68","69","70","72","75","82","84","91","98","104","113","118","115","129","133","","",
"Ghana","GHA","Incidence of malaria (per 1,000 population at risk)","SH.MLR.INCD.P3","","","","","","","","","","","","","","","","","","","","","","","","","","","","","","","","","","","","","","","","","430.36","411.18","392.1","365.98","340.21","323.73","311.34","305.83","314.58","340.42","366.4","375.14","367.32","344.33","313.81","275.99","244.92","226.19","212.76","215.27","219.63","212.47","210.79","194.92","195.77","",
"Ghana","GHA","Community health workers (per 1,000 people)","SH.MED.CMHW.P3","","","","","","","","","","","","","","","","","","","","","","","","","","","","","","","","","","","","","","","0.488","0.556","0.556","0.556","0.556","0.563","","","","","0.195","","","","","","","","","","","","","","","","","",
"Ghana","GHA","Immunization, HepB3 (% of one-year-old children)","SH.IMM.HEPB","","","","","","","","","","","","","","","","","","","","","","","","","","","","","","","","","","","","","","","","","","","80","80","80","84","84","94","93","94","94","91","92","90","98","89","93","99","97","97","94","98","99","95","95","",
"Ghana","GHA","Young people (ages 15-24) newly infected with HIV","SH.HIV.INCD.YG","","","","","","","","","","","","","","","","","","","","","","","","","","","","","","","8900","10000","11000","11000","11000","10000","9800","9200","8800","8500","8000","7700","7400","7100","6800","6700","6500","6400","6200","6000","6000","5800","5600","5600","5600","5600","5500","5500","5500","5500","5600","5200","5100","5000","4700","",
"Ghana","GHA","Adults (ages 15-49) newly infected with HIV","SH.HIV.INCD","","","","","","","","","","","","","","","","","","","","","","","","","","","","","","","23000","26000","28000","28000","28000","26000","25000","24000","23000","22000","21000","20000","19000","19000","18000","18000","17000","17000","17000","16000","17000","16000","16000","16000","16000","16000","16000","16000","15000","16000","16000","15000","14000","14000","13000","",
"Ghana","GHA","Children (0-14) living with HIV","SH.HIV.0014","","","","","","","","","","","","","","","","","","","","","","","","","","","","","","","9300","12000","15000","18000","21000","24000","26000","29000","32000","34000","36000","39000","40000","42000","42000","43000","43000","42000","41000","40000","39000","37000","36000","35000","33000","32000","31000","29000","28000","26000","24000","22000","21000","20000","18000","",
"Ghana","GHA","People using at least basic drinking water services (% of population)","SH.H2O.BASW.ZS","","","","","","","","","","","","","","","","","","","","","","","","","","","","","","","","","","","","","","","","","65.517218378745","66.2724810777251","67.2870236576029","68.3036435747065","69.3225909029972","70.3428380680709","71.3651562013802","72.3892820833539","73.4152138090769","74.4422077321147","75.471267939183","76.5016404793149","77.5330954898138","78.565152693679","79.5978353673804","80.631160872114","81.6651456164371","82.6995725023601","83.7344677926836","84.7696150287459","85.8052795210658","86.841252750433","87.8775520835237","88.8910495956232","89.9220116872755","",
"Ghana","GHA","Mortality rate, neonatal (per 1,000 live births)","SH.DYN.NMRT","","","","","","61","60.9","60.8","60.6","60.4","60.1","59.5","58.8","57.9","56.9","55.9","54.9","54","53.1","52.4","51.7","51","50.2","49.3","48.3","47.2","46.2","45.1","44","43","42","41.2","40.5","40","39.4","38.9","38.2","37.5","36.8","36","35.2","34.4","33.7","33.1","32.5","32.1","31.6","31.1","30.6","29.9","29","28.1","27.1","26.1","25.2","24.3","23.4","22.6","21.8","21","20.4","19.7","19.2","18.7","18.1","",
"Ghana","GHA","Mortality rate, under-5, male (per 1,000 live births)","SH.DYN.MORT.MA","218.4","216.5","214.9","213.6","212.8","212.5","212.2","212.4","212.6","212.6","211.9","210.5","208","204.5","200.1","195.1","190.1","185.1","180.8","177.6","175.4","174","172.4","170.4","167.4","163.1","157.8","152","145.9","140.2","135","130.9","127.7","125.4","123.5","121.8","120","117.7","114.8","111.3","107.2","103","99","95.4","92","89.1","86.1","82.9","79.6","76.2","72.7","69.3","66","63","60.3","57.7","55.4","53.1","50.9","48.6","46.5","44.6","42.8","41.2","39.8","",
"Ghana","GHA","Women's share of population ages 15+ living with HIV (%)","SH.DYN.AIDS.FE.ZS","","","","","","","","","","","","","","","","","","","","","","","","","","","","","","","59.3361069204933","59.9988976091486","60.5242260976114","60.9669861305037","61.4263150664822","61.8148020778141","62.1608239709748","62.4292516135937","62.6719584757929","62.8897831698025","63.0683722892958","63.2247629710833","63.362283598916","63.4771784159392","63.5616356580032","63.6056759779776","63.6099074722011","63.5733332563416","63.5061142863527","63.4263102859513","63.342850446207","63.3495506130655","63.4921183721","63.7190911094545","64.0107395750016","64.4485613658982","65.0953829979443","65.8561163264677","66.5511441056977","67.1781773429225","67.7583558494324","68.2940091098348","68.7805612614119","69.2169620850177","69.5999023504834","",
"Ghana","GHA","Probability of dying among children ages 5-9 years (per 1,000)","SH.DYN.0509","","","","","","","","","","","","","","","","","","","","","","","","","","","","","","","15.9","15.4","15","14.6","14.1","13.7","13.3","12.9","12.4","12","11.6","11.2","10.8","10.5","10.1","9.7","9.4","9.1","8.7","8.4","8.1","7.9","7.6","7.4","7.2","7","6.8","6.6","6.4","6.2","6.1","5.9","5.8","5.6","5.4","",
"Ghana","GHA","Number of under-five deaths","SH.DTH.MORT","69612","70602","71583","72538","73436","74437","75573","76999","78647","80471","82136","83452","84238","84502","84298","83657","82875","82186","82005","82436","83696","85202","86486","87506","88076","87566","86113","84134","81708","79236","77150","75590","74390","73613","72913","72143","71178","70179","69178","68115","67127","65965","64567","63230","61930","61032","60048","58486","56760","55078","53568","52158","50714","49302","47708","46081","44318","42113","40042","38298","36664","35114","33788","32687","31720","",
"Ghana","GHA","Number of deaths ages 20-24 years","SH.DTH.2024","","","","","","","","","","","","","","","","","","","","","","","","","","","","","","","4862","4826","4784","4749","4725","4691","4687","4726","4784","4868","4948","5009","5081","5137","5175","5198","5247","5254","5232","5180","5133","5065","4984","4929","4855","4797","4741","4704","4706","4728","4794","4867","4952","5043","5119","",
"Ghana","GHA","Condom use, population ages 15-24, male (% of males ages 15-24)","SH.CON.1524.MA.ZS","","","","","","","","","","","","","","","","","","","","","","","","","","","","","","","","","","","","","","","30.6","","","","","44.5","","","","","40.1","","","","","","","","","","","","","","","","","",
"Ghana","GHA","Prevalence of anemia among women of reproductive age (% of women ages 15-49)","SH.ANM.ALLW.ZS","","","","","","","","","","","","","","","","","","","","","","","","","","","","","","","","","","","","","","","","","47.1","46.8","46.5","46.3","46.1","45.9","45.5","45.1","44.5","43.7","42.9","42.1","41.3","40.6","39.8","39.1","38.4","37.8","37.2","36.8","36.4","36.1","36","36","","",
"Ghana","GHA","Women who believe a husband is justified in beating his wife when she refuses sex with him (%)","SG.VAW.REFU.ZS","","","","","","","","","","","","","","","","","","","","","","","","","","","","","","","","","","","","","","","","","","","","19.9","","","","","12.3","","","","","","12.2","","","","","","","","7.1","","","",
"Ghana","GHA","Women who believe a husband is justified in beating his wife when she burns the food (%)","SG.VAW.BURN.ZS","","","","","","","","","","","","","","","","","","","","","","","","","","","","","","","","","","","","","","","","","","","","13.9","","","","","8.3","","","","","","7.4","","","","","","","","3.7","","","",
"Ghana","GHA","Proportion of time spent on unpaid domestic and care work, female (% of 24 hour day)","SG.TIM.UWRK.FE","","","","","","","","","","","","","","","","","","","","","","","","","","","","","","","","","","","","","","","","","","","","","","","","","","","","","","","","","","","","","","","","","","",
"Ghana","GHA","Government expenditure on education, total (% of GDP)","SE.XPD.TOTL.GD.ZS","","","","","","","","","","","","4.22444009780884","4.62139987945557","","3.80271005630493","4.876540184021","5.82882976531982","6.09528017044067","","2.31135010719299","2.70777010917664","1.80812001228332","1.90453994274139","","","","3.35448002815247","3.3066999912262","3.18741989135742","","","","","","","","","","","4.11037015914917","","5.35444021224976","","","7.53558015823364","7.42208003997803","5.14794015884399","5.51986980438232","5.75795984268188","5.31744003295898","5.54059982299805","8.14097023010254","7.91913986206055","4.57644987106323","4.39978981018066","4.43404006958008","4.3945198059082","3.53362989425659","3.8861300945282","3.15307114842573","3.40915991351725","3.4005042684722","2.90963831638452","","","",
"Ghana","GHA","Expenditure on secondary education (% of government expenditure on education)","SE.XPD.SECO.ZS","","","","","","","","","","","","30.82259","29.47245","","26.2249","29.33592","45.47878","48.04565","","43.93869","45.37836","41.13271","44.45841","","","","41.10245","33.41981","38.24091","","","","","","","","","","","","","39.57534","","","34.13232","32.51611","37.25413","34.82364","33.96207","38.01716","37.11727","27.35526","40.78263","37.1652","36.98188","","","","","","","","","","","",
"Ghana","GHA","Current education expenditure, total (% of total expenditure in public institutions)","SE.XPD.CTOT.ZS","","","","","","","","","","","","","","","","","","","","","","","","","","","","","","","","","","","","","","","","","","99.7866973876953","","","89.1511917114258","85.2597808837891","82.0617980957031","79.2297134399414","86.6140594482422","89.4817581176758","83.0850219726562","","95.751708984375","94.7682800292969","91.4244003295898","","","","","","","","","","","",
"Ghana","GHA","Tertiary education, academic staff (% female)","SE.TER.TCHR.FE.ZS","","","","","","","","","","","","9.20176982879639","8.55333042144775","","10.6092395782471","","","","","","","","","","","","","","","","","","","","","","","","","","","","","","","","","","","","","18.0338213023725","18.1863577349446","18.8363967795838","19.4624447717231","20.5764198303223","20.2390193939209","","21.5707397460938","22.9935207366943","23.0578098297119","24.9097649009853","24.6199675822491","26.7345948568656","25.4638404846191","",
"Ghana","GHA","Pupil-teacher ratio, tertiary","SE.TER.ENRL.TC.ZS","","","","","","","","","","","","6.01552","6.10665","","7.84244","","8.23119","","","","","","","","","","","","","","","8.9895","9.9783","11.28307","12.19305","","","","","","","","","","","","","","","","","","29.49606","26.94957","29.61281","28.92712","27.26886","","26.51922","","","","","","","",
"Ghana","GHA","Educational attainment, at least Master's or equivalent, population 25+, total (%) (cumulative)","SE.TER.CUAT.MS.ZS","","","","","","","","","","","","","","","","","","","","","","","","","","","","","","","","","","","","","","","","","","","","","","","0.240360796126043","","","","0.502748051377331","","","0.510897299008433","","0.694547914974098","","0.988407576816303","","","","1.49606402864439","0.974406825938092","","","",
"Ghana","GHA","Educational attainment, Doctoral or equivalent, population 25+, male (%) (cumulative)","SE.TER.CUAT.DO.MA.ZS","","","","","","","","","","","","","","","","","","","","","","","","","","","","","","","","","","","","","","","","","","","","","","","","","","","","","","","","","","","","","","0.296931906558527","0.0870845346100725","","","",
"Ghana","GHA","Educational attainment, at least Bachelor's or equivalent, population 25+, female (%) (cumulative)","SE.TER.CUAT.BA.FE.ZS","","","","","","","","","","","","","","","","","","","","","","","","","","","","","","","","","","","","","","","","","","","","","","","1.01978431852578","","","","1.5337412081736","","","3.11371824069176","","2.60185225262302","","2.07048988342285","","","","4.88228988647461","3.85589003562927","3.13223004341125","3.79580998420715","",
"Ghana","GHA","Secondary education, teachers (% female)","SE.SEC.TCHR.FE.ZS","","","","","","","","","","","","","","","22.0136394500732","21.9165992736816","21.6490306854248","24.4917602539062","21.9422607421875","22.2808990478516","21.2749805450439","21.0393199920654","22.1929397583008","21.3924999237061","20.9132404327393","","25.7843894958496","26.7308197021484","23.3733196258545","","21.6023006439209","","","","","","","","","22.2226505279541","22.3192100524902","22.6736793518066","21.330509185791","17.559419631958","20.4765491485596","15.2266101837158","30.9194297790527","23.6252098083496","22.0795707702637","22.2633495330811","24.1697252610198","24.1619310776289","24.5113954161175","24.2461208884393","24.3455680120625","24.3954592194597","24.8065473173435","24.8076604770633","25.1929404726294","25.3190289174835","26.4006693208701","26.3788993307776","","","31.0926895141602","",
"Ghana","GHA","Trained teachers in upper secondary education (% of total teachers)","SE.SEC.TCAQ.UP.ZS","","","","","","","","","","","","","","","","","","","","","","","","","","","","","","","","","","","","","","","","43.9623184204102","48.0667495727539","53.7912788391113","53.8005218505859","84.2398681640625","84.237907409668","92.204948425293","66.930419921875","79.6707763671875","78.8636779785156","84.7704620361328","82.6346725229298","82.6314297413929","78.2865583456425","81.8139317438055","81.352609075662","82.8784290280301","87.8933202838268","92.3952441417523","88.2031515701168","85.1470588235294","","80.5704708401875","","","","",
"Ghana","GHA","Trained teachers in lower secondary education (% of total teachers)","SE.SEC.TCAQ.LO.ZS","","","","","","","","","","","","","","","","","","","","","","","","","","","","","","","","","","","","","","","","83.650032043457","80.0431365966797","78.9835662841797","78.6321029663086","73.6144027709961","80.4060821533203","70.7280502319336","73.853401184082","67.6262969970703","65.1718826293945","64.8153991699219","65.7600137781714","65.7579284608647","68.7280860134891","68.864675842511","68.5149770612658","69.8059172971613","71.1145762332048","70.2782785790598","73.1334064773051","55.5015069412996","58.030208361631","76.9878519104525","","","","",
"Ghana","GHA","Progression to secondary school (%)","SE.SEC.PROG.ZS","","","","","","","","","","","","90.6326","","97.00558","95.50636","","","","","","","","","","","","","","","","","","","","","","","","","96.86761","85.3432","96.92867","90.57211","94.36778","97.44295","96.68934","","99.92953","95.75296","","","93.36263","88.37117","88.56477","98.24089","","93.13518","93.71321","","","","","","","","",
"Ghana","GHA","Trademark applications, nonresident, by count","IP.TMK.NRCT","","","","","","","","","","","","","","","","","","","","","","","","","","","","","","","","","","","","","","","","","","","","","","","","","","","","","","","","4238","4627","4152","4514","","4489","","","","","",
"Ghana","GHA","Industrial design applications, resident, by count","IP.IDS.RSCT","","","","","","","","","","","","","","","","","","","","","","","","","","","","","","","","","","","","","","","","","","","","","","","","","","","","","","","","","453","735","796","","924","","","","","",
"Ghana","GHA","Public private partnerships investment in ICT (current US$)","IE.PPN.ICTI.CD","","","","","","","","","","","","","","","","","","","","","","","","","","","","","","","","","","","","","32000000","10100000","","","","","","","","","","","","","","","87500000","","","","","","42000000","","","","","","20000000","",
"Ghana","GHA","Investment in ICT with private participation (current US$)","IE.PPI.ICTI.CD","","","","","","","","","","","","","","","","","","","","","","","","","","","","","","","","","","","","","420000000","10100000","","","","","","","","","","120000000","900000000","","","","87500000","","","","","","42000000","","","","","","20000000","",
"Ghana","GHA","Management practices index","IC.MNG.IND","","","","","","","","","","","","","","","","","","","","","","","","","","","","","","","","","","","","","","","","","","","","","","","","","","","","","","","","","","","","","","","","53.88979721","","",
"Ghana","GHA","Value lost due to electrical outages (% of sales for affected firms)","IC.FRM.OUTG.ZS","","","","","","","","","","","","","","","","","","","","","","","","","","","","","","","","","","","","","","","","","","","","","","","","4","","","","","","10","","","","","","","","","","0","","",
"Ghana","GHA","Firms formally registered when operations started (% of firms)","IC.FRM.FREG.ZS","","","","","","","","","","","","","","","","","","","","","","","","","","","","","","","","","","","","","","","","","","","","","","","","66.43743896","","","","","","76.54404449","","","","","","","","","","78.46937561","","",
"Ghana","GHA","Firms exporting directly at least 10% of sales (% of firms)","IC.FRM.EXS.ZS","","","","","","","","","","","","","","","","","","","","","","","","","","","","","","","","","","","","","","","","","","","","","","","","8.826705933","","","","","","7.954832077","","","","","","","","","","9.050719261","","",
"Ghana","GHA","Firms that are fully credit constrained (% of firms)","IC.FRM.CRDC.FL.ZS","","","","","","","","","","","","","","","","","","","","","","","","","","","","","","","","","","","","","","","","","","","","","","","","","","","","","","","","","","","","","","","","12.14735508","","",
"Ghana","GHA","Firms that use a third party to resolve commercial disputes (% of firms)","IC.FRM.CDP.ZS","","","","","","","","","","","","","","","","","","","","","","","","","","","","","","","","","","","","","","","","","","","","","","","","","","","","","","","","","","","","","","","","71.24747467","","",
"Ghana","GHA","Firms using banks to finance working capital (% of firms)","IC.FRM.BKWC.ZS","","","","","","","","","","","","","","","","","","","","","","","","","","","","","","","","","","","","","","","","","","","","","","","","21.43136597","","","","","","25.25296211","","","","","","","","","","26.04668045","","",
"Ghana","GHA","Average time to clear exports through customs (days)","IC.CUS.DURS.EX","","","","","","","","","","","","","","","","","","","","","","","","","","","","","","","","","","","","","","","","","","","","","","","","7.988088608","","","","","","7.791928291","","","","","","","","","","7.529541492","","",
"Ghana","GHA","B-READY: Utility Services Pillar 2: Quality of Governance and Transparency of Utility Services","IC.BRE.US.P2","","","","","","","","","","","","","","","","","","","","","","","","","","","","","","","","","","","","","","","","","","","","","","","","","","","","","","","","","","","","","","","","","71.1553009599447","",
"Ghana","GHA","B-READY: Taxation Pillar 2: Public Services Provided by the Tax Administration","IC.BRE.TX.P2","","","","","","","","","","","","","","","","","","","","","","","","","","","","","","","","","","","","","","","","","","","","","","","","","","","","","","","","","","","","","","","","","60.9375","",
"Ghana","GHA","B-READY: Pillar 2: Public Services","IC.BRE.P2.PS","","","","","","","","","","","","","","","","","","","","","","","","","","","","","","","","","","","","","","","","","","","","","","","","","","","","","","","","","","","","","","","","","47.6654966711998","",
"Ghana","GHA","B-READY: Market Competition Pillar 1: Quality of Regulations that Promote Market Competition","IC.BRE.MC.P1","","","","","","","","","","","","","","","","","","","","","","","","","","","","","","","","","","","","","","","","","","","","","","","","","","","","","","","","","","","","","","","","","36.8985684663057","",
"Ghana","GHA","B-READY: Labor Pillar 1: Quality of Labor Regulations","IC.BRE.LB.P1","","","","","","","","","","","","","","","","","","","","","","","","","","","","","","","","","","","","","","","","","","","","","","","","","","","","","","","","","","","","","","","","","60.4636752136752","",
"Ghana","GHA","B-READY: International Trade Pillar 1: Quality of Regulations for International Trade","IC.BRE.IT.P1","","","","","","","","","","","","","","","","","","","","","","","","","","","","","","","","","","","","","","","","","","","","","","","","","","","","","","","","","","","","","","","","","66.0651819612165","",
"Ghana","GHA","B-READY: Financial Services Pillar 1: Quality of Regulations for Financial Services","IC.BRE.FS.P1","","","","","","","","","","","","","","","","","","","","","","","","","","","","","","","","","","","","","","","","","","","","","","","","","","","","","","","","","","","","","","","","","75.138888925314","",
"Ghana","GHA","B-READY: Dispute Resolution Pillar 1: Quality of Regulations for Dispute Resolution","IC.BRE.DR.P1","","","","","","","","","","","","","","","","","","","","","","","","","","","","","","","","","","","","","","","","","","","","","","","","","","","","","","","","","","","","","","","","","69.2422943115234","",
"Ghana","GHA","B-READY: Business Location Pillar 1: Quality of Regulations for Business Location","IC.BRE.BL.P1","","","","","","","","","","","","","","","","","","","","","","","","","","","","","","","","","","","","","","","","","","","","","","","","","","","","","","","","","","","","","","","","","87.5833339467645","",
"Ghana","GHA","B-READY: Business Insolvency Pillar 1: Quality of Regulations for Judicial Insolvency Proceedings","IC.BRE.BI.P1","","","","","","","","","","","","","","","","","","","","","","","","","","","","","","","","","","","","","","","","","","","","","","","","","","","","","","","","","","","","","","","","","76.02778","",
"Ghana","GHA","B-READY: Business Entry Pillar 1: Quality of Regulations for Business Entry","IC.BRE.BE.P1","","","","","","","","","","","","","","","","","","","","","","","","","","","","","","","","","","","","","","","","","","","","","","","","","","","","","","","","","","","","","","","","","71.8749992847443","",
"Ghana","GHA","Human capital index plus (HCI+): overall score, female (scale 0–325)","HD_HCIP_OVRL_FE","","","","","","","","","","","","","","","","","","","","","","","","","","","","","","","","","","","","","","","","","","","","","","","","","","","124.437574021166","","","","","140.905446812896","","","","","148.651975289176","","","","","145.306784778762",
"Ghana","GHA","Human capital index plus (HCI+): health pillar score, total (scale 0–50)","HD_HCIP_HLTH_TO","","","","","","","","","","","","","","","","","","","","","","","","","","","","","","","","","","","","","","","","","","","","","","","","","","","36.6895787715912","","","","","38.382746758461","","","","","39.0985494911671","","","","","39.4379154825211",
"Ghana","GHA","Human capital index plus (HCI+): education pillar score, male (scale 0–188)","HD_HCIP_EDUC_MA","","","","","","","","","","","","","","","","","","","","","","","","","","","","","","","","","","","","","","","","","","","","","","","","","","","63.4827184601614","","","","","73.0829198343092","","","","","85.6948783064259","","","","","84.666788161865",
"Ghana","GHA","Voice and Accountability - Governance estimate (approx. -2.5 to +2.5)","GOV_WGI_VA_EST","","","","","","","","","","","","","","","","","","","","","","","","","","","","","","","","","","","","","-0.369178699999999","","-0.389671799999999","","-0.1709219","","-0.1315019","-0.0284494","0.1774719","0.2985231","0.539261","0.5927153","0.49634","0.5417809","0.5375983","0.5108169","0.5280831","0.4680727","0.4460775","0.3876992","0.37094","0.4517344","0.37686","0.3201061","0.2829497","0.2068363","0.1697154","0.17051","0.2043162","",
"Ghana","GHA","Regulatory Quality - Governance estimate (approx. -2.5 to +2.5)","GOV_WGI_RQ_EST","","","","","","","","","","","","","","","","","","","","","","","","","","","","","","","","","","","","","-0.642087","","-0.3021176","","-0.122600199999999","","-0.7400067","-0.6965098","-0.4937082","-0.2995163","-0.085492","-0.0650193999999999","-0.0288747","0.005539","-0.00732509999999999","-0.0260614999999999","-0.0164951","-0.0348948","-0.1382604","-0.1261719","-0.2411721","-0.1635273","-0.168820499999999","-0.1935344","-0.1601259","-0.1880837","-0.1621235","-0.159406","-0.0898549","",
"Ghana","GHA","Rule of Law - Governance estimate (approx. -2.5 to +2.5)","GOV_WGI_RL_EST","","","","","","","","","","","","","","","","","","","","","","","","","","","","","","","","","","","","","-0.2889734","","-0.4973006","","-0.1613038","","-0.0673975","-0.1615689","-0.189166399999999","-0.0514475","0.2121295","0.1996048","0.0965169999999999","0.0402315","0.0192559","0.1772023","0.1657172","0.2017795","0.1435263","0.2011809","0.2040096","0.2800282","0.1999325","0.1177125","0.1110047","0.0415219","0.0021348","-0.0029916","0.0539695","",
"Ghana","GHA","Political Stability - Governance estimate (approx. -2.5 to +2.5)","GOV_WGI_PV_EST","","","","","","","","","","","","","","","","","","","","","","","","","","","","","","","","","","","","","-0.6095455","","-0.6059312","","-0.4701511","","-0.2418341","-0.216514799999999","-0.1177496","0.0517114","-0.0780160999999999","-0.116125499999999","-0.145694","0.1366056","-0.0543989999999999","0.0898514","0.0333979","0.0303364","-0.0929878","-0.0228697","-0.128208","0.0663948999999999","-0.032042","0.0133997","0.0588855","-0.1622488","-0.1877453","-0.0688107","0.0114605","",
"Ghana","GHA","Government Effectiveness - Governance estimate (approx. -2.5 to +2.5)","GOV_WGI_GE_EST","","","","","","","","","","","","","","","","","","","","","","","","","","","","","","","","","","","","","-0.0324486","","-0.3071658","","-0.0680212999999999","","-0.224036699999999","-0.438919299999999","-0.3962772","-0.267334299999999","0.0739642","0.0561228","0.0686849","0.078926","0.0369136","0.0061563","0.0221723","-0.0886218999999999","-0.0881126","-0.085856","0.0177698","0.0366097","-0.0138733","-0.0546834","-0.0103657","-0.0445107","-0.0662946","-0.0177779","0.0595796","",
"Ghana","GHA","Gross capital formation (current LCU)","NE.GDI.TOTL.CN","21200","18700","16900","20600","24100","26200","19500","15500","18900","23600","32000","35300","20000","31600","60800","67200","","","","","","","","","1860600","3283000","4787700","7783800","11874300","18720000","27743900","38546700","35876800","86000000","124700000","155200000","240380400","350100000","399700000","432186800","651622000","1012658600","962581400","1517454400","2267019700","2820771400","4293674700","3562206500","4977043500","6013640600","6031604300","7662466500","12779301900","30835010800","43106612400","50854296300","55899243600","51417788500","66992271500","66485791900","71425974000","78657479200","100799383200","89811466500","117098705900","",
"Ghana","GHA","Changes in inventories (current US$)","NE.GDI.STKB.CD","","","","","","","","26718959.9951937","28435515.3011232","35299260.3738081","48046215.5087943","40607424.1024601","-33016307.0406192","41223880.1499883","32919254.6583851","30851063.8297872","-26271186.440678","53142857.1428571","11518324.6073298","-7692307.69230769","-21058091.2863071","-6337209.30232558","-6209150.32679739","0","1060013.04631442","1825105.04201681","3813369.2238672","3741496.59863946","2937104.43037975","2775616.08300908","3403237.67476085","3669450.26249218","4106672.77097402","-94032772.733579","75339025.6152687","-71718064.6129726","62489681.8651519","66895837.8093322","55804054.2294282","41144526.5767337","44869053.9327863","-27823343.4081851","57040674.29144","0","0","0","0","0","0","248234869.573449","430193365.93512","327695191.122072","354033910.416485","460369468.138548","405816322.241005","344582267.515155","353420123.734999","410074124.353086","343184971.650092","416323514.52615","394090321.432871","225047042.545474","150254014.649129","200928904.959338","131769988.445356","",
"Ghana","GHA","Gross fixed capital formation (constant 2015 US$)","NE.GDI.FTOT.KD","","","","","","","","","","","","","","","","","","","","","","","","","","","","","","","","","","","","","","","","","","","","","","","14145099814.9741","16320765521.1395","17686638000.9677","13237073728.862","9893669914.1008","12422881484.6625","17684091440.0726","13061115327.7541","13728202977.7144","13354179345.1441","14987803484.5049","15141979147.9301","17133698801.7126","15416407029.1999","15689366868.8773","16602172852.6703","16732460158.1462","11900634014.1781","13546388036.5232","",
"Ghana","GHA","Gross fixed capital formation, private sector (current LCU)","NE.GDI.FPRV.CN","","","","","","","","","","","","","","","","","","","","","","","","","1182700","1842700","1029600","1803800","3379700","7653700","13294000","18279000","6863400","49090000","48284500","54900000","79260400","160800000","191300000","220472900","344872000","636288600","449181400","926207800","1278206600","1653433500","","","","","","","","","","","","","","","","","","","","",
"Ghana","GHA","Exports of goods and services (constant 2015 US$)","NE.EXP.GNFS.KD","","","","","","","","","","","","","","","","","","","","","","","","","","","","","","","","","","","","","","","","","","","","","","","4540411900.98597","5365301104.0816","6263592814.32938","6740895998.40279","8404495608.47108","12929651090.5316","14893149037.4241","14356262782.0669","14218893584.7693","16725314357.9985","17209275590.7701","21303375278.5485","22712888512.7786","25604936051.8511","22330135486.3818","22064131689.3496","22108378373.3152","23244309717.2965","25349015163.0035","",
"Ghana","GHA","Gross national expenditure (constant LCU)","NE.DAB.TOTL.KN","","","","","","","","","","","","","","","","","","","","","","","","","","","","","","","","","","","","","","","","","","","","","","","84432697500","92002879800","103471773800","96348000600","101459338900","116872503500","131919154100","136773169200","134295021600","134466158600","137365120300","142402298800","150500391600","161430693200","164884740000","176685402200","183938283500","186516028400","197164835400","",
"Ghana","GHA","Gross national expenditure deflator (base year varies by country)","NE.DAB.DEFL.ZS","","","","","","","","","","","","","","","","","","","","","","","","","","","","","","","","","","","","","","","","","","","","","","","25.5964430130874","29.2703686651339","34.8403659046966","42.926980884334","51.6347354201024","57.5386372210295","64.19979469835","99.9997559462854","126.8724481891","148.574250041824","168.639231483278","189.703510109347","207.191244012683","225.118213640924","246.084205609324","268.096787171929","336.620159880964","479.991188789435","585.974620756334","",
"Ghana","GHA","Final consumption expenditure (constant 2015 US$)","NE.CON.TOTL.KD","","","","","","","","","","","","","","","","","","","","","","","","","","","","","","","","","","","","","","","","","","","","","","","21286966687.2687","22452509653.683","25798902504.1544","26057858908.7184","30569809713.5843","34172509677.6676","35612701152.4767","41241403053.0136","39728377858.2556","40117088360.7267","39765997571.7683","41521061011.5492","43022688917.9351","48733353230.538","49906427092.5204","53704947081.1978","56423312417.4322","61643780316.7701","64358716130.626","",
"Ghana","GHA","Households and NPISHs Final consumption expenditure, PPP (constant 2021 international $)","NE.CON.PRVT.PP.KD","","","","","","","","","","","","","","","","","","","","","","","","","","","","","","","","","","","","","","","","","","","","","","","56476736301.8365","59886196352.8376","68942155606.323","70424042063.6111","82611560006.2711","87510433919.79","93083579775.2466","111435793466.475","105896183887.432","108241138876.121","106409727810.908","113148440903.008","117453911545.463","134004788017.429","136243211836.13","145900661732.135","154091108026.872","169742856441.45","177337171301.225","",
"Ghana","GHA","Households and NPISHs Final consumption expenditure (constant LCU)","NE.CON.PRVT.KN","","","","","","","","","","","","","","","","","","","","","","","","","","","","","","","","","","","","","","","","","","","","","","","48149321600","51056061600","58776732500","60040116900","70430602600","74607144500","79358537900","95004743700","90281941700","92281136400","90719764300","96464863700","100135498800","114245972000","116154343400","124387816000","131370592600","144714512900","151189056800","",
"Ghana","GHA","Households and NPISHs Final consumption expenditure (current LCU)","NE.CON.PRVT.CN","63300","73800","75800","83800","89900","113300","120100","116200","123400","149200","168000","193500","210600","262600","364500","387300","517000","863700","1776600","2345400","3595300","6333300","7762000","16714700","23969100","28804600","42512400","63749200","89219900","119820900","163683700","201968300","242824600","307838700","384247700","591728500","847419000","1177331400","1373705300","1763782400","2288241600","3169691700","4040104100","5389135300","6432044400","7874510000","15658783100","21393472700","28437808600","32573656300","43101710900","51336547200","63052163800","95004743700","114157104500","134832120400","158432965100","200441379400","222906905400","271811961500","303627003400","358068712600","477505030700","756628761300","981437019500","",
"Ghana","GHA","General government final consumption expenditure (% of GDP)","NE.CON.GOVT.ZS","10.0115074798619","10.8602150537634","10.3343465045593","11.3636363636364","11.7313915857605","14.4611186903138","13.0434782608696","14.9601063829787","16.7647058823529","14.2428785607196","12.8375387339531","12.96","12.6110124333925","10.9111682376464","12.2103004291845","13.0229036532273","12.2433343548881","12.6220550031354","11.2980081959402","10.2863014669407","11.1640063474284","8.79024040977061","6.48112803784803","5.86128951629555","7.25936110525907","9.39839322776987","11.0670267289541","10.6343163538874","9.70798975642982","9.84480819410477","9.31152842761133","9.48314108708897","12.1075681220176","14.4493685596963","13.7233429394813","12.0734806558561","12.0437087144029","12.355633653124","10.3241616558742","10.8433463882059","10.1716158733082","9.72236391765846","9.87277025091073","11.5332032401368","12.1728118810468","15.3081652628808","8.68200958159154","8.52494036113545","8.73165976762738","7.57424395572255","7.06949942103097","13.7885981215538","11.7643463119471","8.78317284558237","8.26779337958511","7.6804908567544","7.88693112799624","6.9570521307014","7.10478039787287","7.04320381025923","7.83341015600264","8.00565308777829","6.65253432776561","5.49933849271349","4.80218176209298","",
"Ghana","GHA","General government final consumption expenditure (current LCU)","NE.CON.GOVT.CN","8700","10100","10200","12500","14500","21200","19800","22500","28500","28500","29000","32400","35500","38200","56900","68800","79900","140900","237100","290300","478400","638400","560300","1078700","1964100","3224100","5659600","7933200","10205000","13952200","17885500","23020600","33936000","55949400","71430000","93590000","136560000","174380000","178566700","223153900","276184800","370137200","482403300","763010200","972460500","1488884400","1659309500","1973902900","2635092500","2771990900","3254946000","8247832100","8860360400","10933080900","13119664800","14095670000","17319274500","18282991500","21924456800","25112139300","30702325200","36961694900","40868930100","48820274300","56800171200","",
"Ghana","GHA","Military expenditure (% of GDP)","MS.MIL.XPND.GD.ZS","1.70665901262916","2.10300429184549","2.00100300902708","2.01634877384196","1.92198868229588","1.73260572987722","2.2266139657444","","2.65588235294118","2.50125062531266","2.11819389110226","1.70131947221112","1.42984014209591","1.36493432324386","1.58154506437768","1.71493469619534","1.56680968433956","1.2532473349458","0.851281806918898","0.646304301608674","0.773574778895293","0.741113531698977","","0.341179539008248","0.593211881978556","1.00044308668175","0.900516843869348","0.892627345844504","0.437880517503805","0.430846522392588","0.276510427354999","0.368975044988862","0.377347219697109","0.421951639889914","0.426586695929125","0.335747716894977","0.286903633491311","0.287938176197836","0.334707661290323","0.333671099852227","0.4436304","0.264452812963597","0.260305614783227","0.30375830974791","0.277570912276859","0.260967076343411","0.262213532811969","0.370332914572864","0.294033500427925","0.336757870912986","0.282687655236928","0.43515452267479","0.593208552483374","0.400294579040699","0.484989051455069","0.392915126090548","0.291412454265461","0.312701278609545","0.32587623925291","0.343818178617089","0.350949233772808","0.382741906430833","0.337946355940024","0.398080247565807","0.383994182354107","",
"Ghana","GHA","Armed forces personnel, total","MS.MIL.TOTL.P1","","","","","","","","","","","","","","","","","","","","","","","","","","15100","","","","16000","9000","9000","7000","7000","7000","12800","14500","8000","8000","8000","8000","7000","7000","7000","7000","7000","","14000","14000","15500","15500","15500","15500","15500","15500","15500","15500","16000","15500","16000","16000","","","","","",
"Ghana","GHA","Logistics performance index: Overall (1=low to 5=high)","LP.LPI.OVRL.XQ","","","","","","","","","","","","","","","","","","","","","","","","","","","","","","","","","","","","","","","","","","","","","","","","2.16","","","2.47","","2.51","","2.626934","","2.660931","","2.57","","","","2.5","","","",
"Ghana","GHA","Logistics performance index: Efficiency of customs clearance process (1=low to 5=high)","LP.LPI.CUST.XQ","","","","","","","","","","","","","","","","","","","","","","","","","","","","","","","","","","","","","","","","","","","","","","","","2","","","2.35","","2.33","","2.216488","","2.456894","","2.45","","","","2.7","","","",
"Ghana","GHA","Individuals using the Internet, male (% of male population)","IT.NET.USER.MA.ZS","","","","","","","","","","","","","","","","","","","","","","","","","","","","","","","","","","","","","","","","","","","","","","","","","","","10.3164","","","","","","","","","","","","","","","",
"Ghana","GHA","Fixed broadband subscriptions (per 100 people)","IT.NET.BBND.P2","","","","","","","","","","","","","","","","","","","","","","","","","","","","","","","","","","","","","","","","","","","","","0.00411554662370158","0.00848128135768922","0.055332515476308","0.068508623893661","0.0947630976167947","0.114231524023331","0.204455388509399","0.249660012642992","0.254848945181518","0.251203224924326","0.250235435990938","0.254850246382187","0.294978237026438","0.189313949042323","0.199976597372149","0.187204014722826","0.245771040587956","0.352237707175248","0.62494509663475","0.555476730525596","0.664728986034211","",
"Ghana","GHA","Mobile cellular subscriptions (per 100 people)","IT.CEL.SETS.P2","0","","","","","0","","","","","0","","","","","0","0","0","0","0","0","0","0","0","0","0","0","0","0","0","0","0","0.002462819","0.010466464","0.019576484","0.035552754","0.071542215","0.119695381","0.223102599","0.365160156","0.662241808064506","1.20888662601392","1.86582932404951","3.73545578999193","7.75094614130464","12.8045967119533","22.6001881366288","32.1629441899404","47.7132196500561","60.7694975888344","68.4473107845556","81.1104488323626","95.8261770997433","102.337999297675","108.270496910446","121.997156544235","130.481366086196","122.471765695646","133.609992432498","130.70523333401","126.887391353856","124.402625384529","120.803416027053","98.8059221412722","113.647966704673","",
"Ghana","GHA","Rail lines (total route-km)","IS.RRS.TOTL.KM","","","","","","","","","","","","","","","","","","","","","","","","","","","","","","","","","","","","953","953","953","953","953","953","953","953","977","","","953","","","","","","","","","","","","","","","","","","","",
"Ghana","GHA","Air transport, freight (million ton-km)","IS.AIR.GOOD.MT.K1","","","","","","","","","","","3.0999999046","3.0999999046","2.4000000954","2.5","3.0999999046","2.9000000954","2.7999999523","2.7000000477","2.5","2.7999999523","3.5999999046","6.5","4.5999999046","6.5999999046","7.5","9.3999996185","10.1000003815","12.1000003815","13.3999996185","13.6000003815","15.6999998093","19.1000003815","20.1000003815","22.5","23.7999992371","24.1000003815","29.5","32.7999992371","29.8999996185","31.3999996185","39.949","32.97","18.901","16.63","6.652","","","","","","5.22980484930983","3.56603511599799","2.41801639475519","1.31802","1.332792","0.844630332","0.846429394","0.262714068","0","0","","","","","","",
"Ghana","GHA","Statistical performance indicators (SPI): Pillar 3 data products score  (scale 0-100)","IQ.SPI.PIL3","","","","","","","","","","","","","","","","","","","","","","","","","","","","","","","","","","","","","","","","","","","","","","46.9","50.075","53.725","56.43125","57.31875","53.73125","67.375","69.2625","68.85","68.73125","67.075","66.2125","67.64375","66","65.1125","82.95625","88.83125","79.1375","82.25","80.2","",
"Ghana","GHA","CPIA transparency, accountability, and corruption in the public sector rating (1=low to 6=high)","IQ.CPA.TRAN.XQ","","","","","","","","","","","","","","","","","","","","","","","","","","","","","","","","","","","","","","","","","","","","","","3.5","4","4","4","4","4","4","4","4","3.5","3.5","3","3.5","3.5","3.5","3.5","3.5","3.5","3.5","3.5","4",
"Ghana","GHA","CPIA efficiency of revenue mobilization rating (1=low to 6=high)","IQ.CPA.REVN.XQ","","","","","","","","","","","","","","","","","","","","","","","","","","","","","","","","","","","","","","","","","","","","","","4.5","4.5","4.5","4.5","4.5","4","4","4","4","3.5","4","4","3.5","3.5","3.5","3.5","3.5","3.5","3.5","3.5","3.5",
"Ghana","GHA","CPIA equity of public resource use rating (1=low to 6=high)","IQ.CPA.PRES.XQ","","","","","","","","","","","","","","","","","","","","","","","","","","","","","","","","","","","","","","","","","","","","","","4","4","4","4","4","4","3.5","3.5","3.5","3.5","3.5","3","3","3","3","3","3","3","3","3","3",
"Ghana","GHA","CPIA building human resources rating (1=low to 6=high)","IQ.CPA.HRES.XQ","","","","","","","","","","","","","","","","","","","","","","","","","","","","","","","","","","","","","","","","","","","","","","3.5","4","4.5","4.5","4.5","4.5","4.5","4.5","4.5","4","4","4","4","4","4","4","4","4","4","4","4",
"Ghana","GHA","CPIA quality of budgetary and financial management rating (1=low to 6=high)","IQ.CPA.FINQ.XQ","","","","","","","","","","","","","","","","","","","","","","","","","","","","","","","","","","","","","","","","","","","","","","3.5","4","4","4","3.5","3.5","3.5","3.5","3","3","3.5","3.5","3.5","3.5","3.5","3.5","3.5","3.5","3.5","3.5","3.5",
"Ghana","GHA","Government Effectiveness - Governance score (0-100)","GOV_WGI_GE_SC","","","","","","","","","","","","","","","","","","","","","","","","","","","","","","","","","","","","","50.7095473","","45.3679406","","50.017871","","46.9843044","42.8061229","43.6352567","46.142425","52.7786399","52.4317314","52.6759891","52.8751172","52.0582273","51.4601817","51.7715972","49.6173125","49.6272154","49.6710927","51.6859949","52.0523183","51.0707258","50.2772134","51.1389276","50.4750116","50.051445","50.9948047","52.4989455","",
"Ghana","GHA","Control of Corruption - Governance score (0-100)","GOV_WGI_CC_SC","","","","","","","","","","","","","","","","","","","","","","","","","","","","","","","","","","","","","43.5056059","","36.2539324","","47.6340267","","41.780681","41.3893737","40.9916478","39.354893","45.5663256","45.945231","46.1206785","47.5051448","49.1928374","48.9697352","47.4889132","47.4316276","43.903101","42.262634","42.8641638","42.2701355","45.0164623","45.8418959","45.9874811","44.7085056","45.8969954","45.2166936","43.9385075","",
"Ghana","GHA","Primary government expenditures as a proportion of original approved budget (%)","GF.XPD.BUDG.ZS","","","","","","","","","","","","","","","","","","","","","","","","","","","","","","","","","","","","","","","","","","","","","","","110.9828","114.9036","129.0469","93.2083","103.8123","117.4965","95.8496","96.2227","96.1515","98.7291","113.0521","94.768","95.6065","101.3418","114.1517","96.8235","105.8238","","","",
"Ghana","GHA","Subsidies and other transfers (% of expense)","GC.XPN.TRFT.ZS","","","","","","","","","","","","","","","","","","","","","","","","","","","","","","","","","","","","","","","","","","4.12734870718717","3.9396385847849","19.2251228919966","28.6191337047589","25.4909383872357","28.6338578958229","36.9606711790582","30.1843199899962","27.9248268510772","33.986506421665","33.0334119619792","22.5898555548822","23.778545155124","18.4328083138337","21.6007816221874","21.430960054037","20.2152579499343","20.3990611570952","18.656944201897","14.180606272178","14.2451561708107","17.8078674582142","","","",
"Ghana","GHA","Other expense (% of expense)","GC.XPN.OTHR.ZS","","","","","","","","","","","","","","","","","","","","","","","","","","","","","","","","","","","","","","","","","","","","","0.0644906733886272","0.205544645568017","","","12.2348921599253","","","","23.4010389183176","12.3685335187621","14.6687430048713","7.5608316958283","6.57603882479816","7.80264684446425","4.92512213300806","4.20931446057008","15.5227047042251","10.2408860914245","15.4076013543642","","","",
"Ghana","GHA","Interest payments (current LCU)","GC.XPN.INTP.CN","","","","","","","","","","","","","","","","","","","","","","","","","","","","","","","2731800","4282800","6100400","13477800","","","","","","","","278724400","299900000","363344760","347238560","354046690","393372580","440007400","679176600","1032323883","1439358886","1611182852","2436153000","4396972800","7080869100","9075338364.74","11528959491.35","13572121181.6","15821822181.14","19769256893.91","24599258892.55","33522585720.65","45687372281.35","29347800000","","",
"Ghana","GHA","Compensation of employees (current LCU)","GC.XPN.COMP.CN","","","","","","","","","","","","","","","","","","","","","","","","","","","","","","","8228000","10557100","17110000","22759700","","","","","","","","255140300","449970600","607284060","744173746","887435895","1234702406","1551830350","2147287650","2635554243","3315626035","4855326102","7177627288.71","9479059242.46","10466820493.97","12111177961.12","14164789916.68","16776240659.63","19612040673.11","22219027549.98","28268934889.98","31663289349.62","39434129753.3999","50807800000","","",
"Ghana","GHA","Tax revenue (% of GDP)","GC.TAX.TOTL.GD.ZS","","","","","","","","","","","","","","","","","","","","","","","","","","","","","","","11.4367986938714","13.1595956217207","10.7686571823574","13.1492471785336","","","","","","","","17.1929278946802","17.4931112111661","18.4776861347961","21.7521055188451","21.321508315786","12.534618528847","13.8779845463992","13.8959679074555","12.6124615220586","13.3883874032931","14.8657903615734","15.3681810106551","10.671836497112","11.2521859793493","11.6905632099655","11.058329192094","11.5770312754335","12.244241507483","11.9969959057137","11.3404319629261","12.2446867253345","12.2975358059171","12.393098457103","","",
"Ghana","GHA","Taxes on international trade (% of revenue)","GC.TAX.INTT.RV.ZS","","","","","","","","","","","","","","","","","","","","","","","","","","","","","","","34.7202998630865","30.5033024422713","30.288815958324","24.3002720205465","","","","","","","","31.6416649064231","34.8033602219666","19.2596216230543","15.2670873812117","14.024313945065","16.5680831226214","17.6410257446972","21.2092312651593","15.8926655284012","17.2999015093364","16.6259706687275","12.6549033913036","12.6353606495898","13.2266828868834","11.7491696107096","13.6209576956692","13.8171772959499","12.8096894599668","10.1349829777964","9.99997209357586","9.90755258243877","10.1894431496361","10.2441285751451","","",
"Ghana","GHA","Taxes on goods and services (% value added of industry and services)","GC.TAX.GSRV.VA.ZS","","","","","","","","","","","","","","","","","","","","","","","","","","","","","","","6.83044600424766","10.4426520338087","8.38380222097822","10.9955103853175","","","","","","","","6.80785859552","8.10837640094949","15.3080096746704","20.4211795286921","20.0374980117885","9.64606041880545","10.032822016549","9.41828848415546","8.20924933521893","7.99509586502348","8.51111048458181","7.48470727311761","5.19907982049113","5.68597795458235","7.55076281774038","7.77826853111759","6.91492794830735","6.50674121762393","6.30898337155317","6.04740960612554","7.26614434075332","6.88234398161862","6.87211915095962","","",
"Ghana","GHA","Taxes on exports (current LCU)","GC.TAX.EXPT.CN","","","","","","","","","","","","","","","","","","","","","","","","","","","","","","","2718400","3615300","2036000","3574800","","","","","","","","29995800","36886100","79244650","98581970","63447790","124855670","33525000","40000000","16759000","94658100","5000000","103169453.704","100000000","318550000","370580000","268528250","","","","","","","","","",
"Ghana","GHA","Social contributions (current LCU)","GC.REV.SOCL.CN","","","","","","","","","","","","","","","","","","","","","","","","","","","","","","","","","","","","","","","","","","","","","","","","","","","","78507300","","","","","","","","","","","","","","",
"Ghana","GHA","Net lending (+) / net borrowing (-) (current LCU)","GC.NLD.TOTL.CN","","","","","","","","","","","","","","","","","","","","","","","","","","","","","","","","","","","","","","","","","","-247712100","-245331900","-239651545","-108637804","-137029296","-786535997","-1085336680","-1772639219","-2066515747","-3314982110","-2343529503","-7751137507.54263","-10343952767.9707","-11610628051.1516","-9646827128.38337","-15608036816.2414","-12246116151.9285","-11418684709.8901","-15206498701.634","-42715222322.8897","-42676273016.4068","-61362744413.5669","-15099111436.06","","",
"Ghana","GHA","Net incurrence of liabilities, total (current LCU)","GC.LBL.TOTL.CN","","","","","","","","","","","","","","","","","","","","","","","","","","","","","","","","","","","","","","","","","","","","194591585","152786043","77340726","804385557","1040408462","1905317824","1997515671","2906381184","2272319245","8715440001.53071","9454648302.19138","11550615201.1375","8760338607.13876","13922481178.9954","12244729649.6929","11672748534.5741","16891843383.1241","44897876597.8843","42354660871.1451","65156302497.5384","27986800000","","",
"Ghana","GHA","Net acquisition of financial assets (current LCU)","GC.AST.TOTL.CN","","","","","","","","","","","","","","","","","","","","","","","","","","","","","","","","","","","","","","","","","","","","-45059960","44148239","-59688570","17849560","-44928218","132700000","-69000000","-408600926.000001","-71210258","","","","","","","","","","","","","","",
"Ghana","GHA","Account ownership at a financial institution or with a mobile-money-service provider, secondary education or more (% of population ages 15+)","FX.OWN.TOTL.SO.ZS","","","","","","","","","","","","","","","","","","","","","","","","","","","","","","","","","","","","","","","","","","","","","","","","","","","","51.3962335496872","","","53.552626153796","","","67.5496148864052","","","","80.9737240388757","","","89.3603080489269","",
"Ghana","GHA","Account ownership at a financial institution or with a mobile-money-service provider, female (% of population ages 15+)","FX.OWN.TOTL.FE.ZS","","","","","","","","","","","","","","","","","","","","","","","","","","","","","","","","","","","","","","","","","","","","","","","","","","","","27.088298008763","","","39.377307089462","","","53.7234203538013","","","","62.5809382619613","","","78.3104466801133","",
"Ghana","GHA","Domestic credit provided by financial sector (% of GDP)","FS.AST.DOMS.GD.ZS","","","","","","","","","","","","","","","","","","","","","","","","","","","","","","","","","","","","","","","","","","","","","","","","","","","","","","","","","","","","","","","","","","",
"Ghana","GHA","Real interest rate (%)","FR.INR.RINR","","","","","","","","","","","","","","","","","","","","","","","","","","","","","","","","","","","","","","","","","","","","","","","","","","","","","","","","","","","","","","","","","","",
"Ghana","GHA","Wholesale price index (2010 = 100)","FP.WPI.TOTL","","","","0.0477900049902457","0.0511523624165793","0.059360137278825","0.0597865642024722","0.0621413465079078","0.0737794052090641","0.0794286185281055","0.0862891862057758","0.0825117229244571","0.0979498870445206","0.123486444512247","0.157370403357041","0.195888453020492","0.263814865672935","0.44592557799387","0.656736894987871","1.09077112423635","1.56241174389268","2.33531225196282","3.18119591294232","7.2702591422105","13.3977968303584","20.6233519333847","33.729662077597","47.6785114409639","64.2371402495399","81.4960951783554","100","","","","","","","","","","","","","","","","","","","","","","","","","","","","","","","","","","","",
"Ghana","GHA","Broad money to total reserves ratio","FM.LBL.BMNY.IR.ZS","0.805883365986552","1.56280803320539","1.75868176002841","2.46621068644598","3.36486673427917","3.1765182092739","3.97414764896028","4.48195474589816","3.55535420397312","5.30276806275338","9.83616223379323","10.6495335457637","4.81532864142091","3.51212789825438","6.16030032665814","5.01031059607808","7.10565518355721","4.79222302837484","2.74226601786953","2.10961768849615","2.50240136065745","2.60575382287198","2.20392199172455","1.57455066600307","1.19218492155312","1.11110794594986","1.2422823519678","2.17364454837017","2.46970342726654","2.03806517012135","2.69255064324119","1.5949639101532","3.19996376833107","2.2901961720917","1.77891884198744","1.74054429400051","1.53496127936849","2.66026302413153","3.74470234194023","3.47732114482942","4.54345830783412","4.44564306163862","3.30657719494839","1.61193942505908","1.66095982591403","1.81865068172807","2.09586659846587","2.87822539434597","3.91011656085669","1.99305028557824","1.84885719756955","2.03208890902889","2.14748863251307","2.46904300678576","2.32352183920832","2.20988085923352","2.51505130572233","2.19398785742938","2.68481528249695","2.38515821433907","2.73648033741039","2.5444932667215","4.47138979463705","6.65511600034612","5.56510699143226","",
"Ghana","GHA","Monetary Sector credit to private sector (% GDP)","FM.AST.PRVT.GD.ZS","4.56846950517837","5.82795698924731","6.18034447821682","7.58181818181818","6.957928802589","8.51978171896316","8.45191040843215","7.56648936170213","8.65882352941176","9.2103948025987","8.2514386896857","12.584","10.0603907637655","5.34333047700657","5.67682403433476","5.78440280143858","5.90269690468894","5.01836423900385","3.52115696178405","2.8188647154702","2.19261644730701","1.84738248010354","1.80235046442493","1.54226844456036","2.20940933837471","3.10839882465428","3.62810988808998","3.15415549597855","3.13928135190773","5.84456546435471","4.92869864550594","3.65734044783811","4.9419292690541","4.83817566695075","5.25003266090298","5.07356450843041","6.00507906550134","8.19509402411892","9.3588471656594","12.5620832397761","13.971491324036","11.8843912608955","12.1495373048323","12.493048761649","13.1724893671741","15.5440688136274","10.8575870160572","14.4884302260337","12.6134904703492","17.7369732584538","16.6607748086712","17.1952826473503","18.0717128637123","15.2923716479322","16.5048906269026","17.9335670472186","17.4356386560413","16.0995201444141","13.7141432192203","13.9372113856401","13.058528858537","13.0544311231372","13.2885237876886","9.44619497401401","8.92435396216065","",
"Ghana","GHA","Claims on central government (annual growth as % of broad money)","FM.AST.CGOV.ZG.M3","","80.4878048780488","0.28735632183908","6.93612774451098","32","19.1316146540027","8.88519134775374","19.3761690958887","15.517914922767","-4.88175937206608","-3.43498275988519","0.319356833089933","12.8751983931429","4.31253428712594","26.1914414642888","33.8740272402416","46.8035032180227","63.6622049410652","57.1060200784545","9.27000548116945","28.4597057430584","51.4119145549594","3.39576963942522","124.035641060819","49.0916768674123","34.2078179512095","62.6462530638105","119.002751722602","6.39442922341133","-0.816805101797294","14.594276874531","18.7421971524175","27.130556312882","33.7389317079733","-5.76529847651588","28.1206258839971","21.577737378554","43.923367516071","2.33246914377017","32.8771374204229","32.9345090440364","8.76451827668592","21.9779180585072","-9.94260369879518","32.076455492861","-4.49926475651474","9.74021243745219","-4.83960150270669","49.113333696688","-3.77706791740657","13.3053954109685","8.89779976262689","18.377806336976","17.218880790796","12.7189800930352","-1.5647258967875","9.42742534803546","-2.38757053527227","24.3048057839329","6.40520000782943","45.2082642913953","10.3327615191131","31.7833973980066","-0.632545096128095","3.79697527019267","",
"Ghana","GHA","Total reserves (includes gold, current US$)","FI.RES.TOTL.CD","277926000","155954000","159611200","122112800","122719200","132509200","111130400","82732000","97004000","71832000","42579200","43092238.0362754","104041173.889427","194039305.167838","101333084.902288","147155059.362711","113297797.873544","181582891.516803","326657532.15608","401235930.363199","329581762.377928","268425872.792209","314337128.267335","291305077.11062","437210812.574186","552078778.558875","623972714.723619","331647763.790095","310347216.990082","435931374.011091","309313690.586277","644302479.772275","411555106.167586","516970166.319489","689267656.97559","803820975.119216","930268682.128519","617628952.493103","456699772.55015","534753901.89043","308900898.386218","375936405.544189","636059799.997825","1470061309.67805","1749729259.35718","1897057040.26241","2268926566.51141","2218311347.67966","2014205287.49439","3691822335.02409","5158151628.84547","5913600037.24248","5835098328.20187","5587739126.3869","5563709271.19552","5742645886.29529","5866729596.16504","7015187159.64987","6294851564.02725","7563210340.92838","7884091538.70727","9916916899.67781","5205457212.278","3623904994.58702","4472457558.56406","",
"Ghana","GHA","Borrowers from commercial banks (per 1,000 adults)","FB.CBK.BRWR.P3","","","","","","","","","","","","","","","","","","","","","","","","","","","","","","","","","","","","","","","","","","","","","27.8963332928071","19.4664061424479","23.336055735015","23.7979745261264","37.9036547525721","34.1299923233874","35.6453884212141","35.8833730685924","","","47.0895084668273","48.2300929061164","45.2039875104243","49.9143838202202","42.2222745719612","39.8548287130929","42.267911987166","54.7686499130386","74.7459886471159","84.6252425049533","185.640800260333","",
"Ghana","GHA","Bank nonperforming loans to total gross loans (%)","FB.AST.NPER.ZS","","","","","","","","","","","","","","","","","","","","","","","","","","","","","","","","","","","","","","","","","","","","","","","","","7.67772566797717","16.200000013472","18.0818565043657","14.1459892948403","13.1966714743995","11.9989351569178","11.2691730269489","14.6736173400465","17.2944005721657","21.5912492157277","18.1871529944042","13.9419112610375","14.7938784472408","15.1166575274938","14.7948102065663","20.5784141422521","21.7917694428275","18.9178099466033",
"Ghana","GHA","Renewable internal freshwater resources per capita (cubic meters)","ER.H2O.INTR.PC","","4230.2678597232","4129.54224092404","4032.08957786018","3937.24371369663","3843.90644413789","3752.54457818612","3662.99790628842","3574.9137330842","3486.61273041706","3394.64875636539","3301.9974141982","3210.36232912105","3119.01127960063","3029.8415392875","2943.37414423582","2859.86303049397","2776.7923576076","2693.70446594864","2612.68722641694","2537.38072635747","2467.08276500866","2396.42785142685","2325.4321850252","2266.16776073457","2217.95564659666","2169.67627499093","2120.49625490968","2070.15743034843","2019.08293253204","1968.21648666472","1919.24039125647","1872.12057197917","1826.45440172195","1783.06721692631","1741.47769382604","1701.27411956117","1661.2791147389","1621.35817803433","1582.25666772359","1542.99871462605","1502.44936435731","1461.69293565251","1422.7553041656","1385.56736331287","1349.69971185916","1315.06409830742","1281.60233622148","1249.48731844599","1218.69482690994","1189.40160734085","1161.13806552406","1133.37683305935","1106.39693512713","1080.53779542902","1055.89379004817","1032.13088155355","1009.71882696398","988.981344319404","969.322541115831","950.206393923145","931.77256815432","914.050531368042","","","",
"Ghana","GHA","Level of water stress: freshwater withdrawal as a proportion of available freshwater resources","ER.H2O.FWST.ZS","","","","","","","","","","","1.307759372","1.406858471","1.505957571","1.60505667","1.704155769","1.803254868","1.902353967","2.001453066","2.100552165","2.199651264","2.298750363","2.397849462","2.496948562","2.596047661","2.69514676","2.794245859","2.893344958","2.992444057","3.091543156","3.190642255","3.289741354","3.388840453","3.487939553","3.587038652","3.686137751","3.78523685","3.884335949","3.983435048","4.082534147","4.181633246","4.280732345","4.398975589","4.517218832","4.635462075","4.753705318","4.871948562","4.990191805","5.108435048","5.226678291","5.344921534","5.463164778","5.594485615","5.734524847","5.830972101","5.932650392","6.27059721","6.314734089","6.314734089","6.314734089","6.314734089","6.314734089","6.314734089","6.314734089","","","",
"Ghana","GHA","Water productivity, total (constant 2015 US$ GDP per cubic meter of total freshwater withdrawal)","ER.GDP.FWTL.M3.KD","","","","","","","","","","","34.2766621315934","33.5241871552017","30.539050380628","29.4800489974759","29.6683940828913","24.5523736523866","22.4517772898297","21.8254064932612","22.5583683656607","21.000294256408","20.1897590162013","18.677319221783","16.6942227012899","15.3241558545242","16.0371361963762","16.2559627797713","16.5154104674641","16.7341512362846","17.1093758694056","17.4211052115598","17.4587651244996","17.8433980748626","18.0089855583085","18.3607568782411","18.4567570784797","18.7126991287209","19.0745636905209","19.3805542880433","19.7989614855618","20.1802611437301","20.4424716707355","20.6887030780131","21.0537749951681","21.5835965989385","22.2253449107281","22.9654017488201","23.8561729239563","24.3169639848023","25.9414589931534","26.596496563172","28.0764214075737","31.26872887141","33.3399128064765","35.1861175124052","35.5708465334381","34.3675115872601","35.2785723846471","38.1463304493159","40.5114325697285","43.1478253671552","43.3695800216869","45.5712221946338","47.305138742861","","","",
"Ghana","GHA","Population in urban agglomerations of more than 1 million (% of total population)","EN.URB.MCTY.TL.ZS","8.81492670460545","8.98247817467991","9.19447350040035","9.41351859831259","9.63916525755356","9.8670794912241","10.1004133867507","10.338261536358","10.5804232296715","10.8195921859831","10.9793135930587","10.9977655394396","11.0115957651613","11.0166463587808","11.0207036172008","11.0254229813213","11.0325492998385","11.0312154533352","11.0204517066796","11.0080445760656","11.010381655558","11.0245786580894","11.0287247863956","11.0217350394894","11.0989716983319","11.3092753221544","11.5194199989875","11.7237409081099","11.9203490872997","12.1084270191146","12.2947208666285","12.4889912877888","12.6925449749164","12.9012601269512","13.123957302896","13.3576339398944","13.6008612152791","13.8422545849385","14.0825499265947","14.3271304694383","14.5386380373016","14.6506019293136","14.7548784363533","14.8709812151692","15.000120265418","15.1365526388678","15.2822730835198","15.4366505868576","15.6034285602121","15.7810683521283","15.9754457262896","16.1807885070171","16.3912511088764","16.6103663988638","16.8440793233137","17.0952271231027","17.3598044360645","17.6471191988738","17.9652116836232","18.1733388634837","18.3834110396233","18.5954804725225","18.8111237355333","19.0254746120166","19.2423572679609","19.4631475594303",
"Ghana","GHA","Population living in slums (% of urban population)","EN.POP.SLUM.UR.ZS","","","","","","","","","","","","","","","","","","","","","","","","","","","","","","","","","","","","","","","","","60.36841","","57.00822","","53.64802","","50.28782","","46.92763","","43.56743","","40.20724","","36.84704","","33.48685","","33.48685","","33.48685","","33.48685","","","",
"Ghana","GHA","Population density (people per sq. km of land area)","EN.POP.DNST","","31.4787158301837","32.2465280829744","33.0259031379098","33.8214775424101","34.642726553573","35.4861606750461","36.3536652896194","37.2494023028918","38.1927705018898","39.2274457238288","40.3281357124022","41.4792432099851","42.6941065307199","43.9506152764349","45.2417509009405","46.5628592774897","47.9558363364683","49.4350443877999","50.9679836512262","52.4806539509537","53.9760569570185","55.5674562714248","57.2639360112508","58.7614924848378","60.0388019688846","61.3747780610003","62.7982244880021","64.3252527028215","65.9524171574229","67.6568867012393","69.3833875362574","71.1297134569746","72.9081436230992","74.6822097213677","76.4657510767338","78.272747648765","80.15715039114","82.130772611409","84.1604289355718","86.301692010196","88.6308736925376","91.1021710468489","93.5954337698866","96.1074887931792","98.6615012745012","101.260007031731","103.903836688055","106.574430869298","109.267223345346","111.958315021535","114.683519381208","117.492607893118","120.357708534763","123.238076821658","126.114388678914","129.017939702909","131.88166476224","134.647029093786","137.382028101418","140.147712389575","142.918455784436","145.689425270181","148.49676310689","","",
"Ghana","GHA","Nitrous oxide (N2O) emissions (total) excluding LULUCF (% change from 1990)","EN.GHG.N2O.ZG.AR5","","","","","","","","","","","","","","","","","","","","","","","","","","","","","","","","3.98704569989206","0.61173083843109","4.3468873695574","11.3997840949982","14.0122346167686","18.826916156891","12.2418136020151","25.5271680460597","27.1104713925873","26.7218423893487","31.6948542641238","29.98920474991","33.5300467794171","32.5152932709608","43.1522130262685","44.8650593738755","44.8650593738755","52.0259086002159","55.5955379632962","60.4246131702051","72.0115149334293","75.3076646275639","83.7999280316661","87.26880172724","95.0629722921914","101.180280676502","109.0320259086","114.048218783735","119.10759265923","136.466354803886","131.406980928392","143.181000359842","143.756747031306","152.975890608132","",
"Ghana","GHA","Nitrous oxide (N2O) emissions (total) excluding LULUCF (Mt CO2e)","EN.GHG.N2O.MT.CE.AR5","","","","","","","","","","","0.8131","0.8183","0.8614","0.8547","0.9205","0.9035","0.8948","0.8792","0.8805","0.8853","0.9054","0.9343","1.186","1.174","1.1141","1.205","1.2842","1.2661","1.2239","1.4094","1.3895","1.4449","1.398","1.4499","1.5479","1.5842","1.6511","1.5596","1.7442","1.7662","1.7608","1.8299","1.8062","1.8554","1.8413","1.9891","2.0129","2.0129","2.1124","2.162","2.2291","2.3901","2.4359","2.5539","2.6021","2.7104","2.7954","2.9045","2.9742","3.0445","3.2857","3.2154","3.379","3.387","3.5151","",
"Ghana","GHA","Nitrous oxide (N2O) emissions from Building (Energy) (Mt CO2e)","EN.GHG.N2O.BU.MT.CE.AR5","","","","","","","","","","","0.0764","0.0764","0.0806","0.0839","0.0832","0.086","0.0884","0.0915","0.0938","0.0942","0.0967","0.1024","0.1032","0.1012","0.1038","0.1095","0.1131","0.1166","0.1198","0.1236","0.1263","0.1291","0.1355","0.1396","0.1462","0.1522","0.1574","0.1613","0.1716","0.179","0.1441","0.135","0.0948","0.0891","0.085","0.0805","0.0768","0.0745","0.0756","0.0771","0.0756","0.08","0.0814","0.0828","0.0852","0.0873","0.0855","0.0961","0.0991","0.1015","0.0996","0.0909","0.0946","0.0957","0.0964","",
"Ghana","GHA","Carbon dioxide (CO2) emissions from Waste (Mt CO2e)","EN.GHG.CO2.WA.MT.CE.AR5","","","","","","","","","","","","","","","","","","","","","","","","","","","","","","","","","","","","","","","","","","","","","","","","","","","","","","","","","","","","","","","","","","",
"Ghana","GHA","Carbon dioxide (CO2) emissions from Power Industry (Energy) (Mt CO2e)","EN.GHG.CO2.PI.MT.CE.AR5","","","","","","","","","","","0.0353","0.0353","0.0385","0.0385","0.0257","0.0321","0.0385","0.0417","0.0417","0.0449","0.0321","0.0257","0.0289","0.016","0.0321","0.0257","0.0257","0","0","0","0","0","0","0.0193","0.0225","0.016","0.0032","0.0289","1.1716","1.0716","0.478","0.864","1.8844","1.6528","0.5102","1.0079","2.3508","2.5387","1.8124","1.704","3.0262","2.4527","3.0709","3.5372","3.2659","3.3312","3.9779","5.4167","5.3856","5.7682","6.5631","6.4307","7.025","6.9384","7.5256","",
"Ghana","GHA","Carbon dioxide (CO2) net fluxes from LULUCF - Other Land (Mt CO2e)","EN.GHG.CO2.LU.OL.MT.CE.AR5","","","","","","","","","","","","","","","","","","","","","","","","","","","","","","","","","","","","","","","","","-3.4272","-3.4272","-3.4272","-3.4272","-3.4272","-3.4272","-3.4272","-3.4272","-3.4271","-3.4271","-3.4271","-3.4271","-3.4271","-3.4271","-3.4271","-3.4271","-3.427","-3.427","-3.427","-3.427","-3.427","-3.4274","-3.6302","-3.6302","","",
"Ghana","GHA","Net official flows from UN agencies, UNDP (current US$)","DT.NFL.UNDP.CD","","","","","","","","","","2819999.9332428","2740000.00953674","2690000.05722046","1940000.05722046","1759999.99046326","2039999.96185303","3730000.01907349","4630000.11444092","4239999.77111816","4239999.77111816","3180000.0667572","3750000","5010000.22888184","3640000.10490417","2980000.01907349","3019999.98092651","3430000.0667572","3670000.07629395","4880000.11444092","7219999.79019165","8739999.77111816","7389999.8664856","10699999.8092651","8750000","6420000.07629395","4340000.15258789","3230000.01907349","4269999.98092651","6179999.82833862","6039999.96185303","3279999.97138977","4849999.90463257","4030000.20980835","3119999.88555908","3569999.9332428","4079999.92370605","4170000.07629395","6690000.05722046","6090000.15258789","7780000.20980835","7659999.84741211","6690000.05722046","5989999.77111816","5508174.89624023","5079843.99795532","5426620.9602356","4633458.13751221","4590316.77246094","2916075.94490051","1143126.01089478","1901756.04820251","2631045.10307312","2142642.97485352","2580421.92459106","","","",
"Ghana","GHA","Net official flows from UN agencies, UNICEF (current US$)","DT.NFL.UNCF.CD","","","","","","","","","","","409999.996423721","300000.011920929","180000.007152557","230000.004172325","239999.994635582","550000.011920929","360000.014305115","589999.973773956","540000.021457672","519999.980926514","920000.016689301","1070000.05245209","1149999.97615814","1269999.98092651","1509999.99046326","1879999.99523163","2049999.95231628","2920000.07629395","889999.985694885","2460000.03814697","2000000","2930000.0667572","4079999.92370605","4429999.82833862","4329999.92370605","4949999.80926514","6909999.84741211","2920000.07629395","3180000.0667572","2980000.01907349","2940000.05722046","2990000.00953674","3319999.9332428","3589999.91416931","3900000.09536743","4510000.22888184","4510000.22888184","7670000.07629395","9380000.11444092","8220000.26702881","9659999.84741211","10289999.961853","7144885.06317139","10253112.7929688","9603807.44934082","8091616.6305542","8497202.87322998","9498000.1449585","7988718.03283691","10331999.7787476","8873000.1449585","10418999.671936","8236000.06103516","7454999.92370605","","",
"Ghana","GHA","Net official flows from UN agencies, SDGFUND (current US$)","DT.NFL.SDGF.CD","","","","","","","","","","","","","","","","","","","","","","","","","","","","","","","","","","","","","","","","","","","","","","","","","","","","","","","","","","","","","","599919.974803925","248908.996582031","","","",
"Ghana","GHA","PPG, other private creditors (NFL, current US$)","DT.NFL.PROP.CD","","","","","","","","","","","-1604000","-1869000","-1464000","-546000","16848000","-15799000","-7324000","22873000","-4556000","-5883000","-20247000","-2755000","14180000","24519000","3272000","26079000","4859000","20338000","19033000","-15205000","-12300000","37292000","44456000","21855000","33869000","13420000","-18104000","91541000","42746000","-24099000","14507000","124599000","-22894000","-45320000","-32232000","-30470000","-31430000","-28887000","30577000","-32537000","-29702000","-22955000","-18948000","-4480000","-11060000","-4114000","-5378000","-5909000","-6819000","-8112000","-9589000","-10657000","-12264000","-13445000","-15311000","",
"Ghana","GHA","PPG, commercial banks (NFL, current US$)","DT.NFL.PCBK.CD","","","","","","","","","","","","-5000","-1212000","-808000","-981000","-808000","-808000","-808000","20697000","","-21500000","","","","","","75000000","-15000000","-38346000","-46696000","-7476000","-3572000","-379000","987000","29194000","84778000","53197000","-3116000","15098000","-24004000","-9297000","71749000","21690000","16550000","62630000","45713000","30103000","84077000","52138000","221830000","249784000","415307000","169233000","588141000","504105000","512347000","488619000","-188063000","-152020000","-94105000","128713000","614930000","357634000","171245000","167128000","",
"Ghana","GHA","Net financial flows, others (NFL, current US$)","DT.NFL.MOTH.CD","","","","","","","","","","","","","","","","","4400000","4522690.8","12196203.1","6326269.3","19170306.1","13882650.8","9543921","9552091","2145452","4121006.9","4192447.9","10598304.3","7174628.8","2002825.1","14068448.2","25980327.3","12531122.9","3000860.8","4926692.5","-16412963.3","15139583.8","5678229.4","1027725","2508959.3","-2500716.1","4115904.4","6384038.3","-11239241.3","34801955","19734600.9","1436283.1","14246119.1","51321318.2","67517976","-981522.7","18860389.8","3920614.2","-9757523.2","-9309787.8","10994957.8","-492639.6","-14537286.2","5357549.8","-6422573","-4119080.1","38978432.7","789391157.8","-14060440.2","17515172.1","",
"Ghana","GHA","Net financial flows, IMF nonconcessional (NFL, current US$)","DT.NFL.IMFN.CD","","","","","","","","","","","-22900000","-28185002.5","-18174618","-9145899.8","-5616492.2","59768005.5","0","0","-6036531.9","28037539.3","-28900000","-11400000","-5300000","265300000","214800000","121800000","16450000","-81852274","-162859144.3","-172349078.9","-47688550.5","82197699.9","-63794652.4","-740088.1","-82488234.2","-65936106.6","-85502879.2","-165633075.2","-27242735.2","-15137035.1","-1763509.7","1483152.7","63400597.4","71548620","15455908.4","7376358.6","116388333.3","0","0","104348940.1","124363500.8","171268610.7","150184318.2","-32050635.6","-32049035","172484084.2","166406686","17692009.3","78377266.7","76476169.9","938771241","-118543815.5","-120774662.1","478139193.7","1155041599.2","",
"Ghana","GHA","Net official flows from UN agencies, IAEA (current US$)","DT.NFL.IAEA.CD","","","","","","","","","","","","","","","","","","","","","","","","","","","","","","","","","","","","","","","","","","","","","","","600000.023841858","529999.971389771","400000.005960464","660000.026226044","620000.004768372","469999.998807907","769999.980926514","389999.985694885","600000.023841858","624071.002006531","571007.013320923","455033.004283905","606572.985649109","391424.000263214","420343.995094299","194006.994366646","260628.998279572","436989.992856979","","",
"Ghana","GHA","Portfolio investment, bonds (PPG + PNG) (NFL, current US$)","DT.NFL.BOND.CD","","","","","","","","","","","","","","","","","","","","","","","","","","","","","","","","","","","","","","","","","","","","","","","","","","","","","","1000000000","1253189000","1000000000","750000000","","580728000","3060929000","2366439000","2904414000","-15993000","","-165735000","",
"Ghana","GHA","Present value of external debt (current US$)","DT.DOD.PVLX.CD","","","","","","","","","","","","","","","","","","","","","","","","","","","","","","","","","","","","","","","","","","","","","","","","","","","","","","","","","","","","","","","","","23589285577.6","",
"Ghana","GHA","Short-term debt (% of total external debt)","DT.DOD.DSTC.ZS","","","","","","","","","","","0.8889","0.9803","2.7034","3.3906","1.2523","0.8064","0.4322","21.027","28.6843","15.8934","9.3526","18.599","14.0033","5.5707","12.3618","8.436","6.8318","3.6691","2.4979","6.0166","8.2471","8.9829","9.1919","9.6953","10.6048","10.4655","10.1458","10.6721","10.3526","10.1092","7.8551","6.6859","8.337","9.1218","7.6007","9.5381","19.501","14.6711","11.1993","11.6577","11.6317","12.6413","11.2644","12.8057","10.7377","10.5541","8.007","9.8819","10.4056","14.1981","12.8374","11.0377","10.6705","9.0197","7.0016","",
"Ghana","GHA","External debt stocks, public and publicly guaranteed (PPG) (DOD, current US$)","DT.DOD.DPPG.CD","","","","","","","","","","","510982105","507190674.9","574681995.3","722780515.7","714912552.5","659588910.7","652772035","785457424.9","857019451.5","961061883","1152354407.7","1157436864.3","1184975790.6","1221002353.4","1173701990.9","1325167350.5","1754599304.2","2295280625","2258739632.3","2427368816.2","2783264458.4","3118584456.4","3319164182.9","3637755319.7","4156864911.4","4639092693.4","4975683702.6","5056195458.8","5651031065.4","5729170209.4","5582081309.8","5784523756.7","6301314417.6","6996114745.1","6126876425.9","6063177674","2272891943","2833584303.2","3364813936.1","4330148253.2","5399471148","6700590094","8048127884","10816179223.8","12853319278.8","14721163001.8","15860699486.8","16367844432.6","17051726173.5","19600652797","22914580922.6","26609597055.1","27609709655.2","28526457962.3","25584060934.2","",
"Ghana","GHA","External debt stocks (% of GNI)","DT.DOD.DECT.GN.ZS","","","","","","","","","","","26.3548286521456","22.8601193340668","28.8598125111842","25.3457668359307","25.3918597616115","25.8482650767411","25.8911782140784","33.5627602076778","34.9920818456681","32.0001097604167","31.5918398749004","36.55592705624","36.8707133145154","41.4357289817652","44.9782410310569","50.9943862657032","49.3279620496495","67.1132778978896","61.7989664385873","66.2731034175146","67.1825395645799","67.5806484135476","71.4446234130278","83.4370496359906","102.508416556627","93.7533418821525","94.8986674127679","93.9281531264451","95.0735868867058","94.0360761469128","139.443581025134","131.770132028794","126.562832119902","111.158074007368","83.4220114525133","76.2429877949672","29.8321093533139","33.6669797693266","35.2167135896258","49.9435765043797","56.7993406394068","55.9323652551077","59.0969632571457","46.662899214813","55.0300254159213","65.2895144150849","64.6271141908687","58.7440328132317","54.6463726994366","49.8694571261813","56.9614944269336","60.4375749224229","60.022746907535","55.2963757239878","46.9171668170777","",
"Ghana","GHA","Net ODA provided, total (current US$)","DC.ODA.TOTL.CD","","","","","","","","","","","","","","","","","","","","","","","","","","","","","","","","","","","","","","","","","","","","","","","","","","","","","","","","","","","","","","","","","","",
"Ghana","GHA","Net bilateral aid flows from DAC donors, Total (current US$)","DC.DAC.TOTL.CD","2530000.00119209","2609999.9807775","5550000.01937151","17179999.9848008","19110000.1186133","44629999.8760223","55009998.7834693","46639999.2778897","52199999.8185783","60780000.6680191","51349999.4538724","49610000.0943988","50119999.7048824","36379999.8015165","25649999.5291233","104379998.974502","41800000.3658235","55130000.3863871","68320000.1623481","95360000.519082","115689999.969676","103770000.945777","104909999.271855","74519999.9250472","141689998.133108","107350000.835955","159989999.622107","142409999.877214","256259998.027235","371489999.204874","285029998.254031","475929998.023435","397479997.56597","380049996.893853","376480001.043528","412670002.579689","424420000.039041","320920005.042106","407239996.919408","380819998.055697","392050005.808472","404819995.062426","447409999.446944","555040002.416819","992029999.637976","692750000.905246","656969992.94497","795209996.469319","844530003.836379","987729995.813221","1003210002.42792","971319991.15087","929780554.784461","766421507.060528","654227071.880129","782577390.661463","683162902.678684","625335049.986606","703025057.47939","554568417.233415","672321945.706034","816638585.932553","512992482.973728","570649059.40881","","",
"Ghana","GHA","Net bilateral aid flows from DAC donors, Portugal (current US$)","DC.DAC.PRTL.CD","","","","","","","","","","","","","","","","","","","","","","","","","","","","","","","","","","","","","","","","","","","","","","","","","","","","","","","","8128.00042331219","234.000006457791","","","","","122482.001781464","264310.985803604","","","",
"Ghana","GHA","Surface area (sq. km)","AG.SRF.TOTL.K2","","238540","238540","238540","238540","238540","238540","238540","238540","238540","238540","238540","238540","238540","238540","238540","238540","238540","238540","238540","238540","238540","238540","238540","238540","238540","238540","238540","238540","238540","238540","238540","238540","238540","238540","238540","238540","238540","238540","238540","238540","238540","238540","238540","238540","238540","238540","238540","238540","238540","238540","238540","238540","238540","238540","238540","238540","238540","238540","238533","238533","238533","238533","238539","","",
"Ghana","GHA","Cereal production (metric tons)","AG.PRD.CREL.MT","","436400","421000","392348","400221","388943","646900","585651","522656","535463","857500","823100","723500","764100","890100","671500","688800","639000","540000","780000","674000","725000","628000","432000","1072000","921000","866700","1057400","1146000","1183700","843800","1436200","1254200","1644700","1593915","1796920","1770069","1669220.67","1787521.22","1685991.8","1710622.41","1626674.06","2155213.75","2040844.47","1830250.66","1948025.7","1919026.8","1672835","2296821.04","2607164.16","2906709.36","2618992","2890743","2745913","2780040","2753193.99","2798251.57","3126782.91","3573624.57","4411039.66","4636040.81","4858040.31","5136565.41","5765040.5","","",
"Ghana","GHA","Average precipitation in depth (mm per year)","AG.LND.PRCP.MM","","1187","1187","1187","1187","1187","1187","1187","1187","1187","1187","1187","1187","1187","1187","1187","1187","1187","1187","1187","1187","1187","1187","1187","1187","1187","1187","1187","1187","1187","1187","1187","1187","1187","1187","1187","1187","1187","1187","1187","1187","1187","1187","1187","1187","1187","1187","1187","1187","1187","1187","1187","1187","1187","1187","1187","1187","1187","1187","1187","1187","1187","1187","","","",
"Ghana","GHA","Land area where elevation is below 5 meters (% of total land area)","AG.LND.EL5M.ZS","","","","","","","","","","","","","","","","","","","","","","","","","","","","","","","0.727868498974729","","","","","","","","","","0.727868498974355","","","","","","","","","","","","","","","0.727868498970982","","","","","","","","","","",
"Ghana","GHA","Rural land area where elevation is below 5 meters (sq. km)","AG.LND.EL5M.RU.K2","","","","","","","","","","","","","","","","","","","","","","","","","","","","","","","1522.87645934","","","","","","","","","","1491.4596399","","","","","","","","","","","","","","","1412.20466503","","","","","","","","","","",
"Ghana","GHA","Arable land (hectares per person)","AG.LND.ARBL.HA.PC","","0.237341761106582","0.231690488764715","0.226222847602716","0.220901462484629","0.215664717987934","0.210538804716713","0.205514734016182","0.200572717697793","0.19561853603","0.19045884111621","0.185260580994618","0.180119338597551","0.174994032188814","0.169991109464975","0.174853909558564","0.169892853296672","0.164957961838075","0.168912161231103","0.163831872283571","0.159109682510865","0.154701559521995","0.166089059009782","0.161168567278974","0.172019334973251","0.175679655175973","0.171855546533935","0.174958436873736","0.17763727125102","0.173254641075357","0.175385627524579","0.177355547706869","0.173001240974973","0.168781264845593","0.164771888032794","0.172423534042182","0.179672514277087","0.197379696800662","0.19521882877366","0.193030770349074","0.190698834302664","0.188080186565534","0.185306126741417","0.182635722286617","0.180068686644018","0.177556881379391","0.175094869071264","0.172680696306815","0.1703435422083","0.168086505130745","0.165940554649765","0.163846594424207","0.161734287993223","0.159646296949707","0.15763587530979","0.15572228920004","0.153861552484264","0.152128650575103","0.150579329278075","0.149129905055977","0.147702214347809","0.144836819100661","0.142082065930374","0.139395998225875","","",
"Ghana","GHA","Fertilizer consumption (kilograms per hectare of arable land)","AG.CON.FERT.ZS","","0.422352941176471","1.13529411764706","1.23529411764706","0.866470588235294","0.667058823529412","0.705882352941177","0.775882352941176","0.797647058823529","0.698823529411765","1.96647058823529","1.69705882352941","2.64823529411765","3.90705882352941","5.72294117647059","13.6111111111111","11.3888888888889","17.3333333333333","10","9.73684210526316","6.31578947368421","15.2631578947368","12.9047619047619","10.1904761904762","3.65217391304348","5.20833333333333","3.16666666666667","4.3544","4.86730769230769","3.26153846153846","4.81481481481481","2.85714285714286","3.60714285714286","2.70285714285714","2.75","3.23333333333333","5.4375","5.92111111111111","4.16198806196878","4.16771157033669","3.17402704828623","8.18001225986818","4.07676331858531","7.35845540156673","13.4090247495572","6.01974053425592","20.8836274725333","18.7058861913583","15.8498731620394","20.8912094324722","20.4372267841194","14.6056990994439","37.7813946180067","27.1535150705348","16.6954693676709","24.9741676250914","22.2941800522702","38.2464430807935","27.5502575439693","40.1360593104127","50.1118919722287","37.3638506125395","37.0496188878745","28.8902099832268","","",
"Ghana","GHA","Intentional homicides, female (per 100,000 female)","VC.IHR.PSRC.FE.P5","","","","","","","","","","","","","","","","","","","","","","","","","","","","","","","","","","","","","","","","","","","","","","","","","","","","","","","","","","","","","0.473363575040774","0.583616112208918","0.97056124964885","","","",
"Ghana","GHA","Travel services (% of commercial service exports)","TX.VAL.TRVL.ZS.WT","","","","","","","","","","","","","","","","1.84237461616911","1.83333333333324","1.21168923734877","0.694042799307207","1.10741887813455","0.39177277179236","0.347222222222222","0.439403292487987","3.44827586206897","4.08163265306122","5.09554140127389","3.01628795495677","2.7359781121751","3.68794326241135","4.58839406207827","5.5766793409379","6.23678646934461","4.91009681881051","7.94602698650675","7.94117647058823","7.92507204610951","8.79501385041551","9.61158657011192","66.4482919981282","67.0118995152049","68.3082654327259","68.1580941891724","66.4810690423162","67.6827724745021","68.1560568942192","77.2094610482395","69.300955498481","56.2583187628221","58.9368661759244","50.4618861775798","46.1078735645016","41.3440733380039","28.5739682381463","36.2596153074254","45.3524744807533","13.6163347418973","13.517674119626","13.1308838053257","12.4815530358776","14.4406117698283","1.44947574892408","6.21825706446744","10.0257306719618","11.979047217744","13.0678302820297","16.7662162361174",
"Ghana","GHA","Commercial service exports (current US$)","TX.VAL.SERV.CD.WT","","","","","","","","","","","","","","","","84956988.9990959","104348399.998757","122000559.165421","98039725.2679403","90300067.9999695","102100000","115200000","99309223.9999385","34800000","39200000","31400000","49730000","73100000","70500000","74100000","78900000","94600000","144600000","133400000","136000000","138800000","144400000","151900000","427400000","453800000","489738683.716786","515358600","538800000","612305000","683725000","1082889310","1242883296.20344","1614373796.12949","1558769733.79912","1522020000","1343610000","1678584000","3200185540.8352","2353384041.07462","1977405534.02101","6013083944.08956","6259804257.83051","6470090000","7563161389.34407","9869633395.90326","7588950700.39296","9122628642.05959","8281057283.15499","8735991109.9598","9266029431.56626","10056926239.3723",
"Ghana","GHA","Merchandise exports by the reporting economy (current US$)","TX.VAL.MRCH.WL.CD","293100000","305700000","297500000","265000000","285400000","258100000","214200000","260600000","301900000","304132000","384156000","314689000","369474000","550241000","642961000","690182000","709641000","872244000","770771000","781603000","970062000","955155000","735382000","619532000","355856000","406501000","754183605.025923","824972224.631396","749947347.569137","887838268.91255","1115784373.46986","611764000","1164829000","1067371351.69229","1407827988.71557","1359221501.21369","1428310153.80586","1458497023.84364","1654602968.00108","1646972888.7206","1562656289","2183852906","2278813947","2315284418","1656763191","3056334670","3566458639","3533342452","3809525960","5070100170","5232416758","18145922178","15760752734","12642191001","15502860702","13750592026","12035330167","14451387694","17077592131","16703226177","14831458504","14790156729","17485794686","16782124237","","",
"Ghana","GHA","Merchandise exports to low- and middle-income economies in Middle East & North Africa (% of total merchandise exports)","TX.VAL.MRCH.R4.ZS","0.238826339133402","0.0327118089630357","0.302521008403361","0.226415094339623","0.595655220742817","0.581170089112747","0.793650793650794","0.230237912509593","0.331235508446505","0.442242184314706","0.633857078895032","0.375926708591657","0.152649442179964","0.300413818672182","0.676401834636937","1.03726263507307","0.398370443646858","0.690288497255355","0.556066587871106","0.199333932955733","0.552026571497492","0.444535180154006","0.938695807077138","0.419187386607956","0.518187131873567","0.283886140501499","0.339783745603209","0.177063439729462","1.27818935620551","1.27818935620551","0.950631164437214","0.396067764693575","0.215653971527151","0.298436258339138","0.233250908264128","0.338091686053894","0.585355032181657","0.962859351868751","0.595446560339611","0.476897578518199","0.272672949899093","0.335026456218659","0.34706062820143","0.304284905354552","0.555186767183555","0.378696976924978","0.260759059373463","0.482571254601958","0.70870906993373","0.340115804852037","0.363315593524441","0.17285117114647","0.211330369571421","0.429427921123053","0.94876747477338","1.02632398469212","0.624686967094153","0.701333270866991","0.891000732613761","0.324827116780052","0.309162817585563","0.40158757671269","0.203637487683126","0.192051557626662","","",
"Ghana","GHA","Merchandise exports to low- and middle-income economies outside region (% of total merchandise exports)","TX.VAL.MRCH.OR.ZS","0.921187308085977","0.130847235852143","1.10924369747899","0.792452830188679","1.68185003503854","2.98333979077877","3.73482726423903","1.07444359171143","1.62305399138788","1.93402864545658","2.096023490457","2.5110505928075","2.82320271521135","3.03757807942338","1.75422770587952","4.11572599691096","2.60089256398658","2.85745731698928","3.25012228015844","3.00305909777726","4.85669988103853","2.71400976804812","4.70789331259128","3.0655397945546","4.39616024459332","7.43491405925201","6.39420378522488","4.24325884029999","4.85400334939231","4.85400334939232","4.30202400127107","2.21605063390458","0.72663026075072","8.2543397853278","9.38839082554555","8.18811633529875","10.387708668459","10.1890622448211","7.46799628243966","12.2190797630837","6.03329232817621","14.8371443016959","10.6219704473311","3.27823244565195","8.44100730627592","7.34214342436524","7.95174125668586","8.77829698687808","14.6081724299367","6.02705425443301","4.72301281472197","8.10582026954398","9.4957670376456","10.6484723644305","17.8686526393327","31.3143441086629","31.3580356386745","43.1537371085077","43.9231268229192","35.5893566548572","28.073198767856","25.9322699906191","25.8379287652125","22.7597670715539","","",
"Ghana","GHA","Ores and metals exports (% of merchandise exports)","TX.VAL.MMTL.ZS.UN","","","13.820327808154","8.30572256577087","10.8945159446502","12.0340589152442","14.9611443742032","13.7801478753474","18.2946275557465","22.1478828168224","12.869046912897","15.0147552149036","17.8109072321099","11.1304190004136","8.56163726238996","8.16708031893636","16.8432204495463","12.4468412522699","15.109384648509","11.1621373951507","16.6528183414383","29.8226369708509","25.6143033869189","10.8417405865733","2.96260842539098","","","","","","","","9.88645844966271","","","","6.10007692802773","11.3563809019957","6.8683726093234","7.69066693696787","11.9158631786585","10.8636065668465","","2.46857072038619","1.49737393398241","3.60406853600616","2.16102136221263","2.87234023304386","3.51368318139587","1.74904889698946","4.01489450472122","1.36513638736008","1.47263285139011","2.06865588093151","1.73605428922296","1.53114850582018","1.90382388267575","1.94503330731125","2.79589844396489","3.04129705781624","","2.90277951595568","1.8752282216153","3.79789972324939","","",
"Ghana","GHA","Fuel exports (% of merchandise exports)","TX.VAL.FUEL.ZS.UN","","","0","0.0660030645577205","1.0099229835984","1.02994134664138","0.561036275483858","0.683041385117144","0.546169428271001","0.687928940514893","0.15368132154308","0.80473599451198","0.807805372542691","0.6826191632459","1.93374461966347","2.7905098311213","2.15157892419283","1.60844885794581","0.649724366540547","0.951191526201328","0.391570153393238","12.3061617771306","9.77489243475932","20.8456016115656","3.90245820102382","","","","","","","","5.39579860302098","","","","3.35776840095481","3.06636500725372","3.26768196765273","4.41563742023779","4.89527474500612","7.98184140719209","","0.0481803318787904","2.25891488923827","2.42026667222042","0.449413904187484","0.758742699996961","1.32905143391096","1.75329081764514","0.114294159518324","40.4219396496718","28.9638835969169","24.7444175029272","29.7421554112913","21.7019621780148","12.9823297234949","25.3456087168229","30.6056138754779","31.7022617995334","","26.6641837008799","31.0014653616144","24.5298166225955","","",
"Ghana","GHA","Export volume index (2015 = 100)","TX.QTY.MRCH.XD.WD","","","","","","","","","","","","","","","","","","","","","","","","","","","","","","","","","","","","","","","","","","","","","","39.4","43.8","43","44.4","48.1","62.7","89.9","100.2","106.4","103.8","100","109","139","138.5","146.4","134.1","111.7","114.4","107.6","105.3","",
"Ghana","GHA","Transport services (% of commercial service imports)","TM.VAL.TRAN.ZS.WT","","","","","","","","","","","","","","","","73.8440366972061","74.2674070909558","68.0748175183038","72.402424242436","64.9956927662961","57.8274932614555","60.7996192289386","56.8249075215783","69.9780941949617","69.0054744525548","67.3186813186813","59.8244020587345","61.1255862428348","59.2954990215264","55.7465618860511","55.1418439716312","60.1116714124366","60.7305936073059","59.5481927710843","60.6583072100313","61.3105740181269","63.8218674698795","64.1460474771487","56.5659527340304","57.230491980537","52.7993208004844","52.3788939828353","49.0211933492018","42.9258213673723","44.4599304243573","50.9504172739766","51.2962012711415","47.187940518772","54.2135674617691","37.7933409679641","46.4487558199478","58.8052092768207","50.0104810907484","43.3482848625123","42.0888376786157","28.6768997130238","27.9090832335096","24.7271483418947","23.3098144228665","21.4965894152111","19.7213690295824","26.4148986032462","26.88238792273","21.1507501330835","22.5713099636263","20.1031549132107",
"Ghana","GHA","Merchandise imports from low- and middle-income economies within region (% of total merchandise imports)","TM.VAL.MRCH.WR.ZS","5.55891238670695","5.9031556039173","5.99033816425121","5.96469872185027","8.0973008997001","3.90334572490706","4.1038794485412","2.5987525987526","2.84011220196353","4.15203176302751","3.34673887598602","4.2963602432429","6.21353959725064","7.52233018330361","11.3302993882594","9.71487800730418","13.0998300188488","14.4174485623604","13.0313287020126","15.5382880432094","23.3433385309177","32.118862985945","29.5245131819183","14.7363918149461","41.0938293089696","28.0622967899549","5.63237229373619","14.4475609287325","14.7609907274174","14.7609907274173","23.0832760959858","8.74606910464587","17.1017882273037","21.1208391924235","22.7459502488543","22.5358834578095","20.7522108364928","22.8383669565861","26.1593263542954","24.09833292064","22.5410296942011","22.9096799599721","22.4532266323896","24.9543703647705","8.90903632567842","20.1486246526622","19.5499448833309","17.5863341765548","19.8120809161628","10.354601569859","7.67407377922182","13.2705674802485","10.7002554258578","9.88944792456463","10.6616256081585","9.58146174044494","8.18610872739764","7.57210120623912","8.7613712444921","8.88814556464599","8.72681553330063","6.60911787900629","7.47437271967109","7.00743347136292","","",
"Ghana","GHA","Merchandise imports from low- and middle-income economies in South Asia (% of total merchandise imports)","TM.VAL.MRCH.R5.ZS","0.906344410876133","1.38737758433079","1.93236714975845","1.33901399878271","0.599800066644452","0.955921402018056","1.60307790958641","2.11365211365211","1.50771388499299","1.12550790207431","0.944525251781342","0.677423859640214","0.744525601654666","1.70279210543843","1.22496657708876","0.930432177243686","0.923551579328974","2.08814146423159","0.826671521901141","0.806467568182493","0.966732413366993","1.7386118965631","1.190467733047","2.37865495659252","1.91392937422957","1.25833048914117","0.429972244544057","0.984340823236587","0.944278292412477","0.944278292412469","0.673777933639266","0.472103004291845","1.78650056742474","1.44277498895984","0.997847796591656","1.32273675324662","1.83046597007187","1.7506423799052","2.16433946020566","2.34976224537672","1.81725963950917","2.13868205003559","2.66264829522587","3.20105514027426","3.86640798786049","3.51956537453692","3.99183497410293","4.47045505560302","4.4500610262574","4.28475498758416","4.12993102188687","4.72222559279815","4.4863402711041","4.8840766899656","6.4158676927221","6.78036652281378","5.35667980215669","5.12026107973132","6.01416203844407","5.9205222639935","5.10111392779038","6.15302688303744","5.62703429663057","6.67103647826698","","",
"Ghana","GHA","Merchandise imports from low- and middle-income economies in East Asia & Pacific (% of total merchandise imports)","TM.VAL.MRCH.R1.ZS","0.906344410876133","0.680087051142546","1.28824476650564","0.699939135727328","0.999666777740753","3.92989909718534","2.40461686437961","0.485100485100485","0.73632538569425","1.42754136713467","1.79935874336846","1.86850156787569","2.36837121563764","2.77681163710276","5.24503382803743","3.00440248007277","2.96788864650132","3.77393172692404","1.95483501061329","1.35276835263975","2.28654105939322","0.97203247820218","0.825005302808103","0.686517863446765","1.30302371111595","1.19263606572522","25.3484104759156","1.20215670991614","2.75302738491287","2.75302738491287","2.07868172591403","1.76855679278495","5.37609755676406","4.72067159216123","4.73457789393223","6.4582068397449","5.46731690453392","5.04969297921795","6.46197333833317","7.25810275413964","6.11385750595575","6.34151500523118","8.05363464944628","10.199818225194","15.0753510722611","12.8794161398067","14.8753826185446","16.9399764366405","17.8515848267471","18.727544303863","18.2749842475468","21.9334794769028","22.5994161955618","23.8346753030441","21.5123106294856","24.4819993820379","24.1203852872185","24.0153680435991","26.7111631848904","24.8694994189348","26.2852800592842","27.3087501458541","22.1578519950815","22.7843542168184","","",
"Ghana","GHA","Merchandise imports from economies in the Arab World (% of total merchandise imports)","TM.VAL.MRCH.AL.ZS","0.211480362537764","0.897714907508161","1.06280193236715","1.39987827145466","2.53248917027657","0.876261285183218","0.705354280218019","1.21275121275121","2.31416549789621","1.94217420770371","2.14813080793601","1.84412649646435","2.43781076053012","1.46179139748343","5.87608540060229","7.58489822470193","2.99450761873012","3.06685565599585","2.06023280246169","3.57593308866444","3.39722767064742","1.37601412917474","11.8347513059116","10.6311285113264","0.109672975128707","0.0959754467092483","0.0432869175299344","0.203098895717327","0.534725589671257","0.534725589671254","0.748751584508639","0.948952750143391","3.36569684841845","0.406448951770962","0.85799540457412","0.638570864910793","0.950136225867976","0.676489441689219","0.422339949015607","0.48388967757312","2.07280450163653","4.3128411467352","2.8800306149765","2.26791275461353","4.03123203560922","2.87349742095405","3.13370129508969","3.70519068622052","3.77967508998482","4.55720030126335","5.76693515178563","6.35610804623591","5.89935826866964","6.24156492607732","8.53547878198971","5.37561836558267","5.79260641703997","5.60533615499136","6.46202745777142","6.26729302464941","5.63964326360953","7.21556167636253","7.31168721837464","10.0977120975564","","",
"Ghana","GHA","ICT goods imports (% total goods imports)","TM.VAL.ICTG.ZS.UN","","","","","","","","","","","","","","","","","","","","","","","","","","","","","","","","","","","","","","","","","2.67","2.23","2.29","3.63","","4.8","5.39","4.93","6.36","4.49","7.05","5.43","4.34","3.75","2.81","2.21","2.42","2.43","2.33","2.41","","1.94","1.6","1.54","","",
"Ghana","GHA","Import unit value index (2015 = 100)","TM.UVI.MRCH.XD.WD","","","","","","","","","","","","","","","","","","","","","14.1","9.4","8","18.1","33.5","40.1","64.3","63","59.6","58.3","65.6","66.3","68.3","68.3","69.6","70.3","70.3","67","63.6","63","67","64.5","64.5","69.4","74.5","82.1","88.6","95.4","110.7","98.2","105","118.8","116.7","114.5","113.5","100","98.4","101.7","105.3","103.9","105.3","117.6","131.5","126.8","125.2","",
"Ghana","GHA","Tariff rate, applied, simple mean, primary products (%)","TM.TAX.TCOM.SM.AR.ZS","","","","","","","","","","","","","","","","","","","","","","","","","","","","","","","","","","18.53","","","","","","","21.02","17.31","17.31","17.31","","","","16.74","16.63","16.71","17.04","","","16.2","","","15.23","15.94","16.15","16.1","15.94","15.94","16.48","","","",
"Ghana","GHA","Tariff rate, applied, weighted mean, all products (%)","TM.TAX.MRCH.WM.AR.ZS","","","","","","","","","","","","","","","","","","","","","","","","","","","","","","","","","","10","","","","","","","16.2","9.05","9.05","9.05","","","","8.96","8.58","9.92","10.06","","","9.96","","","10.79","10.61","10.34","10.02","10.51","10.51","12.51","","","",
"Ghana","GHA","Binding coverage, all products (%)","TM.TAX.MRCH.BC.ZS","","","","","","","","","","","","","","","","","","","","","","","","","","","","","","","","","","","","","","","","","15.63","15.52","15.52","15.52","15.52","","","14.99","14.99","14.99","14.48","","","15.39","","","15.39","15.39","15.53","15.53","15.53","15.53","0","","","",
"Ghana","GHA","Tariff rate, applied, simple mean, manufactured products (%)","TM.TAX.MANF.SM.AR.ZS","","","","","","","","","","","","","","","","","","","","","","","","","","","","","","","","","","13.08","","","","","","","13.34","11.88","11.88","11.88","","","","12.49","12.45","12.45","12.29","","","11.93","","","11.82","11.72","11.78","11.83","12.32","12.32","12.44","","","",
"Ghana","GHA","Merchandise trade (% of GDP)","TG.VAL.TOTL.GD.ZS","56.5217704394501","55.4244438696845","47.3774020482594","43.4839725197688","38.1794865709365","37.3028397356572","29.1586231475845","34.9132505475009","38.3944055284706","34.3518161657621","39.2319992856419","38.1447490018497","34.6542786901815","36.883472816344","53.8624463519313","57.1864470944539","61.260190009194","64.3375436710562","57.3109215667588","45.9426688399121","53.6980304303183","51.4157464268995","39.1229482597078","59.3008835131875","25.7463270759644","32.9240456146079","33.2829037550377","42.0309651474531","36.8235191153695","43.622653318412","35.6930202192742","25.3211129506589","53.3189617803149","59.4579631207872","64.8687308357349","56.153852703278","54.4786456119308","57.4770754035172","58.2459197502313","67.374007521939","93.1996624988491","91.6296613931448","74.1137425811469","72.5036084386247","73.4567393238852","75.8429721018129","50.1842524892458","49.3649356930043","54.1817788387651","53.3078016772251","58.644021335595","72.7641699123625","75.8752345917387","49.8872461359282","50.8737123397321","48.1139495320654","42.8503902951703","43.8549647138993","41.7443795466076","42.5426209945473","38.4254746538806","35.6615526699214","43.1512853446266","38.129221445048","41.4906793642673","42.5173279686179",
"Ghana","GHA","International tourism, receipts for travel items (current US$)","ST.INT.TVLR.CD","","","","","","","","","","","","","","","","","","","","","","","","","","","","","","","","","","","","11000000","13000000","15000000","284000000","304000000","335000000","351000000","358000000","414000000","466000000","836000000","861000000","908000000","919000000","768000000","620000000","694000000","914000000","853000000","897000000","819000000","846000000","850000000","944000000","1425000000","110000000","","","","","",
"Ghana","GHA","International tourism, receipts (current US$)","ST.INT.RCPT.CD","","","","","","","","","","","","","","","","","","","","","","","","","","","","","","","","","","","","30000000","32000000","35000000","304000000","325000000","357000000","374000000","383000000","441000000","495000000","867000000","910000000","990000000","970000000","849000000","706000000","797000000","1154000000","1010000000","1027000000","911000000","952000000","919000000","996000000","1490000000","191000000","","","","","",
"Ghana","GHA","Urban population (% of total population)","SP.URB.TOTL.IN.ZS","23.2863556454639","23.949136595321","24.6235472406362","25.2948762183993","25.9521989290125","26.5845907728776","27.1811271503967","27.7308834619717","28.2229351080045","28.6463574888971","28.9924166743913","29.2857724049612","29.5409923443974","29.7649445120356","29.9644117080709","30.1461767326988","30.3170223861145","30.4837314685133","30.6530867800907","30.8318711210418","31.026867291562","31.2448580918466","31.4926263220909","31.7769547824902","32.1104883606371","32.522407144245","33.0272759758795","33.6117199701364","34.265810320866","34.9796182219183","35.7432148671435","36.5466714503918","37.3800591655132","38.233449206358","39.0969127667762","39.960521040618","40.8143452217336","41.6484565039731","42.4529260811866","43.2178251472243","43.9373786640616","44.6410507317701","45.3484692124806","46.0547973581418","46.7572004525685","47.4528437795757","48.1388926229785","48.8125122665918","49.4708679942306","50.1111250897099","50.7296926788704","51.3304086646488","51.9197918381031","52.4985794475913","53.0663398797148","53.6226415210752","54.167052758274","54.6991419779128","55.218477566593","55.7246279109161","56.2171613974837","56.6952556826536","57.250609602871","57.8074737774654","58.3654868038581","58.9246861473125",
"Ghana","GHA","Rural population growth (annual %)","SP.RUR.TOTL.ZG","","1.98510857709021","1.51913260027019","1.49354983120942","1.49661548497308","1.54145993032614","1.58963516615778","1.65739246102822","1.75091368120412","1.90936918461261","2.18686432417189","2.3532831059781","2.45281011185882","2.56842529516509","2.61616286870447","2.63550879039919","2.63340842718407","2.70820794169095","2.7939851139971","2.79565929488656","2.64238606597606","2.49304608069437","2.54469161941119","2.59144039444534","2.09148161738685","1.54183077672082","1.44977913481092","1.41629558266989","1.41240965931921","1.40628765678288","1.37021775683747","1.26156644715461","1.16368206840456","1.09733738514505","0.996340032429579","0.931951378250897","0.903340727573028","0.959628085410652","1.04411203147235","1.10312103941193","1.23712578810519","1.40000120964259","1.46403272383411","1.39915197476132","1.33794177123854","1.30759609457792","1.28548811777086","1.27003220369154","1.24326714078365","1.22008295342519","1.18537277977319","1.17825782517865","1.20152817479682","1.19817896688501","1.16252973008902","1.11475439261488","1.09539677218831","1.02763650402924","0.92213373934684","0.871101583821123","0.873155757608825","0.861074331178238","0.629559419520596","0.597419010051782","0.543638444062617","0.480742350898677",
"Ghana","GHA","Completeness of birth registration, urban (%)","SP.REG.BRTH.UR.ZS","","","","","","","","","","","","","","","","","","","","","","","","","","","","","","","","","","","","","","","","","","","","","","","69","","81.8","","","72","","","79","","","","79.5","","","","","","","",
"Ghana","GHA","Population, male (% of total population)","SP.POP.TOTL.MA.ZS","51.11509285593","50.9877048573813","50.8199321964599","50.6619546665382","50.5138752756558","50.3788467925455","50.255711762964","50.141889773032","50.036103084926","49.9417747247993","49.8771204233296","49.8671899587893","49.8775029568708","49.8697838391142","49.8595573591944","49.8513790483655","49.8481063649974","49.8232246330625","49.7702616804982","49.7146135258202","49.7083603261514","49.7483249892197","49.7576602640658","49.7300886979698","49.7124435047369","49.7134481824439","49.7157652269754","49.7207663347495","49.7284062766627","49.7387353330784","49.752095663376","49.7678795928119","49.7853023706422","49.803734514545","49.7997227006655","49.7779328567815","49.7633460322498","49.7615570890375","49.7686006169937","49.7743952646348","49.7856377577795","49.8041088667867","49.8236850986628","49.8419872933395","49.8586995659196","49.874549198069","49.8902116784463","49.9051297042895","49.918420436895","49.9304619971537","49.9413581804965","49.950170698792","49.9572514961976","49.9631894788439","49.9673074921243","49.9702589905439","49.9728750554132","49.9746237331111","49.9752297700759","49.9742713645646","49.9697094281482","49.9638822800346","49.9584785758622","49.9514264183341","49.9434607548508","49.9351006079607",
"Ghana","GHA","Population, total","SP.POP.TOTL","6961215","7162667","7337375","7514714","7695739","7882606","8074521","8271913","8475729","8690383","8925813","9176264","9438187","9714617","10000523","10294308","10594913","10911871","11248450","11597255","11941448","12281712","12643819","13029836","13370590","13661229","13965217","14289108","14636568","15006813","15394648","15787496","16184855","16589519","16993190","17399017","17810181","18238958","18688036","19149864","19637087","20167069","20729388","21296705","21868298","22449438","23040702","23642279","24249946","24862664","25474995","26095088","26734268","27386193","28041592","28696068","29356742","30008354","30637585","31258945","31887809","32518665","33149152","33787914","34427414","35064272",
"Ghana","GHA","Age dependency ratio, young (% of working-age population)","SP.POP.DPND.YG","87.8536263563965","89.8765270202155","91.9417213292493","93.7201859919794","95.1054355339457","96.2222212485428","97.1684806731488","97.9650474557825","98.6484491725699","99.2275154183516","99.6340022000601","99.8016138941335","99.7037288383972","99.3107013176999","98.7388316923523","98.0851919680493","96.8041716931878","94.9508442856551","93.1497239033511","91.5373225695504","90.2341338047766","89.1710025639976","88.1594648762447","87.1384646770594","86.6444700044111","86.7666838064743","87.1347908138562","87.4677911716465","87.451037980355","87.1851924130402","86.8486585526042","86.5937106878538","86.1630098860124","85.3582044656815","84.2832125560762","83.2974664525783","82.4724989379762","81.3441420402759","79.925365481714","78.5919422990617","77.4266483397318","76.2220648455908","74.9737649186673","73.8252674118884","72.7585245582316","71.7867929832306","70.9012868816543","70.027704138174","69.1976573589571","68.4928503127883","67.9997649340587","67.7000560780581","67.473777434609","67.2430801538122","66.9455617454214","66.5240447312669","65.9450693600122","65.212096712292","64.4220573995628","63.6329804105608","62.7658790869184","61.8544114062139","60.9739888527611","60.1085879330066","59.2294282156491","58.2891482216523",
"Ghana","GHA","Population ages 80 and above, male (% of male population)","SP.POP.80UP.MA.5Y","0.437703454328851","0.462284569654083","0.523660250120077","0.576501647841757","0.619434606432654","0.650186872067297","0.671552928257614","0.686188600965814","0.695603045986789","0.695981216237342","0.673976142524896","0.613086410229318","0.542980908042686","0.494214401283393","0.454382596503782","0.42034512085251","0.388914718708531","0.3797378015784","0.395658889361446","0.415486448689635","0.397126096169442","0.344847564937563","0.321270662665248","0.328847614313456","0.325808612715171","0.307871582403098","0.29457369812058","0.284651461186672","0.276869016994086","0.271462483784261","0.268887171120125","0.266866825270512","0.264927406514953","0.26426982306588","0.26476026200814","0.267057451095707","0.270779161140849","0.274956245817605","0.279358455578081","0.284240126621302","0.290125805909989","0.296987394202068","0.303636325787448","0.308873514195077","0.313745915839127","0.319513428950831","0.326557811163148","0.335040878835096","0.344042513996063","0.352612748618128","0.360831510423002","0.369272688620182","0.377759901938539","0.385956589759034","0.3933054605323","0.398361197974908","0.401672536987383","0.404376016316273","0.406346255091778","0.407251461846049","0.404914057587477","0.401724255985696","0.401828122920543","0.402757036049971","0.402928491991679","0.403652213841952",
"Ghana","GHA","Population ages 70-74, male (% of male population)","SP.POP.7074.MA.5Y","0.868507412812715","0.864603303405635","0.890194266380859","0.90601746578302","0.913614596431151","0.91607855224385","0.917627999451934","0.917329113156505","0.916345009207309","0.912311067072506","0.890499822773812","0.83806723659624","0.781598510642094","0.744180420560087","0.715492397893272","0.694670903081917","0.680525019722653","0.685597333355896","0.707329241318431","0.730505134739541","0.727236215986191","0.697125637444259","0.685457948583819","0.698321802279687","0.707252626696537","0.707372838979732","0.711135071589892","0.716368504107906","0.721443554826715","0.727599840250776","0.734936942501727","0.743072907601753","0.75155637249883","0.758980704835316","0.765737418865435","0.774367888308687","0.786742144989779","0.803884799558219","0.824678632946106","0.845303048098459","0.864173733437045","0.882325210331432","0.898331694607308","0.912131203695705","0.923431129407797","0.927311934134032","0.92319697469912","0.915066177364567","0.904417857134006","0.891329243368609","0.877877669023884","0.86657443480365","0.857446280168427","0.847532475571631","0.837443698996159","0.830907690708023","0.825317878003121","0.820134641526505","0.823093391159401","0.837532186154923","0.849632321781411","0.858785958223029","0.875204669915944","0.894312531828533","0.912924803547606","0.938168570217792",
"Ghana","GHA","Population ages 65 and above, male (% of male population)","SP.POP.65UP.MA.ZS","3.01819921191176","3.05274022649288","3.20687429284479","3.32925236288714","3.42020252013163","3.47199034238307","3.49284656034587","3.4933029646477","3.48062079388586","3.44525275328639","3.34932786575195","3.14815812382381","2.93340544472135","2.79173444320172","2.68449033450513","2.60242179508402","2.52828649268319","2.52041424069178","2.5890690222516","2.66963268430956","2.63914575351531","2.51138880769159","2.47068615812534","2.52206528370158","2.54689930428668","2.53113907037477","2.52484745419233","2.52365579827362","2.52554361236579","2.53249544927728","2.54774658397614","2.57136138926532","2.60315656654975","2.64115505804477","2.6813099083534","2.72508981631812","2.77526920519168","2.82810485842893","2.88002896963043","2.927511738557","2.96355061861166","2.98845214405494","3.00657087986274","3.01938792246715","3.02584105775072","3.02483192153016","3.02124261258428","3.01816482556842","3.01086971786482","2.99855965544184","2.98539401489095","2.96979003710219","2.95283165685257","2.94380650230207","2.94832966774704","2.95394560158622","2.95859869745954","2.97315811450651","2.99744246092224","3.03102222495067","3.06691019665788","3.10952933781708","3.17055105752061","3.24526167757218","3.32422621479912","3.40313020792284",
"Ghana","GHA","Population ages 65-69, male (% of male population)","SP.POP.6569.MA.5Y","1.12697854636194","1.12650888350048","1.14546070382576","1.16153997490479","1.17585820503903","1.18147919276102","1.17652987697109","1.16645552522143","1.15302689307485","1.1350001722298","1.11225717878371","1.08066190910709","1.05226050507994","1.03614114390106","1.02626911607228","1.02320710768398","1.01812723172719","1.02034416071968","1.03795149420824","1.05962486369425","1.06251825755766","1.05158048860006","1.05675031990766","1.0757746943593","1.09022368049092","1.09771554544614","1.10601246781881","1.11477639268403","1.12204631373469","1.12803128641131","1.13601875819158","1.14894135592606","1.1690463221481","1.19534150682273","1.22265581171847","1.24900262623717","1.27598713835654","1.30045875438706","1.32121255063221","1.33793137960955","1.3431104352465","1.33505189998954","1.31994177076329","1.30105878630025","1.27881600801669","1.25632828523342","1.23765828001693","1.22279474717129","1.20705251218692","1.19091333939663","1.1793972100816","1.1683418694989","1.15641962904917","1.15488431625324","1.16910750238632","1.18325961039504","1.1954848154189","1.21570530632288","1.23843306107299","1.26030719531782","1.28923895392474","1.32889267406623","1.37526167195183","1.4262145353486","1.47531365441989","1.51763511900478",
"Ghana","GHA","Population ages 55-59, male (% of male population)","SP.POP.5559.MA.5Y","1.9348518969117","1.92909272648638","1.92496397681966","1.91852015483697","1.9128387597314","1.91383336783202","1.90922268321509","1.8965118806392","1.88832647221143","1.88551890651239","1.88736905141087","1.8981432361902","1.91321057403327","1.92763844964511","1.94312661714548","1.959262484936","1.97545577008665","1.99229451393377","2.00584704547724","2.0144371784663","2.02185077978092","2.0347315671857","2.06069729816809","2.0976121142964","2.13534326877089","2.17036287294588","2.20486655856125","2.2347254514242","2.25895826246282","2.27746473533195","2.27884635659483","2.26075706661584","2.23213161010758","2.19683027503754","2.1558779809163","2.11524926968946","2.0813630507793","2.0529772538851","2.02213804882593","1.98994316823615","1.96439432990416","1.93924669074532","1.91300567526889","1.90409037428374","1.92078976088734","1.93693489319394","1.94977318507828","1.97463968411122","2.0018397067704","2.02583469278161","2.06376728391542","2.11966804201237","2.18082826100051","2.24609114854836","2.30835052470882","2.36021146903389","2.44103299649199","2.55290179175734","2.65726997414899","2.75454304614056","2.84470639039671","2.89589762172384","2.9160979546172","2.94541060326013","2.9898933608123","3.03969072577099",
"Ghana","GHA","Population ages 45-49, male (% of male population)","SP.POP.4549.MA.5Y","3.52614824613691","3.53928494711027","3.50125467671123","3.45747328479071","3.41440175170345","3.37541920937075","3.33805004943434","3.30072605413105","3.25736758577051","3.21271371616275","3.19301391888207","3.21345610431768","3.2610293461627","3.31910907652211","3.37662835137624","3.42834154787514","3.47908262705265","3.51694776522142","3.53888792531701","3.55015869310216","3.54531024623402","3.52007202682315","3.47164486780369","3.40515504535747","3.32914989618386","3.25325099080199","3.18529055773335","3.12514185244924","3.06328254103987","3.00207698106655","2.95321530342653","2.90628129135391","2.85814935045191","2.83553429083866","2.84979317432435","2.86412318484614","2.87537704748604","2.90513778139563","2.93759944400329","2.96338140942837","3.00880733939324","3.08201519529663","3.16434848658689","3.25256453290583","3.33573491095476","3.40201040391349","3.50734294007293","3.65435304598355","3.78793724014245","3.90945947627781","4.02088542174909","4.07628086021594","4.08301905129609","4.09899776843781","4.13559351791264","4.17941728647563","4.20013540182386","4.21576625362533","4.24567880133259","4.27381181728599","4.30653274420806","4.35888404970892","4.43741224766032","4.5380474470665","4.65914112410422","4.75700738689776",
"Ghana","GHA","Population ages 35-39, male (% of male population)","SP.POP.3539.MA.5Y","5.79314552652709","5.73975730813089","5.64735927896249","5.58561488124429","5.53754730648842","5.49742821126087","5.46684399942039","5.43323656870981","5.39194932614339","5.34881258782136","5.30026473863742","5.2447849302401","5.17548260957122","5.08464115685347","4.97880507194182","4.87343318092904","4.78274218390762","4.69952430229962","4.60846462273124","4.51834358361789","4.45574536489677","4.40441699484742","4.34452924716216","4.31327664080815","4.31637737411437","4.30219210338619","4.28117759479826","4.28588811544434","4.29882014669991","4.30903570496982","4.35053554498564","4.42889729388155","4.5187392051731","4.61858854896931","4.70959058909055","4.77771258674287","4.90368209562919","5.09134568743166","5.26115862716594","5.41181429875869","5.5483133778079","5.61099037049774","5.610567047616","5.62350272513564","5.66442141858718","5.71283258887822","5.72671901091382","5.73177091952302","5.75417238391136","5.77195093605077","5.79082029766261","5.83342750619297","5.9082539668159","6.00789350856176","6.13211376536282","6.22390642797213","6.27538102553113","6.33822938884259","6.40560379220366","6.43881534657248","6.4808936199709","6.56181109964787","6.60954003946183","6.60350779689819","6.58699290146085","6.58147233083067",
"Ghana","GHA","Population ages 25-29, male (% of male population)","SP.POP.2529.MA.5Y","8.07353429274266","7.85792039850173","7.64792299178647","7.43602546924812","7.22521078268958","7.03250632182084","6.87701643309804","6.75553774646077","6.64500157925471","6.54367269747472","6.46266861757733","6.37188532949092","6.27153463853246","6.22452542320578","6.25339874431846","6.28348874661197","6.3063638774343","6.36808981125495","6.44041324075184","6.50244530815982","6.59404019408689","6.72655699412073","6.8766974418593","7.04139928876875","7.14651623544216","7.17087233570121","7.26926710677483","7.45082078950085","7.61700298906428","7.77141659808373","7.91345213355955","7.94813355177688","7.8913667322811","7.85586816198277","7.85374499198617","7.86279508508989","7.83287874387534","7.79896781502447","7.79233492866643","7.7764586164557","7.76786682812271","7.8098987965885","7.90914050877481","8.04152184785987","8.20570968315455","8.32183128454857","8.37740663267814","8.44544481750313","8.5178547383395","8.54154409882647","8.56451161140269","8.62885774036845","8.64801938018175","8.59517041400706","8.5260003860365","8.46803643558258","8.41036936396043","8.35201761577087","8.28864655507474","8.21305118075142","8.12545219037826","8.027170187574","7.93134116853691","7.86075522239757","7.83300014039583","7.85981285459565",
"Ghana","GHA","Population ages 15-64 (% of total population)","SP.POP.1564.TO.ZS","51.673777614524","51.1026794281152","50.4699909708854","49.9400176773195","49.5344923687311","49.2210253817075","48.9682855490747","48.7644816864007","48.5963892547538","48.4658098498075","48.4078116137887","48.4607243209219","48.5862803947411","48.7495105957091","48.9417428997592","49.144097439862","49.5018788733801","49.9775542607475","50.4095808755873","50.7932070652406","51.1571167918664","51.5111329755982","51.8095798429256","52.0652695833904","52.1886151691367","52.160107551081","52.0584840199219","51.9652539530548","51.9685079179764","52.0383225951547","52.1226223515269","52.1789744238098","52.2800497044907","52.4837459121027","52.7644795581194","53.019384745109","53.2254177196341","53.5201258076291","53.9041300566809","54.2685014820862","54.5911162892948","54.9354607487945","55.3014806804716","55.6431851781766","55.9668246701229","56.2685199513681","56.5474849681229","56.8269116526372","57.1001890066064","57.3401455021042","57.512112514882","57.6207445631147","57.706675235943","57.7912847870327","57.8927979928387","58.0343822372177","58.2304936670168","58.4792804696985","58.7468098211202","59.0123019186988","59.306835725214","59.6173505277661","59.9093666106451","60.1892661973746","60.4735365902524","60.7826271028438",
"Ghana","GHA","Population ages 15-64, female (% of female population)","SP.POP.1564.FE.ZS","51.484836761624","50.9223243862066","50.384630732881","49.9509522703691","49.6325350597277","49.4356042787311","49.3269204675681","49.2461058389351","49.1833626341709","49.1338604216331","49.1078370660599","49.1326850521328","49.2071076838197","49.3294295351213","49.4921332100328","49.6820891769689","50.0304739797757","50.5091343743074","50.9687407246675","51.3916338126055","51.7770811998901","52.1295606476331","52.4376154113218","52.7170438562844","52.8560991144441","52.8318341182587","52.7357481919747","52.648315376506","52.65304491579","52.719969013393","52.7973412924951","52.846097737773","52.9363611089288","53.1204128771569","53.3890236451525","53.6457848152228","53.8543927431472","54.1373275558749","54.4929501275239","54.8244800057392","55.1074405577286","55.4034783722814","55.7183502010289","56.0087039847579","56.281939838205","56.5354235474965","56.7690489757742","57.0080835849361","57.2486553043964","57.4648991241681","57.6190737205033","57.7134403329355","57.7894314957443","57.8679601088127","57.9671979201087","58.1022895547777","58.2886872342917","58.5330219070448","58.8009374554588","59.0708479233801","59.3718074334928","59.6909393369923","59.9929167113768","60.2820021254415","60.5735253084437","60.8861347342343",
"Ghana","GHA","Population ages 10-14, male (% of male population)","SP.POP.1014.MA.5Y","10.9095643312646","11.0631764724727","11.1487083547765","11.2231590388592","11.2660054905366","11.3693685935063","11.5504590049848","11.7426347920838","11.9347326272845","12.1016840157954","12.2470820572973","12.5796952782764","13.0448502527439","13.4138350515315","13.7129625237893","13.958647892297","14.014581651121","13.8655891886284","13.680182295495","13.5248947581758","13.433468701787","13.3166316036181","13.1248809361737","12.9142425115541","12.7523019561004","12.6716197440671","12.6531948506639","12.7041804361043","12.8045737794379","12.9526021479331","13.0328513157545","13.0350342254031","13.0627318363017","13.1054025020819","13.0991308009992","13.1264403503089","13.2416132250442","13.2873501010551","13.2171143381661","13.1209608917248","13.0313017042948","12.9126668192615","12.7671377580388","12.6135724407122","12.4439186684667","12.2458638174096","12.0240660005542","11.8077744010902","11.6305485498369","11.5135410956148","11.4764023289812","11.5019892146567","11.5452905127326","11.5772067933417","11.5856839909793","11.575432307642","11.5515669366523","11.5138723128674","11.4744968112564","11.4483536861975","11.4327754018852","11.4374087845349","11.4763726561234","11.5328651175275","11.5744619623244","11.5796932843996",
"Ghana","GHA","Population ages 0-14 (% of total population)","SP.POP.0014.TO.ZS","45.3972938199218","45.9293197582213","46.4029847186494","46.8038836873898","47.1099947068108","47.3615514970557","47.5817389043883","47.7721417041016","47.9395844334107","48.0914132323052","48.2306400677809","48.3645849770669","48.4423279598084","48.4134757146615","48.3245052121521","48.2030823148539","47.9198838159407","47.4541051417353","46.9563939920611","46.4947417947289","46.1611816255449","45.9329977775085","45.6750409033853","45.3688732011334","45.2185522560542","45.2575992519561","45.3610511516237","45.4528563103049","45.4469995971733","45.369714587958","45.267798741881","45.1837074099655","45.046061733452","44.7991831469014","44.4715984600772","44.1638037414356","43.8963297482398","43.5354844157074","43.0830708191307","42.6506673193432","42.2680716340463","41.8729400358808","41.4616003135259","41.0787302542811","40.7206381584886","40.3933697582986","40.0928951730724","39.794579448115","39.5119910782482","39.2739020389388","39.1081006906596","39.0092744657539","38.9368742219373","38.8606393532069","38.7566594158302","38.6068195581154","38.4001405605591","38.1355621837839","37.8459029627483","37.5512865197466","37.2244577857325","36.8759587762905","36.5291305189345","36.1789188879787","35.8181308043952","35.4296770309437",
"Ghana","GHA","Population ages 0-14, female (% of female population)","SP.POP.0014.FE.ZS","45.6795779350679","46.1978295937403","46.5708574636846","46.8680657878802","47.0779851233712","47.2023730390854","47.26641575875","47.320614239858","47.3692295158809","47.4258327363372","47.5184540826972","47.6662322402242","47.7837001430035","47.7885127551408","47.7251293149781","47.6149908551243","47.3416404608633","46.874936361057","46.3526892689945","45.854378066042","45.4991549483394","45.270535208237","45.0027433862981","44.6737772587007","44.505660352103","44.5353015530452","44.6287983627021","44.7122077752881","44.7041506728154","44.6292190366111","44.5318575893337","44.4512368774639","44.3196231803259","44.0871939643963","43.7651014673246","43.4464931119256","43.165341667673","42.8031015714559","42.3627038427179","41.9427466967349","41.5759993635301","41.2033609075614","40.8160015105887","40.4561447458735","40.1204426957163","39.8147558998664","39.5344366582488","39.2544283207862","38.9878026367924","38.7628316421554","38.607670722676","38.5171846171527","38.4511886665257","38.3802894759369","38.2805722095937","38.1345409942494","37.9316253440656","37.6702395023859","37.3823364634372","37.0877681943784","36.7581763159058","36.4057819772538","36.0552773815825","35.7003800449298","35.334903386762","34.942600759304",
"Ghana","GHA","Teenage mothers (% of women ages 15-19 who have had children or are currently pregnant)","SP.MTR.1519.ZS","","","","","","","","","","","","","","","","","","","","","","","","","","","","","23","","","","","21.5","","","","","14.1","","","","","13.8","","","","","13.3","","","","","","14.2","","17.8","","","16.1","","","12.7","","","",
"Ghana","GHA","Wanted fertility rate (births per woman)","SP.DYN.WFRT","","","","","","","","","","","","","","","","","","","","","","","","","","","","","5.3","","","","","4.2","","","","","3.6","","","","","3.7","","","","","3.5","","","","","","3.6","","","","","","","","3.4","","","",
"Ghana","GHA","Life expectancy at birth, male (years)","SP.DYN.LE00.MA.IN","45.024","45.197","45.421","45.546","45.616","45.667","45.679","45.709","45.746","45.807","45.886","45.979","46.312","46.623","47.041","47.455","47.889","48.263","48.648","48.988","49.26","49.531","49.658","50.008","50.442","50.911","51.499","52.113","52.741","53.375","53.947","54.382","54.808","55.128","55.038","55.556","55.846","56.124","56.384","56.643","56.93","57.179","57.459","57.74","58.01","58.353","58.691","58.967","59.194","59.507","59.79","59.983","60.308","60.652","60.99","61.317","61.63","61.907","62.155","62.387","62.028","62.107","62.954","63.134","63.314","",
"Ghana","GHA","Mortality rate, infant (per 1,000 live births)","SP.DYN.IMRT.IN","122","121","120","119.3","118.7","118.2","117.8","117.4","116.9","116.1","114.8","113.1","110.8","107.9","104.7","101.3","98.1","95.1","92.6","90.9","89.9","89.3","88.8","88.1","86.9","85.1","82.8","80.3","77.6","75","72.7","70.9","69.6","68.8","68.3","67.8","67.3","66.5","65.2","63.7","61.7","59.7","57.8","56.2","54.7","53.4","52.1","50.7","49.2","47.5","45.8","44","42.3","40.7","39.3","37.9","36.6","35.4","34.1","32.9","31.7","30.5","29.4","28.4","27.5","",
"Ghana","GHA","Death rate, crude (per 1,000 people)","SP.DYN.CDRT.IN","19.182","18.942","19.159","19.232","19.203","19.184","19.123","19.077","19.014","18.896","18.779","18.47","17.76","17.267","16.812","16.328","15.877","15.464","15.284","15.144","15.085","14.656","14.386","14.198","14.061","13.675","13.28","12.882","12.456","12.067","11.748","11.51","11.266","11.084","11.036","10.763","10.557","10.389","10.248","10.11","9.991","9.866","9.722","9.58","9.436","9.314","9.161","9.015","8.884","8.741","8.604","8.485","8.333","8.169","7.981","7.845","7.693","7.558","7.448","7.34","7.439","7.482","7.095","7.04","7.009","",
"Ghana","GHA","Adolescent fertility rate (births per 1,000 women ages 15-19)","SP.ADO.TFRT","167.581","165.082","162.976","157.074","152.932","149.115","139.691","135.818","135.757","136.094","136.388","134.382","136.182","136.713","132.817","129.279","124.16","122.774","122.213","119.881","121.728","120.271","120.066","118.27","116.599","116.934","115.375","114.868","110.064","109.719","111.008","110.001","106.771","100.766","97.37","95.336","89.26","88.458","85.977","81.683","84.342","82.309","80.088","77.289","75.661","73.636","74.147","75.409","73.096","71.37","70.724","71.413","71.644","72.474","72.556","72.481","70.423","67.881","66.515","64.279","62.026","59.76","58.808","58.238","57.447","",
"Ghana","GHA","Prevalence of moderate or severe food insecurity in the population (%)","SN.ITK.MSFI.ZS","","","","","","","","","","","","","","","","","","","","","","","","","","","","","","","","","","","","","","","","","","","","","","","","","","","","","","","","38.3","40.8","43.8","39.5","38.2","36.6","38.8","42.4","44.5","","",
"Ghana","GHA","Refugees under the mandate of the UNRWA by country or territory of origin","SM.POP.RRWA.EO","","","","","","","","","","","","","","","","","","","","","","","","","","","","","","","","","","","","","","","","","","","","","","","","","","","","","","","","","","","","","","","","","","",
"Ghana","GHA","Other people in need of international protection by country or territory of origin","SM.POP.OPIP.EO","","","","","","","","","","","","","","","","","","","","","","","","","","","","","","","","","","","","","","","","","","","","","","","","","","","","","","","","","","","","","","","","","","",
"Ghana","GHA","Forcibly displaced people","SM.POP.FDIP","","","","","","","","","","","","","","","","","","","","","","","","","","","","","","","","","","","","","","","","","","","","","","","","","","","14576","26225","18615","20519","21082","19254","13231","13456","18208","13455","13917","13773","11048","15066","20534","25425",
"Ghana","GHA","Children in employment, wage workers, male (% of male children in employment, ages 7-14)","SL.WAG.0714.MA.ZS","","","","","","","","","","","","","","","","","","","","","","","","","","","","","","","","","","","","","","","","","","","","","","","5.44","","","","","","0.6","","","","","","","","","","","","","",
"Ghana","GHA","Other people in need of international protection by country or territory of asylum","SM.POP.OPIP.EA","","","","","","","","","","","","","","","","","","","","","","","","","","","","","","","","","","","","","","","","","","","","","","","","","","","","","","","","","","","","","","","","","","",
"Ghana","GHA","Asylum-seekers by country or territory of origin","SM.POP.ASYS.EO","","","","","","","","","","","","","","","","","","","","","","","","","","","","","","","","","","","","","","","","","989","1095","1149","1662","1650","2327","1132","1636","1996","1319","1996","2493","3469","4977","7619","10705","11846","17504","12542","10551","10092","9177","8783","11066","19345","22470",
"Ghana","GHA","Children in employment, wage workers, female (% of female children in employment, ages 7-14)","SL.WAG.0714.FE.ZS","","","","","","","","","","","","","","","","","","","","","","","","","","","","","","","","","","","","","","","","","","","","","","","6.82","","","","","","0.3","","","","","","","","","","","","","",
"Ghana","GHA","Unemployment, male (% of male labor force) (national estimate)","SL.UEM.TOTL.MA.NE.ZS","","","","","","","","","","","","","","","","","","","","","","","","","","","","","","1","","3.458","3.7","","","","","","7.5","9.4","10.181","","","","","","4.619","","","","4.91","","","1.969","","7.045","","3.253","","","","2.843","2.572","2.704","3.597","",
"Ghana","GHA","Share of youth not in education, employment or training, total (% of youth population)  (modeled ILO estimate)","SL.UEM.NEET.ME.ZS","","","","","","","","","","","","","","","","","","","","","","","","","","","","","","","","","","","","","","","","","","","","","","27.28","26.916","25.29","23.462","21.978","20.248","21.436","22.649","23.73","27.242","31.211","27.255","22.994","23.027","22.839","22.963","22.745","27.604","27.398","27.448","27.5",
"Ghana","GHA","Share of youth not in education, employment or training, female (% of female youth population) (modeled ILO estimate)","SL.UEM.NEET.FE.ME.ZS","","","","","","","","","","","","","","","","","","","","","","","","","","","","","","","","","","","","","","","","","","","","","","31.622","31.3","29.459","27.509","25.645","23.669","25.702","27.692","29.611","33.535","37.966","31.699","25.26","25.8","26.117","26.817","27.146","29.911","29.71","29.791","29.872",
"Ghana","GHA","Unemployment with basic education (% of total labor force with basic education)","SL.UEM.BASC.ZS","","","","","","","","","","","","","","","","","","","","","","","","","","","","","","","","4.955","","","","","","","","","10.494","","","","","","5.539","","","","5.442","","","2.144","","6.109","","2.803","","","","2.948","2.166","2.883","3.272","",
"Ghana","GHA","Unemployment with advanced education, male (% of male labor force with advanced education)","SL.UEM.ADVN.MA.ZS","","","","","","","","","","","","","","","","","","","","","","","","","","","","","","","","16.667","","","","","","","","","9.833","","","","","","4.945","","","","7.497","","","4.306","","7.745","","4.318","","","","3.745","4.32","4.285","4.928","",
"Ghana","GHA","Unemployment, youth male (% of male labor force ages 15-24) (modeled ILO estimate)","SL.UEM.1524.MA.ZS","","","","","","","","","","","","","","","","","","","","","","","","","","","","","","","","5.329","5.897","6.885","8.012","9.052","10.119","11.115","12.124","15.099","16.261","15.206","14.083","12.863","11.658","10.468","9.286","9.594","9.665","10.009","10.061","8.014","6.071","4.32","9.334","14.779","11.016","6.58","6.277","6.013","6.303","6.038","5.46","5.408","5.408","5.904",
"Ghana","GHA","Labor force, total","SL.TLF.TOTL.IN","","","","","","","","","","","","","","","","","","","","","","","","","","","","","","","6157090","6322267","6492065","6678510","6875670","7072775","7268201","7484566","7723595","7967563","8217643","8489686","8780391","9071660","9363454","9656788","9952251","10253841","10557369","10856911","11144747","11424206","11707315","11997060","12101554","12200598","12308859","12411296","12431335","12437098","12333934","12396107","12434883","12737097","13049107","13250486",
"Ghana","GHA","Part time employment, female (% of total female employment)","SL.TLF.PART.FE.ZS","","","","","","","","","","","","","","","","","","","","","","","","","","","","","","","","50.035","","","","","","","","","","","","","","","57.267","","","","","","","49.828","","54.23","","14.329","","","","","48.36","51.551","47.395","",
"Ghana","GHA","Labor force participation rate, total (% of total population ages 15+) (modeled ILO estimate)","SL.TLF.CACT.ZS","","","","","","","","","","","","","","","","","","","","","","","","","","","","","","","73.074","73.055","72.992","72.929","72.866","72.803","72.739","72.676","72.613","72.549","72.486","72.422","72.358","72.294","72.23","72.166","72.102","72.038","71.974","71.909","71.845","71.78","71.715","71.651","70.466","69.253","68.066","66.855","65.282","63.712","61.615","60.389","59.101","59.067","59.056","58.524",
"Ghana","GHA","Ratio of female to male labor force participation rate (%) (modeled ILO estimate)","SL.TLF.CACT.FM.ZS","","","","","","","","","","","","","","","","","","","","","","","","","","","","","","","91.9259385620744","92.0282622399664","91.8501884463355","91.6720286791065","91.4941110046088","91.3164493809655","91.1375123071874","90.9571814864404","90.7791457748143","90.5986271344385","90.4181321854166","90.2374046903503","90.0566914254219","89.8746801390985","89.6939953810624","89.5108381882118","89.3301843469133","89.1470630682638","88.9639610091442","88.7808781665289","88.5966523244832","88.4137623463672","88.2295847433173","88.0454312956575","88.2338806567882","88.4695418009711","88.6790884532798","88.9289043301415","89.0117204456663","89.0904506214957","88.7128621940579","88.8475604038383","88.4517321604997","88.6140588845448","89.2613472564784","89.3662780356075",
"Ghana","GHA","Labor force with basic education (% of total working-age population with basic education)","SL.TLF.BASC.ZS","","","","","","","","","","","","","","","","","","","","","","","","","","","","","","","","72.817","","","","","","","","","69.402","","","","","","67.705","","","","67.152","","","75.772","","70.128","","76.033","","","","60.906","60.164","61.333","58.348","",
"Ghana","GHA","Labor force with advanced education, male (% of male working-age population with advanced education)","SL.TLF.ADVN.MA.ZS","","","","","","","","","","","","","","","","","","","","","","","","","","","","","","","","89.362","","","","","","","","","75.409","","","","","","86.357","","","","76.581","","","83.743","","86.009","","69.674","","","","59.139","63.899","64.475","62.674","",
"Ghana","GHA","Labor force participation rate, female (% of female population ages 15-64) (modeled ILO estimate)","SL.TLF.ACTI.FE.ZS","","","","","","","","","","","","","","","","","","","","","","","","","","","","","","","71.321","71.363","71.25","71.136","71.024","70.917","70.815","70.711","70.604","70.499","70.393","70.281","70.168","70.056","69.943","69.825","69.704","69.582","69.457","69.327","69.196","69.065","68.931","68.798","67.779","66.75","65.732","64.701","63.295","61.89","59.786","58.712","57.483","57.546","57.809","57.371",
"Ghana","GHA","Labor force participation rate for ages 15-24, male (%) (national estimate)","SL.TLF.ACTI.1524.MA.NE.ZS","75.716","","","","","","","","","","59.785","","","","","","","","","","","","","","","","","","","36.9","","57.474","40.3","","","","","","70.988","71","52.772","","","","","","35.021","","","","42.899","","","55.766","","46.513","","45.968","","","","27.983","39.139","39.496","34.81","",
"Ghana","GHA","Children in employment, work only (% of children in employment, ages 7-14)","SL.TLF.0714.WK.ZS","","","","","","","","","","","","","","","","","","","","","","","","","","","","","","","","","","","","","","","","","","","","71.2","","","18.7","","","","","","11.98304","","","","","","","","","","","","","",
"Ghana","GHA","Children in employment, work only, female (% of female children in employment, ages 7-14)","SL.TLF.0714.WK.FE.ZS","","","","","","","","","","","","","","","","","","","","","","","","","","","","","","","","","","","","","","","","","","","","","","","19.6","","","","","","11.24307","","","","","","","","","","","","","",
"Ghana","GHA","Children in employment, study and work, male (% of male children in employment, ages 7-14)","SL.TLF.0714.SW.MA.ZS","","","","","","","","","","","","","","","","","","","","","","","","","","","","","","","","","","","","","","","","","","","","","","","82.3","","","","","","87.30729","","","","","","","","","","","","","",
"Ghana","GHA","Children in employment, male (% of male children ages 7-14)","SL.TLF.0714.MA.ZS","","","","","","","","","","","","","","","","","","","","","","","","","","","","","","","","","","","","","","","","","","","","6","","","49.9","","","","","","28.83964","","","","","","","","","","","","","",
"Ghana","GHA","Employment in services, female (% of female employment) (modeled ILO estimate)","SL.SRV.EMPL.FE.ZS","","","","","","","","","","","","","","","","","","","","","","","","","","","","","","","","21.3540930446663","21.7496638056663","21.7389893815558","22.0492749076372","22.4830648071161","22.7599027282614","23.2675289476024","23.5976934307682","23.9071010842995","23.4685253808998","23.9338778069335","24.4071317427791","24.8624106424064","25.3194610001225","25.8866253607354","26.3914692483649","29.2602973365529","32.2000433979316","35.3758429174358","38.7628539953295","39.5634425766277","40.4130475623446","41.2699663363431","41.7902258335377","42.4328259774135","43.2120357439935","43.9586380138593","48.2408958351992","52.699364815209","54.7887264634829","57.9197754628","54.5080229838972","54.9980776328609","55.6902098067114","55.952351912968",
"Ghana","GHA","Children in employment, self-employed (% of children in employment, ages 7-14)","SL.SLF.0714.ZS","","","","","","","","","","","","","","","","","","","","","","","","","","","","","","","","","","","","","","","","","","","","","","","","","","","","","1.47","","","","","","","","","","","","","",
"Ghana","GHA","Child employment in manufacturing, male (% of male economically active children ages 7-14)","SL.MNF.0714.MA.ZS","","","","","","","","","","","","","","","","","","","","","","","","","","","","","","","","","","","","","","","","","","","","1.5","","","","","","","","","3.05","","","","","","","","","","","","","",
"Ghana","GHA","Employment in industry, female (% of female employment) (modeled ILO estimate)","SL.IND.EMPL.FE.ZS","","","","","","","","","","","","","","","","","","","","","","","","","","","","","","","","12.1717081333753","12.8108458167245","13.6240376697032","14.2246867268015","14.9213246944763","15.7157841005022","16.5335020892252","17.3903103105333","18.2699999040469","15.3290010003771","15.3248183852586","15.3714995606649","15.4968015184615","15.6513178852378","15.8759761753289","15.9911875407856","15.6805853794457","15.7975212618265","15.4656855179737","15.2900988095795","16.2510189690445","16.727398142445","17.3149348231989","17.1817397213554","16.9795958443252","16.8380071483649","16.9339062206531","14.9665162472748","13.1094738267238","11.4414428122482","9.71107552614908","15.1836770201543","15.0166192015501","15.1035938709466","15.4940922023423",
"Ghana","GHA","Contributing family workers, female (% of female employment) (modeled ILO estimate)","SL.FAM.WORK.FE.ZS","","","","","","","","","","","","","","","","","","","","","","","","","","","","","","","","4.84465639000071","5.8577509536668","6.88175327052209","7.87414987263126","8.79123982241187","9.78341272848579","10.7192328855335","10.6874480273018","10.6030828869332","10.5528777213984","11.3650064800404","12.2030326346111","13.0418540162816","13.8522067264005","14.6237287823048","15.3459848792969","16.1024163305394","16.7734305166314","17.4786659834843","18.3275204338869","17.5374653371309","16.7219023068489","15.9464135591456","15.2985689788598","14.7153162699707","12.9076355628081","11.0823870211196","9.29956044961418","7.53970801405442","6.42240694470345","4.84803265995636","4.56401646076677","4.32266774298712","4.01049648416637","3.61315937719323",
"Ghana","GHA","Wage and salaried workers, total (% of total employment) (modeled ILO estimate)","SL.EMP.WORK.ZS","","","","","","","","","","","","","","","","","","","","","","","","","","","","","","","","11.9112199634131","12.4098641179303","13.0018918955643","13.4779724455026","13.9431514562144","14.4164045048978","14.9091638170133","15.634801792497","16.4073401519423","17.2022391958204","17.556352998456","17.9107002570894","18.2724260032686","18.6505036695697","19.0520572802481","19.4771439188099","19.8641406447189","20.3102514739322","20.7181613080391","21.0815466940701","21.6680546316924","22.2221311106097","22.742674052755","23.2129971325939","23.6292842110466","25.0634332664887","26.5659317638044","28.0535822587612","29.5156320869625","29.7997073994804","31.2720219637941","31.585504788904","31.8512533058542","32.1492696227885","32.5402788355563",
"Ghana","GHA","Vulnerable employment, male (% of male employment) (modeled ILO estimate)","SL.EMP.VULN.MA.ZS","","","","","","","","","","","","","","","","","","","","","","","","","","","","","","","","79.6618266076139","78.6322999767852","77.2122561994188","76.1221840629431","75.104333662291","74.0055521083922","72.9062690812321","72.2638718155459","71.6314012788458","70.9509572575564","70.5636990430611","70.1431916936063","69.6988329812399","69.2287292090529","68.6892153278648","68.0884282642255","67.6005026625886","67.0345248127692","66.5518586907163","66.0783603723605","65.1157620121763","64.425745110687","63.9012351490867","63.3106057847827","62.7827119551649","61.344260326609","59.6508021121592","58.0514539651073","56.5717976439534","56.6813361766141","55.0547099508215","54.6827243053759","54.4687214470563","54.1264316309285","53.7435580207181",
"Ghana","GHA","Employment to population ratio, 15+, male (%) (modeled ILO estimate)","SL.EMP.TOTL.SP.MA.ZS","","","","","","","","","","","","","","","","","","","","","","","","","","","","","","","","73.509","73.256","72.809","72.272","71.796","71.303","70.851","70.389","68.979","68.432","69.074","69.764","70.516","71.258","71.978","72.679","72.562","72.569","72.444","72.463","73.293","74.061","74.733","71.613","68.367","68.346","68.496","66.99","65.463","63.353","62.051","61.119","61.057","60.842","60.137",
"Ghana","GHA","Female share of employment in senior and middle management (%)","SL.EMP.SMGT.FE.ZS","","","","","","","","","","","","","","","","","","","","","","","","","","","","","","","","","","","","","","","","","","","","","","","11.609","","","","","","","26.674","","33.112","","26.564","","","","","","","","",
"Ghana","GHA","Employers, total (% of total employment) (modeled ILO estimate)","SL.EMP.MPYR.ZS","","","","","","","","","","","","","","","","","","","","","","","","","","","","","","","","2.24293722902786","2.7784310388273","3.49926419261374","4.07915557821075","4.61461633084049","5.22274519653099","5.8299576049111","5.83444437063386","5.81591207632605","5.78463450259814","5.72231454674163","5.68417512122452","5.64944854873701","5.60882465188454","5.59245897731686","5.59144899485985","5.52999104671248","5.45626265265949","5.36078823997379","5.32371936576796","5.55239622040964","5.59601058105608","5.53914019565625","5.58266811564087","5.60863041303814","5.81942231866575","6.21073867305585","6.57310189956721","6.88030314240998","7.11998505427831","7.46567490464511","7.54901506219614","7.49726082614986","7.50183717029013","7.50005775593795",
"Ghana","GHA","Employment to population ratio, ages 15-24, total (%) (national estimate)","SL.EMP.1524.SP.NE.ZS","","","","","","","","","","","","","","","","","","","","","","","","","","","","","","","","55.821","","","","","","","","","44.698","","","","","","37.727","","","","39.249","","","51.413","","36.836","","43.471","","","","26.107","36.333","36.158","31.439","",
"Ghana","GHA","Employment to population ratio, ages 15-24, female (%) (national estimate)","SL.EMP.1524.SP.FE.NE.ZS","","","","","","","","","","","","","","","","","","","","","","","","","","","","","","","","57.241","","","","","","","","","45.414","","","","","","37.703","","","","40.013","","","49.57","","34.936","","43.903","","","","24.496","35.6","35.079","31.227","",
"Ghana","GHA","Child employment in agriculture (% of economically active children ages 7-14)","SL.AGR.0714.ZS","","","","","","","","","","","","","","","","","","","","","","","","","","","","","","","","","","","","","","","","","","","","","","","","","","","","","78.05","","","","","","","","","","","","","",
"Ghana","GHA","Annualized average growth rate in per capita real survey mean consumption or income, total population (%)","SI.SPR.PCAP.ZG","","","","","","","","","","","","","","","","","","","","","","","","","","","","","","","","","","","","","","","","","","","","","","","","","","","","","","","","","1.27","","","","","","","","","",
"Ghana","GHA","Average transaction cost of sending remittances from a specific country (%)","SI.RMT.COST.OB.ZS","","","","","","","","","","","","","","","","","","","","","","","","","","","","","","","","","","","","","","","","","","","","","","","","","","","","","","","","","","","","","","","","","","",
"Ghana","GHA","Poverty headcount ratio at societal poverty line (% of population)","SI.POV.SOPO","","","","","","","","","","","","","","","","","","","","","","","","","","","","78.2","77.4","","","80.4","","","","","","","65.3","","","","","","","60.9","","","","","","","43","","","","41.2","","","","","","","","","",
"Ghana","GHA","Poverty gap at $4.20 a day (2021 PPP) (%)","SI.POV.LMIC.GP","","","","","","","","","","","","","","","","","","","","","","","","","","","","49.7","49.1","","","53","","","","","","","42.1","","","","","","","38.7","","","","","","","25.8","","","","25","","","","","","","","","",
"Ghana","GHA","Poverty headcount ratio at $3.00 a day (2021 PPP) (% of population)","SI.POV.DDAY","","","","","","","","","","","","","","","","","","","","","","","","","","","","78.2","77.4","","","80.4","","","","","","","65.3","","","","","","","60.9","","","","","","","41.8","","","","39","","","","","","","","","",
"Ghana","GHA","Income share held by highest 10%","SI.DST.10TH.10","","","","","","","","","","","","","","","","","","","","","","","","","","","","27.3","28.1","","","30.1","","","","","","","29.6","","","","","","","32.7","","","","","","","31.7","","","","32.2","","","","","","","","","",
"Ghana","GHA","Income share held by second 20%","SI.DST.02ND.20","","","","","","","","","","","","","","","","","","","","","","","","","","","","11.7","11.5","","","10.9","","","","","","","10.3","","","","","","","9.9","","","","","","","9.8","","","","9.6","","","","","","","","","",
"Ghana","GHA","UHC service coverage sub-index on service capacity and access","SH_UHC_SCI_CAPACITY","","","","","","","","","","","","","","","","","","","","","","","","","","","","","","","","","","","","","","","","","34","34","34","34","34","34","34","33","34","36","35","31","36","40","42","46","47","48","52","44","49","47","54","54","","",
"Ghana","GHA","Proportion of population facing impoverishing out-of-pocket health expenditure, based on the societal poverty line (%)","SH_UHC_FH40_IMPOV","","","","","","","","","","","","","","","","","","","","","","","","","","","","","","","","52.28","","","","","","","65.37","","","","","","","40.61","","","","","","","23.46","","","","20.46","","","","","","","","","",
"Ghana","GHA","Domestic private health expenditure per capita (current US$)","SH.XPD.PVTD.PC.CD","","","","","","","","","","","","","","","","","","","","","","","","","","","","","","","","","","","","","","","","","5.59854426","5.75742896","6.46865909","7.71132418","8.64348052","10.24163507","18.71597995","24.2423656","27.77250674","23.31304968","29.46956439","32.33416051","33.63684659","45.27471921","38.63190514","31.27565452","31.68410755","13.35201393","19.06929562","21.84474278","24.36017893","29.09490179","23.66918412","19.84154358","","",
"Ghana","GHA","Out-of-pocket expenditure (% of current health expenditure)","SH.XPD.OOPC.CH.ZS","","","","","","","","","","","","","","","","","","","","","","","","","","","","","","","","","","","","","","","","","38.01316071","33.57912827","31.97357178","36.00989151","32.44798279","23.53275681","35.20372391","39.57984543","41.08115387","34.93130875","34.30179977","32.997612","36.88100052","38.87570953","45.05064011","35.80306244","37.82372665","22.65083694","33.48161697","28.97685051","23.7503624","26.49847794","25.03213501","26.67723274","","",
"Ghana","GHA","Domestic general government health expenditure (% of GDP)","SH.XPD.GHED.GD.ZS","","","","","","","","","","","","","","","","","","","","","","","","","","","","","","","","","","","","","","","","","0.73089105","0.84126645","0.65024012","0.94345516","0.9509024","1.756845","1.65231752","1.63629603","1.64284575","2.04712129","2.26015067","2.35423017","1.97869766","1.85814357","1.40883136","1.5937829","1.3003906","1.63058531","1.37083328","1.9720608","2.52818918","2.09936643","2.03708911","1.86317766","","",
"Ghana","GHA","Control of Corruption - Governance estimate (approx. -2.5 to +2.5)","GOV_WGI_CC_EST","","","","","","","","","","","","","","","","","","","","","","","","","","","","","","","","","","","","","-0.214866199999999","","-0.5731233","","-0.0109083","","-0.3000833","-0.3194152","-0.3390642","-0.4199254","-0.1130597","-0.0943405","-0.0856728","-0.0172755","0.0661022","0.0550802","-0.0180774","-0.0209075","-0.1952286","-0.2762732","-0.246555599999999","-0.2759026","-0.140224799999999","-0.0994456","-0.0922532","-0.1554389","-0.0967234999999999","-0.1303327","-0.1934794","",
"Ghana","GHA","WBL: Legal Framework Index (scale 0-100)","GD_WBL_OVL_LAW","","","","","","","","","","","","","","","","","","","","","","","","","","","","","","","","","","","","","","","","","","","","","","","","","","","","","","","","","","","","","","","","","","66.72",
"Ghana","GHA","Expense (% of GDP)","GC.XPN.TOTL.GD.ZS","","","","","","","","","","","","","","","","","","","","","","","","","","","","","","","","","","","","","","","","","","18.7116417612495","20.0290266464737","22.0203756781146","23.4793110246594","22.7457889920708","15.2883466766383","17.8651441453915","20.5460947523142","18.027952390966","20.1575042881243","21.1409260461554","26.8839178478186","19.2811347818803","18.2035086076329","17.3642996458735","18.2895853622151","17.355240305187","17.6018475152484","17.5109450941033","21.8835544057028","20.7508748712557","22.6789929500877","","","",
"Ghana","GHA","Interest payments (% of expense)","GC.XPN.INTP.ZS","","","","","","","","","","","","","","","","","","","","","","","","","","","","","","","","","","","","","","","","","","39.1266110238665","30.6439949469595","24.9409952135882","18.5123493881729","16.0037476629801","13.4628319010912","10.6369965929695","10.9535367058226","15.6464948402951","15.5087647300686","12.7409299062471","12.031739314941","18.3201934916469","24.5131056980379","28.4779555222596","28.7054663105911","29.7574078616197","29.1286301715606","31.6641112461978","28.6803045981279","34.9901647446162","32.7918765176006","","","",
"Ghana","GHA","Goods and services expense (current LCU)","GC.XPN.GSRV.CN","","","","","","","","","","","","","","","","","","","","","","","","","","","","","","","4498000","6053800","6920800","14120200","","","","","","","","","","206113651","246278284","402314530","457183424","615831711","743845940","1087495098","1371686689","2001901052","1321832677.32575","1449109496","1776632829.33","1388219695.79","3220757139.47","2482109266.3","5127862371.296","6169604335.42003","7425672576.66524","7160829777.96206","7926229996","8445600000","","",
"Ghana","GHA","Taxes on income, profits and capital gains (% of revenue)","GC.TAX.YPKG.RV.ZS","","","","","","","","","","","","","","","","","","","","","","","","","","","","","","","20.6279318574603","15.9858686191183","16.9557192549433","15.2302508940777","","","","","","","","22.3071819091151","27.0755102675332","21.7485401677983","19.4703997815102","20.7683091232874","20.1258705813046","18.7354212210664","20.1391450514525","22.6132232931059","24.7771411717418","24.6834249886543","35.2047552105478","34.1595479306678","36.3122203583136","29.6596884843431","28.2533478576983","33.7529956870516","39.4158649723905","42.4939483605654","43.0346941502112","39.9041470950408","39.7557824082131","39.4784306608389","","",
"Ghana","GHA","Other taxes (% of revenue)","GC.TAX.OTHR.RV.ZS","","","","","","","","","","","","","","","","","","","","","","","","","","","","","","","","","","","","","","","","","","","","","","","","","","","","","-1.04117184981539","-0.984429332787043","-0.670318113548265","-2.13623864739085","-4.48351401259753","-4.54314999230094","-4.46029676618054","-4.62757593346298","-4.69127071424288","-4.44628043205651","-4.25886856236337","-1.38776596164845","","",
"Ghana","GHA","Customs and other import duties (% of tax revenue)","GC.TAX.IMPT.ZS","","","","","","","","","","","","","","","","","","","","","","","","","","","","","","","28.7426539874452","24.8092833687585","28.685493917146","26.0537128401735","","","","","","","","16.192913936788","15.3962382380593","19.3644062308841","16.2456509763189","16.7778743203614","17.4058955526604","24.0815943098291","27.5431523236927","23.0589518870882","23.3265083514266","24.1283607193107","16.3021638439202","16.7943165030397","15.5284715789963","14.3478174588384","16.9741445031499","18.0272965364692","16.1499246361179","12.647726167565","12.4051347944631","12.2845738829162","13.0356789411931","12.6643005282401","","",
"Ghana","GHA","Taxes on goods and services (current LCU)","GC.TAX.GSRV.CN","","","","","","","","","","","","","","","","","","","","","","","","","","","","","","","7171900","13785700","12879700","22286800","","","","","","","","140928800","215883900","549683073","871089714","1053166888","1195599344","1548573031","1863799358","1996424536","2436751418","3548884820","4212037894.37868","4832951822.68909","6434283960.4","9926832338.32","12231318887.9872","13344835472.0923","15030377745.7365","17151664589.75","17792087110.115","24733515247.36","31391788592.9333","44278588375.3836","","",
"Ghana","GHA","Revenue, excluding grants (current LCU)","GC.REV.XGRT.CN","","","","","","","","","","","","","","","","","","","","","","","","","","","","","","","23950100","35435900","33355800","65758100","","","","","","","","689312400","879985400","1307727348","1894313786","2303959466","2542797986","3627577730","4736275487","5642796309","7685134390","11587446125","14565440603.9634","17708502795.144","22556980441.2951","26665915602.6276","31092274546.2924","38159660830.2941","46501927374.974","52393486520.4516","53909516990.1797","68914308845.5252","95532670366.5781","133359868946.973","","",
"Ghana","GHA","Grants and other revenue (current LCU)","GC.REV.GOTR.CN","","","","","","","","","","","","","","","","","","","","","","","","","","","","","","","2782100","3626100","3269600","6662900","","","","","","","","297499500","177695300","418105723","757097688","859576197","874732981","1363210674","1440975559","2186823506","2694558161","3964114967","4151160278.74999","5163900980.0443","5515698857.44366","7899491017.99797","7949508148.83476","9270310319.7687","9852546975.81381","10605009150.7626","10690442212.5398","13563428333.4114","21103022651.534","25992069891.89","","",
"Ghana","GHA","Net investment in nonfinancial assets (current LCU)","GC.NFN.TOTL.CN","","","","","","","","","","","","","","","","","","","","","","","","","","","","","","","","","","","","","","","","","","487393100","299117300","423381076","727752654","858078815","1134975240","1525342550","1206699731","2271400000","2892896699","2632596472","3229178520.39623","4791207691.4654","6095690484.50116","7133557040.46807","7678097235.96131","6331410664.49834","4738334834.47409","6151838213.0957","12082873131.0369","16967061433.4677","18688712268.038","21111300000","","",
"Ghana","GHA","Central government debt, total (current LCU)","GC.DOD.TOTL.CN","","","","","","","","","","","","","","","","","","","","","","","","","","","","","","","","","","","","","","","","","","","","","","","","","","","","","","","","","","","","","","","","","","",
"Ghana","GHA","Account ownership at a financial institution or with a mobile-money-service provider (% of population ages 15+)","FX.OWN.TOTL.ZS","","","","","","","","","","","","","","","","","","","","","","","","","","","","","","","","","","","","","","","","","","","","","","","","","","","","29.4253535855083","","","40.5057942389551","","","57.7175264186459","","","","68.2303947936909","","","81.2430252454858","",
"Ghana","GHA","Account ownership at a financial institution or with a mobile-money-service provider, older adults (% of population ages 25+)","FX.OWN.TOTL.OL.ZS","","","","","","","","","","","","","","","","","","","","","","","","","","","","","","","","","","","","","","","","","","","","","","","","","","","","30.7486711523145","","","42.3422176656552","","","61.8940290264395","","","","69.5160700866998","","","81.7894024325361","",
"Ghana","GHA","Account ownership at a financial institution or with a mobile-money-service provider, poorest 40% (% of population ages 15+)","FX.OWN.TOTL.40.ZS","","","","","","","","","","","","","","","","","","","","","","","","","","","","","","","","","","","","","","","","","","","","","","","","","","","","18.3888704067221","","","33.5196060630463","","","48.3440601491293","","","","54.7194535686967","","","69.5783204095408","",
"Ghana","GHA","Claims on central government, etc. (% GDP)","FS.AST.CGOV.GD.ZS","-10.3912543153049","4.12903225806452","3.94123606889564","4.8","9.83818770226537","12.1418826739427","13.4848484848485","17.6724109813389","18.5485114000775","14.9002539511219","12.6078000900674","11.446970915032","12.3369947441866","10.7420585110048","12.5302827389175","17.4967880296452","24.1051693236514","24.9273553739879","21.5471751687683","17.7085387401914","15.609098348235","14.8381306926376","12.937815919243","16.0786388133614","14.7118632440182","14.7903895375719","15.6445653357009","21.7494463523769","16.0794986317281","11.8373736675255","10.555583384927","10.4493911298279","12.7069098693306","14.2109914516671","9.72110470701249","10.7783234645304","10.5612900949844","15.7528939164199","13.3080160793409","17.5002822975203","19.2781525953434","15.5100772595219","17.46934566198","10.397642421282","16.8575085739065","12.6370961055115","8.02261389069548","5.71243160979155","14.0734756214417","10.7497611967328","11.5321185311992","10.9051325374497","13.1198715395632","11.1013811139597","10.8986114089102","9.10353158645299","9.63080133672998","7.5232030105236","11.6825478806716","11.5041698114412","21.318949955967","20.8012110597332","23.2130621874849","15.925986522775","12.8065180721546","",
"Ghana","GHA","Lending interest rate (%)","FR.INR.LEND","","","","","","","","","","","","","","","","","","","","","","","","","","","","","","","","","","","","","","","","","","","","","","","","","","","","","","","","","","","","","","","","","","",
"Ghana","GHA","Consumer price index (2010 = 100)","FP.CPI.TOTL","","","","","0.00114024641178587","0.00144178212213129","0.00163264358808005","0.00149513441211262","0.00161317133938467","0.00173120826652556","0.00178366912309092","0.00195416690705948","0.00215089511917956","0.00253123632914724","0.00299026882409409","0.00388210338570513","0.00605922893316736","0.0131152141412623","0.0227013427441019","0.0350602462032355","0.0526149603314175","0.113913285358869","0.139310897543692","0.310488486647225","0.433644719172345","0.478333718424501","0.595838386589673","0.833071844650769","1.09431707393563","1.37034424249229","1.88092171488364","2.22007896670963","2.44333269943057","3.05318469233027","3.8125195242749","6.079502868492","8.91018139530741","11.3948040676584","13.061199205853","13.6966785113","19.2083497512298","27.1816389781647","29.7260938269276","38.5764377123893","45.536683616152","52.5670885638145","58.7064955286905","65.008207238338","75.7310767414419","90.3069978698952","100","108.72845937093","120.891195539437","134.994594893508","155.904739308264","182.642354549914","214.521910357024","241.062392815469","259.886388974227","278.45173709811","305.983066637367","336.492909542398","441.666780384402","609.972588583069","749.341127038871","855.782602934165",
"Ghana","GHA","Broad money (current LCU)","FM.LBL.BMNY.CN","15990","17400","20040","21500","29480","30050","31530","31919","35173","38847","42713","47465","66766","79351","100503","138611","189993","304565","513283","594211","795055","1203057","1483923","2080548","3196220","4671800","6911240","10597000","15501000","23975000","27164000","37779100","57531460","76804870","117180820","167770000","233533080","336491187","395341181.490719","495825604.991443","764782020.676708","1197145556.33146","1666596243.20844","2053927123.92631","2614139359.26368","3123047159.56563","4351670000","5954585841.05543","8287483717.87914","10337729706.9796","13637298520.5008","18273291393.7872","22867056778.7976","27326259575.4489","37516943648.42","47111533197.72","57711163359.74","66982825964","77539928575.83","94098262048.24","120785612814.31","146517119334.907","193442303341.675","265810440379.52","353464099329.07","",
"Ghana","GHA","Net domestic credit (current LCU)","FM.AST.DOMS.CN","-5060","9260","9990","16520","27450","30290","40600","48119.3061159337","53674.4693801317","56165.4081561949","59386.0204034623","73301.42728758","81675.6402048853","84280.9468470278","125375.117563356","159751.531160616","242857.335006149","385097.068039827","645260.018091772","750090.380325683","966388.082418568","1561088.0796835","1895457.12403448","3396538.52993341","5106786.43116482","8050943.55008497","12255861.2007201","21070086.9788732","21633704.6436781","30084091.6848485","33629069.5655173","39769500","57658280","82661880","95768840","146405120","208228120","360041733","424934492.986089","669315250.863145","1067028407.19802","1337430481.49496","1690214064.45522","1781094667.65261","2510565793.28139","2999506078.60604","3947593957.95165","5293721475.68473","8650152752.2739","11686980808.0506","14408111396.6594","18119772524.2913","25973762898.4197","36793778188.8332","48632560164.4","55913848786.7151","66037231550.95","78337261051.64","88907507931.36","99953346066.39","146394855149.493","169468548421.464","238483198588.455","237469068180.67","269337883529.531","",
"Ghana","GHA","Total reserves in months of imports","FI.RES.TOTL.MO","","","","","","","","","","","","","","","","1.91453570360486","1.36663711633191","1.88067685611307","3.5584169047936","4.2935179968441","3.13017898578167","2.41173290918427","4.16738644361626","4.82782954213867","6.45488404391023","6.95678393647643","6.92565562288621","2.99726853854582","2.67291079012487","3.7095280727082","2.34550665847414","4.42983980152273","2.50363037311722","2.72280635350854","3.92260831058858","4.26354831215991","4.39696090180287","2.80207190177376","1.43690460499833","1.57562472627131","1.06719389754897","1.21971784706324","2.17027994747621","4.04866980793435","3.73514236982432","3.3229314583965","3.20805003973377","2.53281170109432","1.90391780434853","3.78332230012958","4.25120343144955","3.41339545523001","2.89531175178269","2.778360872176","3.16791053807695","3.09310285341031","3.20054453410844","3.34414965865392","2.72301591901143","2.89562482242713","3.29851075387678","3.91994487404489","1.96715452699178","1.44787783771813","1.6387674511702","",
"Ghana","GHA","Domestic credit to private sector by banks (% of GDP)","FD.AST.PRVT.GD.ZS","4.56846950517837","5.82795698924731","6.18034447821682","7.58181818181818","6.957928802589","8.51978171896316","8.45191040843215","7.56648936170213","8.65882352941176","9.2103948025987","8.2514386896857","12.584","10.0603907637655","5.34333047700657","5.67682403433476","5.78440280143858","5.90269690468894","5.01836423900385","3.52115696178405","2.8188647154702","2.19261644730701","1.84738248010354","1.80235046442493","1.54226844456036","2.20940933837471","3.10839882465428","3.62810988808998","3.15415549597855","3.13928135190773","5.84456546435471","4.92869864550594","3.65734044783811","4.9419292690541","4.83817566695075","5.25003266090298","5.07356450843041","6.00507906550134","8.19509402411892","9.20371570883441","12.4054065831544","13.8150119521418","11.7458734880105","12.0012391720872","12.3870144520627","13.0580385311355","15.4295610538331","10.7849766382305","14.4177395805101","12.558950508188","17.6226642219194","15.9514145717562","16.529947058297","17.1636734801869","14.5434834545912","15.7414141634736","17.1192932611417","16.5318362863588","15.135744802977","12.7801113614181","13.0413982493314","12.0864909654416","12.024769747436","11.2706745595929","8.6512446201473","8.23466946071924","",
"Ghana","GHA","Bank capital to assets ratio (%)","FB.BNK.CAPA.ZS","","","","","","","","","","","","","","","","","","","","","","","","","","","","","","","","","","","","","","","","","","","","","","","","","9.98968180006529","11.8841547876619","12.4352584600056","10.6664605489132","11.1058718799713","9.98225727157144","10.6143601938163","10.503844448875","9.18021886788584","8.90729617365833","12.2867438475837","10.6645401218628","9.76057450178403","9.01209167614904","7.73811901719639","5.22701121867012","5.0994060226281","6.6024440112726",
"Ghana","GHA","Marine protected areas (% of territorial waters)","ER.MRN.PTMR.ZS","","","","","","","","","","","","","","","","","","","","","","","","","","","","","","","","","","","","","","","","","","","","","","","","","","","","","","0.1","0.1","0.1","0.1","0.1","0.1","0.1","0.1","0.1","0.1","0.1","0.1","0",
"Ghana","GHA","Annual freshwater withdrawals, total (% of internal resources)","ER.H2O.FWTL.ZS","","","","","","","","","","","0.99009900990099","1.06512651155116","1.14015401650165","1.21518151815182","1.29020901980198","1.36523652475248","1.44026402640264","1.51529152805281","1.5903190330033","1.66534653465347","1.74037403630363","1.81540154125413","1.89042904290429","1.96545654455446","2.04048404950495","2.11551155115512","2.19053905280528","2.26556655775578","2.34059405940594","2.41562156105611","2.4906490660066","2.56567656765677","2.64070406930693","2.71573157425743","2.79075907590759","2.86578657755776","2.94081408250825","3.01584158415842","3.09086908580858","3.16589659075908","3.24092409240924","3.33044554455446","3.41996699669967","3.50948844884488","3.5990099009901","3.68853135313531","3.77805280528053","3.86757425742574","3.95709570957096","4.04661716171617","4.13613861386139","4.23556105610561","4.34158415841584","4.41460396039604","4.49158415841584","4.74744224422442","4.78085808580858","4.78085808580858","4.78085808580858","4.78085808580858","4.78085808580858","4.78085808580858","4.78085808580858","","","",
"Ghana","GHA","Annual freshwater withdrawals, domestic (% of total freshwater withdrawal)","ER.H2O.FWDM.ZS","","","","","","","","","","","35","33.87729808","32.9023543","32.04780011","31.29263302","30.62046737","30.01833181","29.47582402","28.9845047","28.53745541","28.1289507","27.75421161","27.40921788","27.09056308","26.79534182","26.52106084","26.2655685","26.02699815","25.8037225","25.59431642","25.3975265","25.21224595","25.03749375","24.87239731","24.71617786","24.5681382","24.42765225","24.29415627","24.16714123","24.04614636","23.93075356","23.3865973","22.87092883","22.38156812","21.91655204","21.47410804","21.05263158","20.65066667","20.26688907","19.90009175","19.54917215","19.40196747","19.38426454","18.76460144","18.23726074","20.82761258","20.45609723","20.45609723","20.45609723","20.45609723","20.45609723","20.45609723","20.45609723","","","",
"Ghana","GHA","Capture fisheries production (metric tons)","ER.FSH.CAPT.MT","33800","36500","45700","59800","76600","76500","85696","98990","74080","130954","171517","232662","281189","221664","219146","261391","246601","271933","274631","236979","231566","240510","244163","251503","269563","276216","319818","381814","362050","361675","395872","362538","423425","372619","335437","352844","476744","447127","445541","496770","454346","450353","375182","393547","420443.403","381637.88","378643","331175","342518.142","304584","351458.651","349760.31","356346.586","289884.75","323585.173","344325.9","322863.57","368178.76","360007.369","318144.22","357275.51","393326.52","444841.73","384924.63","496158.661","",
"Ghana","GHA","Population in the largest city (% of urban population)","EN.URB.LCTY.UR.ZS","24.2183128697919","24.0086114176485","23.9150793536582","23.8478502639362","23.8138345784851","23.8098283083416","23.8507781766091","23.9413219988012","24.0878826503418","24.2812750303477","24.3708094376362","24.2161765909784","24.0856788088377","23.9634106275181","23.8603242743938","23.7739661139289","23.7023444752934","23.6164619123993","23.5093592018787","23.3926073881372","23.2961058358886","23.2085345219149","23.0793513903389","22.9026068202155","22.8069051712853","22.7888788580408","22.7000187107127","22.5425089244537","22.3238548780053","22.0545075691622","21.7565081738586","21.4557028280337","21.1605201269176","20.870332955211","20.6034847759863","20.3588571869097","20.1372272722833","19.925689590803","19.7284139468273","19.5562794558584","19.3351407002834","18.9248513127927","18.5107643668501","18.1196482029136","17.7521104148223","17.4019048527363","17.0701198454065","16.7560455062611","16.4629668977004","16.1896565853284","15.940681804236","15.8150807986583","16.0885122996668","16.3738243496964","16.6770705601712","17.0013432902748","17.3429515192166","17.7115068849672","18.1155515602442","18.4028859176261","18.6766895634103","18.9299619125931","19.1290357323592","19.2927021074199","19.4263652817436","19.5350030530195",
"Ghana","GHA","Urban population living in areas where elevation is below 5 meters (% of total population)","EN.POP.EL5M.UR.ZS","","","","","","","","","","","","","","","","","","","","","","","","","","","","","","","1.18043318573494","","","","","","","","","","1.30702538183502","","","","","","","","","","","","","","","1.41563285205837","","","","","","","","","","",
"Ghana","GHA","Plant species (higher), threatened","EN.HPT.THRD.NO","","","","","","","","","","","","","","","","","","","","","","","","","","","","","","","","","","","","","","","","","","","","","","","","","","","","","","","","","","","119","","","","128","","","",
"Ghana","GHA","Nitrous oxide (N2O) emissions from Transport (Energy) (Mt CO2e)","EN.GHG.N2O.TR.MT.CE.AR5","","","","","","","","","","","0.0127","0.0135","0.0138","0.0152","0.0147","0.0158","0.0155","0.0157","0.0161","0.0138","0.0148","0.018","0.0164","0.0113","0.0121","0.0144","0.0157","0.0172","0.0176","0.019","0.0183","0.0176","0.0203","0.0205","0.0228","0.0256","0.027","0.0256","0.0311","0.0345","0.0312","0.0307","0.0369","0.035","0.04","0.0409","0.0426","0.0433","0.0517","0.0641","0.0649","0.0757","0.089","0.0892","0.0895","0.0984","0.1028","0.101","0.1164","0.1232","0.1337","0.1436","0.1338","0.128","0.133","",
"Ghana","GHA","Nitrous oxide (N2O) emissions from Industrial Combustion (Energy) (Mt CO2e)","EN.GHG.N2O.IC.MT.CE.AR5","","","","","","","","","","","0.0073","0.0073","0.0084","0.0095","0.0097","0.0101","0.0104","0.0109","0.0109","0.011","0.0114","0.0116","0.0113","0.0114","0.0116","0.0115","0.012","0.0123","0.0127","0.013","0.0133","0.0136","0.0141","0.0144","0.0149","0.0153","0.0157","0.0161","0.0167","0.0172","0.0318","0.0311","0.0287","0.0271","0.0253","0.0237","0.0224","0.0212","0.0205","0.0203","0.0199","0.0207","0.0249","0.0265","0.0215","0.0217","0.0214","0.0148","0.0162","0.0172","0.0172","0.0156","0.0165","0.0167","0.0169","",
"Ghana","GHA","F-gases emissions from Industrial Processes (Mt CO2e)","EN.GHG.FGAS.IP.MT.CE.AR5","","","","","","","","","","","","","","","","","","","","","","","","","","","","","","","0.5457","0.5456","0.5648","0.5522","0.4572","0.385","0.4051","0.4601","0.181","0.3567","0.4656","0.3897","0.4806","0.4788","0.5531","0.668","0.7378","0.7242","0.749","0.764","0.7595","0.7767","0.7878","0.808","0.8811","0.9695","1.105","1.2389","1.404","1.5486","1.6961","1.8485","1.9969","2.1463","2.2953","",
"Ghana","GHA","Carbon intensity of GDP (kg CO2e per 2021 PPP $ of GDP)","EN.GHG.CO2.RT.GDP.PP.KD","","","","","","","","","","","","","","","","","","","","","","","","","","","","","","","0.0730125185594961","0.064297489609984","0.0730751288472106","0.0719012967822679","0.0740907021133392","0.0764697266282407","0.0793648398560886","0.0801030832612157","0.103890993397271","0.108600155254887","0.0920913069125119","0.09570721350376","0.10815653001237","0.0964920812293219","0.0851446411388727","0.0850573614448683","0.0972090239303126","0.0983540647187933","0.0854558686365852","0.0934411950913699","0.0971643015764868","0.0918129925232616","0.101402892556057","0.100512299730902","0.0941512557074807","0.0970148622292572","0.0964303987587957","0.0965895526608306","0.099766822193657","0.0996682476119478","0.112211815312345","0.113984837010311","0.106651399525813","0.100956204099347","0.0992656321524353","",
"Ghana","GHA","Carbon dioxide (CO2) emissions (total) excluding LULUCF (Mt CO2e)","EN.GHG.CO2.MT.CE.AR5","","","","","","","","","","","2.3446","2.3843","2.4963","2.5508","2.7186","2.8941","2.9599","3.0552","2.9713","2.635","2.6631","3.1744","2.7334","1.7269","2.0009","2.3412","2.5388","2.7069","2.8426","3.1715","3.1311","2.903","3.4273","3.5358","3.7637","4.0443","4.3906","4.6174","6.2701","6.8427","6.0172","6.5036","7.6803","7.2083","6.7168","7.1058","8.6407","9.1225","8.6514","9.9181","11.128","11.9922","14.4756","15.3977","14.8352","15.6106","16.04","17.3725","19.0565","20.2766","22.9458","24.4916","23.7878","23.2246","24.171","",
"Ghana","GHA","Carbon dioxide (CO2) net fluxes from LULUCF - Forest Land (Mt CO2e)","EN.GHG.CO2.LU.FL.MT.CE.AR5","","","","","","","","","","","","","","","","","","","","","","","","","","","","","","","","","","","","","","","","","-4.3159","-3.7671","-3.5537","-3.9139","-4.464","-4.3759","-4.2029","-4.1712","-4.1204","-4.3806","-4.1062","-4.2215","-4.1128","-3.781","-3.8773","-3.5299","-4.1895","-4.513","-4.4115","-2.6801","-3.2549","-3.4805","-2.7","-2.7","","",
"Ghana","GHA","Carbon dioxide (CO2) emissions from Fugitive Emissions (Energy) (Mt CO2e)","EN.GHG.CO2.FE.MT.CE.AR5","","","","","","","","","","","0.0471","0.0471","0.0693","0.0637","0.133","0.1219","0.1081","0.1081","0.0997","0.0887","0.0997","0.0637","0.0582","0.0277","0.0416","0.0554","0.0499","0.0416","0.0526","0.0526","0.0443","0.0526","0.0526","0.0416","0.0582","0.0499","0.0526","0.0028","0.0416","0.0748","0.0637","0.0693","0.0797","0.0883","0.1583","0.1161","0.1291","0.1322","0.1734","0.0916","0.1066","0.4319","0.0977","0.3179","0.277","0.2934","0.3905","1.0124","0.8335","0.7697","1.0446","1.4616","1.136","1.1975","1.013","",
"Ghana","GHA","Methane (CH4) emissions from Waste (Mt CO2e)","EN.GHG.CH4.WA.MT.CE.AR5","","","","","","","","","","","0.7374","0.7863","0.8236","0.8615","0.8983","0.9326","0.9628","0.991","1.0178","1.0472","1.0815","1.1133","1.1505","1.1914","1.2318","1.2707","1.3087","1.3452","1.3805","1.4155","1.4515","1.4842","1.517","1.5496","1.5814","1.6118","1.6451","1.6799","1.7139","1.7483","1.7923","1.8381","1.8857","1.9348","1.9858","2.119","2.1766","2.2702","2.3671","2.4671","2.5689","2.574","2.6265","2.679","2.7326","2.8367","2.8924","2.9442","2.9956","3.0467","3.0978","3.1487","3.2006","3.252","3.3032","",
"Ghana","GHA","Methane (CH4) emissions from Industrial Processes (Mt CO2e)","EN.GHG.CH4.IP.MT.CE.AR5","","","","","","","","","","","","","","","","","","","","","","","","","","","","","","","","","","","","","","","","","","","","","","","","","","","","","","","","","","","","","","","","","","",
"Ghana","GHA","Methane (CH4) emissions from Agriculture (Mt CO2e)","EN.GHG.CH4.AG.MT.CE.AR5","","","","","","","","","","","1.3811","1.3947","1.5092","1.4609","1.6255","1.5424","1.507","1.5366","1.5329","1.5105","1.5101","1.5878","1.5638","1.5879","1.697","1.7832","1.7492","1.8671","1.8689","1.938","1.8728","2.0826","1.996","2.0366","2.0653","2.1331","2.2794","2.3538","2.4135","2.4653","2.5673","2.6592","2.6961","2.7319","2.817","2.8773","2.9213","2.9038","3.1064","3.2944","3.459","3.5918","3.7013","3.9178","4.0903","4.2781","4.4952","4.7305","4.7263","5.1027","5.3938","5.7423","5.936","6.1507","6.2048","",
"Ghana","GHA","Fish species, threatened","EN.FSH.THRD.NO","","","","","","","","","","","","","","","","","","","","","","","","","","","","","","","","","","","","","","","","","","","","","","","","","","","","","","","","","","","58","","","","87","","","",
"Ghana","GHA","Price level index (GDP)","PA.NUS.GDP.PLI","","","","","","","","","","","","","","","","","","","","","","","","","","","","","","","52.8052111023338","54.3980465930338","49.749170619718","43.1189233842295","37.2910331465773","41.6398400644786","41.9258389167719","39.3181776476676","40.318368787426","39.2815934798408","23.9138442883249","23.9861514209665","26.2223643232916","30.2571061678196","32.4669841081128","35.9620676751756","38.9221217444157","43.1720442572497","44.8261354785267","38.5950726245607","43.6820820555313","45.848329812962","41.6951849758502","44.007389473152","35.3427904986493","33.1853181561085","38.1650297850308","38.9151387222801","39.6518101948694","36.4288188198025","36.304704763652","37.0062130126205","30.9405631821704","31.5220977311204","30.0483620676612","37.8287234184848",
"Ghana","GHA","Net secondary income (Net current transfers from abroad) (constant LCU)","NY.TRF.NCTR.KN","","","","","","","","","","","","","","","","","","","","","","","","","","","","","","","","","","","","","","","","","","","","","","","1867308640.3872","1963608200.61122","2069456185.2982","2300209303.36579","1720314535.24164","2196697563.72538","","","","","","","","","","","","","","",
"Ghana","GHA","Taxes less subsidies on products (current LCU)","NY.TAX.NIND.CN","8500","10100","10200","11800","12600","18800","14700","16100","19400","24200","30900","30100","30300","28100","41800","54100","67200","86700","139800","152400","152400","286700","293700","","1387000","2506800","267900","151900","220000","1295100","937300","261600","1151400","41520000","51920000","71240000","127220000","150490000","181370000","213976100","285360000","395300000","506300000","607190000","691232000","827390000","1302319700","1902172900","2203936600","2127584800","4166044900","5422145900","4688668200","6163861100","14447130500","15384412600","16571762400","18404297000","21623276100","22918292800","23835024500","30543432900","38336300000","57504237182.7905","77806594844.0211","94617616185.2092",
"Ghana","GHA","Net primary income (Net income from abroad) (current US$)","NY.GSR.NFCY.CD","-14007250.8052019","-19610151.1272827","-14007250.8052019","-25213051.4493634","-16808700.9662423","-26613776.5298836","-19610151.1272827","-37174205.2107042","-50987820.539945","-48046215.5087943","-44124075.4672601","-45441641.2575148","-27763712.7387025","-22329601.7479103","-19254658.3850932","-22340425.5319149","-20338983.0508475","-11428571.4285714","-8376963.35078534","-14102564.1025641","-18879668.0497925","-12906976.744186","-10504201.6806723","-36155202.8218695","-47782126.5492498","-79372373.9495798","-126502916.105877","-138068027.210884","-131170886.075949","-117865480.822679","-112408020.603385","-121793651.225417","-106235549.95994","-112361455.812304","-111063326.636531","-133112897.576597","-143654729.221569","-133801929.72519","-151863595.857522","-163876043.998905","-146958171.764978","-108081473.673924","-129437530.996937","-164979163.878518","-198180756.980306","-131141427.007465","-572229586.266961","-140565118.231561","-116655627.093678","-94285132.6757141","-534154601.837924","-1222991598.84916","-2096036587.87188","-1751075006.87893","-2857277113.39894","-1486387867.66687","-2202768083.5495","-2973652640.1243","-3027247035.86862","-2810851669.6292","-3396854689.85052","-4381558116.61729","-5108732131.07835","-4106958027.02216","-5278717218.39051","-6985057124.42106",
"Ghana","GHA","Gross savings (current US$)","NY.GNS.ICTR.CD","","","","","","","","","","","","","","","","405692196.765347","242460722.101298","366236293.068687","198081401.581788","331885059.566982","281118672.199171","240820930.232558","224196078.431373","172712698.412698","297639204.174821","361885294.117647","397403275.011216","384208163.265306","517910403.481013","598979636.835279","620323399.558499","783309569.40402","444799256.037541","766192019.546485","1039021245.60522","1139386600.39695","1254546337.75","717459030.449814","1349139265.28988","722661477.331113","760675122.452931","1121051361.15202","1156428644.64039","1614800994.49908","2031330502.4486","2063742612.77893","3636405900.11223","1674301642.13039","1244964532.46537","2874789711.30995","1568302992.89572","1526955864.43711","2173994771.55047","9548638938.75099","9973327031.72023","10431055734.1033","10463116615.7262","9577727185.47816","13451965418.8907","12022934221.1516","10626541633.2012","10454488090.2799","9988797742.52145","7430696359.8866","10318576486.6695","",
"Ghana","GHA","GNI per capita growth (annual %)","NY.GNP.PCAP.KD.ZG","","","","","","","","","","","","","","","","","","","","","","","","","","","","","","","","","","","","","","","","","","","","","","","","4.77961561958283","5.73641738539669","4.81053411242686","2.57368590183707","13.5597311751584","3.47837498939458","11.8997144226027","-4.33183402400375","-1.2314712709715","2.07042929294461","2.99129897745472","5.7738843095583","4.65012810477027","-2.18177205157532","5.29396351760911","2.41793245529007","1.36217987276356","4.65219494257174","",
"Ghana","GHA","GNI, PPP (constant 2021 international $)","NY.GNP.MKTP.PP.KD","","","","","","","","","","","","","","","","","","","","","","","","","","","","","","","","","","","","","","","","","","","","","","","81104290178.8052","87199553221.4309","94571502487.3495","101625362563.084","106808180398.06","124243458038.634","131714219314.313","150981942070.208","147898393743.528","149486429395.033","156094346252.394","164331957004.713","177465049725.108","189483931284.517","189078671095.891","203027114901.376","211967736637.439","218995232992.752","233521044706.215","",
"Ghana","GHA","GNI (constant 2015 US$)","NY.GNP.MKTP.KD","","","","","","","","","","","","","","","","","","","","","","","","","","","","","","","","","","","","","","","","","","","","","","","26015636611.0896","27970800117.4387","30335483327.1026","32598133798.8743","34260614354.6987","39853288260.2421","42249667170.9974","48430130281.3395","47441027577.1202","47950418120.3816","50070024411.7185","52712383865.2501","56925055809.4875","60780324802.4343","60650330423.8757","65124540660.2723","67992403330.0501","70246597171.8619","74906008384.0855","",
"Ghana","GHA","GNI, Atlas method (current US$)","NY.GNP.ATLS.CD","","","1359452015.46166","1464929916.54698","1597950983.35135","1803856867.62735","1950437696.48759","1987018300.895","1860280158.5806","1903972100.7347","2163409886.48128","2423202959.598","2374066751.47751","2820327841.17628","3265873672.17086","3180672551.08793","2918968562.0375","3132021846.21878","3678042220.54256","4116343281.70721","4642444567.42462","4626812850.39454","4160767535.57135","3797816736.78819","4214656795.17349","4493247446.43613","5179565907.95029","5665746968.20616","6087279939.56969","5765055348.13058","5849623829.95199","6303120309.26426","6778667251.38933","6717951976.74536","6204774727.49924","6289366538.0763","6597267794.5052","6984322406.90092","7122123009.95018","7391231988.82854","6465489060.14719","5838404963.69295","5507509453.78388","6555665083.24608","8152858666.56199","10033490118.2867","13101804147.0789","18271036322.6612","27260319431.6173","28753127370.8208","30627958989.1296","35139199623.6998","39844194013.7126","49033469889.3704","51203146580.644","53887106037.1886","51665371592.881","54862193997.5399","63128492722.7699","67707676064.7662","67648591490.8535","73059200330.2863","75303228379.1193","78099774891.1709","77832329283.4526","92262900069.4531",
"Ghana","GHA","Gross domestic savings (current US$)","NY.GDS.TOTL.CD","208708036.997508","127465982.327337","177892085.226064","191899336.031266","268939215.459877","169487734.742943","166686284.581903","135918187.801637","177476836.879424","219639842.325917","283374618.000848","233009266.87364","265631197.554072","423403602.373838","277018633.540373","383510638.297872","236016949.152542","319142857.142857","148167539.267016","265669515.669516","219398340.248963","169127906.976744","150700280.112045","134567901.234568","183121330.72407","298857668.067227","332806191.117093","198476190.47619","281581289.556962","294545117.657958","322231420.161884","483203220.629437","80734805.997482","361053475.358789","678284572.241755","749299497.973548","916501066.971574","291160960.175003","767102861.1474","266437521.330018","276781686.819509","373082834.825947","458966175.637322","534891158.377598","649571259.428902","400665039.786392","1960373486.37919","-228311239.638052","-849875840.440949","891084843.985659","-219972405.266356","152530439.786272","1864706359.42236","9360273945.62992","10822143938.616","9319717869.7572","11209260796.1318","10127179205.1996","13896191779.3768","11429702863.0541","10290518235.797","11481124340.0869","11546505571.1393","7467159420.55645","10179556244.0782","",
"Ghana","GHA","GDP per capita, PPP (current international $)","NY.GDP.PCAP.PP.CD","","","","","","","","","","","","","","","","","","","","","","","","","","","","","","","1580.65048837786","1677.6057533672","1738.64019037244","1820.65329622669","1875.26172708223","1946.82217274556","2025.83267065922","2096.76500280627","2166.64663091","2238.6652326082","2315.1780303943","2397.30067039665","2475.09635352672","2584.47723727258","2729.34450247039","2903.83429041493","3103.2262582216","3241.22081093753","3515.58923507839","3617.23944438667","3855.46891704158","4381.12535523694","4933.65254349093","5214.56935848794","5517.13178763566","5191.37053389659","5011.07931572904","5170.96094857439","5536.49795400218","6002.55044678386","6047.30111673554","6607.50297378321","7207.01563645025","7562.64422849208","8051.19381149848","8610.2796922986",
"Ghana","GHA","GDP per capita (current LCU)","NY.GDP.PCAP.CN","0.0124834529604387","0.0129839904605366","0.0134516772006337","0.0146379489625287","0.0160608357430001","0.0185979103864889","0.0187998767976453","0.0181820094094317","0.0200572717697793","0.0230254523880018","0.0253086189459716","0.0272442030874439","0.0298256434207121","0.0360384768642963","0.0465975629474579","0.0513196224554385","0.0615955978118933","0.102301429333246","0.186567927136628","0.243350689451944","0.358850953418714","0.591334497991811","0.683741201926412","1.41243527547085","2.0235531865086","2.5111064312003","3.66190514619286","5.22075975631229","7.18198419192259","9.4438039575758","12.4770049955023","15.3762762631896","17.317887617776","23.3406405574508","30.6299170432391","44.5525169611594","63.6641480510501","77.3805170229571","92.5511915751875","107.467081750554","138.27152672899","188.776564408046","235.713664098525","310.647586093717","365.313798083417","433.243807706901","829.490529411821","979.366168549149","1244.48103925675","1471.98996857296","1807.34481400291","2292.24445995354","2817.18449519545","4545.26771209127","5658.87965989948","6395.49780827115","7480.21001104278","8757.49353330076","10072.1840739079","11406.1516023653","12291.2406180055","14197.8440996886","18532.4877305577","26274.1323413218","34356.3207444469","40899.6013262968",
"Ghana","GHA","GDP, PPP (current international $)","NY.GDP.MKTP.PP.CD","","","","","","","","","","","","","","","","","","","","","","","","","","","","","","","24333557879.6053","26485194120.8616","28139639378.3503","30203762450.1653","31866678828.0364","33872792079.577","36080446540.1542","38242808822.0535","40490370237.7248","42870134745.9753","45463352403.3416","48346528033.6354","51307232649.6406","55040849301.4092","59686118924.6842","65189447864.944","71500511454.2589","76629846712.7914","85252849108.8324","89934208913.3324","98218051384.2896","114325851683.939","131897589316.568","142807202863.437","154709158599.11","148971921853.893","147108962613.394","155172026664.996","169624926668.068","187633394275.742","192835182975.95","214867175690.96","238906456799.066","255525972804.887","277181782542.696","301913189126.834",
"Ghana","GHA","GDP: linked series (current LCU)","NY.GDP.MKTP.CN.AD","","","","","","","","","","","","","","","","","","","","","","","","","","","","","","","419095593.575026","529660284.31807","611556677.348864","844849881.05518","1135674086.64348","1691336180.10264","2473980358.54455","3079389558.96908","3773798079.26716","4490287333.00777","5924378604.72373","8306610461.16769","10661154125.1822","14434886747.7297","17430668438.6371","21221243075.1612","25466985004.4619","30853527859.7432","40213275916.5035","48766647972.6998","61351547049.8853","79705830491.5894","100358458188.189","124477578800","158683994600","183525639999.999","219594595400","262797966100","308587395700","356544265600.001","391940733200","461694936000.001","614336252718.393","887748123973.198","1182799277785.86","1434114745596.83",
"Ghana","GHA","Forest rents (% of GDP)","NY.GDP.FRST.RT.ZS","","","","","","","","","","","2.74013406395681","2.22825810701143","3.3486573541754","4.8543924895361","4.24560314661578","5.30832476809588","5.5823162351308","7.21425607134252","6.10519425505324","5.4200721875121","5.41173597273167","4.96759871189702","7.2895635881052","5.501751393654","4.60276649210359","3.47862574506399","4.21868969341933","4.60614135261648","4.83895965564789","4.85220546506562","6.07463799548996","4.64134324348933","5.93850516868046","6.9463096131309","9.57657019086354","11.3786675282422","10.7637022925204","10.3983391039645","10.1960118505064","6.26575781484371","9.73486409255911","9.39320531098542","9.85705227600459","13.8961700461814","10.8305885965699","9.36380408433484","5.0076574272652","6.24981033258966","6.57573796480232","7.60843149004494","5.77442765220724","5.50203428673419","6.22274709142471","4.42141324102118","5.66614902136025","6.82969261160183","6.37927612801164","5.90830368191503","3.80854813393799","3.48167988211684","3.79790806842924","3.7560551680039","","","","",
"Ghana","GHA","Gross value added at basic prices (GVA) (current US$)","NY.GDP.FCST.CD","1099569188.20835","1161201091.75124","1239641696.26037","1375512029.07083","1554804839.37741","1790126652.9048","1920394085.39318","1560154924.93674","1476685725.63764","1723780548.25429","1912043270.24794","2126088704.79309","1884930983.77353","2765435293.39505","2634782608.69565","2522340425.53192","2480508474.57627","2941714285.71429","3418499127.39965","3803133903.1339","4287136929.46058","4055755813.95349","3898879551.82073","","4186089367.25375","4175157563.02521","5705630327.50112","5064496598.63946","5186886867.08861","5203865110.24643","5860372209.9583","6596072137.74719","6389747052.76411","5328883476.43785","4903105642.05592","5870290374.76858","6155111374.71186","6156614386.99975","6697481463.53703","6915628387.01935","4459176501.46169","4763012962.35542","5527266578.07695","6932198383.87381","8112951155.92638","9830536373.36792","19017602859.5563","22787735613.3641","26584933881.3523","24534389135.1185","29284302820.3832","35770933004.5212","38702380502.2503","59733737368.6376","49700414144.665","45292664737.5986","51907244541.5316","56156491562.1767","62546369568.411","63958993667.479","65750844548.5518","74253941757.1437","69306250716.6331","75329673458.3555","77809717501.1015","106674755796.858",
"Ghana","GHA","GDP deflator (base year varies by country)","NY.GDP.DEFL.ZS","0.000428800693329726","0.000443683721616233","0.000452291850536164","0.00048280187165837","0.000530767350384182","0.000621032805503723","0.000671662597993859","0.000645613127261435","0.000727067018753216","0.000807312074030766","0.000830636567076741","0.000873680258428333","0.00100886095503849","0.00121953626444042","0.00151916088217095","0.00196675920867743","0.00251840861018832","0.00421205810471331","0.00729977867507249","0.0100700065901888","0.0152184117550328","0.0267286392201017","0.034183411475882","0.0762499324935903","0.103175632217482","0.124479764923054","0.176395041150227","0.245544537740975","0.32756342164908","0.420245235145503","0.551221330855228","0.661693577979511","0.735472960261668","0.96903867016872","1.26099962340083","1.80380107987828","2.52239471487487","3.01320650575056","3.52691196964755","4.01966266202157","5.11422138101728","6.89488812088818","8.4682040083135","10.8989517698868","12.4629678199109","14.3278912292839","26.4612469612055","30.7226298342309","36.6859755700703","42.4334091074604","49.4755069307102","56.3599357407842","64.929621067664","100","123.9399587594","140.365680197901","162.471338214869","179.818903787835","198.823033157826","215.685354366544","235.885527920074","264.442069663318","338.972086343917","474.919547192546","597.806808092042","684.092202875946",
"Ghana","GHA","Exports as a capacity to import (constant LCU)","NY.EXP.CAPM.KN","","","","","","","","","","","","","","","","","","","","","","","","","","","","","","","","","","","","","","","","","","","","","","","10015614343.2135","11835222701.8376","13816760847.7714","14869596600.3478","17472623951.636","28521288806.717","32852534279.8478","31668071200","29835562625.3821","32185084034.4908","34155643458.6592","39953042635.5894","44015272166.7685","50031742250.3568","43159574525.688","46725572783.418","50328298093.3209","49544353027.8192","57585871369.855","",
"Ghana","GHA","Adjusted net savings, including particulate emission damage (current US$)","NY.ADJ.SVNG.CD","","","","","","","","","","","","","","","","","","","","","","","","","","","","","","","-260662481.308743","-136450067.370026","-528866355.492917","-270810786.233181","-111200149.811284","-227468230.91716","-244296733.168881","-720701110.185789","-209183728.004786","-510809769.905196","-290616996.293295","86105868.0923543","-67130129.8038203","-25601330.9721034","485070874.769067","290041157.322778","818807010.968532","-1930465536.31831","-2647960952.93893","-1052536736.29175","-3072494885.23121","-4211400229.45736","-3760251499.03673","1648030301.32219","1299213940.08324","2610369038.36477","2712655470.45544","1101188576.20166","4652980815.68532","3146545099.90469","9822554099.30029","2855656831.47271","","","","",
"Ghana","GHA","Adjusted net national income (annual % growth)","NY.ADJ.NNTY.KD.ZG","","","","","","","","","","","","","","","","","","","","","","","","","","","","","","","","","","","","","","","","","","","","","","","","7.16890970032247","9.80747893048563","-2.77062552447508","3.81009393056343","9.24476379501289","10.9494667553979","14.1180865858807","-4.24589608370481","1.44776089209724","6.75531413980531","3.72502113912215","9.49418374012072","6.86179821077732","6.43949779202984","-3.4791788444976","","","","",
"Ghana","GHA","Adjusted savings: net national savings (current US$)","NY.ADJ.NNAT.CD","","","","","","","","","","","","","","","","182792808.785076","30167405.6192849","147711263.11433","-27815375.1951291","84141133.9871561","-6468348.96937859","-18786548.4745668","16003539.4254283","-70751232.88384","-58040204.9723935","-55286472.1805537","-105251964.220521","-42073792.5650414","81640767.3697598","152122467.574046","109664471.982","218123741.615414","-101340980.404646","235759189.277603","560820004.963716","553950539.337061","637441488.14537","88262783.2332426","665981128.962997","15267797.086164","306352089.936856","635226400.316583","590890856.059747","917808523.173145","1228027772.18761","1117901884.22781","1826547432.09732","-482317360.132071","-1119190842.78647","835612141.701923","-1069468538.55263","-1706737691.42605","-1279152877.98546","4426785305.47727","5607278842.47938","6302378652.59401","5927378840.27608","5099141193.49558","8380161416.60826","6895142702.82094","13233383822.2625","9300856435.82722","","","","",
"Ghana","GHA","Adjusted savings: particulate emission damage (current US$)","NY.ADJ.DPEM.CD","","","","","","","","","","","","","","","","","","","","","","","","","","","","","","","111463392.500196","117345536.0694","109474366.906287","97039606.2405861","85626358.5614509","99889806.2004545","105693581.585803","104637964.65717","111566925.804436","114417373.892354","73638230.3800381","77569550.6688042","88007821.453572","106764333.914585","119641740.824456","139304878.665643","254501803.177484","301437813.526278","317407440.443347","278523862.742055","324689839.406321","360044253.369266","357553337.279034","527945710.887278","471029485.563895","438209306.675454","498676059.417668","500063569.756343","513347071.156474","489097088.012349","491216903.018517","510921391.376999","","","","",
"Ghana","GHA","Adjusted savings: mineral depletion (current US$)","NY.ADJ.DMIN.CD","","","","","","","","","","","155593.153895493","148118.819530513","155287.009396651","147837.621061917","7892645.29185702","1000593.06067129","272963.283453861","357811.80665208","423630.78841411","22364576.6069915","97791974.8033651","55515043.0612871","34276003.0205082","39996425.881431","28905863.3235784","21086807.9216142","23747443.9452202","40615267.1640872","38092643.5593705","26359380.2358438","28948677.0516985","82599638.2225104","71907160.1942389","111779850.48186","162353052.031785","57415591.4609007","136242918.906736","92137809.7901278","97285428.4331555","76637128.5449105","113776641.289865","106486201.634671","138414339.705234","70555776.5860501","61406758.4312131","132680114.73834","323777404.741302","354711560.540943","400768709.659334","530074216.200133","917932131.309225","1539220714.78835","1329197543.46159","1424736535.16011","1486692847.63952","1012348097.64737","543860849.072884","811327997.416539","1004254766.90127","1077966440.24008","1371882312.93933","3297615304.86744","","","","",
"Ghana","GHA","Adjusted savings: net forest depletion (current US$)","NY.ADJ.DFOR.CD","","","","","","","","","","","60694776.4965515","53859398.4643494","70733453.0324629","119684704.970887","122885159.398941","149169573.137503","154365236.230778","230093544.355419","223601407.742665","217899255.37887","240564014.422715","209753955.276068","294206378.037013","223221186.213222","203086938.171892","156689205.656005","241629782.452593","233753840.071557","251521427.945035","254826392.643176","357746051.569863","306168351.155555","380889878.138793","414434598.65954","521402174.094611","735646514.417643","746461108.160249","716581636.278775","762760471.307784","483676079.061968","485090653.832283","499240404.066638","607818385.045604","1060612193.19826","961904488.10428","1006110336.15298","1023609897.37298","1551693219.01965","1885836288.06526","1981852465.71258","1859208223.65828","2164352548.32365","2568187135.51518","2777666372.8504","3104077791.80368","3374316753.89214","3582931466.99405","3568992544.90479","2563125498.47518","2379294306.06566","2660176337.11009","2914483928.51617","","","","",
"Ghana","GHA","Adjusted savings: education expenditure (current US$)","NY.ADJ.AEDU.CD","","","","","","","","","","","82181608.6957799","90160051.2040098","83411184.2722344","102511068.397887","100630434.782609","117086170.212766","126266101.694915","146188000","115342980.342408","84128632.4786326","115085062.240664","71562088.8626692","72458823.5294117","65870993.5188935","61102968.0365297","110624228.780371","184842168.115211","157976380.952381","152000045.293383","159150927.806783","161749434.059544","184417091.90575","179655692.939506","166731778.823328","151909484.822684","180347994.03033","193429171.927326","192467068.391878","208747875.025356","280720082.36598","221623710.453049","283772111.05682","357182648.178537","476671219.043236","594798438.465814","679266078.656653","881582611.211889","1083771458.8784","1430958656.67585","1237997465.23132","1481834228.72727","3110127133.28949","3130078988.58567","3566639874.18996","2203629880.53","2033900265.77856","2290275010.1867","2437556104.40313","2727802143.89389","2781155593.74813","3003950941.0394","3210252833.92472","","","","",
"Ghana","GHA","Services, value added (constant 2015 US$)","NV.SRV.TOTL.KD","","","","","","","","","","","","","","","","","","","","","","","","","","","","","","","","","","","","","","","","","","","","","","","9753782025.25646","10503492597.47","11342596607.8055","11972159010.3169","13148231938.1104","14380743959.3484","16118097258.351","18506040157.8237","19469570433.6934","20029453135.6066","20581931098.552","21291369469.8599","21889678187.7234","23558251637.8389","23718547068.7234","25940175197.1012","27566347297.7695","29141455454.687","30953011142.9271","33466031538.9984",
"Ghana","GHA","Textiles and clothing (% of value added in manufacturing)","NV.MNF.TXTL.ZS.UN","","","","4.62695199537305","4.51227604512276","5.70939194975735","7.55432907899276","16.1103784112813","19.9201111497048","14.4731182795699","16.1545081759733","15.5775142731664","14.2305263548902","14.9071237338191","16.7348207666738","13.7481102872363","15.4174545538915","12.6750244220124","15.3132775390183","12.7756222201192","10.79081567499","10.2501881601827","7.44231923835663","5.71492862414718","5.51064482472802","5.64338920756477","5.50630060488625","7.86872927749548","","","","","","5.12871813876504","5.12871798771413","5.1287188420749","5.12871795028485","5.12871814189649","5.12871807444684","4.3121953513135","4.31219552083448","4.31219546639965","4.31219557873992","6.44457530677348","6.44457534945017","6.44457530354865","6.44457532382673","6.44457529951728","6.38309975030015","6.39394771982477","6.393947712694","6.39394771715011","6.39394771859741","6.39394771628538","6.39394771815383","6.39394771577948","","","","","","","","","","",
"Ghana","GHA","Food, beverages and tobacco (% of value added in manufacturing)","NV.MNF.FBTO.ZS.UN","","","","42.8571428571429","40.6436629064366","41.8212960319726","42.1639645854892","37.1512630617835","40.8301493574158","37.663082437276","33.8885232622893","34.9319279754062","38.9695776531332","40.1341392729983","36.4636391898032","33.6332877402635","36.066866973701","37.0319114295018","35.489708210812","34.4468628749882","37.1361558304459","41.4198956684228","46.6826771878663","53.3041709420173","63.7642624654014","45.7635293464853","39.5331514710252","38.9066186350294","","","","","","35.5714604374904","","","","","","","","","","32.4887552823876","","","","","","","","","","34.5831811024737","34.5831811028475","34.5831811029453","","","","","","","","","","",
"Ghana","GHA","Industry (including construction), value added (annual % growth)","NV.IND.TOTL.KD.ZG","","","","","","","","","","","","","","","","","","","","","","","","","","","","","","","","","","","","","","","","","","","","","","","","6.08452481045954","15.0700626638991","4.4868282801532","6.94739665261793","41.6397703726642","11.043570404346","4.98557141253939","1.13094972038969","1.15130193146381","4.32268740848467","15.6144203810797","10.5029940796845","6.36581198422543","-2.49614161540688","-0.478522570675352","0.593509780707649","-1.74556258513303","7.19542285174926","2.30462214766524",
"Ghana","GHA","Manufacturing, value added (% of GDP)","NV.IND.MANF.ZS","","","","","","9.75443383356071","10.2108036890646","11.9015957446809","12.5882352941176","12.3938030984508","11.4209827357238","11","10.8703374777975","11.6823764638675","10.7725321888412","13.9504069657392","13.1474103585657","10.7856311027502","8.63909272848566","8.670540712919","7.80827032577243","5.97306749648886","3.60551063608287","3.85844227822515","6.39633945764541","11.5324969100534","11.1499375235875","9.88203753351206","9.56339255476619","10.0066045071528","9.76285290799468","9.27189747269755","9.33106185612987","9.382505617107","9.10662824207493","9.32698633848059","8.63414677167577","9.0516813808154","8.98762719703978","9.02438313297505","9.01684927723046","9.00298654871069","9.02726044779174","8.97552363519288","8.74199863283443","8.65538839902612","9.54101659905651","8.59640481520955","7.54411818600718","6.77209063372257","6.38865862680317","6.42376585885943","5.66058649920669","11.5885474629749","11.0199488260173","11.0982995618487","10.8204245904679","10.1522230921101","10.1201333350505","10.1612187308728","10.9530558483938","10.8854255442819","11.4844320300242","11.1414262606686","10.5715045941892","10.106538477089",
"Ghana","GHA","Manufacturing, value added (current LCU)","NV.IND.MANF.CN","","","","","","14300","15500","17900","21400","24800","25800","27500","30600","40900","50200","73700","85800","120400","181300","244700","334600","433800","311700","710100","1730600","3956200","5702000","7372000","10053000","14181500","18752400","22507800","26153800","36330000","47400000","72300000","97900000","127750000","155450000","185720000","244830000","342750000","441090000","593800000","698380000","841830000","1823483300","1990450100","2276709100","2478422100","2941472600","3842460400","4263291400","14425143300","17486895000","20368225300","23761067600","26679835800","31229455900","36229242700","42929487400","50257458500","70553029379.2416","98907802612.9425","125039679991.169","144939358569.351",
"Ghana","GHA","CPIA gender equality rating (1=low to 6=high)","IQ.CPA.GNDR.XQ","","","","","","","","","","","","","","","","","","","","","","","","","","","","","","","","","","","","","","","","","","","","","","4","4","4","4","4","4","4","4","4","4","4","4","4","4","4","4","4","4","4","4","4",
"Ghana","GHA","CPIA policy and institutions for environmental sustainability rating (1=low to 6=high)","IQ.CPA.ENVR.XQ","","","","","","","","","","","","","","","","","","","","","","","","","","","","","","","","","","","","","","","","","","","","","","3.5","3.5","3.5","3.5","3.5","3.5","3.5","4","4","4","4","4","4","4","4","4","4","4","4","4","3.5",
"Ghana","GHA","Trademark applications, resident, by count","IP.TMK.RSCT","","","","","","","","","","","","","","","","","","","","","","","","","","","","","","","","","","","","","","","","","","","","","","","","","","","","","","","","883","900","928","833","","858","","","","","",
"Ghana","GHA","Scientific and technical journal articles","IP.JRN.ARTC.SC","","","","","","","","","","","","","","","","","","","","","","","","","","","","","","","","","","","","","124.99","135.69","130.02","129.11","139.15","117.26","148.88","148.08","172.65","184.64","182.81","232.72","249.61","305.48","349.37","402.97","500.03","567.46","603.04","763.54","989.06","1095.75","1323.87","1653.2","2090.23","2561.95","2973.03","3269.86","","",
"Ghana","GHA","Public private partnerships investment in transport (current US$)","IE.PPN.TRAN.CD","","","","","","","","","","","","","","","","","","","","","","","","","","","","","","","","","","","","","","","","","10000000","","","","","","","","","","","","","","","","1500000000","550000000","","","","","","137000000","","",
"Ghana","GHA","Investment in transport with private participation (current US$)","IE.PPI.TRAN.CD","","","","","","","","","","","","","","","","","","","","","","","","","","","","","","","","","","","","","","","","","10000000","","","","","","","","","","","","","","","","1500000000","550000000","","","","","","137000000","","",
"Ghana","GHA","Firms expected to give gifts in meetings with tax officials (% of firms)","IC.TAX.GIFT.ZS","","","","","","","","","","","","","","","","","","","","","","","","","","","","","","","","","","","","","","","","","","","","","","","","18.07731438","","","","","","11.41147327","","","","","","","","","","11.22754669","","",
"Ghana","GHA","Firms filling taxes electronically (% of firms)","IC.FRM.TAXE.ZS","","","","","","","","","","","","","","","","","","","","","","","","","","","","","","","","","","","","","","","","","","","","","","","","","","","","","","","","","","","","","","","","72.56297302","","",
"Ghana","GHA","Firms where largest owner is also the top manager (% of firms)","IC.FRM.LOTM.ZS","","","","","","","","","","","","","","","","","","","","","","","","","","","","","","","","","","","","","","","","","","","","","","","","","","","","","","","","","","","","","","","","83.22549438","","",
"Ghana","GHA","Firms with female top manager (% of firms)","IC.FRM.FEMM.ZS","","","","","","","","","","","","","","","","","","","","","","","","","","","","","","","","","","","","","","","","","","","","","","","","","","","","","","14.8912735","","","","","","","","","","19.82195854","","",
"Ghana","GHA","Firms that are partially credit constrained (% of firms)","IC.FRM.CRDC.PT.ZS","","","","","","","","","","","","","","","","","","","","","","","","","","","","","","","","","","","","","","","","","","","","","","","","","","","","","","","","","","","","","","","","27.48524284","","",
"Ghana","GHA","Firms competing against unregistered firms (% of firms)","IC.FRM.CMPU.ZS","","","","","","","","","","","","","","","","","","","","","","","","","","","","","","","","","","","","","","","","","","","","","","","","69.13469696","","","","","","69.36128235","","","","","","","","","","55.68752289","","",
"Ghana","GHA","Firms with a bank loan/line of credit (% of firms)","IC.FRM.BNKL.ZS","","","","","","","","","","","","","","","","","","","","","","","","","","","","","","","","","","","","","","","","","","","","","","","","22.17944527","","","","","","23.33355141","","","","","","","","","","21.87861633","","",
"Ghana","GHA","Average time to clear imports through customs (days)","IC.CUS.DURS.IM","","","","","","","","","","","","","","","","","","","","","","","","","","","","","","","","","","","","","","","","","","","","","","","","6.767383575","","","","","","14.78632355","","","","","","","","","","19.84128952","","",
"Ghana","GHA","B-READY: Utility Services Pillar 3: Operational Efficiency of Utility Service Provision","IC.BRE.US.P3","","","","","","","","","","","","","","","","","","","","","","","","","","","","","","","","","","","","","","","","","","","","","","","","","","","","","","","","","","","","","","","","","59.9166679382324","",
"Ghana","GHA","B-READY: Taxation Pillar 3: Operational Efficiency of Tax Systems in Practice","IC.BRE.TX.P3","","","","","","","","","","","","","","","","","","","","","","","","","","","","","","","","","","","","","","","","","","","","","","","","","","","","","","","","","","","","","","","","","58.8999977111816","",
"Ghana","GHA","B-READY: Pillar 3: Operational Efficiency","IC.BRE.P3.OE","","","","","","","","","","","","","","","","","","","","","","","","","","","","","","","","","","","","","","","","","","","","","","","","","","","","","","","","","","","","","","","","","54.4249990046024","",
"Ghana","GHA","B-READY: Market Competition Pillar 2: Public Services that Promote Market Competition","IC.BRE.MC.P2","","","","","","","","","","","","","","","","","","","","","","","","","","","","","","","","","","","","","","","","","","","","","","","","","","","","","","","","","","","","","","","","","19.6781301498413","",
"Ghana","GHA","B-READY: Labor Pillar 2: Adequacy of Public Services for Labor","IC.BRE.LB.P2","","","","","","","","","","","","","","","","","","","","","","","","","","","","","","","","","","","","","","","","","","","","","","","","","","","","","","","","","","","","","","","","","54.1666666666666","",
"Ghana","GHA","B-READY: International Trade Pillar 2: Quality of Public Services for the Facilitation of International Trade","IC.BRE.IT.P2","","","","","","","","","","","","","","","","","","","","","","","","","","","","","","","","","","","","","","","","","","","","","","","","","","","","","","","","","","","","","","","","","52.9960318298809","",
"Ghana","GHA","B-READY: Financial Services Pillar 2: Accessibility of Information in Credit Infrastructure","IC.BRE.FS.P2","","","","","","","","","","","","","","","","","","","","","","","","","","","","","","","","","","","","","","","","","","","","","","","","","","","","","","","","","","","","","","","","","44.4444431066513","",
"Ghana","GHA","B-READY: Dispute Resolution Pillar 2: Public Services for Dispute Resolution","IC.BRE.DR.P2","","","","","","","","","","","","","","","","","","","","","","","","","","","","","","","","","","","","","","","","","","","","","","","","","","","","","","","","","","","","","","","","","43.0824508666992","",
"Ghana","GHA","B-READY: Business Location Pillar 2: Quality of Public Services and Transparency of Information for Business Location","IC.BRE.BL.P2","","","","","","","","","","","","","","","","","","","","","","","","","","","","","","","","","","","","","","","","","","","","","","","","","","","","","","","","","","","","","","","","","33.861111536622","",
"Ghana","GHA","B-READY: Business Insolvency Pillar 2: Quality of Institutional and Operational Infrastructure for Judicial Insolvency Proceedings","IC.BRE.BI.P2","","","","","","","","","","","","","","","","","","","","","","","","","","","","","","","","","","","","","","","","","","","","","","","","","","","","","","","","","","","","","","","","","57.5","",
"Ghana","GHA","B-READY: Business Entry Pillar 2: Digital Public Services and Transparency of Information for Business Entry","IC.BRE.BE.P2","","","","","","","","","","","","","","","","","","","","","","","","","","","","","","","","","","","","","","","","","","","","","","","","","","","","","","","","","","","","","","","","","38.8333332538605","",
"Ghana","GHA","Human capital index plus (HCI+): overall score, male (scale 0–325)","HD_HCIP_OVRL_MA","","","","","","","","","","","","","","","","","","","","","","","","","","","","","","","","","","","","","","","","","","","","","","","","","","","138.755688249226","","","","","155.217855822029","","","","","164.818886279706","","","","","158.735944252644",
"Ghana","GHA","Human capital index plus (HCI+): on-the-job learning pillar score, female (scale -30–87)","HD_HCIP_OTJL_FE","","","","","","","","","","","","","","","","","","","","","","","","","","","","","","","","","","","","","","","","","","","","","","","","","","","31.6342958437182","","","","","35.7659720570677","","","","","32.2056870826555","","","","","27.3244937836331",
"Ghana","GHA","Human capital index plus (HCI+): education pillar score, total (scale 0–188)","HD_HCIP_EDUC_TO","","","","","","","","","","","","","","","","","","","","","","","","","","","","","","","","","","","","","","","","","","","","","","","","","","","59.4260592307082","","","","","69.0955782395621","","","","","80.6637900539711","","","","","80.4912084059566",
"Ghana","GHA","Voice and Accountability - Governance score (0-100)","GOV_WGI_VA_SC","","","","","","","","","","","","","","","","","","","","","","","","","","","","","","","","","","","","","50.3876933","","50.029013","","53.8576807","","54.5476288","56.3513041","59.9554394","62.0741367","66.2876491","67.2232324","65.5364248","66.3317536","66.2585477","65.7898066","66.092008","65.0416767","64.6567059","63.6349404","63.3416127","64.7557157","63.4452274","62.4518929","61.8015634","60.4693895","59.8196813","59.8335888","60.4252814","",
"Ghana","GHA","Regulatory Quality - Governance score (0-100)","GOV_WGI_RQ_SC","","","","","","","","","","","","","","","","","","","","","","","","","","","","","","","","","","","","","44.7361677","","50.0979681","","52.9292125","","43.1918349","43.8778428","47.0763122","50.1389943","53.5144616","53.8373436","54.4073968","54.9501498","54.7472646","54.451765","54.6026407","54.3124513","52.6822289","52.8728818","51.0591652","52.283734","52.2002528","51.8104794","52.3373789","51.8964447","52.305874","52.3487328","53.4456524","",
"Ghana","GHA","Rule of Law - Governance score (0-100)","GOV_WGI_RL_SC","","","","","","","","","","","","","","","","","","","","","","","","","","","","","","","","","","","","","51.9912749","","48.4058173","","54.1885585","","55.804752","54.183996","53.7090236","56.0792627","60.6156083","60.4000494","58.6258358","57.6571228","57.296118","60.0144866","59.8168199","60.4374775","59.4348989","60.4271752","60.4758591","61.7841927","60.4056893","58.9906253","58.8751793","57.6793315","57.0014518","56.9132228","57.8935634","",
"Ghana","GHA","Carbon dioxide (CO2) emissions from Transport (Energy) (Mt CO2e)","EN.GHG.CO2.TR.MT.CE.AR5","","","","","","","","","","","1.0417","1.0417","1.0459","1.1048","1.1384","1.2271","1.2773","1.363","1.3658","1.1519","1.265","1.4839","1.3481","1.0005","0.9896","1.2669","1.3578","1.383","1.4543","1.638","1.6157","1.4997","1.7895","1.8021","1.8777","2.0456","2.232","2.3294","2.7806","3.0944","2.8824","2.8811","3.336","3.0963","3.5885","3.5454","3.5895","3.7771","4.09","4.9738","5.0645","5.6383","6.7331","7.1216","7.1667","7.7763","7.1861","7.1562","8.3703","8.8898","9.7357","10.569","9.9162","9.4855","9.8601","",
"Ghana","GHA","Carbon dioxide (CO2) emissions excluding LULUCF per capita (t CO2e/capita)","EN.GHG.CO2.PC.CE.AR5","","","","","","","","","","","0.26267635228298","0.25983341368557","0.264489355847686","0.262573398416016","0.271845782465577","0.281135944251911","0.279369920262677","0.279988647226493","0.264151949824198","0.227208938666952","0.223013155523518","0.258465595024537","0.216184682808256","0.132534285159076","0.149649342325208","0.171375503624161","0.181794525641814","0.189437997109407","0.194212195099288","0.211337343911729","0.20338886605267","0.1838796982118","0.211759697569116","0.213134570086089","0.22148284106751","0.232444166242265","0.246521919120305","0.253161392224271","0.335514122511322","0.357323686476311","0.306420193585739","0.322486128251954","0.370502978669703","0.338470199967554","0.307147817356431","0.316524627476198","0.375018955585641","0.385855356837638","0.356759557320251","0.398915417913382","0.436820497903925","0.459557752784739","0.541462365829504","0.562243171221352","0.529042716262329","0.543997874552012","0.546382156439567","0.578922122819532","0.621997458350585","0.648665525979844","0.71957907173867","0.753155149511826","0.717599050497581","0.687364126711107","0.702085843566409","",
"Ghana","GHA","Carbon dioxide (CO2) net fluxes from LULUCF - Total excluding non-tropical fires (Mt CO2e)","EN.GHG.CO2.LU.MT.CE.AR5","","","","","","","","","","","","","","","","","","","","","","","","","","","","","","","","","","","","","","","","","5.3846","5.9334","6.1468","5.7867","5.2366","5.3247","5.4977","5.5294","5.5802","5.3201","5.5945","5.4791","5.5879","5.9197","5.8234","6.1709","5.5112","5.1878","5.2892","7.0206","6.4459","6.2199","6.7975","6.7975","","",
"Ghana","GHA","Carbon dioxide (CO2) emissions from Industrial Combustion (Energy) (Mt CO2e)","EN.GHG.CO2.IC.MT.CE.AR5","","","","","","","","","","","0.4082","0.4082","0.4302","0.4332","0.4261","0.4668","0.4574","0.464","0.4237","0.373","0.3734","0.481","0.2688","0.1524","0.3238","0.1848","0.2471","0.2814","0.2782","0.3033","0.2969","0.2934","0.3441","0.3532","0.4068","0.451","0.4951","0.5111","0.585","0.6641","0.6709","0.6454","0.8191","0.8126","0.8914","0.929","1.0102","1.0257","1.1202","1.2961","1.2444","1.4135","1.62","1.6775","1.6277","1.7591","1.6521","1.0907","1.2921","1.3621","1.7068","1.9617","2.0133","1.9399","2.0367","",
"Ghana","GHA","Methane (CH4) emissions (total) excluding LULUCF (% change from 1990)","EN.GHG.CH4.ZG.AR5","","","","","","","","","","","","","","","","","","","","","","","","","","","","","","","","7.45857375351384","8.36477289539872","11.6862701583075","14.8635153129161","17.9279479212901","22.4108595946146","25.4752922029886","28.7024707797012","31.5357301375943","34.9478473146915","37.4500665778962","40.0854416333777","41.8127681609706","48.1080781180648","50.0536321941116","55.8736499482172","57.4548749815061","94.6367805888445","90.6569019085664","92.0032549193668","128.643290427578","134.213641071164","153.56746560142","165.335108743897","171.291981062287","171.680352123095","212.843985796716","214.815431276816","229.653055185678","228.682127533659","213.920328450954","228.343689894955","234.082334664891","234.971889332742","",
"Ghana","GHA","Methane (CH4) emissions (total) excluding LULUCF (Mt CO2e)","EN.GHG.CH4.MT.CE.AR5","","","","","","","","","","","3.2376","3.2955","3.4714","3.4865","3.836","3.8209","3.8502","3.9429","4.0027","4.1877","4.1047","4.2468","4.2915","4.3824","4.6257","4.8225","4.8944","5.1248","5.2376","5.4205","5.4072","5.8105","5.8595","6.0391","6.2109","6.3766","6.619","6.7847","6.9592","7.1124","7.2969","7.4322","7.5747","7.6681","8.0085","8.1137","8.4284","8.5139","10.5244","10.3092","10.382","12.3632","12.6644","13.7109","14.3472","14.6693","14.6903","16.9161","17.0227","17.825","17.7725","16.9743","17.7542","18.0645","18.1126","",
"Ghana","GHA","Methane (CH4) emissions from Building (Energy) (Mt CO2e)","EN.GHG.CH4.BU.MT.CE.AR5","","","","","","","","","","","0.5441","0.5441","0.5711","0.5998","0.6017","0.6195","0.6367","0.6533","0.6717","0.6886","0.706","0.7255","0.7441","0.7629","0.7773","0.8025","0.8281","0.8545","0.8821","0.9109","0.936","0.9699","1.0019","1.035","1.0691","1.0992","1.1257","1.1518","1.1824","1.2084","0.8654","0.8015","0.7582","0.7131","0.6754","0.6405","0.6098","0.5884","0.6221","0.6158","0.6078","0.6349","0.6164","0.629","0.6817","0.6802","0.6791","0.8045","0.8056","0.8068","0.803","0.7055","0.7716","0.7907","0.7908","",
"Ghana","GHA","Total greenhouse gas emissions including LULUCF (Mt CO2e)","EN.GHG.ALL.LU.MT.CE.AR5","","","","","","","","","","","","","","","","","","","","","","","","","","","","","","","","","","","","","","","","","20.9252","22.0888","23.6887","22.9973","22.3564","23.2013","25.3174","25.9029","27.6175","28.4734","30.0932","33.0013","35.9517","38.3902","38.489","40.1309","40.1419","43.6199","45.7467","49.7153","52.1459","52.7496","53.7154","53.62","","",
"Ghana","GHA","Bird species, threatened","EN.BIR.THRD.NO","","","","","","","","","","","","","","","","","","","","","","","","","","","","","","","","","","","","","","","","","","","","","","","","","","","","","","","","","","","23","","","","25","","","",
"Ghana","GHA","PM2.5 pollution, population exposed to levels exceeding WHO Interim Target-1 value (% of total)","EN.ATM.PM25.MC.T1.ZS","","","","","","","","","","","","","","","","","","","","","","","","","","","","","","","42.9506593310291","","","","","39.1941665396791","","","","","36.3957950944398","","","","","7.45452968068004","","","","","1.99807475576025","0.38057954242825","6.32397250238652","0","0.020412666169034","33.9967589054326","44.4347287480064","45.0632690169155","","","","","","","","",
"Ghana","GHA","Combustible renewables and waste (% of total energy)","EG.USE.CRNW.ZS","","","","","","","","","","","","","","","","","","","","","","","","","","","","","","","73.7069685357455","75.1107912413853","75.2579490419036","74.597368981636","74.4720710420297","73.0700106652692","72.4074510560187","70.7734356073143","68.7535726396357","67.6164845034356","61.4766540050293","58.6287879647384","56.1815182144008","56.6756265254359","55.3991179668773","53.9781521549256","49.076188891578","49.288861063847","45.8333035975536","45.8091068301226","42.5095625300808","42.6574525843566","38.7957010301428","40.0880570592498","40.26346130909","38.7217660712277","37.3967280468017","48.0790504515614","43.2268172619037","41.5563312953427","38.5359139752105","34.3950525702843","33.9788644683535","32.3949026543252","","",
"Ghana","GHA","Energy imports, net (% of energy use)","EG.IMP.CONS.ZS","","","","","","","","","","","","","","","","","","","","","","","","","","","","","","","18.250712019246","16.2967809473959","16.2408928195409","15.2941507469826","18.5407645747792","17.8187494695043","20.0307841750769","21.7245768061446","28.0469569991442","28.591495458091","31.9734030100965","34.2099590428972","38.8619983309308","39.7283328281781","38.7387168883876","40.3222333713849","45.6424248362564","48.117386913142","47.4672851702316","47.8609316332505","49.2739443220103","7.61456684008141","7.75466134226041","-6.85217569377266","-7.6917979776561","-6.41022724687796","5.7147819614168","-37.0331149423012","-33.6512710092446","-43.1680481770753","-35.645638723023","-25.7331290522235","-22.3656522253718","","","",
"Ghana","GHA","Electricity production from renewable sources, excluding hydroelectric (% of total)","EG.ELC.RNWX.ZS","","","","","","","","","","","","","","","","","","","","","","","","","","","","","","","0","0","0","0","0","0","0","0","0","0","0.200747611795653","0.171777579844764","0.185618039323525","0.212512750765046","0.206987911905945","0.198880377136123","0.113879003558719","0.137575236457438","0.201826045170591","0.176378655949989","0.145568997737779","0.140656992789104","0.130686517783292","0.147343931756495","0.231036077705828","0.295069204152249","0.519695044472681","0.464036958066809","0.435192023633678","0.531416634599527","0.508451891141625","0.768976149451347","","","","",
"Ghana","GHA","Electricity production from nuclear sources (% of total)","EG.ELC.NUCL.ZS","","","","","","","","","","","","","","","","","","","","","","","","","","","","","","","0","0","0","0","0","0","0","0","0","0","0","0","0","0","0","0","0","0","0","0","0","0","0","0","0","0","0","0","0","0","0","0","","","","",
"Ghana","GHA","Electricity production from oil, gas and coal sources (% of total)","EG.ELC.FOSL.ZS","","","","","","","","","","","","","","","","","","","","","","","","","","","","","","","0","0","0","0.34848724853477","0.458265139116203","0.310660562459124","0.0301795684321714","0.508277664827186","22.4696356275304","16.4133247089263","12.2109926623287","22.3947067056877","49.4981438196068","45.2907174430466","16.2278522934261","21.9063052445492","49.8932384341637","66.8959587274291","38.3469485824123","23.2306318374637","31.1891413396282","32.6893973114929","33.2423490488007","36.1302830554478","35.3145235892692","49.4117647058824","52.6641253706057","59.8862828713575","62.7646479566716","59.8482766203067","63.5651613542854","65.3441552552825","63.9357707083351","","","",
"Ghana","GHA","Access to electricity, rural (% of rural population)","EG.ELC.ACCS.RU.ZS","","","","","","","","","","","","","","","","","","","","","","","","","","","","","","","","","","2.88737399274898","1.58188327755997","3.69449260642638","5.84076189699466","8.02875403552628","13.2811809712728","12.5339851120814","14.9","17.4","19.8","24","24.7","7.9","31.4","32.4","36.8","37.9","55.4","42","23.6","50.8","64","57","66.6","65.3","68.3","70","73.1","74","71.6","77.8","82.6","",
"Ghana","GHA","Access to clean fuels and technologies for cooking, rural (% of rural population)","EG.CFT.ACCS.RU.ZS","","","","","","","","","","","","","","","","","","","","","","","","","","","","","","","","","","","","","","","","","1.2","1.3","1.5","1.7","1.9","2.2","2.5","2.8","3.1","3.4","3.8","4.3","4.9","5.3","6","6.6","7.4","8","8.8","9.8","10.7","11.7","12.8","14.1","","",
"Ghana","GHA","Public and publicly guaranteed debt service (% of GNI)","DT.TDS.DPPG.GN.ZS","","","","","","","","","","","1.20859992887815","1.19908601754741","0.689956582748247","0.777504584004072","0.94748812330957","1.96671324052662","1.89189723871565","1.19303788860919","1.85842117065145","1.84378524219322","2.43342307409421","1.6450748791227","1.76907520652703","2.75250359456573","2.03801847932414","2.15265987001896","2.14557638418601","3.16541673093989","4.01868074193475","4.03193269548718","3.33007279399828","2.57778208113263","3.28302212914779","3.38358423549846","4.55199452490057","4.00904938194147","4.51214549876876","5.03458329442149","5.24236065019665","5.1665266192404","7.74110949198677","3.94176697683984","2.97458139920982","2.99475099396891","2.64777573657588","2.61241946724905","1.25961020144842","0.811361063764855","0.710068499903132","0.850889182453505","0.844181006383416","0.800686621891349","1.07810382128988","0.916921960497504","1.38265909638224","1.94991209409825","2.78310213247873","3.11358649392041","3.7480182032794","3.39655754110797","3.68254802784412","3.97634962622498","2.84011451589263","0.675820565960347","1.08425783366113","",
"Ghana","GHA","Total debt service (% of GNI)","DT.TDS.DECT.GN.ZS","","","","","","","","","","","2.35558727221894","2.38700649398745","1.56152388026148","1.08395767112948","1.14283382307194","2.08303751413852","1.89189723871565","1.19303788860919","2.02361998518483","2.58577300237528","3.59327477683618","2.81611783663886","2.75853650589381","3.61178389473569","3.04433777535637","3.60221930626849","4.06362581302983","8.40661107434987","10.7697536870432","8.84069310612903","6.3711174251588","4.65073915653122","5.05631995621259","5.2623862989427","6.9144033616189","6.41048582295311","7.10739301169121","8.27265402057084","7.94400356050411","6.96510116446105","9.66938154278763","5.99769222276817","3.67908559629161","6.72483660330599","3.19298076303827","3.31735100275761","1.60122077082106","1.20058218038847","1.09588757218972","1.37119873017275","1.47731027160117","1.36261088653891","2.44713587579023","1.41167356407546","4.96111145556851","2.59522702070256","8.5491622317565","11.0738658139804","6.87062969867683","14.3204503817984","4.36184812762898","4.40529611024367","8.51314654696538","5.04497765700373","3.49940192592691","",
"Ghana","GHA","Net ODA received per capita (current US$)","DT.ODA.ODAT.PC.ZS","0.422340073854989","0.414650021927619","0.764578631120039","2.39663149241366","2.62742789397542","5.86354325215583","7.70200469188315","5.47394523845898","7.33860187872211","8.20101906245863","6.62124542314757","6.19424203058978","6.20458159742872","4.21015069620129","3.63181002581807","12.0658910812143","5.80844797078818","8.26347728716233","9.97292963076477","14.5051567134381","15.9787990165509","11.7345200015428","10.9721592603895","8.31860043285641","15.9394607954614","14.2249282133441","25.6981330746821","28.6245991711779","39.3254775884257","47.6803455401807","36.3580882591875","55.6535377670286","37.9502918440187","37.8106206554648","32.2317334592931","37.3509604086937","36.567288088271","27.0943877867862","37.6647916049238","31.8585029395068","30.5874945704619","31.9754484014881","33.2557967680052","46.2529600016176","64.8889541530909","51.3436128737944","53.6549909471751","49.1881274894755","54.1102556008657","63.7374817819201","53.7417159959819","69.1266434789015","67.3022720329975","48.4976593776882","40.0521822414719","61.6977145274203","44.9182904249368","42.1063005149959","34.8467212662365","29.1571813921483","69.1563163904779","38.1239434673518","31.6694947288923","46.5248761916761","","",
"Ghana","GHA","Net ODA received (% of gross capital formation)","DT.ODA.ODAT.GI.ZS","0.990053293902581","1.13386654633714","2.36986311759961","6.24156637108462","5.98978438063304","12.5943499443956","22.7684271750256","25.146815452426","33.56336384241","30.7986464533585","18.8353799992704","16.6541784632309","39.0207187202195","15.0705329945244","9.61763149813601","34.7492259343466","","","","","","","","","70.2381925216918","45.0812456273322","66.833221035887","77.244968248169","98.0330015506178","103.14411239624","65.8012268082466","83.797250788023","74.7898347125887","47.3150977831463","41.9763449560194","50.2116691974758","44.3102923051452","28.9073795505274","40.7088693912402","37.6400114273295","50.2293064910471","45.6136005479301","56.7505606592858","56.2648495662528","56.3026994051803","36.989023837707","26.3480556635701","30.4463191350296","27.7426649717204","37.0229666644887","32.4581430019252","35.7979183352687","25.6934315024733","8.53146770496311","7.56138269859694","12.9243931793609","9.22660762953658","10.6946321435985","7.31168105701741","7.15071123318931","17.2850873400267","9.15168139503137","8.65577034781078","19.2909857390676","","",
"Ghana","GHA","Net official development assistance and official aid received (constant 2023 US$)","DT.ODA.ALLD.KD","24837129.5928955","24684471.1303711","43538963.3178711","144822067.260742","167187286.376953","355084259.033203","440088409.423828","351801666.259766","474690460.205078","501891906.738281","413454681.396484","374680908.203125","339037017.822266","213761703.491211","161923889.160156","507138885.498047","249112380.981445","329966827.392578","360476104.736328","486429077.148438","488929382.324219","392494659.423828","395957611.083984","302533935.546875","608926635.742188","535340270.996094","802990600.585938","787905151.367188","999613586.425781","1233390991.21094","873606506.347656","1320553222.65625","886947814.941406","923669738.769531","731878417.96875","811093872.070313","847925415.039063","699566040.039063","969731750.488281","845776977.539063","877753295.898438","1056450683.59375","1078655273.4375","1353644775.39063","1720289550.78125","1399910400.39063","1460848022.46094","1262205200.19531","1363488769.53125","1730582153.32031","1503163696.28906","1916333618.16406","1890703857.42188","1371714477.53906","1167875244.14063","2050988037.10938","1541180053.71094","1442007446.28906","1171000732.42188","1017982666.01563","2386660400.39063","1275351318.35938","1091946166.99219","1571978515.625","","",
"Ghana","GHA","Net official flows from UN agencies, WFP (current US$)","DT.NFL.WFPG.CD","","","","","","","","","","629999.995231628","379999.995231628","620000.004768372","-90000.0035762787","200000.002980232","980000.019073486","930000.007152557","1610000.01430511","1820000.05245209","4250000","4179999.82833862","2490000.00953674","2700000.04768372","4889999.8664856","9899999.61853027","14199999.8092651","10489999.7711182","17040000.9155273","14319999.6948242","12109999.6566772","17409999.8474121","10359999.6566772","14069999.6948242","6320000.17166138","15010000.2288818","9260000.22888184","9600000.38146973","109999.999403954","1870000.00476837","1470000.02861023","1269999.98092651","1539999.96185303","629999.995231628","1039999.96185303","1059999.94277954","750000","3329999.92370605","2430000.0667572","2789999.96185303","4349999.90463257","4679999.82833862","790000.021457672","59999.9986588955","2450773.00071716","450316.995382309","145669.996738434","100965.00068903","236355.006694794","50730.0011813641","","","495016.008615494","401389.986276627","2507534.02709961","1637254.9533844","","",
"Ghana","GHA","Net official flows from UN agencies, UNRWA (current US$)","DT.NFL.UNRW.CD","","","","","","","","","","","","","","","","","","","","","","","","","","","","","","","","","","","","","","","","","","","","","","","","","","","","","","","","","","","","","","","","","","",
"Ghana","GHA","Net bilateral aid flows from DAC donors, Luxembourg (current US$)","DC.DAC.LUXL.CD","","","","","","","","","","","","","","","","","","","","","","","","","","","","","","","","","","","","","280000.001192093","","","419999.986886978","","","209999.993443489","50000.0007450581","50000.0007450581","50000.0007450581","50000.0007450581","59999.9986588955","59999.9986588955","189999.997615814","219999.998807907","170000.001788139","158466.994762421","164551.004767418","249666.005373001","145680.993795395","246432.0063591","2566.99998863041","3085.99998243153","62898.0025649071","64511.0011100769","75398.9964723587","40931.0013055801","11129.0002241731","","",
"Ghana","GHA","Net bilateral aid flows from DAC donors, Italy (current US$)","DC.DAC.ITAL.CD","9999.99977648258","","","","19999.9995529652","5039999.96185303","","6599999.90463257","3529999.97138977","19999.9995529652","90000.0035762787","-50000.0007450581","119999.997317791","319999.992847443","370000.004768372","12680000.3051758","300000.011920929","310000.002384186","610000.014305115","529999.971389771","500000","259999.990463257","-1279999.97138977","1879999.99523163","810000.002384186","589999.973773956","4800000.19073486","10380000.1144409","8500000","14449999.8092651","10539999.961853","12359999.6566772","17030000.6866455","4190000.05722046","5699999.80926514","1649999.97615814","1080000.04291534","189999.997615814","-509999.990463257","-1580000.04291534","-3900000.09536743","-1820000.05245209","1730000.01907349","430000.007152557","2740000.00953674","3519999.98092651","-22000000","11079999.9237061","3450000.04768372","1139999.98569489","1190000.05722046","16250000","689999.997615814","14560000.4196167","1399999.97615814","2464920.04394531","1328039.05010223","1750519.99092102","1717174.05319214","2171114.92156982","964237.987995148","1167883.03852081","2013824.93972778","1589930.05752563","","",
"Ghana","GHA","Net bilateral aid flows from DAC donors, Greece (current US$)","DC.DAC.GRCL.CD","","","","","","","","","","","","","","","","","","","","","","","","","","","","","","","","","","","","","","","29999.9993294477","","","","39999.9991059303","","29999.9993294477","370000.004768372","9999.99977648258","159999.996423721","140000.000596046","119999.997317791","59999.9986588955","79999.9982118607","79999.9982118607","","","","","9806.99993669987","15115.9996166825","7085.00016480684","","1040873.0506897","","27032.9993218184","","",
"Ghana","GHA","Net bilateral aid flows from DAC donors, Estonia (current US$)","DC.DAC.ESTL.CD","","","","","","","","","","","","","","","","","","","","","","","","","","","","","","","","","","","","","","","","","","","","","","","","","","","","","","55762.0003819466","2653.99995259941","19966.9990688562","3317.00011156499","13527.000322938","10622.0003217459","16791.9993400574","111680.999398232","816579.99753952","8413.00003230572","8651.00044757128","","",
"Ghana","GHA","Net bilateral aid flows from DAC donors, Czechia (current US$)","DC.DAC.CZEL.CD","","","","","","","","","","","","","","","","","","","","","","","","","","","","","","","","","","","","","","","","","","","","","","59999.9986588955","119999.997317791","219999.998807907","109999.999403954","180000.007152557","150000.005960464","189999.997615814","140000.000596046","158868.998289108","114935.003221035","15135.9997689724","93523.0031609535","88717.9970741272","128659.99341011","178846.001625061","90833.0008387566","755600.988864899","611141.979694366","691671.013832092","","",
"Ghana","GHA","Net bilateral aid flows from DAC donors, Belgium (current US$)","DC.DAC.BELL.CD","","","","","","","","","","","19999.9995529652","","","9999.99977648258","39999.9991059303","70000.0002980232","100000.001490116","109999.999403954","100000.001490116","170000.001788139","50000.0007450581","79999.9982118607","200000.002980232","29999.9993294477","50000.0007450581","109999.999403954","200000.002980232","200000.002980232","170000.001788139","79999.9982118607","209999.993443489","2160000.08583069","740000.009536743","540000.021457672","119999.997317791","79999.9982118607","39999.9991059303","140000.000596046","300000.011920929","379999.995231628","230000.004172325","189999.997615814","150000.005960464","189999.997615814","2680000.0667572","2900000.09536743","18450000.7629395","13140000.3433228","20110000.6103516","5119999.88555908","30069999.6948242","14289999.961853","14279999.7329712","7559999.94277954","2720000.02861023","4053207.8742981","8570101.73797607","4961996.07849121","5402050.01831055","2368585.10971069","473066.985607147","1016075.01506805","4563626.76620483","5200879.09698486","","",
"Ghana","GHA","Stocks traded, total value (% of GDP)","CM.MKT.TRAD.GD.ZS","","","","","","","","","","","","","","","","","","","","","","","","","","","","","","","","","","0.0686891092688722","1.26689567723343","0.291597830153386","0.232944169084639","0.599439026740545","0.765429973404255","0.257705578771417","0.139679080747629","0.235189069284253","0.162174491424829","0.576334249225714","0.820589693734634","0.474658433819175","0.247066828398538","0.585644716854017","1.00002150530651","0.198858139628421","0.31617208833617","0.645962183374605","0.12357135443649","0.306942133823059","","","","","","0.0129036733440595","0.0466516487192202","0.0340568079525135","0.0841867412921626","0.0352216075929933","0.094286629350809","0.0355310687816165",
"Ghana","GHA","Market capitalization of listed domestic companies (current US$)","CM.MKT.LCAP.CD","","","","","","","","","","","","","","","","","","","","","","","","","","","","","","","","","","122100000","1899400000","1668300000","1658590000","1129550000","1387010000","920000000","500000000","280000000","350000000","640000000","480000000","610000000","760000000","2401290000","2844380000","2427020000","2947690000","3098510000","","","","","","","","9963380000","9247430000","10487020000","6463660000","6209510000","7575240000","16444520000",
"Ghana","GHA","Personal transfers, receipts (BoP, current US$)","BX.TRF.PWKR.CD","","","","","","","","","","","","","","","","","","","","1272739.99999619","500000","800000","900000","400000","4500000","400000","600000","700000","6000000","6000000","6000000","6200000","7300000","10100000","15700000","17209600","27500000","26000000","29500000","30700000","32396800","45909120","43520000","65100096","82371200","99184576","105253248","117363712","126104704","114455680","135852160","2134638607.37","2155495000","1863990000","2007831480.11","4982442361.78624","2979934204.38383","3536410000","3520566623.36832","4053694728.81049","4291956800.55747","1762011452.35765","1782286949.59938","2317130151.94686","2889169482.6899","2259701850.00929",
"Ghana","GHA","Foreign direct investment, net inflows (BoP, current US$)","BX.KLT.DINV.CD.WD","","","","","","","","","","","67799999.9","30600000","11500000","14400000","14270000","70869954.9990845","-18260969.9999066","19217479.3838501","9696236.56497192","-2800000","15600000","16263751.9999695","16300000","2400000","2000000","5600000","4300000","4700000","5000000","15000000","14800000","20000000","22500000","125000000","233000000","106500000","120000000","81800000","167400000","243700000","165900000","89320000","58930000","136751000","139270000","144970000","636010000","1383177929.85458","2714916343.69978","2372540000","2527350000","3247588000","3294520000","3227000000","3363389444.44444","3192320530.7897","3485333369.27963","3254990000","2989035000","3879831469.7","1875782953.46905","2533586462.03873","1428411737.133","1319315614.67989","1765552579.5641","1908244010.61846",
"Ghana","GHA","Charges for the use of intellectual property, receipts (BoP, current US$)","BX.GSR.ROYL.CD","","","","","","","","","","","","","","","","","","","","","","","","","","","","","","","","","","","","","","","","","","","","","","","","","","","","","","","","","","","95841909.3204423","74737849.6199325","46229218.5668405","11043066.6766296","21613385.0626006","20014083.1662586","37760877.3093481","185610945.046578",
"Ghana","GHA","Exports of goods and services (BoP, current US$)","BX.GSR.GNFS.CD","","","","","","","","","","","","","","","","890961421.989269","891483163.988899","1017830751.98287","996047318.715694","1162700067.99997","1210300000","829800000","710891087.999908","477300000","609700000","670400000","804130000","905500000","957700000","889100000","983200000","1100500000","1140700000","1208300000","1385200000","1581800000","1726800000","1654760000","2531700000","2473300000","2440594058.71039","2398772637.80784","2570090115.87","3192565896.5","3406777546.23","3908685122.49545","5109521115.71528","6004003831.20595","7070629251.88412","7609410000","9437380000","14595519045.752","16812023075.6352","16205962419.184","15261460189.3534","16463379633.7344","17469860326.4514","20436840000","22514756474.4684","25592338542.4601","22077073356.3517","23869276217.0405","25392879030.8149","24461184821.3417","28434952002.8334","41306202050.1307",
"Ghana","GHA","ICT service exports (BoP, current US$)","BX.GSR.CCIS.CD","","","","","","","","","","","","","","","","","","","","","","","","","","","","","","","","","","","","","","","","","","","","","","","","","","","","","","","","","","","84097317.3264988","102528360.488028","121816372.907272","117635153.870768","213726465.546279","179543253.422667","130775029.708666","61344923.3923058",
"Ghana","GHA","Net secondary income (BoP, current US$)","BN.TRF.CURR.CD","","","","","","","","","","","","","","","","44521983.9993897","26782755.9996033","58522007.3544006","58290825.6655579","80318108.0000305","80600000","84600000","84000000","74300000","162300000","142400000","191100000","323800000","367500000","422300000","410500000","421900000","470300000","517500000","471800000","523200000","481700000","560100000","733900000","620100000","630851607.3984","856050000","826900000","1244889000","1579940000","1794219000","2248262000","2043178000","2211496000","2077990000","2322430000","2597417023.5","2405325000","1939440000","2008459448.43818","2597725974.44849","1456624516.75657","2424200000","2583021547.21787","3404082222.55026","3732878087.25469","3354921866.81031","3551024302.46054","4070494966.35233","5417737460.98181","5314701623.53328",
"Ghana","GHA","Net errors and omissions (BoP, current US$)","BN.KAC.EOMS.CD","","","","","","","","","","","","","","","","6843593.99973748","-26600538.9977165","12347688.2657821","-119542135.459751","-107664471.999604","-101391011.99997","22299707.9999733","-34054747.9999084","-127900000","-132700000","64200000","-36380000","18800000","41700000","69400000","54300000","34972000","-2170000","-50080000","28220000","-196950000","-4620000","-13966000","-14280000","83990000","-97452396.80639","-60422117.55584","56357554.6132","-105391603.45587","120015288.77","3573520.85245991","250861432.76184","-37238948.6558752","-373733923.008224","-1341612996.75809","-720578860","-391469935.121489","806163003.507649","-348458496.336395","-144317078.824173","-315485624.7754","521612423.269813","79379999.999997","-160771385.294362","137339982.189134","-375774057.468295","127338472.017433","-131209652.832642","45352764.125858","73314136.367653","-162805986.143028",
"Ghana","GHA","Net financial account (BoP, current US$)","BN.FIN.TOTL.CD","","","","","","","","","","","","","","","","24417705.9994584","-100644308.998045","-67400396.0787206","-165482486.35648","15835052.0004575","-71191011.9999695","-396882096.000031","-141334570.609877","-300064695.080123","-171500000","-69700000","-121700000","-79100000","-25400000","-24500000","-168900000","-217080000","-379170000","-608880000","-226380000","-340650000","-311470000","-417430000","-536010000","-880310000","-483870000","-384890000","24420000","150605000","-219133000","-769836000","-575273000","-2227883180.48681","-3237852858.8997","-2674888481","-3130418860","-3487725630.37379","-3822150675.5669","-5703243046.00314","-3838892417.10178","-2665249246.27908","-2036128729.22738","-1682060000","-1947609638.15673","-1469553238.11786","-2259603254.82659","-1911428075.54865","-1712342103.19656","-560284158.100015","1796157840.43839","9382569768.54909",
"Ghana","GHA","Secondary income, other sectors, payments (BoP, current US$)","BM.TRF.PRVT.CD","","","","","","","","","","","","","","","","9304398.99990845","10173968.9998779","10260916.5940857","7881736.15515137","5890967.99996567","5800000","5800000","3200000","4900000","100000","1800000","3700000","3600000","3600000","3900000","4100000","4600000","5000000","5000000","5500000","5700000","6200000","6400000","6700000","7000000","7232200.6016","7600000","","","","","","","","","","","7990000","4840000","8942031.67182118","2607106387.33774","1548909687.62726","1112210000","956248076.150446","667262506.260227","727201189.577844","812831957.035108","793550633.683774","1155994156.4058","1684318419.39435","2479141104.1085",
"Ghana","GHA","Transport services (% of service imports, BoP)","BM.GSR.TRAN.ZS","","","","","","","","","","","","","","","","60.5871283402082","58.0888740394166","49.7068620919601","57.879844961248","50.050445944114","39.7443497591701","43.2577040298002","40.3900087642419","47.4313288789903","46.398773006135","54.7942754919499","41.0384215991693","43.9490445859873","45.2238805970149","41.1380935121421","41.3976705490849","44.9386357149653","46.908064895368","44.3970357062654","45.9838403041825","47.0090340514246","49.8796139359699","49.0505734962791","45.6976176394765","49.1597523219814","46.4627301017526","46.4956372637596","43.2387191967318","35.040502121887","37.151223548851","45.6261389143487","48.2525345567569","42.789395550596","48.0675440436855","30.3876634320041","37.8023394811586","50.1314122212937","45.317499088718","38.568988054459","34.7195232651567","25.4615056319899","25.9489355300295","22.125382585752","20.7088028985082","17.4367343813115","16.6736264046237","26.307880873418","26.6967888831589","20.9564719933631","22.2276063239373","19.7703858621674",
"Ghana","GHA","Goods imports (BoP, current US$)","BM.GSR.MRCH.CD","","","","","","","","","","","","","","","","650525316.991699","690264665.992187","860177855.496343","780291879.361084","803100000","908300000","954300000","588700000","499700000","533000000","668700000","735100000","933900000","993400000","1011600000","1205000000","1318700000","1456500000","1728000000","1579900000","1687800000","1950650000","2143720000","2991600000","3279900000","2766555192.42862","2968511882.77028","2707019111.8","3232824021.42295","4297278948.01735","5347309680.5847","6753675315.59101","8066114751.75051","10268499316.0024","8046260000","10922100000","15837733212.7041","17763163561.6716","17600235989.6404","14600029644.1009","13465053155.5226","12910204931.0216","12647770000","13134075353.2923","13410702464.1974","12428560843.604","13628661955.5778","14621226762.9367","14008508080.9147","15391522590.0243","17452126500.2077",
"Ghana","GHA","Communications, computer, etc. (% of service imports, BoP)","BM.GSR.CMCP.ZS","","","","","","","","","","","","","","","","30.5984192698756","32.2753090544713","38.5742838108062","31.1821705426126","35.0800494415552","45.8317895516858","42.8716559431087","46.5381244522349","42.3162583518931","45.1533742331288","32.6774001192606","49.1381100726895","45.7100037467216","43.0223880597015","46.8648060891627","45.7903494176373","45.9042907430311","42.4406301434282","44.2398383112508","44.4391634980989","43.2707899003938","43.9500941619586","44.676384242507","35.9401301123698","30.7585139318885","31.1186722608597","30.7199628007506","32.7972159605033","46.1225546995795","41.2747501724118","26.0841534275948","24.7111403171822","25.1635020263447","23.6618452291418","43.3794748430237","39.1761536745437","33.5694527415703","40.1533555482471","48.7445978565216","52.8813898635125","62.8341646002213","62.166059093183","69.3938786279683","73.5331102229878","77.8404399418778","78.4260056603313","61.0772739174848","58.9349295268649","56.2326371238893","57.1807952383542","52.5598552796335",
"Ghana","GHA","Livestock production index (2014-2016 = 100)","AG.PRD.LVSK.XD","","18.07","18.83","19.52","21.7","22.74","24.03","24.79","26.2","27.83","28.28","28.61","30.64","30.49","31.24","32.33","31.9","34.4","36.08","37.66","40","41.52","43.94","47.19","46.93","46.97","46.95","48.31","48.65","50.17","50.64","51.98","51.6","52.17","53.08","51.26","52.86","52.07","51.91","54.17","59.86","59.56","60.5","64.9","65.04","66.61","71.1","73.33","76.75","80.1","83.62","86.46","89.8","93.21","95.85","101.47","102.68","106.21","108.75","111.45","115.62","116.02","119.16","","","",
"Ghana","GHA","Refugees under the mandate of the UNHCR by country or territory of origin","SM.POP.RHCR.EO","","5000","5000","5000","5000","5000","0","","","","","","","","","","","","","","","","310","1958","2202","3195","2699","3916","4769","4716","4690","4702","4776","4471","14284","13594","15100","14772","13625","13288","14760","14547","15675","15866","14759","18421","9949","5042","13225","14876","20175","20333","24269","21048","22116","22962","15527","16959","18071","18432","13844","14251","14949","13870","15078","16030",
"Ghana","GHA","Net migration","SM.POP.NETM","12181","-48777","-48017","-46516","-43480","-38519","-38143","-35666","-36683","-28752","-10233","-12238","-4589","-1168","-1197","-292","-2528","15243","18041","20291","-13564","-12296","7863","15276","-105655","-106855","-98099","-84648","-64810","-52293","-46789","-57878","-47736","-49792","-47120","-42558","-37113","-15409","-17564","-17304","-4206","36050","40573","28768","34433","21272","28536","32813","30506","22416","-3726","-720","1005","-2377","-6312","-13306","7009","-4913","-19375","-21857","-291","-11259","-10003","-10003","-13114","-17079",
"Ghana","GHA","Asylum-seekers by country or territory of asylum","SM.POP.ASYS.EA","","","","","","","","","","","","","","","","","","","","","","","","","","","","","","","","","","","","","","","","","440","2389","8758","4082","6013","5501","5591","447","495","595","748","12637","2603","1838","2634","1850","1365","1303","1312","1509","1511","1879","2517","4209","9855","475",
"Ghana","GHA","Unemployment, total (% of total labor force) (modeled ILO estimate)","SL.UEM.TOTL.ZS","","","","","","","","","","","","","","","","","","","","","","","","","","","","","","","","3.489","4.7","5.231","5.9","6.484","7.091","7.639","8.2","10.1","10.456","9.615","8.711","7.728","6.758","5.816","4.897","5.104","5.144","5.362","5.384","4.213","3.126","2.173","4.403","6.806","5.256","3.369","3.204","3.067","3.178","3.2","2.87","2.829","2.82","2.979",
"Ghana","GHA","Unemployment, female (% of female labor force) (modeled ILO estimate)","SL.UEM.TOTL.FE.ZS","","","","","","","","","","","","","","","","","","","","","","","","","","","","","","","","3.518","5.647","6.118","6.743","7.272","7.827","8.32","8.828","10.776","10.742","9.899","8.995","8.012","7.042","6.099","5.179","5.439","5.53","5.803","5.872","4.604","3.422","2.381","4.407","6.571","5.188","3.487","3.355","3.25","3.344","3.395","3.164","3.12","3.11","3.223",
"Ghana","GHA","Share of youth not in education, employment or training, male (% of male youth population)","SL.UEM.NEET.MA.ZS","","","","","","","","","","","","","","","","","","","","","","","","","","","","","","","","17.554","","","","","","","","","27.478","","","","","","22.554","","","","16.811","","","10.889","","24.02","","20.759","","","","18.363","25.242","19.714","21.501","",
"Ghana","GHA","Unemployment with intermediate education (% of total labor force with intermediate education)","SL.UEM.INTM.ZS","","","","","","","","","","","","","","","","","","","","","","","","","","","","","","","","8.102","","","","","","","","","13.341","","","","","","13.289","","","","10.438","","","5.239","","14.225","","6.803","","","","3.871","5.999","6.432","7.721","",
"Ghana","GHA","Unemployment with basic education, male (% of male labor force with basic education)","SL.UEM.BASC.MA.ZS","","","","","","","","","","","","","","","","","","","","","","","","","","","","","","","","4.641","","","","","","","","","9.787","","","","","","4.356","","","","4.476","","","1.522","","7.34","","2.422","","","","2.442","1.75","1.913","2.148","",
"Ghana","GHA","Unemployment with advanced education, female (% of female labor force with advanced education)","SL.UEM.ADVN.FE.ZS","","","","","","","","","","","","","","","","","","","","","","","","","","","","","","","","","","","","","","","","","14.279","","","","","","5.319","","","","8.368","","","3.908","","5.894","","4.721","","","","4.02","6.249","5.465","6.777","",
"Ghana","GHA","Unemployment, youth male (% of male labor force ages 15-24) (national estimate)","SL.UEM.1524.MA.NE.ZS","","","","","","","","","","","","","","","","","","","","","","","","","","","","","","","","5.32","","","","","","","12.7","","16.687","","","","","","9.827","","","","10.365","","","4.199","","15.813","","6.364","","","","0.874","5.155","5.609","9.064","",
"Ghana","GHA","Labor force, female (% of total labor force)","SL.TLF.TOTL.FE.ZS","","","","","","","","","","","","","","","","","","","","","","","","","","","","","","","48.8189875411923","48.8262359055699","48.7532087248048","48.6699278731334","48.6168038896573","48.5964844067569","48.5718818177978","48.5211968202298","48.4489411990142","48.3779168109496","48.2988370266267","48.2067299073252","48.1125157182636","48.0201749183722","47.9310626185594","47.8431855395396","47.7577384252065","47.6739301886971","47.5937518144909","47.5180279178857","47.4451326710243","47.3777871302391","47.3129833783408","47.2493344202663","47.2946945491463","47.354187065257","47.4060918237832","47.470497843255","47.4905068522407","47.5106331074982","47.4096099427806","47.4546887986688","47.3493156308749","47.4044046300346","47.5956017526717","47.6335811380805",
"Ghana","GHA","Labor force with intermediate education (% of total working-age population with intermediate education)","SL.TLF.INTM.ZS","","","","","","","","","","","","","","","","","","","","","","","","","","","","","","","","75.79","","","","","","","","","74.536","","","","","","67.514","","","","62.348","","","69.386","","69.448","","61.507","","","","48.152","64.16","70.157","71.246","",
"Ghana","GHA","Labor force participation rate, total (% of total population ages 15+) (national estimate)","SL.TLF.CACT.NE.ZS","72.997","","","","","","","","","","73.33","","","","","","","","","","","","","","45.381","","","","","63.8","","77.539","76.5","","","","","","79.942","79.9","74.615","","","","","","68.647","","","","70.89","","","76.135","","69.253","","71.34","","","","57.408","63.585","66.623","64.916","",
"Ghana","GHA","Ratio of female to male labor force participation rate (%) (national estimate)","SL.TLF.CACT.FM.NE.ZS","63.6801887852568","","","","","","","","","","76.1237469009378","","","","","","","","","","","","","","101.980859114178","","","","","92.1921921921922","","97.2442095366359","104.429530201342","","","","","","96.6889858099392","96.6830466830467","94.7298407605931","","","","","","95.1768944874741","","","","95.824882376478","","","93.3521619088629","","88.4707312132874","","94.6097185725761","","","","83.4996493017917","94.8392813493033","96.7788064630263","98.2381475379828","",
"Ghana","GHA","Labor force with basic education, male (% of male working-age population with basic education)","SL.TLF.BASC.MA.ZS","","","","","","","","","","","","","","","","","","","","","","","","","","","","","","","","74.36","","","","","","","","","71.259","","","","","","69.982","","","","68.695","","","78.607","","75.308","","77.88","","","","65.902","61.189","61.59","57.862","",
"Ghana","GHA","Labor force with advanced education, female (% of female working-age population with advanced education)","SL.TLF.ADVN.FE.ZS","","","","","","","","","","","","","","","","","","","","","","","","","","","","","","","","80","","","","","","","","","65.403","","","","","","85.364","","","","73.153","","","75.06","","80.258","","62.502","","","","52.313","54.401","61.422","59.08","",
"Ghana","GHA","Labor force participation rate for ages 15-24, total (%) (modeled ILO estimate)","SL.TLF.ACTI.1524.ZS","","","","","","","","","","","","","","","","","","","","","","","","","","","","","","","52.576","52.45","52.211","51.973","51.734","51.494","51.255","51.016","50.777","50.538","50.299","50.06","49.821","49.582","49.343","49.104","48.865","48.626","48.387","48.148","47.91","47.672","47.434","47.196","45.302","43.423","41.525","39.653","37.833","36.036","33.981","32.924","31.604","31.522","31.442","30.932",
"Ghana","GHA","Labor force participation rate for ages 15-24, female (%) (modeled ILO estimate)","SL.TLF.ACTI.1524.FE.ZS","","","","","","","","","","","","","","","","","","","","","","","","","","","","","","","52.409","52.307","51.907","51.505","51.101","50.698","50.298","49.895","49.491","49.089","48.689","48.288","47.889","47.494","47.102","46.708","46.31","45.911","45.511","45.107","44.7","44.291","43.881","43.469","42.148","40.851","39.533","38.237","36.226","34.232","31.899","30.626","29.095","29.085","29.26","28.776",
"Ghana","GHA","Average working hours of children, working only, ages 7-14 (hours per week)","SL.TLF.0714.WK.TM","","","","","","","","","","","","","","","","","","","","","","","","","","","","","","","","","","","","","","","","","","","","","","","20.2","","","","","","","","","","","","","","","","","","","",
"Ghana","GHA","Average working hours of children, working only, female, ages 7-14 (hours per week)","SL.TLF.0714.WK.FE.TM","","","","","","","","","","","","","","","","","","","","","","","","","","","","","","","","","","","","","","","","","","","","","","","18.9","","","","","","","","","","","","","","","","","","","",
"Ghana","GHA","Average working hours of children, study and work, male, ages 7-14 (hours per week)","SL.TLF.0714.SW.MA.TM","","","","","","","","","","","","","","","","","","","","","","","","","","","","","","","","","","","","","","","","","","","","","","","14.5","","","","","","","","","","","","","","","","","","","",
"Ghana","GHA","Children in employment, female (% of female children ages 7-14)","SL.TLF.0714.FE.ZS","","","","","","","","","","","","","","","","","","","","","","","","","","","","","","","","","","","","","","","","","","","","5.9","","","48","","","","","","28.67899","","","","","","","","","","","","","",
"Ghana","GHA","Child employment in services (% of economically active children ages 7-14)","SL.SRV.0714.ZS","","","","","","","","","","","","","","","","","","","","","","","","","","","","","","","","","","","","","","","","","","","","","","","","","","","","","18.12","","","","","","","","","","","","","",
"Ghana","GHA","Children in employment, self-employed, male (% of male children in employment, ages 7-14)","SL.SLF.0714.MA.ZS","","","","","","","","","","","","","","","","","","","","","","","","","","","","","","","","","","","","","","","","","","","","","","","","","","","","","1.39","","","","","","","","","","","","","",
"Ghana","GHA","Child employment in manufacturing, female (% of female economically active children ages 7-14)","SL.MNF.0714.FE.ZS","","","","","","","","","","","","","","","","","","","","","","","","","","","","","","","","","","","","","","","","","","","","4.1","","","","","","","","","3.6","","","","","","","","","","","","","",
"Ghana","GHA","GDP per person employed (constant 2021 PPP $)","SL.GDP.PCAP.EM.KD","","","","","","","","","","","","","","","","","","","","","","","","","","","","","","","","7399.52922177477","7580.69604758339","7769.83672524448","7851.49535340165","7996.15065037853","8192.40699985302","8338.63259508069","8512.14837093766","8796.4794669565","8879.69089694909","8855.613477335","8859.15778159682","8924.52817035619","9035.56751020132","9185.23155349131","9391.34573108056","9532.09116858005","10109.464504199","10330.4624803284","10861.1235732789","11936.074900831","12586.837167743","13052.7861098408","13620.2269494037","14151.7393506149","14263.4281419668","14996.7190933965","15873.6738596473","16875.1360967053","17123.6101345562","17906.6141746011","18467.0999306213","18586.6221639567","19201.4996276128","20068.4551502142",
"Ghana","GHA","Children in employment, unpaid family workers (% of children in employment, ages 7-14)","SL.FAM.0714.ZS","","","","","","","","","","","","","","","","","","","","","","","","","","","","","","","","","","","","","","","","","","","","","","","76.18","","","","","","96.9","","","","","","","","","","","","","",
"Ghana","GHA","Wage and salaried workers, male (% of male employment) (modeled ILO estimate)","SL.EMP.WORK.MA.ZS","","","","","","","","","","","","","","","","","","","","","","","","","","","","","","","","17.6689850411855","18.1029707165132","18.7208030449806","19.1739341302041","19.6055075801302","20.0355773938359","20.4685597109308","21.1283502792115","21.8047786189431","22.5364625866029","22.9463371115313","23.3636502254108","23.800426545563","24.2666725161913","24.7701789397318","25.3119643863433","25.8101068539755","26.4027099368591","26.9434578566826","27.4092646117437","28.1151566041297","28.7695795737409","29.374922312471","29.9216098018744","30.4227072735429","31.6866653353799","32.9999582997128","34.2601625682194","35.4687869014773","35.5642530736097","36.8620919155037","37.1562440845981","37.4291519312284","37.7690493691505","38.1576658034382",
"Ghana","GHA","Vulnerable employment, female (% of female employment) (modeled ILO estimate)","SL.EMP.VULN.FE.ZS","","","","","","","","","","","","","","","","","","","","","","","","","","","","","","","","92.3308777091077","91.4342438708157","90.2509423815948","89.2406218532737","88.2570635207003","87.1944085652726","86.1001050018862","85.2879562275933","84.4304120256608","83.5424979619857","83.3773336077757","83.1990617113623","83.0244903316868","82.8563819931643","82.6648088217667","82.4595982826843","82.3470391054201","82.2220756898008","82.1326402736022","82.0026886878411","81.3580678735678","80.8693888499964","80.4804462368195","80.0016011118588","79.5905089367757","77.7287438811059","75.6223748233469","73.4933187605237","71.4011165804518","70.2015512489291","68.1621911733653","67.7800116704963","67.5506307398557","67.2392671272464","66.826324189629",
"Ghana","GHA","Employment to population ratio, 15+, male (%) (national estimate)","SL.EMP.TOTL.SP.MA.NE.ZS","","","","","","","","","","","","","","","","","","","","","","","","","","","","","64.2","65.9","","75.986","71.4","","","","","","61.5","86.7","68.871","","","","","","69.222","","","","68.918","","","77.403","","68.838","","71.058","","","","60.948","63.772","65.998","63.198","",
"Ghana","GHA","Self-employed, total (% of total employment) (modeled ILO estimate)","SL.EMP.SELF.ZS","","","","","","","","","","","","","","","","","","","","","","","","","","","","","","","","88.0887800365869","87.5901358820697","86.9981081044357","86.5220120984083","86.0568485437856","85.5835954951022","85.0908361829867","84.365198207503","83.5926458871323","82.7977608041796","82.4436339695385","82.0892997429106","81.7275739967314","81.3494963304303","80.9479537145478","80.5228560811901","80.1358593552811","79.6897485260678","79.2818386919609","78.9184533059299","78.3319545066705","77.7778688893903","77.257325947245","76.7870115114615","76.3707069940403","74.9365667335113","73.4340765742573","71.9464260516064","70.4843679130375","70.2002926005196","68.7279697024447","68.414495211096","68.1487547737088","67.8507303772115","67.4597289430212",
"Ghana","GHA","Employers, male (% of male employment) (modeled ILO estimate)","SL.EMP.MPYR.MA.ZS","","","","","","","","","","","","","","","","","","","","","","","","","","","","","","","","2.6691883512006","3.26472930670159","4.06697126642817","4.70385197938087","5.29015875757882","5.95887049777198","6.62519911457502","6.60780508968965","6.56379324698483","6.51260636340669","6.48996384540757","6.49315808098293","6.50074047319698","6.50459827475583","6.54060573240333","6.59958718040668","6.58939048343588","6.56276525037167","6.50468345260104","6.51239297725302","6.76909868601019","6.80469200478313","6.72384253844233","6.76776801303365","6.79459751529104","6.96907433801111","7.34925544375051","7.68839927055599","7.95941545456941","7.75442664823717","8.08319813367478","8.16103161002597","8.10211130155769","8.10451899992106","8.09879099606405",
"Ghana","GHA","Employment to population ratio, ages 15-24, male (%) (modeled ILO estimate)","SL.EMP.1524.SP.MA.ZS","","","","","","","","","","","","","","","","","","","","","","","","","","","","","","","","49.789","49.416","48.824","48.163","47.548","46.919","46.33","45.735","44.119","43.447","43.924","44.433","44.986","45.53","46.064","46.596","46.362","46.252","46.007","45.915","46.895","47.822","48.651","43.878","39.155","38.691","38.343","36.938","35.536","33.757","33.06","32.212","32.087","31.777","31.107",
"Ghana","GHA","Employment in agriculture (% of total employment) (modeled ILO estimate)","SL.AGR.EMPL.ZS","","","","","","","","","","","","","","","","","","","","","","","","","","","","","","","","71.7798539769875","71.0120999031988","70.2600779699869","69.5102783781181","68.6241757617056","67.7551686493422","66.6773280052679","65.7253984043657","64.7627172878721","64.002937612695","63.5735114582606","63.0914432152009","62.5721569676871","62.0186367132898","61.310537752112","60.7279021918673","58.0842780600059","55.0094920222776","52.1108614048493","48.8412188276963","47.0766379600252","45.7602283880096","44.3403448003791","43.895196360092","43.4261410674157","42.8607884401307","42.0184244466613","39.8965508902356","37.6580356214864","37.4159627643187","35.9690047422434","36.3202438830527","36.0071785301449","35.186453760204","34.5735834374172",
"Ghana","GHA","Child employment in agriculture, male (% of male economically active children ages 7-14)","SL.AGR.0714.MA.ZS","","","","","","","","","","","","","","","","","","","","","","","","","","","","","","","","","","","","","","","","","","","","89","","","","","","","","","84.63","","","","","","","","","","","","","",
"Ghana","GHA","Survey mean consumption or income per capita, total population (2021 PPP $ per day)","SI.SPR.PCAP","","","","","","","","","","","","","","","","","","","","","","","","","","","","","","","","","","","","","","","","","","","","","","","","","","","","","4.82","","","","5.07","","","","","","","","","",
"Ghana","GHA","Average transaction cost of sending remittances to a specific country (%)","SI.RMT.COST.IB.ZS","","","","","","","","","","","","","","","","","","","","","","","","","","","","","","","","","","","","","","","","","","","","","","","","","","","","","","","","","8.84621","5.399316","3.908126","4.608692","3.476578","3.326668","1.4246666","2.0085","","",
"Ghana","GHA","Poverty headcount ratio at national poverty lines (% of population)","SI.POV.NAHC","","","","","","","","","","","","","","","","","","","","","","","","","","","","","","","","51.7","","","","","","","39.5","","","","","","","31.9","","","","","","","24.2","","","","23.4","","","","","","","","","",
"Ghana","GHA","Poverty headcount ratio at $4.20 a day (2021 PPP) (% of population)","SI.POV.LMIC","","","","","","","","","","","","","","","","","","","","","","","","","","","","90.2","89.6","","","90.3","","","","","","","79.8","","","","","","","76.7","","","","","","","59.8","","","","56.3","","","","","","","","","",
"Ghana","GHA","Income share held by lowest 20%","SI.DST.FRST.20","","","","","","","","","","","","","","","","","","","","","","","","","","","","7","7","","","6.6","","","","","","","5.8","","","","","","","5.2","","","","","","","5.4","","","","4.7","","","","","","","","","",
"Ghana","GHA","Income share held by highest 20%","SI.DST.05TH.20","","","","","","","","","","","","","","","","","","","","","","","","","","","","42.7","43.4","","","45.5","","","","","","","46.2","","","","","","","48.6","","","","","","","48.3","","","","48.6","","","","","","","","","",
"Ghana","GHA","UHC service coverage sub-index on reproductive, maternal, newborn and child health","SH_UHC_SCI_RMNCH","","","","","","","","","","","","","","","","","","","","","","","","","","","","","","","","","","","","","","","","","43","43","44","45","43","42","40","45","49","48","47","46","49","51","55","56","56","57","57","57","58","58","58","59","","",
"Ghana","GHA","UHC service coverage index","SH_UHC_SCI","","","","","","","","","","","","","","","","","","","","","","","","","","","","","","","","","","","","","","","","","28","26","24","24","26","27","31","36","37","37","37","39","44","46","46","49","50","50","53","51","51","54","57","56","","",
"Ghana","GHA","Proportion of population further impoverished due to out-of-pocket health expenditure, based on the societal poverty line (%)","SH_UHC_FH40_FURTHER","","","","","","","","","","","","","","","","","","","","","","","","","","","","","","","","51.55","","","","","","","63.7","","","","","","","39.66","","","","","","","22.88","","","","20.04","","","","","","","","","",
"Ghana","GHA","Domestic private health expenditure (% of current health expenditure)","SH.XPD.PVTD.CH.ZS","","","","","","","","","","","","","","","","","","","","","","","","","","","","","","","","","","","","","","","","","53.5215416","47.38425446","45.223629","40.66245651","36.66819","26.59020042","37.92792892","42.277565","43.76733398","37.33443832","36.52495193","35.25711823","41.03607941","42.97640991","49.23330688","39.98604584","48.84697723","24.67750168","35.72508621","30.70255852","25.01641273","30.81959915","28.75227547","28.24125099","","",
"Ghana","GHA","Domestic general government health expenditure per capita, PPP (current international $)","SH.XPD.GHED.PP.CD","","","","","","","","","","","","","","","","","","","","","","","","","","","","","","","","","","","","","","","","","19.2196177704139","22.8053404087054","18.217843865719","27.5119702845251","29.1357834970313","57.4820429996431","57.0475895599692","58.5958926518641","62.4259492500245","79.2899532824344","92.2972629988087","105.497124513557","98.9746956029888","96.8945173408522","77.7270857756258","82.7388867047831","65.1637246586205","84.316943276247","75.8960599677877","118.373858921268","152.887319763758","138.715718084541","146.854440184825","148.240508550555","","",
"Ghana","GHA","Domestic general government health expenditure (% of current health expenditure)","SH.XPD.GHED.CH.ZS","","","","","","","","","","","","","","","","","","","","","","","","","","","","","","","","","","","","","","","","","43.93872833","45.01968765","33.39795685","43.89484787","40.1300354","53.6696701","44.9966774","44.11686707","44.0992775","49.00728607","49.969841","52.7411232","50.34551239","40.46256256","35.07660675","35.0822258","38.35555267","60.66459656","56.41261673","60.59480667","57.02891159","54.3833847","55.43715668","63.22566223","","",
"Ghana","GHA","Current health expenditure per capita, PPP (current international $)","SH.XPD.CHEX.PP.CD","","","","","","","","","","","","","","","","","","","","","","","","","","","","","","","","","","","","","","","","","43.7418627171607","50.656369115363","54.5477791573537","62.6769918996902","72.6034324040047","107.10340128819","126.781781194058","132.819700100643","141.557766803671","161.792172708269","184.705924684614","200.028209582754","196.590909302413","239.46709599097","221.592380542738","235.842765374433","169.893855002895","138.988713329788","134.537385964198","195.353140757807","268.087371011461","255.070037065977","264.902535762593","234.462562664913","","",
"Ghana","GHA","Incidence of tuberculosis (per 100,000 people)","SH.TBS.INCD","","","","","","","","","","","","","","","","","","","","","","","","","","","","","","","","","","","","","","","","","216","214","212","209","206","203","199","196","191","187","183","178","173","168","165","160","156","152","148","144","140","136","133","129","126","",
"Ghana","GHA","School enrollment, secondary, male (% net)","SE.SEC.NENR.MA","","","","","","","","","","","","","","","","","","","","","","","","","","","","","","","","","","","","","","","","34.53625","34.873","32.56096","33.99036","34.9146","","39.3057","40.51508","45.61216","46.08289","44.32263","","","","53.95368","52.85329","56.13594","55.3803","55.08278","57.76273","56.6328","","","","","","",
"Ghana","GHA","School enrollment, secondary, female (% gross)","SE.SEC.ENRR.FE","","","","","","","","","","","","31.538200378418","","30.0028896331787","27.2152996063232","25.7612705230713","24.9522495269775","24.4449996948242","24.2173004150391","23.9108505249023","25.0627002716064","25.2753601074219","25.0062198638916","25.2148494720459","25.5994396209717","25.3984699249268","","27.9626502990723","28.9971103668213","26.2761402130127","26.7361793518066","","","","","27.6621704101562","","","","28.6711101531982","28.9962100982666","27.9841899871826","29.3423309326172","30.6779098510742","32.5887718200684","34.3779106140137","36.2336196899414","40.4977607727051","42.8381881713867","44.4520797729492","","52.0960388183594","53.1241347690324","64.3019790649414","61.2572744110292","64.5307806759859","65.3783920673892","64.9647509332356","66.9166894213064","70.2943846951293","73.2758030599046","75.6377570946198","77.9574778013858","","76.4284133911133","",
"Ghana","GHA","Pupil-teacher ratio, upper secondary","SE.SEC.ENRL.UP.TC.ZS","","","","","","","","","","","","","","","","","","","","","","","","","","","","","","","","","","","","","","","","18.79335","18.47298","20.03743","20.05477","18.66596","21.62135","21.27628","15.48962","19.79364","19.65812","20.83217","","25.19684","21.7278","22.24559","18.7034","19.50429","22.13073","21.69872","23.37084","19.60274","","","","","","",
"Ghana","GHA","Secondary education, general pupils","SE.SEC.ENRL.GC","","","","","","","","","","","","505784","519141","515551","508554","514321","532520","551899","568947","588823","626168","654436","669903","702764","725831","723260","748444","746025","810651","763167","793018","768603","841722","902331","922078","899748","","","","1001188","1042521","1017312","1084443","1146834","1257998","1348837","1422631","1547911","1656374","1762034","","2076418","2143835","2295190","2224627","2396253","2458694","2491604","2605193","2774390","","","","","","",
"Ghana","GHA","Educational attainment, at least completed upper secondary, population 25+, total (%) (cumulative)","SE.SEC.CUAT.UP.ZS","","","","","","","","","","","3.70000004768372","","","","","","","","","","","","","","","","","","","","","","","","","","","","","","17.7231680858999","","","","","","12.3958664391576","","","","20.5639705657959","","","18.847842111156","","22.0841406835318","","15.5985603332519","","","","23.7084903717041","23.1625595092773","23.1643104553223","22.6140899658203","",
"Ghana","GHA","Educational attainment, at least completed post-secondary, population 25+, male (%) (cumulative)","SE.SEC.CUAT.PO.MA.ZS","","","","","","","","","","","0.729309976100922","","","","","","","","","","","","","","","","","","","","","","","","","","","","","","","","","","","","6.29608880261119","","","","15.0496997833252","","","10.218664397237","","14.6596365349764","","14.1508563098346","","","","18.7604348507654","13.7359093698672","","","",
"Ghana","GHA","Educational attainment, at least completed lower secondary, population 25+, female (%) (cumulative)","SE.SEC.CUAT.LO.FE.ZS","","","","","","","","","","","7.19999980926514","","","","","","","","","","","","","","","","","","","","","","","","","","","","","","","","","","","","29.6766028279596","","","","45.2002182006836","","","40.4031329425402","","43.9012318300658","","37.7458000183105","","","","41.6137084960938","45.2397613525391","50.4216194152832","51.3620681762695","",
"Ghana","GHA","Lower secondary school starting age (years)","SE.SEC.AGES","","","","","","","","","","","12","12","12","12","12","12","12","12","12","12","12","12","12","12","12","12","12","12","12","12","12","12","12","12","12","12","12","12","12","12","12","12","12","12","12","12","12","12","12","12","12","12","12","12","12","12","12","12","12","12","12","12","12","12","12","12",
"Ghana","GHA","Children out of school, female (% of female primary school age)","SE.PRM.UNER.FE.ZS","","","","","","","","","","","","","","","","","","","","","","","","","","","","","","","","","","","","","","","","44.1838607788086","36.1123580932617","40.6677284240723","36.3733711242676","36.0307998657227","","30.4584903717041","27.0962390899658","22.1602802276611","17.0357208251953","17.4789009094238","","11.8362102508545","15.2023152863758","","10.1691960238636","","","7.27642613743421","8.79324825688075","6.06848367729461","10.592782929606","18.1964492797852","","","4.07006978988647","",
"Ghana","GHA","Adjusted net enrollment rate, primary, female (% of primary school age children)","SE.PRM.TENR.FE","","","","","","","","","","","","","","","","","","","","","","","","","","","","","","","","","","","","","","","","58.59298","66.8352","61.85713","65.97402","65.67614","","70.09134","73.15025","78.23841","83.90655","84.33859","","92.20594","","","","","","86.32792","85.63721","87.17354","","","","","","",
"Ghana","GHA","Trained teachers in primary education (% of total teachers)","SE.PRM.TCAQ.ZS","","","","","","","","","","","","","","","","","","","","","","","","","","","","","","","","","","","","","","","","71.7963714599609","69.09326171875","68.6124114990234","64.9443817138672","62.1085510253906","67.9608383178711","57.8754005432129","61.4824600219727","53.0111999511719","49.0710792541504","47.5666885375977","50.6026182153927","50.6002782267468","52.2658806525217","53.3044236452442","52.3977556656292","54.6945180237245","56.0447656469267","55.3737751570471","60.4105535539625","61.5380964247149","67.3241256764397","65.5213318134211","","","89.3283233642578","",
"Ghana","GHA","Repeaters, primary, male (% of male enrollment)","SE.PRM.REPT.MA.ZS","","","","","","","","","","","","3.16648","3.56906","","3.1745","2.60977","2.17174","2.19788","2.09286","1.89958","2.18948","1.97311","","","","","","","","","","2.84786","3.07165","","","","","","","4.2887","5.12735","5.36213","7.00835","6.13778","5.82896","5.97058","6.73694","7.02635","7.01759","3.55963","","2.46698","2.80726","2.58389","2.73969","2.03426","","1.84507","1.91879","","","","","","","",
"Ghana","GHA","Persistence to last grade of primary, female (% of cohort)","SE.PRM.PRSL.FE.ZS","","","","","","","","","","","","65.4469985961914","","67.8080520629883","66.8149108886719","84.2167587280273","70.1680603027344","65.4608306884766","72.4468688964844","","","","","","","","","","","","","75.6059265136719","","","","","","","","","57.9717407226562","84.5726928710938","64.7431335449219","","","","","","68.6950607299805","","","","","82.2893905639648","","","83.2096633911133","82.3752975463867","","","","85.4359664916992","","","","",
"Ghana","GHA","School enrollment, primary, private (% of total primary)","SE.PRM.PRIV.ZS","","","","","","","","","","","","","","","","","","","","","","","","","","","","6.27138996124268","6.47467994689941","6.29601001739502","","7.3132700920105","10.1600103378296","9.71982955932617","10.6716203689575","10.852970123291","10.9895401000977","13.1279697418213","","13.3210296630859","17.4118995666504","17.3498191833496","18.2755508422852","15.9452896118164","17.9975299835205","20.5224304199219","15.1821002960205","16.0841598510742","17.2910995483398","17.9599094390869","","19.2859497070312","22.0874004364014","23.1213092803955","23.2262001037598","25.2703495025635","25.2808990478516","25.814920425415","27.8528099060059","","29.7873802185059","30.8761291503906","28.4046802520752","","","",
"Ghana","GHA","Net intake rate in grade 1 (% of official school-age population)","SE.PRM.NINT.ZS","","","","","","","","","","","","","","","","","","","","","","","","","","","","","","","","","","","","","","","","29.65958","","","","23.0417","","27.92984","33.95053","35.28957","37.88426","37.10044","","","","","","","","","","","","","","","","",
"Ghana","GHA","School enrollment, primary, female (% net)","SE.PRM.NENR.FE","","","","","","","","","","","","","","","","","","","","","","","","","","","","","","","","","","","","","","","","57.89835","61.53113","56.84276","59.54078","59.56639","","63.32062","63.04661","68.22566","73.55856","72.46616","","80.68405","","85.1253","87.16338","89.46214","87.10359","85.75493","85.08209","86.60582","","","","","","",
"Ghana","GHA","Gross intake ratio in first grade of primary education, female (% of relevant age group)","SE.PRM.GINT.FE.ZS","","","","","","","","","","","","66.72466","65.3847","","63.39968","63.50991","73.57768","74.66997","73.01581","75.838","78.9525","79.9606","","","","","","","","","","85.54676","84.13051","","","","","","","85.67779","87.27503","83.14389","82.80734","83.56521","85.52669","90.69976","106.38018","107.4329","109.94567","108.4107","","108.34126","108.7886","107.01279","103.71497","107.5096","","103.30403","100.79903","104.48673","","","","","","",
"Ghana","GHA","Pupil-teacher ratio, primary","SE.PRM.ENRL.TC.ZS","","","","","","","","","","","","","","","30.66968","30.33996","30.75608","29.88763","28.16485","27.29006","28.49105","30.11206","29.68792","29.44652","28.65872","27.64036","23.23974","23.80659","23.91446","25.91443","27.09356","29.05957","27.765","30.21381","30.89085","29.98269","32.78334","32.70742","","29.59855","33.78522","32.5811","32.10887","30.98782","32.34112","32.81364","35.38932","31.98986","32.24014","33.11177","","31.04223","32.98357","31.68167","30.07899","31.25587","30.5794","27.29644","27.24556","26.99486","","","","","","",
"Ghana","GHA","Educational attainment, at least completed primary, population 25+ years, total (%) (cumulative)","SE.PRM.CUAT.ZS","","","","","","","","","","","","","","","","","","","","","","","","","","","","","","","","","","","","","","","","","48.2858883910044","","","","","","51.6243667834588","","","","64.6698379516602","","","59.8538665074065","","51.8172727101169","","58.1865005493164","","","","57.8797187805176","64.5570907592773","68.1729202270508","67.2826232910156","",
"Ghana","GHA","Primary completion rate, male (% of relevant age group)","SE.PRM.CMPT.MA.ZS","","","","","","","","","","","","68.9462509155273","62.7823715209961","","51.5913887023926","54.1738700866699","57.7145690917969","60.2451705932617","62.3912811279297","62.3044090270996","62.353630065918","65.725959777832","","","","","","","","","","64.8665313720703","71.7026214599609","","","","","","","67.3980407714844","70.7877578735352","66.7976379394531","67.9681091308594","65.0587005615234","70.3575210571289","74.3942108154297","71.1259384155273","78.1460266113281","84.833366394043","87.5545196533203","","91.5783653632967","82.5931396484375","93.1968612670898","91.4200028700699","95.5957966235736","","90.4855930643943","89.112089013055","93.8813190395393","","","93.7110532342929","","96.9161987304688","",
"Ghana","GHA","Trained teachers in preprimary education, male (% of male teachers)","SE.PRE.TCAQ.MA.ZS","","","","","","","","","","","","","","","","","","","","","","","","","","","","","","","","","","","","","","","","16.497049331665","20.0355396270752","18.3026103973389","21.3315696716309","21.63743019104","10.4578399658203","25.1398696899414","13.9152097702026","28.8777008056641","21.7346801757812","22.9733905792236","22.7688389859937","22.7703770602845","30.7462686567164","33.8907175773535","38.2434944237918","42.8508091332299","45.3057708871662","45.1955943790353","51.4716910386202","57.5787596592035","61.35672095937","61.6442638324476","","","90.5753479003906","",
"Ghana","GHA","School enrollment, preprimary (% gross)","SE.PRE.ENRR","","","","","","","","","","","","3.17226004600525","","4.03456020355225","","8.5190896987915","","","21.444450378418","22.8840503692627","27.001880645752","21.7428894042969","19.2407703399658","18.9961204528809","19.5246200561523","20.0684795379639","21.2055702209473","28.4678993225098","32.9969482421875","32.4248580932617","35.7065505981445","","","","","","","","","45.7014083862305","59.8854713439941","56.6045112609863","60.1982917785645","64.5251693725586","66.375617980957","59.0975494384766","79.6970291137695","86.875617980957","97.6486434936523","118.418907165527","","110.783790588379","112.291160583496","114.306632995605","114.816009521484","120.864250183105","119.021461486816","116.79411315918","114.547050476074","117.012336730957","116.13671875","","","","","",
"Ghana","GHA","Female primary school age children out-of-school (%)","SE.LPV.PRIM.SD.FE","","","","","","","","","","","","","","","","","","","","","","","","","","","","","","","","","","","","","","","","","","","","","","","","","","","","","","","","","","","","","","","","","","",
"Ghana","GHA","Female pupils below minimum reading proficiency at end of primary (%). Low GAML threshold","SE.LPV.PRIM.LD.FE","","","","","","","","","","","","","","","","","","","","","","","","","","","","","","","","","","","","","","","","","","","","","","","","","","","","","","","","","","","","","","","","","","",
"Ghana","GHA","School enrollment, tertiary (gross), gender parity index (GPI)","SE.ENR.TERT.FM.ZS","","","","","","","","","","","","0.156570002436638","0.151850000023842","0.165049999952316","0.189419999718666","0.256399989128113","0.191300004720688","","","","","","0.262230008840561","","","","","","","","","0.294800013303757","0.302520006895065","0.240449994802475","0.301440000534058","","","","","","","","","","","0.546869993209839","0.517690002918243","0.531379997730255","0.439310014247894","0.606440007686615","","0.604590748488569","0.6179724105285","0.631206545108431","0.657737808439692","0.680672156436713","0.701725141162741","0.706641460940133","0.74501512973703","0.824329892881488","0.878549334227747","0.911147001438679","0.940453925721498","0.96296416168091","1.02358996868134","",
"Ghana","GHA","Compulsory education, duration (years)","SE.COM.DURS","","","","","","","","","","","","","","","","","","","","","","","","","","","","","","","","","","","","","","","9","9","9","9","9","9","9","9","9","11","11","11","11","11","11","11","11","11","11","11","11","11","11","11","11","11","11","11",
"Ghana","GHA","Literacy rate, youth total (% of people ages 15-24)","SE.ADT.1524.LT.ZS","","","","","","","","","","","","","","","","","","","","","","","","","","","","","","","","","","","","","","","","","70.6600036621094","","","79.71","","","","","","","85.7200012207031","","","","87.6","80.5782617320423","","87.7799987792969","","","","91.5100021362305","","","","",
"Ghana","GHA","Real effective exchange rate index (2010 = 100)","PX.REX.REER","","","","","","","","","","","","","","","","","","","","","662.994951603402","1480.92211068234","1849.52119436621","3050.79852851669","483.708366040442","350.869171299848","221.914675034796","164.655348791976","151.498966884859","141.905948414419","141.445983609287","143.77108478471","126.502306859327","110.302321139335","89.4060973800071","103.52495848203","112.36666377364","119.936244419051","127.778143429194","117.337314285844","85.6361775898512","92.8411832632838","88.1508816658709","90.7375220150232","93.9702262377993","103.391001348488","109.819788772462","109.256601402576","104.158159049384","94.5685824300053","100","94.7225700718453","88.3611630989516","88.5701116419136","69.4949632748903","68.1663996890726","78.2511189002287","77.7172350129202","76.6268552096319","73.4171119950406","74.5538762358592","74.2498652695173","71.2407173840948","71.2579658691587","67.8130085488465","86.1819333597449",
"Ghana","GHA","Coverage of social insurance programs in 2nd quintile (% of population)","per_si_allsi.cov_q2_tot","","","","","","","","","","","","","","","","","","","","","","","","","","","","","","","","","","","","","","","","","","","","","","2.63601558606428","","","","","","","59.4180522374301","","","","0.44601488507877","","","","","","","","","",
"Ghana","GHA","Adequacy of social insurance programs (% of total welfare of beneficiary households)","per_si_allsi.adq_pop_tot","","","","","","","","","","","","","","","","","","","","","","","","","","","","","","","","","","","","","","","","","","","","","","","","","","","","","96.4050211756916","","","","37.3707537859095","","","","","","","","","",
"Ghana","GHA","Coverage of social safety net programs in 2nd quintile (% of population)","per_sa_allsa.cov_q2_tot","","","","","","","","","","","","","","","","","","","","","","","","","","","","","","","","","","","","","","","","","","","","","","","","","","","","","1.15901889150535","","","","25.397221828172","","","","","","","","","",
"Ghana","GHA","Adequacy of social safety net programs (% of total welfare of beneficiary households)","per_sa_allsa.adq_pop_tot","","","","","","","","","","","","","","","","","","","","","","","","","","","","","","","","","","","","","","","","","","","","","","","","","","","","","","","","","4.63880252401977","","","","","","","","","",
"Ghana","GHA","Coverage of unemployment benefits and ALMP in 2nd quintile (% of population)","per_lm_alllm.cov_q2_tot","","","","","","","","","","","","","","","","","","","","","","","","","","","","","","","","","","","","","","","","","","","","","","1.18675219517178","","","","","","","11.8770970674079","","","","","","","","","","","","","",
"Ghana","GHA","Adequacy of unemployment benefits and ALMP (% of total welfare of beneficiary households)","per_lm_alllm.adq_pop_tot","","","","","","","","","","","","","","","","","","","","","","","","","","","","","","","","","","","","","","","","","","","","","","","","","","","","","","","","","","","","","","","","","","",
"Ghana","GHA","PPP conversion factor, households and NPISHs Final consumption expenditure (LCU per international $)","PA.NUS.PRVT.PP","","","","","","","","","","","","","","","","","","","","","","","","","","","","","","","0.0231976479116535","0.0262680741710406","0.0280597433481462","0.0340581318647166","0.0414477503742567","0.0642896327064968","0.0915403078912038","0.114392374704539","0.129117049266609","0.132499971983627","0.179749319144753","0.247371222068052","0.266303812247188","0.337919303136071","0.388488445230157","0.43375106954156","0.469271227317818","0.505231453050983","0.56680726119921","0.678312074536117","0.738998064501051","0.77891218662262","0.820378914627863","0.940032856229571","1.11456466777065","1.3177988694662","1.50780563067706","1.70922684669495","1.86160671710968","2.01676082611084","2.24996495246887","2.45419526100159","2.98258560222774","3.95630362773751","4.7210056114281","5.24995407961755",
"Ghana","GHA","Official exchange rate (LCU per US$, period average)","PA.NUS.FCRF","7.13915966742473E-05","7.13915966742473E-05","7.13915966742473E-05","7.13915966742473E-05","7.13915966742473E-05","7.13915966742473E-05","7.13915966742473E-05","8.60811947925269E-05","0.000101985139685","0.000101985139685","0.000101985139685","0.00010342936280328","0.000133267478842706","0.000116437365491452","0.000114938171943065","0.000114938171943065","0.000114938171943065","0.000114938171943065","0.000176263183812666","0.000274852150537634","0.000274852150537634","0.000274852150537634","0.000274852150537634","0.000882522770144633","0.00359668442513757","0.00543357715053764","0.0089156207437276","0.0153650681003584","0.0202237045250896","0.0269854838709678","0.032615621953405","0.0367633074820789","0.0436851673835125","0.0648711875896057","0.0955682388545159","0.119913872960145","0.163547167575201","0.204796277898216","0.231165900582341","0.266642972407191","0.544919175868766","0.716305157808996","0.792417084313167","0.866764326525345","0.899494854007063","0.905209485833333","0.915106799166667","0.932619195","1.052275","1.40496666666667","1.42998333333333","1.520625","1.82486666666667","1.98135","2.896575","3.71464166666667","3.90981666666667","4.35053333333333","4.585325","5.21736666666667","5.59570833333333","5.8057","8.2724","11.0204083333333","14.1819416666667","12.556825",
"Ghana","GHA","Net secondary income (Net current transfers from abroad) (current LCU)","NY.TRF.NCTR.CN","","","","","","","","-1300","-1600","-1300","-1000","-900","-400","-900","-600","4600","-1000","-2100","-2900","-1800","-3200","-7200","-2600","-8200","445800","248300","650900","2963500","3488400","5456700","6588600","8073900","11141300","33569400","45156700","62806400","78865500","114747800","171640500","165550000","354360700","618323600","664553800","964854900","1540896900","1521779800","1640063800","1910879700","2339449500","2947851700","3322255500","3926775100","4319482600","3789859700","5895029300","9600451300","12239038400","12073272300","","","","","","","","",
"Ghana","GHA","Taxes less subsidies on products (current US$)","NY.TAX.NIND.CD","119061631.844216","141473233.132539","142873958.213059","165285559.501382","176491360.145544","263336315.137796","205906586.836468","187032719.966356","190223792.01441","237289472.512821","302985318.208519","291019872.734297","227362296.211537","241331465.044723","259627329.192547","287765957.446809","284745762.711864","247714285.714286","243979057.591623","217094017.094017","158091286.307054","166686046.511628","137114845.938375","","226190476.190476","329149159.663866","30047106.3257066","10333333.3333333","10878164.556962","47993329.6275709","28737429.4824626","7115850.17544814","26356873.068559","640039462.934131","543278084.714549","594092432.910252","777880364.665815","734828805.250103","784587698.883054","802481595.241578","523674160.746827","551859892.085075","638931269.773364","700525171.788399","768466750.787942","914032008.077693","1423133797.46849","2039603417.90163","2094449264.68841","1514330799.22874","2913352746.15153","3565735076.03781","2569320503.90522","3111984540.70183","4978119661.24145","4144141519.8226","4236934881.88723","4228917849.70213","4712984397.19775","4393635578.67647","4257399311.31479","5260262973.25421","4612752495.56669","5217473417.59708","5478868102.92534","7535149481.85931",
"Ghana","GHA","Gross savings (% of GDP)","NY.GNS.ICTR.ZS","","","","","","","","","","","","","","","","14.436898162386","8.76811682744505","11.4828184694115","5.40839812762626","8.25537920119132","6.3240548865864","5.70335692451739","5.55491550126661","4.25686434323346","6.74570096946714","8.03420629183088","6.92861967215038","7.57085790884719","9.96409803690273","11.4050986654097","10.5334042069127","11.8626017238105","6.93254444097578","12.8363530125772","19.0772684726225","17.6256053252835","18.0953098591549","10.410867657687","18.0316331753006","9.36319227106192","15.265862335031","21.0927220999351","18.7543227313659","21.1562882203583","22.8716914774714","19.2073105174027","17.4115362889624","6.74378205731545","4.34097386962774","11.0362033554831","4.87086082915232","3.8817620783489","5.26751918545763","15.1937771434224","18.2399313542729","21.0997767239893","18.6361555693635","15.8609956860697","20.0001406878945","17.5895709554257","15.1789861412207","13.1479502633863","13.513166179807","9.22527569018716","12.3889443095197","",
"Ghana","GHA","Adolescents out of school, male (% of male lower secondary school age)","SE.SEC.UNER.LO.MA.ZS","","","","","","","","","","","","","","","","","","","","","","","","","","","","","","","","","","","","","","","","39.0546493530273","36.6007385253906","38.1044616699219","33.5574684143066","35.0549697875977","","21.82839012146","18.5505905151367","22.0829296112061","18.7362308502197","17.6053104400635","","","","8.94684028625488","15.5548963136263","11.4465599060059","14.3309220649975","15.4916924762426","19.7710209843748","16.3565989634193","12.8696530492552","7.07624006271362","","","3.02327990531921","",
"Ghana","GHA","Secondary education, teachers","SE.SEC.TCHR","","","","","","","","","","","","","","","21841","22759","25142","27054","29409","31812","31530","31636","32258","35045","36135","34871","37290","46452","53514","45429","45597","","","","","","","","","52208","55217","55549","59075","65976","67946","72879","83737","91487","99001","99154","112252","115086","124436","134438","143254","146847","147969","163123","167150","187914","207972","195899","","","174414","",
"Ghana","GHA","Trained teachers in upper secondary education, female (% of female teachers)","SE.SEC.TCAQ.UP.FE.ZS","","","","","","","","","","","","","","","","","","","","","","","","","","","","","","","","","","","","","","","","50.8221206665039","53.6015892028809","58.8610992431641","58.8814086914062","","","","48.2382583618164","65.75341796875","80.1934204101562","89.9792404174805","87.06857573474","87.06072636377","80.4671399129837","85.5282527460084","84.7608812466416","86.4271663733306","96.8746620525576","97.5555789695501","91.8031109291854","87.2602243937749","","80.2474734387147","","","","",
"Ghana","GHA","Trained teachers in lower secondary education, female (% of female teachers)","SE.SEC.TCAQ.LO.FE.ZS","","","","","","","","","","","","","","","","","","","","","","","","","","","","","","","","","","","","","","","","97.4153213500977","91.3393478393555","92.2359085083008","89.7657012939453","85.568717956543","91.45361328125","86.4488525390625","63.007381439209","83.4517517089844","83.1865310668945","83.0352935791016","80.3620218579235","80.3627534990003","7.99375200992328","82.0113612455291","81.1974502365962","81.2421173323142","81.9039294948833","80.181430785124","81.6624404725091","11.7228919231111","12.1140493425912","84.6081677704194","","","","",
"Ghana","GHA","Progression to secondary school, female (%)","SE.SEC.PROG.FE.ZS","","","","","","","","","","","","88.56252","","93.03022","","","","","","","","","","","","","","","","","","","","","","","","","","97.3004","85.88517","97.70344","90.21124","88.63548","100","97.87292","","100","97.4298","","","93.75235","78.55738","89.01129","98.55972","","93.44148","94.80775","","","","","","","","",
"Ghana","GHA","School enrollment, secondary (% net)","SE.SEC.NENR","","","","","","","","","","","","","","","","","","","","","","","","","","","","","","","","","","","","","","","","31.73723","32.14966","30.42478","31.88805","32.85822","","36.65545","38.06956","43.33563","44.01556","42.53878","","","","52.66323","52.13977","55.58338","55.43891","55.4414","58.2609","57.24406","","","","","","",
"Ghana","GHA","Secondary education, vocational pupils (% female)","SE.SEC.ENRL.VO.FE.ZS","","","","","","","","","","","","30.5299","","32.06826","23.54523","24.90264","23.24382","24.19059","23.56852","23.33749","30.54881","29.52509","23.18585","22.86855","22.73478","24.79951","","29.53809","31.17502","28.4802","28.17808","","","","","","","","","22.00723","8.64846","12.44855","12.4948","13.74305","14.90467","13.9283","49.89512","44.91072","46.31235","38.02398","","43.67971","37.37904","31.4118","29.09777","24.72484","25.67941","23.56454","25.13898","26.71877","","","","","","",
"Ghana","GHA","Pupil-teacher ratio, lower secondary","SE.SEC.ENRL.LO.TC.ZS","","","","","","","","","","","","","","","","","","","","","","","","","","","","","","","","","","","","","","","","19.87342","19.32176","18.18973","18.24504","17.36361","17.87927","18.05363","18.11352","16.91239","16.63814","17.36945","","16.179","16.13763","15.48667","14.6047","15.3958","15.00838","13.44513","13.38026","13.10283","","","","","","",
"Ghana","GHA","Secondary education, pupils","SE.SEC.ENRL","","","","","","","","","","","","545414","","547486","534589","536660","555980","576979","592262","613710","659950","693159","695466","729565","753665","751192","779980","797528","862914","793388","829518","","","","","940948","","","","1024135","1056616","1031402","1098873","1166604","1276670","1370261","1454097","1617803","1723734","1812084","","2148266","2223821","2356686","2265692","2439501","2511865","2550714","2677145","2851160","3018244","3163474","3289607","","3334409","",
"Ghana","GHA","Educational attainment, at least completed upper secondary, population 25+, female (%) (cumulative)","SE.SEC.CUAT.UP.FE.ZS","","","","","","","","","","","1.20000004768372","","","","","","","","","","","","","","","","","","","","","","","","","","","","","","12.8430448238404","","","","","","7.52407215444755","","","","14.6786003112793","","","13.1416862030728","","16.446858970258","","11.2742004394531","","","","18.3971004486084","17.1205005645752","18.5088195800781","18.0723896026611","",
"Ghana","GHA","Educational attainment, at least completed lower secondary, population 25+, total (%) (cumulative)","SE.SEC.CUAT.LO.ZS","","","","","","","","","","","16.5","","","","","","","","","","","","","","","","","","","","","","","","","","","","","","","","","","","","40.5951441342053","","","","54.3196182250977","","","50.9145877572836","","51.8172727101169","","46.4343490600586","","","","49.6988182067871","53.7726898193359","57.882740020752","58.422908782959","",
"Ghana","GHA","Lower secondary completion rate, male (% of relevant age group)","SE.SEC.CMPT.LO.MA.ZS","","","","","","","","","","","","59.5497512817383","58.4070701599121","","59.0268707275391","57.699348449707","","","","","","","","","","","","","","","","65.8195114135742","67.010383605957","","","","","","","53.8793296813965","54.5235595703125","50.0592918395996","54.7292404174805","52.3863716125488","54.4516792297363","57.8481292724609","","","66.4620666503906","74.1746368408203","","70.9324888760636","69.1250925989004","73.145997221069","68.6545992835577","74.9043796990689","","72.2987260651864","75.8593141602376","75.324199401054","","","","","84.0599822998047","",
"Ghana","GHA","Children out of school, male (% of male primary school age)","SE.PRM.UNER.MA.ZS","","","","","","","","","","","","","","","","","","","","","","","","","","","","","","","","","","","","","","","","40.9174118041992","32.8851699829102","38.4042816162109","34.211368560791","34.5326118469238","","28.0960502624512","26.5412006378174","21.1127700805664","16.0099506378174","16.3600997924805","","10.4843702316284","11.4406872141859","","8.84051732905911","","","6.4183208992116","7.56251078620579","4.97301103442164","10.531542678486","17.7745895385742","","","5.44820976257324","",
"Ghana","GHA","Children out of school, primary","SE.PRM.UNER","","","","","","","","","","","","","","","","","","","","","","","","","","","","","","","","","","","","","","","","1342904","1104536","1282007","1157276","1166795","","988778","920149","758718","593776","624637","","438203.997070312","529329.059082031","","392763.933105469","","10368.0429729056","299178.046875","364440.028320312","251230.993164062","492043.016601562","472753","","","235313","",
"Ghana","GHA","Primary education, teachers (% female)","SE.PRM.TCHR.FE.ZS","","","","","","","","","","","","","","","32.3951187133789","32.6427803039551","33.0215492248535","34.9168014526367","37.9574012756348","39.0313415527344","40.3792610168457","41.9920310974121","43.7999382019043","","","45.5008888244629","40.257740020752","41.9282684326172","39.4681510925293","","36.6025505065918","35.7541885375977","35.2790184020996","35.5224304199219","34.9188194274902","34.4099197387695","36.9481201171875","35.9629898071289","","31.7630100250244","34.3091583251953","34.7903099060059","32.0885887145996","32.4199905395508","38.9892883300781","31.0782108306885","43.6960906982422","33.4894599914551","33.0327415466309","33.6808204650879","36.7193167578975","36.7090439775167","36.7218013365489","37.9138727922283","38.2786130714943","38.8971265691581","39.7067078304799","40.8825704148777","41.632309425646","42.9532590509416","44.5375979323156","46.3183598835763","","","50.2129592895508","",
"Ghana","GHA","Trained teachers in primary education, female (% of female teachers)","SE.PRM.TCAQ.FE.ZS","","","","","","","","","","","","","","","","","","","","","","","","","","","","","","","","","","","","","","","","88.5352630615234","85.6186981201172","85.9357681274414","82.4705963134766","82.8278198242188","84.0909118652344","77.7733688354492","61.9340782165527","69.869499206543","68.4355087280273","66.2332077026367","66.1869696017242","66.186940045125","66.1661949407394","65.1599641810485","63.5060597385247","64.6570069764429","64.8807209754374","62.2180679676576","65.8270386010825","65.7964528426985","70.6055879970501","67.1164080653624","","","89.8196334838867","",
"Ghana","GHA","Persistence to last grade of primary, total (% of cohort)","SE.PRM.PRSL.ZS","","","","","","","","","","","","71.7060775756836","","68.9587936401367","77.1209411621094","91.9728698730469","76.0088729858398","71.12548828125","74.6807098388672","73.1770477294922","76.2632904052734","","","","","","","","","","","78.1037216186523","","","","","","","","","59.4240417480469","88.992431640625","59.4630088806152","","","","","","72.2302322387695","","","","78.9039611816406","83.7136611938477","","","84.9802703857422","81.5872802734375","","","","88.4221115112305","","","","",
"Ghana","GHA","Persistence to grade 5, male (% of cohort)","SE.PRM.PRS5.MA.ZS","","","","","","","","","","","","79.0889587402344","","72.0012664794922","87.2902908325195","98.4275970458984","82.3556289672852","78.2113723754883","78.9620895385742","","","","","","","","","","","","","81.3865203857422","","","","","","","","","67.2309112548828","94.0916137695312","61.8470611572266","","","","","","80.271842956543","","","","88.6106033325195","90.4943618774414","","","91.4826202392578","85.9753036499023","","","","95.5411224365234","","","","",
"Ghana","GHA","Over-age students, primary, male (% of male enrollment)","SE.PRM.OENR.MA.ZS","","","","","","","","","","","","","","","","","","","","","","","","","","","","","","","","","","","","","","","","22.98737","23.00713","24.11643","25.99007","22.91925","","24.94566","29.41227","27.89939","26.86553","27.38839","","21.66253","","19.32289","16.12813","17.15431","16.75991","17.02801","15.50297","","","","","","","",
"Ghana","GHA","Net intake rate in grade 1, female (% of official school-age population)","SE.PRM.NINT.FE.ZS","","","","","","","","","","","","","","","","","","","","","","","","","","","","","","","","","","","","","","","","29.64597","","","","23.27393","","28.32262","34.8344","35.95111","38.71432","37.67822","","","","","","","","","","","","","","","","",
"Ghana","GHA","Gross intake ratio in first grade of primary education, total (% of relevant age group)","SE.PRM.GINT.ZS","","","","","","","","","","","","71.7615","70.52881","","67.63615","68.50618","80.73819","80.59666","79.5248","82.3628","82.60377","85.31432","","","","","","","","","","89.93902","87.23697","","","","","","","87.48299","88.3692","83.60624","83.03624","83.91211","84.46789","90.08891","104.25749","106.42207","109.05828","108.0362","","107.76024","108.53622","106.573","103.01948","107.33453","","102.5658","100.35399","103.90639","","","","","","",
"Ghana","GHA","School enrollment, primary, female (% gross)","SE.PRM.ENRR.FE","","","","","","","","","","","","53.1231384277344","50.7052612304688","50.9734001159668","50.6004981994629","50.4090690612793","53.9294090270996","55.5042190551758","56.3217697143555","58.2785491943359","60.108081817627","62.5388488769531","63.9815292358398","63.0162582397461","60.2636795043945","60.3292694091797","","57.0046882629395","57.836181640625","60.6633110046387","59.0870018005371","66.4449920654297","68.0135192871094","67.6488494873047","68.9563369750977","68.4908828735352","","","","71.5868301391602","76.3413391113281","72.4266586303711","75.720832824707","73.464241027832","76.9789199829102","84.0598602294922","89.4916381835938","94.2493133544922","99.0458068847656","97.3163681030273","","97.9845809936523","97.797677459047","100.048635591502","98.5294552788797","102.149867456304","101.362113388767","99.9913543649594","98.3121160000396","99.582530465668","98.2911597096255","99.2798438002636","96.837565132834","","100.673667907715","",
"Ghana","GHA","Primary education, pupils","SE.PRM.ENRL","","","","","","","","","","","","966906","975042","1025872","1035163","1072032","1180449","1237557","1270770","1320757","1371730","1443000","1504732","1504982","1481398","1550624","1505819","1565236","1581870","1705843","1703074","1945422","2011602","2047288","2138635","2154646","2197172","2333347","","2377444","2560886","2446417","2586434","2524237","2678912","2929536","3130575","3367157","3625178","3659116","","3962779","4062026","4105913","4117152","4342315","4358176","4393061","4401194","4549875","4584381","4729514","4760573","","4984126","",
"Ghana","GHA","Educational attainment, at least completed primary, population 25+ years, female (%) (cumulative)","SE.PRM.CUAT.FE.ZS","","","","","","","","","","","","","","","","","","","","","","","","","","","","","","","","","","","","","","","","","39.899776598143","","","","","","41.094683787687","","","","57.0107116699219","","","50.5831310599681","","43.9012318300658","","49.8616409301758","","","","50.1549987792969","57.2265586853027","61.735179901123","61.0257606506348","",
"Ghana","GHA","Primary school starting age (years)","SE.PRM.AGES","","","","","","","","","","","6","6","6","6","6","6","6","6","6","6","6","6","6","6","6","6","6","6","6","6","6","6","6","6","6","6","6","6","6","6","6","6","6","6","6","6","6","6","6","6","6","6","6","6","6","6","6","6","6","6","6","6","6","6","6","6",
"Ghana","GHA","School enrollment, preprimary, male (% gross)","SE.PRE.ENRR.MA","","","","","","","","","","","","3.07420992851257","","3.84843993186951","","","","","19.4088497161865","21.1275806427002","25.0361499786377","23.1834106445313","20.5904293060303","","20.7966499328613","","","27.5757007598877","32.7301902770996","32.0886306762695","36.2612915039063","","","","","","","","","45.2252388000488","59.3246612548828","56.1135101318359","59.6975708007813","64.0262832641602","66.5634689331055","58.4432716369629","77.9818572998047","85.2361373901367","96.1665420532227","116.591049194336","","109.206062316895","110.832717895508","112.833839416504","113.474761962891","119.381271362305","117.840026855469","115.580558776855","113.582321166992","116.134536743164","115.110420227051","","","","","",
"Ghana","GHA","Preprimary education, duration (years)","SE.PRE.DURS","","","","","","","","","","","","","","","","","","","","","","","","","","","","","","","","","","","","","","","","","","","","","","","","","","","","","","5","5","5","5","5","5","5","5","5","5","5","5","5",
"Ghana","GHA","Learning poverty: Share of Male Children at the End-of-Primary age below minimum reading proficiency adjusted by Out-of-School Children (%)","SE.LPV.PRIM.MA","","","","","","","","","","","","","","","","","","","","","","","","","","","","","","","","","","","","","","","","","","","","","","","","","","","","","","","","","","","","","","","","","","",
"Ghana","GHA","Learning poverty: Share of Female Children at the End-of-Primary age below minimum reading proficiency adjusted by Out-of-School Children (%)","SE.LPV.PRIM.FE","","","","","","","","","","","","","","","","","","","","","","","","","","","","","","","","","","","","","","","","","","","","","","","","","","","","","","","","","","","","","","","","","","",
"Ghana","GHA","School enrollment, primary and secondary (gross), gender parity index (GPI)","SE.ENR.PRSC.FM.ZS","","","","","","","","","","","","0.763520002365112","","0.769500017166138","0.773710012435913","0.761520028114319","0.753229975700378","0.751460015773773","0.752290010452271","0.75654000043869","0.765659987926483","0.764840006828308","0.764789998531342","0.753489971160889","0.748889982700348","0.741339981555939","","0.755900025367737","0.766080021858215","0.776579976081848","0.779609978199005","","","","","0.842209994792938","","","","0.885079979896545","0.895910024642944","0.910210013389587","0.912970006465912","0.915970027446747","0.906120002269745","0.919409990310669","0.938839972019196","0.948660016059875","0.952310025691986","0.950110018253326","","0.958329975605011","0.963100016117096","0.967050015926361","0.978120028972626","0.981519997119904","0.996119976043701","0.99686998128891","1.0022200345993","1.00817000865936","1.01235997676849","","","","","",
"Ghana","GHA","Literacy rate, adult male (% of males ages 15 and above)","SE.ADT.LITR.MA.ZS","","","","","","","","","","","","","","","","","","","","","","","","","","","","","","","","","","","","","","","","","66.3499984741211","","","","","","","","","","78.3499984741211","","","","","70.1269676093768","","74.8899993896484","","","","81.3300018310547","","","","",
"Ghana","GHA","Literacy rate, youth (ages 15-24), gender parity index (GPI)","SE.ADT.1524.LT.FM.ZS","","","","","","","","","","","","","","","","","","","","","","","","","","","","","","","","","","","","","","","","","0.860000014305115","","","0.861743569374084","","","","","","","0.939999997615814","","","","0.917516708374023","0.903760584119264","","0.949999988079071","","","","1","0.921767175197601","","","",
"Ghana","GHA","Coverage of social insurance programs in 4th quintile (% of population)","per_si_allsi.cov_q4_tot","","","","","","","","","","","","","","","","","","","","","","","","","","","","","","","","","","","","","","","","","","","","","","4.83901154103171","","","","","","","63.5659389424086","","","","1.74847105513131","","","","","","","","","",
"Ghana","GHA","Coverage of social insurance programs (% of population)","per_si_allsi.cov_pop_tot","","","","","","","","","","","","","","","","","","","","","","","","","","","","","","","","","","","","","","","","","","","","","","3.66121828742636","","","","","","","59.520413782887","","","","1.3188955468158","","","","","","","","","",
"Ghana","GHA","Coverage of social safety net programs in 4th quintile (% of population)","per_sa_allsa.cov_q4_tot","","","","","","","","","","","","","","","","","","","","","","","","","","","","","","","","","","","","","","","","","","","","","","","","","","","","","1.52837579189282","","","","10.7903971176264","","","","","","","","","",
"Ghana","GHA","Coverage of social safety net programs (% of population)","per_sa_allsa.cov_pop_tot","","","","","","","","","","","","","","","","","","","","","","","","","","","","","","","","","","","","","","","","","","","","","","","","","","","","","1.37697870145024","","","","19.0545338130343","","","","","","","","","",
"Ghana","GHA","Coverage of unemployment benefits and ALMP in 4th quintile (% of population)","per_lm_alllm.cov_q4_tot","","","","","","","","","","","","","","","","","","","","","","","","","","","","","","","","","","","","","","","","","","","","","","1.74748979354529","","","","","","","11.2915867603568","","","","","","","","","","","","","",
"Ghana","GHA","Coverage of unemployment benefits and ALMP (% of population)","per_lm_alllm.cov_pop_tot","","","","","","","","","","","","","","","","","","","","","","","","","","","","","","","","","","","","","","","","","","","","","","1.29932056598568","","","","","","","11.3150798633187","","","","","","","","","","","","","",
"Ghana","GHA","Benefit incidence of social protection and labor programs to poorest quintile (% of total SPL benefits)","per_allsp.ben_q1_tot","","","","","","","","","","","","","","","","","","","","","","","","","","","","","","","","","","","","","","","","","","","","","","","","","","","","","0.678328479978323","","","","3.2341106551018","","","","","","","","","",
"Ghana","GHA","PPP conversion factor, GDP (LCU per international $)","PA.NUS.PPP","","","","","","","","","","","","","","","","","","","","","","","","","","","","","","","0.0172229476531372","0.019998353868997","0.0217329251852238","0.0279716767885835","0.035638294557521","0.0499319978149189","0.068568451773213","0.0805220550953174","0.0932023603911411","0.104741619302452","0.130311081157497","0.171814001935954","0.207790472699698","0.26225770370444","0.292038898703269","0.32553187318178","0.35617906063167","0.40263068743152","0.471694217106667","0.542248034001112","0.624646347440148","0.697181165218353","0.760881671213248","0.871647762186301","1.02569231218683","1.2319478577983","1.49273430727059","1.69359111785889","1.81923377513885","1.90021753311157","2.03251671791077","2.14874577522278","2.57145102292101","3.47419917524807","4.26723310217426","4.75008975177416",
"Ghana","GHA","Terms of trade adjustment (constant LCU)","NY.TTF.GNFS.KN","","","","","","","","","","","","","","","","","","","","","","","","","","","","","","","","","","","","","","","","","","","","","","","49043.2135314941","57801.8375835419","79847.7714118958","46100.347776413","-1066613548.36396","139706.717041016","160979.847793579","0","-1529489774.61788","-4708810565.50922","-3805807441.34081","-7039466164.41058","-6086441733.23145","-6449456949.6432","-6097835374.31203","-1945066916.58198","1560055893.32086","-1729607772.18078","1669200769.85497","",
"Ghana","GHA","Taxes less subsidies on products (constant LCU)","NY.TAX.NIND.KN","","","","","","","","","","","","","","","","","","","","","","","","","","","","","","","","","","","","","","","","","","","","","","","3973385500","4146101100","4525461300","4743928600","5119413300","5838622800","6381232700","6163861100","6380459200","6546783200","6859191400","7171541200","7711214200","8182488400","7852812700","7672375300","8007468852.52972","8222551879.8825","8865063109.24376","9533307629.23655",
"Ghana","GHA","Net primary income (Net income from abroad) (current LCU)","NY.GSR.NFCY.CN","-1000","-1400","-1000","-1800","-1200","-1900","-1400","-3200","-5200","-4900","-4500","-4700","-3700","-2600","-3100","-4200","-4800","-4000","-4800","-9900","-18200","-22200","-22500","-164000","-293000","-604500","-1127900","-2029600","-2652800","-3180600","-3666300","-4477500","-4640900","-7289000","-10614100","-15962100","-23494300","-27402100","-35105700","-43696400","-80080300","-77419300","-102568500","-142998000","-178262600","-118710400","-523651300","-131093700","-122753800","-132467500","-763832000","-1859711600","-3824988000","-3468328000","-8292178200","-5517959300","-8615603100","-12941369000","-13889076000","-14662099400","-19017270600","-25441280600","-42458356000","-45264722900","-74964208700","-87710198134.935",
"Ghana","GHA","Gross savings (current LCU)","NY.GNS.ICTR.CN","","","","","","","","","","","","","","","","76270.1329918853","57220.7304159064","128182.70257404","113500.643106365","232983.311816021","270998.4","414212","480228","783424.8","1825123.6","2756118.4","3543247.6","5647860","10474220","16163465.5","20232468","28796809.7","19431055.5","49703642.5","99297182.4","136628404.8","205177289.9","146932739.6","311875127.4","192692624.3","414506327.051929","803014695.25","916373717.3","1399651369.196","1827171630.3","1868118386.771","3327700494.034","1561485523.182","1310045053.4","4038984676.33","2242646618.69","2321927261.35969","3967251316.775","18912845916.4","28943851685.2581","38723500271.2724","40923990420.6583","41682374066.2","61717913285.1096","62714606585.2133","59492629574.2269","60703420553.8533","83016278732.6357","81897211870.9921","146536343818.292","",
"Ghana","GHA","Changes in inventories (current LCU)","NE.GDI.STKB.CN","","","","","","","","2300","2900","3600","4900","4200","-4400","4800","5300","5800","-6200","18600","6600","-5400","-20300","-10900","-13300","0","6500","13900","34000","55000","59400","74900","111000","134900","179400","-6100000","7200000","-8600000","10220000","13700000","12900000","10970900","24450000","-19930000","45200000","0","0","0","0","0","0","348761800","615169200","498301500","646064800","911846900","1177730100","1279202400","1382318700","1784647100","1574540200","2171646700","2206312300","1306723500","1248751800","2214532300","1871294200","",
"Ghana","GHA","Gross fixed capital formation (annual % growth)","NE.GDI.FTOT.KD.ZG","","","","","","","","","","","","","","","","","","","","","","","","","","","","","","","","","","","","","","","","","","","","","","","","15.3810558753512","8.36892410505531","-25.1577731837006","-25.2578771052042","25.5639372702028","42.3509631151657","-26.142005247964","5.10743250649375","-2.72449083960602","12.2330552641177","1.02867417219966","13.1536282960393","-10.0228899339649","1.77058013037907","5.81799120016579","0.784760564970341","-28.8769618950248","13.8291289387132","",
"Ghana","GHA","Gross fixed capital formation, private sector (% of GDP)","NE.GDI.FPRV.ZS","","","","","","","","","","","","","","","","","","","","","","","","","4.3712878057074","5.37155150299666","2.01332439043945","2.41796246648794","3.2150997530432","5.40052525588937","6.92110698144671","7.5298791487146","2.44869999554029","12.6778750548798","9.27656099903938","7.08231742714501","6.99025461472656","11.3934275227798","11.0603607770583","10.7130730133432","12.7012982229997","16.7133412309204","9.19285743522574","14","16.0000005007015","16.9999989718365","","","","","","","","","","","","","","","","","","","","",
"Ghana","GHA","Exports of goods and services (annual % growth)","NE.EXP.GNFS.KD.ZG","","","","","","","","","","","","","","","","","","","","","","","","","","","","","","","","","","","","","","","","","","","","","","","","18.167717402831","16.7426150521992","7.62027798137628","24.6792060055884","53.8420827717429","15.1860087572699","-3.60492098755009","-0.956859033460816","17.6273966626627","2.8935852708811","23.7900756843833","6.61638456723553","12.7330679998953","-12.7897236643658","-1.19123234695294","0.200536710841703","5.13801295056724","9.05471262130386","",
"Ghana","GHA","Gross national expenditure (% of GDP)","NE.DAB.TOTL.ZS","107.249712313003","110.322580645161","104.255319148936","106.272727272727","103.964401294498","109.618008185539","105.006587615283","102.526595744681","100.470588235294","100.599700149925","101.372288623285","104.48","94.5293072824156","94.9443016281063","103.476394849785","99.0724966874882","","","","","","","","","102.726557042589","102.935157762179","103.559688928085","106.523056300268","105.87863728553","107.600616420668","108.972345247349","108.561257146671","111.541684877135","116.161281991684","111.503880883766","108.43021530761","107.980579784279","120.581249025749","112.85683973173","117.54842612659","118.443914924961","119.579821227348","112.256739388482","115.929060411713","121.063682852637","125.27313984668","113.079308455551","116.304141076443","119.455332550571","113.010953835433","113.78338756533","112.422236587272","112.449598780609","109.877486948678","107.372758121883","108.857861332073","105.490521193401","102.794615692423","101.048726534232","101.925603035137","103.52465774282","102.597591995248","100.787368686156","100.846228544328","97.6781029713452","",
"Ghana","GHA","Gross national expenditure (current US$)","NE.DAB.TOTL.CD","1305475775.04482","1437143932.61372","1441346107.85528","1637447619.1281","1799931728.46844","2250965204.39595","2232755778.34918","1791332013.59081","1674753797.73512","1973816975.9021","2245425173.77835","2525395041.80061","1996736205.3429","2854753700.38669","2995031055.90062","2784042553.19149","","","","","","","","","4532583170.2544","4636515231.09244","5939849708.38941","5405863945.57823","5503322784.81013","5651032054.84528","6417497547.21609","7168500938.44354","7156630422.34176","6933577407.47021","6072929223.17094","7009344196.67428","7486284676.57615","8309788277.11479","8444026803.24961","9072516810.86696","5901883399.1841","6355515457.8008","6921972648.2395","8848544701.90271","10752171607.4019","13460058174.4105","23616656085.0261","28875223537.1572","34259052624.0764","29437906940.163","36635583220.2201","44223162055.076","46409862252.9751","69053299944.2112","58709849848.008","53815849973.386","59226787466.5517","62072949562.8573","67964720657.3988","69668829549.5153","72475794847.6858","81579659347.5596","74501018296.6111","81228759824.459","81354710409.6783","",
"Ghana","GHA","Final consumption expenditure (annual % growth)","NE.CON.TOTL.KD.ZG","","","","","","","","","","","","","","","","","","","","","","","","","","","","","","","","","","","","","","","","","","","","","","","","5.47538305263267","14.9043153842825","1.00374969253943","17.3151248560804","11.7851566556608","4.21447382236127","15.8053214678591","-3.66870446384453","0.978420271419054","-0.875165180986002","4.41347771199116","3.61654512144626","13.2736108695945","2.40712732496178","7.61128417715686","5.0616665390703","9.25232439512898","4.40423316010894","",
"Ghana","GHA","Households and NPISHs final consumption expenditure (% of GDP)","NE.CON.PRVT.ZS","72.8423475258918","79.3548387096774","76.7983789260385","76.1818181818182","72.7346278317152","77.2851296043656","79.1172595520422","77.2606382978723","72.5882352941176","74.5627186406797","74.3691899070385","77.4","74.8134991119005","75.0071408169095","78.2188841201717","73.3106189664963","79.2215752375115","77.3716742811072","84.6564376250834","83.1053787825101","83.9004013814991","87.204306997494","89.7849648934078","90.8220041513166","88.5903733354031","83.9666752174623","83.130586456991","85.454691689008","84.8746570572947","84.546793921031","85.2168195290378","83.1991296499445","86.6341167551175","79.5017432401023","73.8228049951969","76.3353199943238","74.736874597617","83.4194028370201","79.4232944033302","85.7045452336757","84.2736985544609","83.2580357072499","82.6839691375711","81.4589276833989","80.5133642875374","80.9628339474896","81.9314931363098","92.3946557275332","94.2317088421404","89.0049167715734","93.6136944370181","85.8236454994008","83.7175303456969","76.322776050011","71.9398984048515","73.4677293047446","72.1479346116913","76.2720436442525","72.2346111688579","76.2351235806834","77.4675806010356","77.5552609916432","77.726982346732","85.2301166138924","82.9757878561779","",
"Ghana","GHA","Households and NPISHs Final consumption expenditure per capita (constant 2015 US$)","NE.CON.PRVT.PC.KD","","","","","","","","","","","","","","","","","","","","","","","","","","","","","","","","","","","","","","","","","","","","","","","822.486076878181","849.947424230064","953.956898057747","950.447116975982","1088.13150845948","1125.26741203566","1168.3136472484","1365.36169797284","1267.16250608677","1265.68207805763","1216.26482380217","1265.20549638492","1286.37510213469","1438.4695399147","1433.65569252476","1505.49467543151","1559.76735037227","1685.71750385873","1728.42303238933","",
"Ghana","GHA","Households and NPISHs final consumption expenditure: linked series (current LCU)","NE.CON.PRVT.CN.AD","","","","","","","","","","","","","","","","","","","","","","","","","","","","","","","357139935.63098","440672746.654056","529816725.878132","671670383.200798","838386466.363798","1291086885.26112","1848975598.13512","2568808381.11755","2997274758.68358","3848380338.43965","4992692966.56985","6915920703.82115","8815065386.57457","11758503957.0137","14034017577.7527","17181319792.5359","20865481070.9557","28507010845.8082","37893657077.5262","43404714440.3876","57433449787.663","68406449403.455","84017622688.1705","95004743700","114157104500","134832120400","158432965100","200441379400","222906905400","271811961500.001","303627003400","358068712600.001","477505030700","756628761299.999","981437019500","",
"Ghana","GHA","Households and NPISHs Final consumption expenditure per capita, PPP (current international $)","NE.CON.PCAP.PP.CD","","","","","","","","","","","","","","","","","","","","","","","","","","","","","","","1000.05687618874","1062.61197301742","1166.63004576867","1188.78025210225","1190.33274868904","1154.22323496822","1134.09772088034","1231.21702025248","1242.16503907962","1516.68889418863","1414.45957855277","1386.30262739868","1596.8409967204","1633.90444256811","1651.91967792763","1764.45460419608","1929.78429779599","2386.55783440105","2756.89572234187","2573.71050117448","3050.75614652108","3365.50147104203","3830.78344462002","3690.37579248792","3652.54022122133","3565.51149522142","3579.25246980339","3907.91854385953","3908.23847761738","4311.61378051551","4231.94446747825","4486.67439859953","4829.61610757517","5660.20097062245","6038.42277736179","",
"Ghana","GHA","General government final consumption expenditure (constant 2015 US$)","NE.CON.GOVT.KD","","","","","","","","","","","","","","","","","","","","","","","","","","","","","","","","","","","","","","","","","","","","","","","2409600922.59764","2413847779.13604","2721141073.15739","2430432891.92586","2853879378.29418","5137699372.47009","4595270418.8534","3854973316.04257","4149834915.56412","3796989382.40371","4029533029.72912","3593432395.31042","3659239084.88325","3856218583.44568","4245814754.82498","4783130802.74973","4783115464.77311","4806396150.88392","4982476016.72241","",
"Ghana","GHA","Military expenditure (% of general government expenditure)","MS.MIL.XPND.ZS","","","","","","","","","","","","","","","","","","","","","","","","","","","","","2.3015","2.26148148148148","2.64882352941176","3.31086956521739","2.56352112676056","2.33333333333333","2.21760736196319","2.41077868852459","2.14923076923077","2.23376498800959","2.62994059405941","2.78274647887324","3.44006203473945","1.78949806949807","2.27838258164852","2.33670886075949","1.88438661710037","1.88834793898085","1.70445235756385","2.05891391653571","1.66336976068613","1.92634377528609","1.42196981989291","2.22866129843986","2.69926018361708","1.85626420295794","2.3131950706342","2.10977500804588","1.46506559216099","1.77849759771458","1.55957351116625","1.52871840277345","1.11373963596321","1.40652360788309","1.22099504431695","2.02242452233944","1.76302149407373","",
"Ghana","GHA","Armed forces personnel (% of total labor force)","MS.MIL.TOTL.TF.ZS","","","","","","","","","","","","","","","","","","","","","","","","","","","","","","","0.146172948584477","0.142354000550752","0.107823935835516","0.104813798287343","0.101808260140466","0.180975642516551","0.199499160796461","0.106886625089551","0.10357870913739","0.100407113191323","0.0973515155136333","0.0824529906053063","0.0797231011694126","0.0771633857529934","0.0747587375342475","0.0724878707081485","","0.136534202158976","0.132608796756086","0.142766206704651","0.13907897595163","0.135676825155289","0.132395856778433","0.129198320255129","0.128082723921242","0.127042953140494","0.125925563043658","0.128914820821291","0.124684919198139","0.128647374170405","0.129723411848969","","","","","",
"Ghana","GHA","Logistics performance index: Frequency with which shipments reach consignee within scheduled or expected time (1=low to 5=high)","LP.LPI.TIME.XQ","","","","","","","","","","","","","","","","","","","","","","","","","","","","","","","","","","","","","","","","","","","","","","","","2.5","","","2.67","","2.76","","2.860047","","3.209615","","2.87","","","","2.7","","","",
"Ghana","GHA","Logistics performance index: Quality of trade and transport-related infrastructure (1=low to 5=high)","LP.LPI.INFR.XQ","","","","","","","","","","","","","","","","","","","","","","","","","","","","","","","","","","","","","","","","","","","","","","","","2.25","","","2.52","","2.05","","2.669054","","2.484248","","2.44","","","","2.4","","","",
"Ghana","GHA","Individuals using the Internet (% of population)","IT.NET.USER.ZS","","","","","","","","","","","","","","","","","","","","","","","","","","","","","","","0","","","","","0.000348","0.00565","0.0275","0.0322","0.105","0.153615297625799","0.200008060324831","0.830284033818738","1.19305791098328","1.71679770389504","1.83119746104616","2.72317597313987","3.85","4.27","5.44","7.8","9","10.6","15","19","23","28","37.88420105","43","22.0732","62.51760101","68.6","69.91329956","70.67430115","72.17569733","",
"Ghana","GHA","Secure Internet servers","IT.NET.SECR","","","","","","","","","","","","","","","","","","","","","","","","","","","","","","","","","","","","","","","","","","","","","","","","","","","22","33","70","113","148","200","2761","2744","649","1369","1846","1626","1629","1627","1684","",
"Ghana","GHA","Fixed telephone subscriptions","IT.MLT.MAIN","","","","","","17300","17300","17300","17300","17300","23400","23400","23400","23400","23400","31259","32979","33839","35396","36406","37694","37103","37151","37129","38104","38240","38472","39610","40442","43021","44243","46613","47761","48681","50007","63067","77886","105534","133426","160698","212548","244632","275039","291030","313326","321526","356355","376509","143900","267389","277897","284721","284981","270422","260407","275570","251490","301551","278379","288531","307668","315271","330016","318460","269356","",
"Ghana","GHA","Liner shipping connectivity index (maximum value in 2004 = 100)","IS.SHP.GCNW.XQ","","","","","","","","","","","","","","","","","","","","","","","","","","","","","","","","","","","","","","","","","","","","","","","16.667048508","16.6995783085","18.8724203544","19.8675497977","20.349238435","20.5144801356","19.9416901125","21.4302034565","21.714283643","22.7546413984","20.6238379517","19.5846188798","20.084039529","36.6509751579","39.9862068986","37.1852140752","","","","",
"Ghana","GHA","Air transport, passengers carried","IS.AIR.PSGR","","","","","","","","","","","116700","135600","131700","135600","148200","153800","233500","248800","309700","330400","279000","288800","230000","271400","261000","252600","247900","224400","247800","231900","188100","191700","206000","152400","182500","185900","197200","210600","209800","304100","314335","301135","255630","241111","96444","","","","","","169030.949606142","491583.034446243","691271.96142731","396372","407544","390457","359516","681691","467624","597343","321437","559393","548131","440680","","",
"Ghana","GHA","Statistical performance indicators (SPI): Pillar 4 data sources score (scale 0-100)","IQ.SPI.PIL4","","","","","","","","","","","","","","","","","","","","","","","","","","","","","","","","","","","","","","","","","","","","","","","","","","","","","","","","46.9166666666667","45.2666666666667","45.0416666666667","54.45","54.45","53.775","53.775","57.175","57.175","56.7583333333333","",
"Ghana","GHA","Statistical performance indicators (SPI): Overall score (scale 0-100)","IQ.SPI.OVRL","","","","","","","","","","","","","","","","","","","","","","","","","","","","","","","","","","","","","","","","","","","","","","","","","","","","","","","","","59.3425","62.6704166666667","62.3433333333333","64.1658333333333","63.9729166666667","66.1479166666667","62.9425","66.245","65.7383333333333","",
"Ghana","GHA","CPIA policies for social inclusion/equity cluster average (1=low to 6=high)","IQ.CPA.SOCI.XQ","","","","","","","","","","","","","","","","","","","","","","","","","","","","","","","","","","","","","","","","","","","","","","3.7","3.8","3.9","4","3.9","4","3.9","4","4","3.9","3.9","3.8","3.8","3.7","3.7","3.7","3.7","3.7","3.7","3.7","3.6",
"Ghana","GHA","CPIA property rights and rule-based governance rating (1=low to 6=high)","IQ.CPA.PROP.XQ","","","","","","","","","","","","","","","","","","","","","","","","","","","","","","","","","","","","","","","","","","","","","","3.5","3.5","3.5","3.5","3.5","3.5","3.5","3.5","4","3.5","4","4","4","4","4","4","4","4","4","4","4",
"Ghana","GHA","IDA resource allocation index (1=low to 6=high)","IQ.CPA.IRAI.XQ","","","","","","","","","","","","","","","","","","","","","","","","","","","","","","","","","","","","","","","","","","","","","","3.85","3.925","3.95","3.9","3.84166666666667","3.88333333333333","3.9","3.8","3.675","3.36667","3.56667","3.51666666666667","3.55833333333333","3.53333333333333","3.575","3.575","3.575","3.366667","3.408333","3.408333","3.491667",
"Ghana","GHA","CPIA financial sector rating (1=low to 6=high)","IQ.CPA.FINS.XQ","","","","","","","","","","","","","","","","","","","","","","","","","","","","","","","","","","","","","","","","","","","","","","3.5","3.5","4","4","4","4","4","3.5","3.5","3","3","3","3","3","3","3","3","3","3","3","3.5",
"Ghana","GHA","CPIA debt policy rating (1=low to 6=high)","IQ.CPA.DEBT.XQ","","","","","","","","","","","","","","","","","","","","","","","","","","","","","","","","","","","","","","","","","","","","","","4","4","4","4","4","4","4","4","3.5","3","3","3.5","3.5","3.5","3.5","3.5","3.5","2.5","2.5","2.5","3",
"Ghana","GHA","WBL: Enforcement Perceptions Index (scale 0-100)","GD_WBL_OVL_ENF","","","","","","","","","","","","","","","","","","","","","","","","","","","","","","","","","","","","","","","","","","","","","","","","","","","","","","","","","","","","","","","","","","50.46",
"Ghana","GHA","Expense (current LCU)","GC.XPN.TOTL.CN","","","","","","","","","","","","","","","","","","","","","","","","","","","","","","","","","","","","","","","","","","712365300","978658300","1456817408","1875713086","2212273634","2921915559","4136575547","6200523340","6597796462","9280938302","12645724165","20247720934.0365","24000689741.6493","28886054615.9468","31867942056.607","40162940976.4938","45609218533.799","54317082842.3901","62434270585.3899","85770563587.9325","95805738456.2843","139325275443.837","","","",
"Ghana","GHA","Interest payments (% of revenue)","GC.XPN.INTP.RV.ZS","","","","","","","","","","","","","","","","","","","","","","","","","","","","","","","10.2191364721198","10.9641083405868","16.6562003418393","18.6103478272877","","","","","","","","29.2763492699882","29.0475887450328","22.1477820208837","13.9183370119197","12.0698154118446","12.0284373964388","9.61432475265413","12.0537135987235","15.1752511436221","16.2476892178929","12.4561953518128","15.4914783031023","23.8344860623295","30.2975210173499","30.9161634455303","35.7675642725107","34.1914288399151","33.2134913452379","37.0352216099758","44.6138112414083","47.8234617547039","47.2703409932749","21.577429204895","","",
"Ghana","GHA","Compensation of employees (% of expense)","GC.XPN.COMP.ZS","","","","","","","","","","","","","","","","","","","","","","","","","","","","","","","","","","","","","","","","","","35.8159360092357","45.9783154140725","41.6856674463901","39.6741778662411","40.1142011259896","42.2566080733204","37.5148557633728","34.6307486038751","39.9459767845139","35.7251166542665","38.3950024423137","35.4490626974435","39.4949451223922","36.2348566916844","38.0042675476406","35.2683084761403","36.7825654526351","36.10657945313","35.587870798605","32.9587841182815","33.0494705847581","28.3036438490991","","","",
"Ghana","GHA","Taxes on income, profits and capital gains (current LCU)","GC.TAX.YPKG.CN","","","","","","","","","","","","","","","","","","","","","","","","","","","","","","","5514300","6244400","6210100","11029900","","","","","","","","212374700","279539400","356795010","485752973","609201620","658187375","857441806","1134757015","1538305380","2194970487","3192749467","5536215998.39613","6301734500.11293","8486571523.13987","8706504261.51473","9106902009.44902","13398087276.537","18776430343.5207","22683103949.6273","23728561925.2406","27971421192.0545","38424457980.508","53695232937.4499","","",
"Ghana","GHA","Other taxes (current LCU)","GC.TAX.OTHR.CN","","","","","","","","","","","","","","","","","","","","","","","","","","","","","","","","","","","","","","","","","","","","","","","","","","","","","-163732206.56","-181606978.58","-156660830.92","-627085847.41","-1445171134.28","-1803381266.41","-2124739660.04","-2470181990.21828","-2586682904.31974","-3116688157.92078","-4116249415.96498","-1887522257.75011","","",
"Ghana","GHA","Customs and other import duties (current LCU)","GC.TAX.IMPT.CN","","","","","","","","","","","","","","","","","","","","","","","","","","","","","","","6314100","7925400","8658200","13265300","","","","","","","","105990200","131599100","236718483","282305591","347930658","416979432","773830906","1155051920","1064368293","1437914725","2145534580","1886910528.22132","2230964340.8777","2772673539.23277","3078350198.26901","4121915234.22274","5484661244.38076","6102117561.943","5410014396.93","5513806052.504","6944850258.44","9848223489.2976","13933200000","","",
"Ghana","GHA","Taxes on exports (% of tax revenue)","GC.TAX.EXPT.ZS","","","","","","","","","","","","","","","","","","","","","","","","","","","","","","","12.3745316988123","11.3171577665572","6.7454743035861","7.02108604110364","","","","","","","","4.58268224670871","4.31543364105742","6.48249167017615","5.67303067397604","3.05957242355079","5.21182721352412","1.04329698255425","0.953832528106363","0.363074489551438","1.53558686185662","0.0562292515446446","0.891343448889314","0.752782830066773","1.78405230601294","1.72722849950151","1.10580568975176","","","","","","","","","",
"Ghana","GHA","Social contributions (% of revenue)","GC.REV.SOCL.ZS","","","","","","","","","","","","","","","","","","","","","","","","","","","","","","","","","","","","","","","","","","","","","","","","","","","","0.60694679323919","","","","","","","","","","","","","","",
"Ghana","GHA","Net lending (+) / net borrowing (-) (% of GDP)","GC.NLD.TOTL.GD.ZS","","","","","","","","","","","","","","","","","","","","","","","","","","","","","","","","","","","","","","","","","","-6.50663371043874","-5.02091400270149","-3.62242860619399","-1.35987790893516","-1.4088851418043","-4.11539442293355","-4.68737873010509","-5.87382892671157","-5.64658939036208","-7.19989336455137","-3.91787637176462","-10.2915752671024","-8.30989232574204","-7.31682365346228","-5.25639203785551","-7.1076598164043","-4.65989761399774","-3.70030820085439","-4.26496796296645","-10.8983881246895","-9.24339205150104","-9.98846220486602","-1.7008328182641","","",
"Ghana","GHA","Net incurrence of liabilities, total (% of GDP)","GC.LBL.TOTL.GD.ZS","","","","","","","","","","","","","","","","","","","","","","","","","","","","","","","","","","","","","","","","","","","","2.94132935395275","1.91250519634323","0.795189079259064","4.20878872396491","4.49334163791474","6.31347362127293","5.45805218824233","6.31244269415938","3.79882816397021","11.5719282072323","7.59546288844701","7.27900455887408","4.77335951921419","6.34008371364289","4.65937002154481","3.78263943933796","4.73765672677365","11.4552718803467","9.17373303638425","10.6059673687214","3.15256087219227","","",
"Ghana","GHA","Net acquisition of financial assets (% of GDP)","GC.AST.TOTL.GD.ZS","","","","","","","","","","","","","","","","","","","","","","","","","","","","","","","","","","","","","","","","","","","","-0.681099252241236","0.55262728740807","-0.613696062545239","0.0933943010313586","-0.194037092190346","0.439715589173493","-0.18853699445581","-0.88745067039199","-0.119048207794405","","","","","","","","","","","","","","",
"Ghana","GHA","Account ownership at a financial institution or with a mobile-money-service provider, young adults (% of population ages 15-24)","FX.OWN.TOTL.YG.ZS","","","","","","","","","","","","","","","","","","","","","","","","","","","","","","","","","","","","","","","","","","","","","","","","","","","","26.539920464788","","","36.4241958681355","","","48.4647905443261","","","","65.2242917388021","","","79.9671595325983","",
"Ghana","GHA","Account ownership at a financial institution or with a mobile-money-service provider, male (% of population ages 15+)","FX.OWN.TOTL.MA.ZS","","","","","","","","","","","","","","","","","","","","","","","","","","","","","","","","","","","","","","","","","","","","","","","","","","","","31.845334833461","","","41.6712364032671","","","61.7916792423948","","","","74.1799682116512","","","84.4194236475985","",
"Ghana","GHA","Domestic credit to private sector (% of GDP)","FS.AST.PRVT.GD.ZS","4.56846950517837","5.82795698924731","6.18034447821682","7.58181818181818","6.957928802589","8.51978171896316","8.45191040843215","7.56648936170213","8.65882352941176","9.2103948025987","8.2514386896857","12.584","10.0603907637655","5.34333047700657","5.67682403433476","5.78440280143858","5.90269690468894","5.01836423900385","3.52115696178405","2.8188647154702","2.19261644730701","1.84738248010354","1.80235046442493","1.54226844456036","2.20940933837471","3.10839882465428","3.62810988808998","3.15415549597855","3.13928135190773","5.84456546435471","4.92869864550594","3.65734044783811","4.9419292690541","4.83817566695075","5.25003266090298","5.07356450843041","6.00507906550134","8.19509402411892","9.3588471656594","12.5620832397761","13.971491324036","11.8843912608955","12.1495373048323","12.493048761649","13.1724893671741","15.5440688136274","10.8575870160572","14.4884302260337","12.6134904703492","17.7369732584538","16.6607748086712","17.1952826473503","18.0717128637123","15.2923716479322","16.5048906269026","17.9335670472186","17.4356386560413","16.0995201444141","13.7141432192203","13.9372113856401","13.058528858537","13.0544311231372","13.2885237876886","9.44619497401401","8.92435396216065","",
"Ghana","GHA","Risk premium on lending (lending rate minus treasury bill rate, %)","FR.INR.RISK","","","","","","","","","","","","","","","","","","","","","","","","","","","","","","","","","","","","","","","","","","","","","","","","","","","","","","","","","","","","","","","","","","",
"Ghana","GHA","Deposit interest rate (%)","FR.INR.DPST","","","","","","","","","","","","","","","","","","","11.5","11.5","11.5","11.5","11.5","11.5","15","15.75","17","17.5833333333333","16.5","15.5","","21.3233333333333","16.3233333333333","23.6291666666667","23.1466666666667","28.7341666666667","34.4975","35.7591666666667","32.0491666666667","23.5625","28.6041666666667","30.8541666666667","16.2083333333333","14.3233333333333","13.625","10.1625","8.88541666666667","8.89583333333333","11.285","17.0641666666667","12.8783333333333","8.90833333333333","10.05","12.35","12.9041666666667","13.3391666666667","13.0416666666667","14.0625","12.0833333333333","11.5","11.5","11.5","12.0520833333333","11.4166666666667","","",
"Ghana","GHA","Broad money growth (annual %)","FM.LBL.BMNY.ZG","","8.81801125703565","15.1724137931034","7.28542914171657","37.1162790697674","1.93351424694708","4.92512479201331","1.2337456390739","10.1945549672609","10.4455121826401","9.95186243467964","11.1254184908576","40.6636468977141","18.8494143725848","26.6562488185404","37.9172761012109","37.0692080715095","60.3032743311596","68.5298704709996","15.7667407648412","33.8001147740449","51.3174560250549","23.3460259987681","40.2059271269466","53.6239490749553","46.1664090707148","47.9352712016782","53.3299378982643","46.2772482778145","54.6674408102703","13.3013555787278","39.0778235900456","52.2838288895183","33.5006446907483","52.5695180526964","43.1718945131123","39.1983548906241","44.0871618701727","17.4893122804785","25.4171404865604","54.2441562068798","56.5342181125258","39.2141694378057","23.2408348630501","27.2751758721829","19.467508436325","39.3405151334715","36.8344989637411","39.1781719013763","24.7390650635889","31.9177315237162","33.9949504391736","25.1392334638315","19.5005541805707","37.2926416981227","25.5740170073904","22.4990133892161","16.06563109197","15.760909546432","21.3545895341093","28.3611516144566","21.3034532185182","32.0270997817716","37.4107089233848","32.9760030585704","",
"Ghana","GHA","Claims on private sector (annual growth as % of broad money)","FM.AST.PRVT.ZG.M3","","9.06816760475297","3.90804597701149","11.1776447105788","1.2093023255814","13.1953867028494","1.13144758735441","-4.5987947986045","10.4639869670102","10.5478634179626","0.540582284346282","30.0142813663288","-6.61540082165806","-14.3980469101039","9.76295194767552","4.08445519039233","5.74413286102835","9.21033932829104","5.8690263162215","1.10251070072455","2.42405475496078","5.05751174447051","1.79933286619005","8.62719965928151","15.089486039255","14.6595040391462","16.8898497367182","7.20001041781214","8.93649145984713","32.1463131410877","4.93847758081335","-2.16720659696657","13.1641833712291","8.48629601960388","11.1874676696933","10.2425721205911","17.1431364367885","20.3700691996183","13.7328947569866","24.4483865091522","24.3706166647098","9.55647154670498","11.7950233090494","13.972231199894","10.9941229341453","17.5777133456694","18.0361749873355","29.4050158439266","7.58841207761965","32.3950020881621","11.4112628401329","19.1725276764056","18.1970015122809","23.7231991053679","26.1837730221765","17.9174348798271","11.409152067594","6.96830750780782","0.0162816531298131","9.50763137482177","1.58277713191975","7.52569238508828","14.5816214219386","1.1487660927282","8.16325179396597","",
"Ghana","GHA","Claims on other sectors of the domestic economy (annual growth as % of broad money)","FM.AST.DOMO.ZG.M3","","","","","","","","","","","","","","","","","","","","","","","","","","","","","","","","","","","","","","","","","","","7.49081121125149","15.3956703049234","3.43946506396552","23.2029457057344","20.6175705515652","35.7731860284884","7.25383215131081","40.4206156956689","13.0169274368762","18.3191825601712","24.6029036231288","30.0981630906266","30.6048489252738","20.9727264272938","12.0606946028661","23.7006558806816","-8.52427289718822","7.84015504718296","4.14600439774841","8.77025309856618","15.3200745240955","0.108290375073921","8.19232631756996","",
"Ghana","GHA","Total reserves (% of total external debt)","FI.RES.TOTL.DT.ZS","","","","","","","","","","","","7.94492584014388","17.288104273456","25.6520357843513","13.8801912002973","20.4214929614835","15.9419232504198","17.0240687527929","25.5471419855501","31.2985208942263","23.569080692314","17.4434529853962","21.1785083359975","17.4834060467473","22.2717403986342","24.4665003322005","22.551398196143","10.0098239746012","9.91175426893836","12.8122542852789","7.9700862462634","14.7095431785805","9.12931396344639","10.5794681488563","12.6028239652544","13.5419669284502","14.4384615181331","9.73053524606934","6.55322021386097","7.52781665980326","4.5808282275235","5.47932708733893","8.32506879042916","17.7094465886763","24.1550830330168","23.4436293829066","37.4426444714508","26.6903335506933","20.0242024793272","28.4806289961588","28.6808407522775","27.7400934400547","25.203835852371","19.6002334524153","19.5099774614687","18.3432463946771","16.8290270210254","20.8005425603772","17.9337863626706","23.139465185671","19.5657819737534","21.288101163547","11.9372038402218","8.69027246258012","11.9537693758777","",
"Ghana","GHA","Depositors with commercial banks (per 1,000 adults)","FB.CBK.DPTR.P3","","","","","","","","","","","","","","","","","","","","","","","","","","","","","","","","","","","","","","","","","","","","","","180.36343825154","211.098956115913","222.290558583634","249.518136546695","274.234569335299","286.001195259803","350.293930960142","461.092518358664","462.337411407576","507.99473354235","603.525991339042","561.304065102287","633.657173658013","748.471937045784","791.876269168616","787.511254305613","741.658923411981","882.820352449894","755.031372349631","786.17289821189","",
"Ghana","GHA","Automated teller machines (ATMs) (per 100,000 adults)","FB.ATM.TOTL.P5","","","","","","","","","","","","","","","","","","","","","","","","","","","","","","","","","","","","","","","","","","","","","","","","","3.87816215556485","3.92107679081679","3.97236869478612","4.11008537804538","5.52262112932805","8.18862497632975","8.24192983863188","10.3281059106429","11.2784312404121","11.6476070065484","11.884255023334","11.5088815985451","11.8286869824321","11.7502836728931","11.3598329298897","11.2456801000831","10.9656943799015","",
"Ghana","GHA","Terrestrial protected areas (% of total land area)","ER.LND.PTLD.ZS","","","","","","","","","","","","","","","","","","","","","","","","","","","","","","","","","","","","","","","","","","","","","","","","","","","","","","15.1","15.1","15.1","15.1","15.1","15","15","14.8","14.8","14.8","14.8","14.8","15.3",
"Ghana","GHA","Annual freshwater withdrawals, total (billion cubic meters)","ER.H2O.FWTL.K3","","","","","","","","","","","0.3","0.322733333","0.345466667","0.3682","0.390933333","0.413666667","0.4364","0.459133333","0.481866667","0.5046","0.527333333","0.550066667","0.5728","0.595533333","0.618266667","0.641","0.663733333","0.686466667","0.7092","0.731933333","0.754666667","0.7774","0.800133333","0.822866667","0.8456","0.868333333","0.891066667","0.9138","0.936533333","0.959266667","0.982","1.009125","1.03625","1.063375","1.0905","1.117625","1.14475","1.171875","1.199","1.226125","1.25325","1.283375","1.3155","1.337625","1.36095","1.438475","1.4486","1.4486","1.4486","1.4486","1.4486","1.4486","1.4486","","","",
"Ghana","GHA","Annual freshwater withdrawals, agriculture (% of total freshwater withdrawal)","ER.H2O.FWAG.ZS","","","","","","","","","","","52","53.46002892","54.72790428","55.83921782","56.8212824","57.69540693","58.47846013","59.1839698","59.8229109","60.40428062","60.93552465","61.42285784","61.87150838","62.28590619","62.66982963","63.02652106","63.35877863","63.66902981","63.95939086","64.23171509","64.48763251","64.72858245","64.95584069","65.17054201","65.37369915","65.56621881","65.74891516","65.92252134","66.08769932","66.2450483","66.39511202","67.19930633","67.96139928","68.68461267","69.37184778","70.02572419","70.64861323","71.24266667","71.80984153","72.3519217","72.8705366","73.19567547","73.39414671","74.13325857","74.78232117","72.56817115","73.0574901","73.0574901","73.0574901","73.0574901","73.0574901","73.0574901","73.0574901","","","",
"Ghana","GHA","Aquaculture production (metric tons)","ER.FSH.AQUA.MT","0","0","0","0","0","0","4","10","20","46","94","122","142","168","181","199","219","238","256","273","289","306","329","353","450","357","359","386","427","330","360","410","430","465","500","550","550","400","1800","2900","5000","6000","6000","938","950","1154","2270","3820","5594","7154","10200","19092","27450","32513","38545","44610","52480","57415","76630","52360","64010","89380","92135","116110","121810","",
"Ghana","GHA","Population in largest city","EN.URB.LCTY","392582","411843","432079","453309","475613","498949","523464","549184","576206","604477","630670","650771","671541","692914","714998","737787","761334","785565","810602","836438","863134","890605","918990","948279","979183","1012501","1047000","1082675","1119617","1157713","1197161","1237952","1280192","1323752","1368857","1415498","1463797","1513604","1565177","1618508","1668240","1703765","1740097","1777203","1815154","1853807","1893339","1933713","1975006","2017063","2060076","2118385","2233146","2354124","2481656","2616097","2757821","2907222","3064718","3205586","3348062","3490030","3630326","3768239","3903481","4036227",
"Ghana","GHA","Rural population living in areas where elevation is below 5 meters (% of total population)","EN.POP.EL5M.RU.ZS","","","","","","","","","","","","","","","","","","","","","","","","","","","","","","","1.28032821950541","","","","","","","","","","1.05545129975053","","","","","","","","","","","","","","","0.713151282968126","","","","","","","","","","",
"Ghana","GHA","Total greenhouse gas emissions excluding LULUCF (% change from 1990)","EN.GHG.TOT.ZG.AR5","","","","","","","","","","","","","","","","","","","","","","","","","","","","","","","","2.2007924762496","7.41013032892537","10.5370697474579","14.381056953263","18.3004726213778","24.7500835441829","28.1500930920896","44.6937508951162","53.5121974507089","48.3801976416671","54.2502506325488","67.4884231632215","64.3252016995274","63.4582517782976","70.6841075094286","89.2366448656132","94.5242755525851","110.410082589392","121.065546378956","133.911299947487","162.779395617511","189.910727073089","210.025301952547","211.888098534396","224.246908865231","230.650689836253","266.946102067122","286.284432138254","307.645008831814","336.339332601327","344.261230725164","347.96772807562","347.056857783931","359.196066262472","",
"Ghana","GHA","Nitrous oxide (N2O) emissions from Power Industry (Energy) (Mt CO2e)","EN.GHG.N2O.PI.MT.CE.AR5","","","","","","","","","","","0.0001","0.0001","0.0001","0.0001","0.0001","0.0001","0.0001","0.0001","0.0001","0.0001","0.0001","0.0001","0.0001","0","0.0001","0.0001","0.0001","0","0","0","0","0","0","0","0","0","0","0.0001","0.0025","0.0023","0.001","0.0019","0.0041","0.0036","0.0011","0.0022","0.0051","0.0055","0.0039","0.0037","0.0052","0.0026","0.0053","0.0066","0.0049","0.003","0.0066","0.007","0.0058","0.0053","0.0039","0.0037","0.0037","0.0036","0.0039","",
"Ghana","GHA","Nitrous oxide (N2O) emissions from Fugitive Emissions (Energy) (Mt CO2e)","EN.GHG.N2O.FE.MT.CE.AR5","","","","","","","","","","","0.0066","0.0066","0.0065","0.0065","0.0082","0.0084","0.0086","0.0088","0.009","0.0092","0.0094","0.0095","0.0097","0.0098","0.0107","0.0113","0.0118","0.0124","0.0129","0.0135","0.0134","0.0149","0.0157","0.0166","0.0175","0.018","0.0184","0.0188","0.0193","0.0197","0.0242","0.0249","0.0257","0.0264","0.0274","0.0281","0.029","0.0297","0.0409","0.0417","0.0417","0.0458","0.0459","0.0498","0.0542","0.0542","0.0543","0.0604","0.0579","0.0553","0.0543","0.051","0.0579","0.0593","0.0586","",
"Ghana","GHA","Carbon dioxide (CO2) emissions (total) excluding LULUCF (% change from 1990)","EN.GHG.CO2.ZG.AR5","","","","","","","","","","","","","","","","","","","","","","","","","","","","","","","","-7.28497971958737","9.45993420842515","12.9251700680272","20.2037622560761","29.1654690045032","40.2254798633068","47.4689406278944","100.252307495768","118.539810290313","92.1752738654147","107.709750566893","145.290792373287","130.216217942576","114.518859186867","126.942608029127","175.963718820862","191.351282296956","176.305451758168","216.760882756859","255.402254798633","283.002778576219","362.316757688991","391.766471846955","373.801539395101","398.565999169621","412.280029382645","454.836958257481","508.619973811121","547.587109961355","632.835105873335","682.204337133914","659.726613650155","641.739324837916","671.9651240778","",
"Ghana","GHA","Carbon intensity of GDP (kg CO2e per constant 2015 US$ of GDP)","EN.GHG.CO2.RT.GDP.KD","","","","","","","","","","","0.228007421006429","0.220373220855869","0.236611091122158","0.234998139066375","0.234395123050909","0.284950564254319","0.302093632389604","0.304886700707477","0.273345503158732","0.248661181732278","0.250133070998524","0.308981004399765","0.285847223443065","0.18922763193646","0.201800730491458","0.224681745781855","0.231603697773044","0.235640029563306","0.234267939379232","0.248723881364633","0.237644762818026","0.209278654806407","0.23784854988451","0.234027903121939","0.241154088067758","0.248897454927803","0.258320612900399","0.26072348411173","0.338149552596312","0.353477165926251","0.299743348409388","0.311512580332939","0.35203323250746","0.314067206692426","0.277132996476282","0.276848914203958","0.31640074731659","0.320127682806066","0.278145995155626","0.304137031334243","0.316255182783585","0.298837476946149","0.330051158705192","0.327152413053391","0.306448171807566","0.315768780192239","0.313866439531295","0.31438446153693","0.324725995830425","0.324405150397993","0.365232576021226","0.371003494888257","0.347134259228016","0.328597254985077","0.32309469765276","",
"Ghana","GHA","Carbon dioxide (CO2) net fluxes from LULUCF - Organic Soil (Mt CO2e)","EN.GHG.CO2.LU.OS.MT.CE.AR5","","","","","","","","","","","","","","","","","","","","","","","","","","","","","","","","","","","","","","","","","0","0","0","0","0","0","0","0","0","0","0","0","0","0","0","0","0","0","0","0","0","","","","","",
"Ghana","GHA","Carbon dioxide (CO2) net fluxes from LULUCF - Deforestation (Mt CO2e)","EN.GHG.CO2.LU.DF.MT.CE.AR5","","","","","","","","","","","","","","","","","","","","","","","","","","","","","","","","","","","","","","","","","13.3303","13.3303","13.3303","13.3303","13.3303","13.3303","13.3303","13.3303","13.3303","13.3303","13.3303","13.3303","13.3303","13.3303","13.3303","13.3303","13.3303","13.3303","13.3303","13.3303","13.3303","13.3303","13.3303","13.3303","","",
"Ghana","GHA","Carbon dioxide (CO2) emissions from Building (Energy) (Mt CO2e)","EN.GHG.CO2.BU.MT.CE.AR5","","","","","","","","","","","0.3828","0.3828","0.4236","0.4395","0.458","0.4579","0.4675","0.5305","0.5966","0.5553","0.4201","0.6231","0.5723","0.2945","0.3987","0.5345","0.5223","0.5914","0.5788","0.6198","0.5599","0.4114","0.4714","0.4804","0.5494","0.6219","0.7004","0.7324","0.86","0.914","0.7857","0.9152","0.4793","0.6601","0.6925","0.6506","0.6376","0.8561","0.6757","1.1255","0.8287","1.0191","1.1656","1.0579","0.8393","0.9404","0.9365","0.9552","0.9622","0.9965","1.1147","1.1645","0.7644","0.731","0.7595","",
"Ghana","GHA","Methane (CH4) emissions from Transport (Energy) (Mt CO2e)","EN.GHG.CH4.TR.MT.CE.AR5","","","","","","","","","","","0.0084","0.0083","0.0079","0.0085","0.0089","0.0096","0.0101","0.0106","0.0105","0.0089","0.0098","0.011","0.0101","0.0077","0.0073","0.0091","0.0099","0.0105","0.0112","0.0132","0.0129","0.0121","0.0141","0.0142","0.0141","0.0153","0.0162","0.0167","0.0189","0.0207","0.0208","0.0212","0.0233","0.0205","0.0243","0.0233","0.0224","0.0245","0.0252","0.0323","0.0334","0.0366","0.0435","0.0477","0.0472","0.0504","0.0472","0.048","0.0556","0.0592","0.0662","0.0731","0.069","0.0659","0.0685","",
"Ghana","GHA","Methane (CH4) emissions from Industrial Combustion (Energy) (Mt CO2e)","EN.GHG.CH4.IC.MT.CE.AR5","","","","","","","","","","","0.0056","0.0056","0.0064","0.0073","0.0075","0.0077","0.008","0.0084","0.0084","0.0085","0.0088","0.0089","0.0088","0.0089","0.009","0.009","0.0093","0.0096","0.0099","0.0102","0.0104","0.0107","0.011","0.0112","0.0116","0.0119","0.0122","0.0125","0.0129","0.0133","0.0248","0.0243","0.0223","0.021","0.0196","0.0183","0.0172","0.0163","0.0157","0.0154","0.0151","0.0157","0.0365","0.0439","0.0169","0.017","0.0168","0.0122","0.0134","0.013","0.0129","0.0116","0.0124","0.0126","0.0127","",
"Ghana","GHA","Total greenhouse gas emissions excluding LULUCF per capita (t CO2e/capita)","EN.GHG.ALL.PC.CE.AR5","","","","","","","","","","","0.766899328946282","0.756309975388677","0.779651854747103","0.771744269485869","0.809967638692496","0.79537157815756","0.784348111211484","0.777721804079245","0.737550506958737","0.72265376591271","0.705241106438683","0.736403849886726","0.708907648867799","0.57195654649836","0.59248694335852","0.626751809811548","0.658335634884871","0.67491266774665","0.673846491882523","0.703627079247273","0.680333840695805","0.678004922376544","0.695069557311449","0.697856279015685","0.704970638238024","0.71212069049648","0.733608490559416","0.735886337366422","0.810919884786181","0.839593430010782","0.791390291238206","0.80107823303426","0.846233376499103","0.808134403890179","0.782859278760515","0.796305012178924","0.860203825386918","0.861740105511825","0.908756662798342","0.931247753659865","0.961676341840302","1.05468891310119","1.1357632832887","1.18565220072757","1.16489819836192","1.18343739637082","1.17965065741968","1.28071336401857","1.3205185722047","1.36583944211809","1.43314957763326","1.43086132225908","1.41535747279448","1.38577658271535","1.39696522079759","",
"Ghana","GHA","Net official flows from UN agencies, SPRP (current US$)","DT.NFL.SPRP.CD","","","","","","","","","","","","","","","","","","","","","","","","","","","","","","","","","","","","","","","","","","","","","","","","","","","","","","","","","","","","","","533999.979496002","225391.998887062","49607.9996228218","","",
"Ghana","GHA","PPG, private creditors (NFL, US$)","DT.NFL.PRVT.CD","","","","","","","","","","","-1604000","-1874000","-2676000","-1354000","15867000","-16607000","-8132000","22065000","16141000","-5883000","-41747000","-2755000","14180000","24519000","3272000","26079000","79859000","5338000","-19313000","-61901000","-19776000","33721000","44077000","22843000","63063000","98198000","35093000","88425000","57845000","-48103000","5210000","196347000","-1203000","-28771000","30398000","15243000","-1327000","55190000","82715000","189293000","220083000","392351000","150286000","1583661000","1493045000","1508233000","1233241000","-193972000","1069240000","2614585000","2639682000","3508687000","329377000","157800000","-13918000","",
"Ghana","GHA","Commercial banks and other lending (PPG + PNG) (NFL, current US$)","DT.NFL.PCBO.CD","","","","","","","","","","","","-1874000","-2676000","-1354000","15867000","-16607000","-8132000","22065000","16141000","","-41747000","","","","","","77359000","5239000","-16980000","-60901000","-19776000","34720000","45077000","24842000","58063000","93198000","29093000","84425000","53844000","-51103000","2210000","194348000","-3204000","-30770000","29398000","765243000","1600415000","1695626000","1398620000","1176369000","3481121000","1657648000","571592000","2159648000","-1096976000","1065621000","3286883000","-3511699000","816832000","-6466649000","3001104000","3007252000","-2855608000","-2279747000","-1083304000","",
"Ghana","GHA","IFC, private nonguaranteed (NFL, US$)","DT.NFL.NIFC.CD","","","","","","","","","","","0","0","0","0","0","0","0","0","0","0","0","0","0","0","0","0","0","0","0","0","0","0","0","0","0","0","0","0","0","0","0","-621600","-190900","-2978500","2223600","17937500","-1000000","-7439298.28","64844423.25","183597454.91","12716059.87","86480722.05","-69961316.67","46347376","-51030640","13308616","10141807","102569090","150149614","-70185308","-35245784","-60429852","-81453641","-64113270.83","-35100864.17","",
"Ghana","GHA","Net financial flows, IBRD (NFL, current US$)","DT.NFL.MIBR.CD","","","","","","","","","","","-1376000","1173000","350000","-682000","-1907000","-2018000","-1446000","4406000","23489000","26821000","21293000","14619000","2297000","-3368000","-2144000","-1777000","-8823000","-11415000","-11172000","-9078000","-10378000","-11696000","-12148000","-13043000","-13429000","-15004000","-10014000","-10906000","-4120000","-7682000","-8110000","-3332000","-1178000","-1926000","-1607000","-2249000","","","","","","","","","","","","","","","","","","","","",
"Ghana","GHA","Net official flows from UN agencies, IFAD (current US$)","DT.NFL.IFAD.CD","","","","","","","","","","","","","","","","","","","","","","100000.001490116","1059999.94277954","360000.014305115","270000.010728836","1789999.96185303","2349999.90463257","4230000.01907349","3210000.03814697","180000.007152557","1350000.02384186","1789999.96185303","1950000.04768372","2910000.08583069","2400000.09536743","6510000.22888184","6869999.88555908","3289999.96185303","3180000.0667572","3140000.10490417","5260000.22888184","2880000.11444092","5489999.77111816","6300000.19073486","7690000.05722046","4230000.01907349","3569999.9332428","2900000.09536743","3109999.89509583","5260000.22888184","8260000.22888184","4940000.05722046","12640000.3433228","5389999.8664856","6960000.03814697","10155226.7074585","4831745.14770508","835210.978984833","6352818.96591187","5763947.01004028","19518726.348877","22445999.1455078","15844730.3771973","1064900.04062653","","",
"Ghana","GHA","Net official flows from UN agencies, CERF (current US$)","DT.NFL.CERF.CD","","","","","","","","","","","","","","","","","","","","","","","","","","","","","","","","","","","","","","","","","","","","","","","","","","","","","","","","","","","","","","","","","","",
"Ghana","GHA","Present value of external debt (% of exports of goods, services and primary income)","DT.DOD.PVLX.EX.ZS","","","","","","","","","","","","","","","","","","","","","","","","","","","","","","","","","","","","","","","","","","","","","","","","","","","","","","","","","","","","","","","","","81.5372777629075","",
"Ghana","GHA","PPG, IBRD (DOD, current US$)","DT.DOD.MIBR.CD","","","","","","","","","","","42735000","43908000","44258000","43576000","41669000","39651000","38205000","42611000","66100000","92922000","114215000","128834000","131130000","127762000","101405000","118353000","133918000","151079000","127839000","114000000","113035000","102892000","87222000","76881000","69460000","59346000","44175000","29949000","27254000","18207000","9395000","5620000","5177000","3891000","2466000","0","","","","","","","","","","","","","","","","","","","","",
"Ghana","GHA","External debt stocks, short-term (DOD, current US$)","DT.DOD.DSTC.CD","","","","","","","","","","","5086059.6","5317071.5","16269338.1","25647967.4","9142844","5811203.7","3072227.3","224279288.5","366771579","203747932.4","130783523.3","286208991.6","207841790.4","92818283.6","242672204.1","190357573.6","189030268.4","121567064.2","78212531.3","204715099.3","320065160.3","393466789.9","414377141.1","473768909.5","579993146.7","621212082.5","653693867.4","677396522.6","721487529.9","718129386","529698483.7","458722032.6","636974456.3","757200701.5","550577521.3","771822630.6","1181714550.2","1219362663.6","1126524744.2","1511142415.3","2091930760.7","2694872068.3","2607896463.6","3650732161.3","3062108983.3","3304142361.5","2791316407.5","3332778479.1","3652430778.1","4640718358.3","5172874674.3","5141865272.8","4653096930.9","3761315244.7","2619647898.2","",
"Ghana","GHA","Use of IMF credit (DOD, current US$)","DT.DOD.DIMF.CD","","","","","","","","","","","46070000","19879167","1856547","0","0","45189020","44846638","46887806","44855059.7","108654695.7","105227014.5","85188645.6","75409368.7","331359719","514700107.9","700778189.7","785596904.8","866709047.1","762150652","737372547.7","744603172.1","834115234.4","739520375","738017882.8","700294402.3","648472348.4","542612778.8","346735651.4","333570763","396405583.1","374561869.7","362750087.6","449005951.4","546685391.1","566277142.3","506993512.9","253390605.2","266166248.3","259432296.9","826123368.5","937059862.6","1100924579.6","1252802691.8","1222834148.2","1119866883.8","1241945787.5","1365775195.4","1465019702.9","1507700117.5","1575603914.5","2611634488.7","3411399411.9","3123720560","3630001073.4","4663101597.3","",
"Ghana","GHA","Net ODA provided, total (% of GNI)","DC.ODA.TOTL.GN.ZS","","","","","","","","","","","","","","","","","","","","","","","","","","","","","","","","","","","","","","","","","","","","","","","","","","","","","","","","","","","","","","","","","","",
"Ghana","GHA","Net bilateral aid flows from DAC donors, United States (current US$)","DC.DAC.USAL.CD","2000000","2000000","2000000","13000000","8000000","33159999.8474121","39279998.7792969","23479999.5422363","23389999.3896484","31000000","23000000","17000000","20000000","12000000","1000000","4000000","12000000","14000000","8000000","22000000","19000000","22000000","11000000","7000000","18000000","11000000","8000000","5000000","6000000","23000000","13000000","25000000","27000000","46000000","53000000","54000000","30000000","44000000","34310001.373291","40880001.0681152","63340000.1525879","53520000.4577637","68870002.746582","83930000.3051758","80410003.6621094","66900001.5258789","68419998.1689453","70660003.6621094","79529998.7792969","150539993.286133","205710006.713867","303899993.896484","211250000","113680000.305176","139160003.662109","184977157.592773","227147827.148438","231909683.227539","217979736.328125","197770172.119141","205510437.011719","240641616.821289","161283767.700195","196889007.568359","","",
"Ghana","GHA","Net bilateral aid flows from DAC donors, Slovak Republic (current US$)","DC.DAC.SVKL.CD","","","","","","","","","","","","","","","","","","","","","","","","","","","","","","","","","","","","","","","","","","","","","","","","","","","","","","","","","","","","","","5439.99997898936","","","","",
"Ghana","GHA","Net bilateral aid flows from DAC donors, Norway (current US$)","DC.DAC.NORL.CD","","","","","19999.9995529652","70000.0002980232","109999.999403954","","29999.9993294477","360000.014305115","180000.007152557","119999.997317791","409999.996423721","649999.976158142","200000.002980232","1129999.99523163","460000.00834465","460000.00834465","389999.985694885","680000.007152557","1149999.97615814","200000.002980232","209999.993443489","1429999.94754791","409999.996423721","449999.988079071","490000.009536743","4110000.1335144","910000.026226044","500000","639999.985694885","12750000","1610000.01430511","629999.995231628","610000.014305115","439999.997615814","1580000.04291534","1129999.99523163","1110000.01430511","759999.990463257","3220000.02861023","540000.021457672","699999.988079071","610000.014305115","1730000.01907349","1090000.0333786","1019999.98092651","1210000.03814697","990000.009536743","2460000.03814697","3640000.10490417","8050000.19073486","8268796.92077637","6563107.96737671","6494785.78567505","4099726.20010376","3356012.10594177","2784033.06007385","4144200.80184937","3973373.8899231","2585871.93489075","5996463.77563477","9390210.15167236","14307575.2258301","","",
"Ghana","GHA","Imports of goods and services (BoP, current US$)","BM.GSR.GNFS.CD","","","","","","","","","","","","","","","","881570065.989136","950526966.989074","1121222530.20362","1072880070.44458","1064036735.99997","1178200000","1249600000","816900000","634400000","696000000","836400000","975850000","1200800000","1261400000","1287500000","1505500000","1655052000","1881800000","2173300000","2000700000","2119500000","2375450000","2612424000","3651030000","3925900000","3350218269.3024","3574530520.252","3327931570.4832","4154808293.04413","5379065835","6620400643.34791","8286494097.47712","10064704686.5834","12566563450.9385","10989380000","13925330000","19504161764.5043","21999098458.7098","22498043086.7668","19247099152.6333","20773843264.3279","20536466613.278","22122770000","23220558304.6924","26908258729.5311","24545371205.6497","25084820753.717","25534619271.6161","25158822011.8003","26886230618.1891","32091300013.3669",
"Ghana","GHA","Cereal yield (kg per hectare)","AG.YLD.CREL.KG","","816.4","809.6","788.2","777.6","809.2","1088.7","916.1","859.3","824.8","858.2","860.7","867.1","863.7","957.1","834.3","816.7","832","837.2","844.2","717.8","860","764","517.4","840.1","890.7","984.8","938.6","1095.8","1012.9","989.2","1220.8","1042.1","1340.2","1327.5","1354.1","1389.2","1321.7","1333.8","1297","1309.2","1186.1","1349","1396.4","1373.3","1432.3","1334.5","1317","1598.1","1659.8","1814.3","1594.2","1768.1","1688.8","1703.4","1830.3","1842.4","1930.7","2172.6","2346.2","2410.8","2360.5","2433.8","2687.6","","",
"Ghana","GHA","Crop production index (2014-2016 = 100)","AG.PRD.CROP.XD","","18.41","18.65","19.01","21.54","19.36","19.97","21.5","20.69","22.35","23.83","24.79","24.18","24.77","28.15","26.14","22.94","19.64","19.4","20.16","19.99","19.59","17.93","17.78","23.15","22.92","24.86","25.21","26.36","28.91","23.28","34.69","34.33","37.23","36.01","41.75","45.76","44.48","48.63","51.43","51.53","53.67","59.72","62.29","64.91","66.73","68.47","66.27","74.55","82.22","83.88","87.35","92.32","94.97","99.33","99.62","101.05","108.02","113.29","119.88","123.03","131.73","137.06","","","",
"Ghana","GHA","Land area (sq. km)","AG.LND.TOTL.K2","","227540","227540","227540","227540","227540","227540","227540","227540","227540","227540","227540","227540","227540","227540","227540","227540","227540","227540","227540","227540","227540","227540","227540","227540","227540","227540","227540","227540","227540","227540","227540","227540","227540","227540","227540","227540","227540","227540","227540","227540","227540","227540","227540","227540","227540","227540","227540","227540","227540","227540","227540","227540","227540","227540","227540","227540","227540","227540","227533","227530","227533","227533","227533","","",
"Ghana","GHA","Forest area (sq. km)","AG.LND.FRST.K2","","","","","","","","","","","","","","","","","","","","","","","","","","","","","","","99242.6","98166.95","97091.3","96015.65","94940","93864.35","92788.7","91713.05","90637.4","89561.75","88486.1","87580.42","86674.74","85769.06","84863.38","83957.7","83052.02","82146.34","81240.66","80334.98","79429.3","79304.32","79179.34","79054.36","78929.38","78804.4","79222.4","79640.4","79712.6","79784.8","79857.1","79929.333","80001.611","80073.859","","",
"Ghana","GHA","Rural land area where elevation is below 5 meters (% of total land area)","AG.LND.EL5M.RU.ZS","","","","","","","","","","","","","","","","","","","","","","","","","","","","","","","0.652503296551937","","","","","","","","","","0.639042205779642","","","","","","","","","","","","","","","0.60508401300893","","","","","","","","","","",
"Ghana","GHA","Arable land (% of land area)","AG.LND.ARBL.ZS","","7.47121385250945","7.47121385250945","7.47121385250945","7.47121385250945","7.47121385250945","7.47121385250945","7.47121385250945","7.47121385250945","7.47121385250945","7.47121385250945","7.47121385250945","7.47121385250945","7.47121385250945","7.47121385250945","7.91069702030412","7.91069702030412","7.91069702030412","8.3501801880988","8.3501801880988","8.3501801880988","8.3501801880988","9.22914652368814","9.22914652368814","10.1081128592775","10.5475960270722","10.5475960270722","10.9870791948668","11.4265623626615","11.4265623626615","11.8660455304562","12.3055286982509","12.3055286982509","12.3055286982509","12.3055286982509","13.1844950338402","14.0634613694296","15.8213940406082","16.0334732354751","16.2455524303419","16.4576320646919","16.6697112595588","16.8817904544256","17.0938696492924","17.3059492836424","17.5180284785093","17.7301076733761","17.9421868682429","18.1542660631098","18.3663456974598","18.5784248923266","18.7905040871935","19.0025832820603","19.2146624769271","19.4267421112771","19.638821306144","19.8509005010108","20.0629796958777","20.2750593302277","20.487768807162","20.7001274557201","20.6998545265961","20.6998545265961","20.6998545265961","","",
"Ghana","GHA","Agricultural land (sq. km)","AG.LND.AGRI.K2","","117000","117000","117000","117000","117000","117000","117000","117000","117000","117000","117000","117000","117000","117000","118000","118000","118000","119000","119000","119000","119000","120920","120840","122760","123680","123600","124520","125440","125360","126280","127200","127200","128000","129000","131000","133000","135826.95","129852.107","130595.504","127655.201","128980.308","130504.795","125911.292","118695.739","121195.796","120437.923","124722.52","120047.607","123104.654","124004.38","123078.457","123503.384","124630.761","123746.548","124155.145","123579.422","120839.639","122175.416","124799.743","126037.4","126037.4","126037.4","126037.4","","",
"Ghana","GHA","Intentional homicides, male (per 100,000 male)","VC.IHR.PSRC.MA.P5","","","","","","","","","","","","","","","","","","","","","","","","","","","","","","","","","","","","","","","","","","","","","","","","","","","","","","","","","","","","","3.00912673587212","3.12686034218926","2.69310466177625","","","",
"Ghana","GHA","Battle-related deaths (number of people)","VC.BTL.DETH","","","","","","","","","","","","","","","","","","","","","","","","","","","","","","","","","","","","","","","","","","","","","","","","","","","","","","","","","","","","","","","","","","",
"Ghana","GHA","High-technology exports (current US$)","TX.VAL.TECH.CD","","","","","","","","","","","","","","","","","","","","","","","","","","","","","","","","","","","","","","","","","","","","","","","","","","","9152124","23837344","74464827","62205333","96040603","89431412","21058841","41175497","50025593","9976531","","8559644","20927708","20813123","","",
"Ghana","GHA","Merchandise exports to low- and middle-income economies within region (% of total merchandise exports)","TX.VAL.MRCH.WR.ZS","3.82122142613443","2.94406280667321","3.52941176470588","2.49056603773585","1.75192711983181","1.70476559473072","1.72735760971055","0.805832693783576","0.62934746604836","0.602698828140413","0.516196545153531","1.46207843299257","1.44259135960852","2.84111870980171","0.856661601559037","2.35256787340151","2.1777208475835","1.81004397851977","1.12147447166538","0.954960510642871","0.455744065843214","1.06987871078516","1.7163868574428","17.0425417896089","4.7522031383481","6.56677351347229","3.84249168206584","2.796420726299","2.20496224149395","2.20496224149394","2.77945411005127","4.18511059820454","17.702941805192","15.454771684786","13.5792281103239","7.94354628446349","7.87394636353075","8.23021379810438","8.05082929886791","8.32371745526629","10.6167326217442","7.94560918106084","8.65399578845039","9.80808255065966","9.40457277457705","40.1101164094703","42.0005005419046","47.3909327994002","51.3473884818992","58.9857983417318","62.9842488552018","51.1980240236209","40.6000384055007","31.8707278958314","26.7211223310907","15.2025102559028","15.8241866452653","14.0838150155298","14.710810047042","17.3691022156839","22.032041286558","26.325490630979","20.0588493687864","20.6616483886777","","",
"Ghana","GHA","Merchandise exports to low- and middle-income economies in South Asia (% of total merchandise exports)","TX.VAL.MRCH.R5.ZS","0.204708290685773","0.0327118089630357","0.336134453781513","0.377358490566038","0.105115627189909","0.193723363037582","0.0933706816059757","0.115118956254797","0.0993706525339517","0.103244643773099","0.36573683607701","0.138867262598947","0.093105333528205","0.0928683976657501","0.0118203125850557","0.00652001935721302","0.00591848554409906","0.0128404437290483","0.00804389371162122","0.0777888518851642","0.0417499087687179","","0.0936928018363245","0.172872426283065","0.0264151791735983","0.0398523004863457","0.256579135125107","0.00663903137005402","0.000658984137335827","0.000658984137335816","2.12780073235137","0.055576987204216","0.0922023747691721","1.05183915912831","1.0319043285281","1.13157403775157","0.674183949417658","0.82213159128808","0.312545916650839","0.563262160187436","1.07279170205291","1.02376377724773","0.539676967318473","0.612366838811421","0.718984104952873","1.38921995083739","1.67056982936737","2.28906170570075","5.37199355375964","1.17227090209541","0.986761440993","4.0288478966715","1.52356223114895","3.69946121651702","5.26237435581649","17.1390061572902","13.2441669973506","18.667627926971","21.4678124812747","14.462774355091","7.31353989701996","9.06688352646462","9.97288037126619","7.0322961642606","","",
"Ghana","GHA","Merchandise exports to low- and middle-income economies in East Asia & Pacific (% of total merchandise exports)","TX.VAL.MRCH.R1.ZS","0.477652678266803","0.0654236179260713","0.436974789915966","0.188679245283019","0.981079187105816","2.20844633862844","2.66106442577031","0.575594781273983","0.563100364359059","0.662870069575053","0.938420849863077","1.26219855158585","1.06746347510244","1.92206687615063","0.600658515835331","2.00570284359778","1.61377372502434","1.99233242074465","2.2926394480332","2.64469302190498","4.10870645381429","2.22236181562155","3.67305699622781","2.47331856950085","3.85155793354615","7.11117561826416","4.93972173269883","3.51709940877139","3.008507070053","3.008507070053","0.679344867729201","","0.0533983958160381","6.21560584035178","7.41726862871206","5.2374520676258","6.57685112185405","5.89797636047778","3.86375119744141","4.93435011963158","2.16399461852484","13.0830587634825","9.16764500564117","1.80260682771977","3.63695381013568","3.23434216711614","4.2629488069047","4.93017660661215","5.56921202867981","2.98204269995715","1.89948950163499","2.45337838238799","6.01750576261531","5.06468309922982","8.39183473300617","11.6777693568668","14.6451083895719","21.4647958291776","19.8588906385915","19.6421415194491","18.2212114828164","14.8780998695257","14.746245465552","10.4309368067992","","",
"Ghana","GHA","Merchandise exports to economies in the Arab World (% of total merchandise exports)","TX.VAL.MRCH.AL.ZS","","0.0327118089630357","0.302521008403361","0.226415094339623","0.595655220742817","0.774893452150329","0.793650793650794","0.230237912509593","0.331235508446505","0.442242184314706","0.633596767979675","0.378468901041981","0.152378787140638","2.24301715066671","0.677490547638193","1.04957822719225","0.399215941581729","0.69120567180743","0.553082562784537","0.199717759527535","0.551820399108511","0.444535180154006","0.938695807077138","0.420801508235249","0.518187131873567","0.283886140501499","0.398187653545853","0.407140569977402","1.29454863741488","1.29454863741488","1.03855116586402","0.479760168954041","0.602921115459866","0.63361479740644","0.340569627661469","0.974373737686243","0.852158717910744","1.0793198565086","1.32616055683503","1.08741875257908","0.889359873814196","0.503028522196632","0.617343948527273","0.651123761849634","0.992394150794481","0.989499818094201","0.714253257319214","1.03788603845184","0.959454467137953","1.45754408240814","7.01283424029581","5.63740953457979","10.5658374831782","13.8952294729691","8.16632148308392","3.81567094717031","12.6307606597129","5.96714619564202","4.26549479816711","5.66676631190779","8.0002694049273","1.23409994460783","2.28946993367437","10.3414105538182","","",
"Ghana","GHA","ICT goods exports (% of total goods exports)","TX.VAL.ICTG.ZS.UN","","","","","","","","","","","","","","","","","","","","","","","","","","","","","","","","","","","","","","","","","0.14","0.03","","0.01","","0.02","0","0.02","0.04","0.03","0.02","0.05","0.06","0.19","0.12","0.22","0.08","0.02","0.26","0.02","","0.04","0.08","0.06","","",
"Ghana","GHA","Export unit value index (2015 = 100)","TX.UVI.MRCH.XD.WD","","","","","","","","","","","","","","","","","","","","","20.1","11.9","6.8","21","30.1","33.8","59.4","56.6","51.1","42","44.7","46.1","44.3","41.5","44.7","51.1","52.1","52.1","53.9","47","45.7","47.5","59.7","61.6","61.9","66.7","78.1","89.8","107.7","108.6","123.1","137.9","131.2","123.2","121.5","100","99.1","96.4","104.7","103.8","104.6","127.8","145.7","150.5","186.2","",
"Ghana","GHA","Travel services (% of commercial service imports)","TM.VAL.TRVL.ZS.WT","","","","","","","","","","","","","","","","5.9174311926609","7.51815463476944","12.3631386860846","10.5454545454773","14.9300978789348","17.5741239892183","16.3255592574964","15.7829839704069","10.8433734939759","8.75912408759124","7.10622710622711","6.60006055101423","5.99270453361126","5.91976516634051","6.237721021611","5.89539007092199","5.68697007778821","5.23592085235921","5.93373493975904","6.30094043887147","6.19335347432024","1.14759036144578","1.2153882211136","15.9930921855349","16.4353937646423","19.5398089193115","19.58873357125","21.801431519071","18.3547922017312","20.6205313720856","26.5590936823829","23.8948234630143","30.7888542174325","26.6041434719245","28.9231367345473","23.5019515747613","14.8526925802692","12.0822682275492","10.8515588106651","11.9598798993899","11.3571696646112","11.1671098336029","8.17169042409516","5.02176720687652","2.99194580155682","1.02496251265758","3.62826684528484","5.67402596852753","7.40374150571348","8.10397094660386","9.31624615771338",
"Ghana","GHA","Import value index (2015 = 100)","TM.VAL.MRCH.XD.WD","","","","","","","","","","","","","","","","","","","","","","","","","","","","","","","","","","","","","","","","","","","","","","39.3","49.6","59.4","75.8","58.7","80.8","117.3","131","130.4","108.5","100","95.5","93.9","97.5","99.1","92","101.1","108.5","104","113.3","",
"Ghana","GHA","Merchandise imports from low- and middle-income economies in Sub-Saharan Africa (% of total merchandise imports)","TM.VAL.MRCH.R6.ZS","5.55891238670695","5.9031556039173","5.99033816425121","5.96469872185027","8.0973008997001","3.90334572490706","4.1038794485412","2.5987525987526","2.84011220196353","4.15203176302751","3.34673887598602","4.2963602432429","6.21353959725064","7.52233018330361","11.3302993882594","9.71487800730418","13.0998300188488","14.4174485623604","13.0313287020126","15.5382880432094","23.3433385309177","32.118862985945","29.5245131819183","14.7363918149461","41.0938293089696","28.0622967899549","5.63237229373619","14.4475609287325","14.7609907274174","14.7609907274173","23.0832760959858","8.74606910464587","17.1017882273037","21.1208391924235","22.7459502488543","22.5358834578095","20.7522108364928","22.8383669565861","26.1593263542954","24.09833292064","22.5410296942011","22.9096799599721","22.4532266323896","24.9543703647705","8.90903632567842","20.1486246526622","19.5499448833309","17.5863341765548","19.8120809161628","10.354601569859","7.67407377922182","13.2705674802485","10.7002554258578","9.88944792456463","10.6616256081585","9.58146174044494","8.18610872739764","7.57210120623912","8.7613712444921","8.88814556464599","8.72681553330063","6.60911787900629","7.47437271967109","7.00743347136292","","",
"Ghana","GHA","Merchandise imports from low- and middle-income economies in Europe & Central Asia (% of total merchandise imports)","TM.VAL.MRCH.R2.ZS","","","","0.0608642726719416","","","","","","0.000618921034959755","0.0247244148335968","0.0137109776688799","0.000371334464665669","0.420086187970685","0.196486205452999","0.00202443902794536","0.00329568227594748","","","0.114750368487175","0.0198336894866822","0.000244393013292536","","0.0325331110929603","","","","0.011450777958217","0.0220443228093797","0.0220443228093796","","0.0172069381539131","0.106721896647158","0.00050348796886383","0.521019310085596","0.33392563202173","0.233071274861371","0.431484644562691","0.490546963622053","2.29297089389916","0.701274294071733","0.392624125338856","0.827218033482324","1.03862908927199","1.29836198968114","1.21189953524449","1.1223253284973","1.40044599769846","1.68212408881347","1.88510825611369","1.94829492947097","2.40960030264859","2.63120058092905","1.87810513022686","3.29748776087142","3.26744938903334","2.9171007023832","3.19293570789797","3.46567440139614","5.49606347312402","4.7366528124516","4.10889220847428","2.41881083940925","1.76538385747298","","",
"Ghana","GHA","Merchandise imports (current US$)","TM.VAL.MRCH.CD.WT","363000000","400000000","333000000","365000000","340000000","448000000","352000000","307000000","308000000","347000000","411000000","430000000","291000000","452000000","821000000","791000000","862000000","1038000000","1006000000","852000000","1129000000","1106000000","705000000","1248000000","608000000","866000000","1046000000","1156000000","905000000","1273000000","1205000000","1055000000","2169000000","2575000000","2108000000","1906000000","2108000000","2326000000","2563000000","3480000000","2973000000","3154000000","2720000000","3210000000","4074000000","5347000000","6754000000","8061000000","10269000000","8046000000","10922000000","15838000000","17763000000","17600000000","14600000000","13465000000","12920000000","12647000000","13134000000","13411000000","12429000000","13629000000","14621000000","14009000000","15392000000","17452000000",
"Ghana","GHA","Insurance and financial services (% of commercial service imports)","TM.VAL.INSF.ZS.WT","","","","","","","","","","","","","","","","4.82568807339579","4.80136693720251","3.6861313868667","3.13696969696636","4.37949537782087","3.41239892183288","3.16991908614945","2.6078914919852","4.28258488499452","3.80474452554745","8.28571428571428","7.72025431425976","8.38978634705576","9.49119373776908","10.0196463654224","11.1702127659574","6.56188855129408","8.55403348554034","9.30722891566265","6.33228840125392","6.48398791540785","6.74740963855422","6.98820325666008","6.73628292005331","6.94323301495765","5.93623878518538","6.07865672417742","5.36743652128442","4.72111165308296","5.19772212539806","5.03184177771806","4.84689524747445","4.55253687911116","5.28121061336136","3.70284946395595","4.78519585300592","4.26653834542219","3.95148394443874","3.4068990736358","3.07094730134593","1.82523579916212","1.61567287082089","1.30631454166937","1.24193867740839","1.05216119765552","4.98457771275076","9.35556954530624","7.13488730207526","9.1574428043522","9.88475957749979","14.4888451807733",
"Ghana","GHA","Agricultural raw materials imports (% of merchandise imports)","TM.VAL.AGRI.ZS.UN","","","0.557107449156465","0.573773089281626","0.673780415818549","0.635276826975143","0.531662681116514","0.90550029142583","1.62952925920167","1.03465768924798","1.97500445137062","2.05136188685647","2.77015595085278","3.69710010450757","2.37213557106602","2.26935641253674","2.41623628223579","2.26066748883502","1.77048965594087","1.21017086955164","1.26307982233802","1.21950459059181","0.861337146905053","2.36461546048406","2.00895577759914","","","","","","","","1.12739272019982","","","","1.034585722275","1.13329141332393","2.95305691477472","2.67680012857066","2.38230187873376","1.91272437918668","1.82635521070175","1.65223966708419","1.31000650874563","1.09958824563018","1.2073809670509","1.07909327588223","1.04788551279122","1.34195715395283","1.09922608807492","0.996450212094981","1.09725045153527","0.835428842710842","0.623308924577432","0.723638583027867","1.10527866239681","0.928617438369875","1.17034896826672","3.61177282519448","","2.64220523537067","1.23616941478437","1.59282472079679","","",
"Ghana","GHA","Tariff rate, most favored nation, simple mean, primary products (%)","TM.TAX.TCOM.SM.FN.ZS","","","","","","","","","","","","","","","","","","","","","","","","","","","","","","","","","","17.15","","","","","","","16.97","14.93","14.93","14.93","14.94","","","14.68","14.68","14.68","15","","","14.44","","","13.33","13.33","13.31","13.31","13.26","13.26","13.29","","","",
"Ghana","GHA","Tariff rate, most favored nation, weighted mean, all products (%)","TM.TAX.MRCH.WM.FN.ZS","","","","","","","","","","","","","","","","","","","","","","","","","","","","","","","","","","10","","","","","","","16.2","9.05","9.05","9.05","","","","8.99","8.6","9.98","10.06","","","10.06","","","11.16","11.1","10.89","10.53","11.02","11.02","12.7","","","",
"Ghana","GHA","Bound rate, simple mean, all products (%)","TM.TAX.MRCH.BR.ZS","","","","","","","","","","","","","","","","","","","","","","","","","","","","","","","","","","","","","","","","","92.21","92.26","92.26","92.26","92.26","","","92.85","92.85","92.85","92.49","","","92.47","","","92.47","92.47","92.78","92.78","92.78","92.78","","","","",
"Ghana","GHA","Tariff rate, most favored nation, simple mean, manufactured products (%)","TM.TAX.MANF.SM.FN.ZS","","","","","","","","","","","","","","","","","","","","","","","","","","","","","","","","","","14.19","","","","","","","13.93","12.51","12.51","12.51","12.53","","","12.47","12.46","12.46","12.35","","","12.34","","","11.74","11.6","11.61","11.61","11.79","11.79","11.72","","","",
"Ghana","GHA","Import volume index (2015 = 100)","TM.QTY.MRCH.XD.WD","","","","","","","","","","","","","","","","","","","","","","","","","","","","","","","","","","","","","","","","","","","","","","47.9","56","62.3","68.5","59.8","76.9","98.7","112.3","113.8","95.6","100","97.1","92.3","92.6","95.4","87.4","85.9","82.5","82","90.5","",
"Ghana","GHA","International tourism, expenditures for travel items (current US$)","ST.INT.TVLX.CD","","","","","","","","","","","","","","","","","","","","","","","","","","","","","","","","","","","","21000000","4000000","4000000","85000000","91000000","100000000","105000000","119000000","138000000","186000000","303000000","345000000","558000000","542000000","684000000","574000000","464000000","464000000","473000000","458000000","737000000","792000000","693000000","450000000","328000000","105000000","","","","","",
"Ghana","GHA","International tourism, receipts (% of total exports)","ST.INT.RCPT.XP.ZS","","","","","","","","","","","","","","","","","","","","","","","","","","","","","","","","","","","","1.89657352383361","1.85313875376419","2.11511034832846","12.0077418335506","13.1403388185825","14.6275862110653","15.5913067418422","14.9022011965659","13.813340563572","14.5298597658005","22.181372324166","17.8098882339702","16.4889968066718","13.7187224141546","11.157238209007","7.48088982323484","5.46058004173526","6.86413523707586","6.23227410921553","6.72936919048183","5.53349324541668","5.44938529679347","4.49678130278458","4.42376536974521","5.82205489946903","0.865150905271818","","","","","",
"Ghana","GHA","Unmet need for contraception (% of married women ages 15-49)","SP.UWT.TFRT","","","","","","","","","","","","","","","","","","","","","","","","","","","","","35.2","","","","","36.9","","","","","34.7","","","","","34.5","","","","","35.7","","","26.4","","37.2771423857889","29.9","28.8044707913553","32.2759119989817","25.0701136589983","33.5962703591349","","","","23.4","","","",
"Ghana","GHA","Rural population (% of total population)","SP.RUR.TOTL.ZS","76.7136443545361","76.050863404679","75.3764527593638","74.7051237816007","74.0478010709875","73.4154092271224","72.8188728496033","72.2691165380283","71.7770648919955","71.3536425111029","71.0075833256087","70.7142275950388","70.4590076556026","70.2350554879644","70.0355882919291","69.8538232673012","69.6829776138855","69.5162685314867","69.3469132199093","69.1681288789582","68.973132708438","68.7551419081534","68.5073736779091","68.2230452175098","67.8895116393629","67.477592855755","66.9727240241205","66.3882800298636","65.734189679134","65.0203817780817","64.2567851328565","63.4533285496082","62.6199408344868","61.766550793642","60.9030872332238","60.039478959382","59.1856547782664","58.3515434960269","57.5470739188134","56.7821748527757","56.0626213359384","55.3589492682299","54.6515307875194","53.9452026418582","53.2427995474315","52.5471562204243","51.8611073770215","51.1874877334082","50.5291320057694","49.8888749102901","49.2703073211296","48.6695913353512","48.0802081618969","47.5014205524087","46.9336601202852","46.3773584789248","45.832947241726","45.3008580220872","44.781522433407","44.2753720890839","43.7828386025163","43.3047443173464","42.749390397129","42.1925262225346","41.6345131961419","41.0753138526875",
"Ghana","GHA","Completeness of birth registration (%)","SP.REG.BRTH.ZS","","","","","","","","","","","","","","","","","","","","","","","","","","","","","","","","","","","","","","","","","","","","","","","51","","71.2","","","62.5","","","70.5","","","","70.6","","","","","","","",
"Ghana","GHA","Completeness of birth registration, female (%)","SP.REG.BRTH.FE.ZS","","","","","","","","","","","","","","","","","","","","","","","","","","","","","","","","","","","","","","","","","","","","","","","","","70.2","","","","","","70.1","","","","69.21","","","","","","","",
"Ghana","GHA","Population, female","SP.POP.TOTL.FE.IN","3402983","3510587","3608526","3707613","3808323","3911440","4016613","4124220","4234805","4350251","4473875","4600319","4730655","4869959","5014306","5162453","5313549","5475225","5650067","5831724","6005550","6171766","6352550","6550087","6723743","6869761","7022303","7184454","7358036","7542614","7735488","7930394","8127176","8327319","8530629","8738146","8947239","9162969","9387262","9618135","9860638","10123040","10401243","10682004","10965049","11252882","11545647","11843569","12144756","12448621","12752437","13060547","13378562","13703178","14029963","14356569","14686334","15011792","15326382","15637515","15953563","16271078","16588340","16910369","17233172","17554892",
"Ghana","GHA","Population growth (annual %)","SP.POP.GROW","","2.85283695739167","2.40987515836032","2.38818160278714","2.38038338050605","2.39917607900612","2.40549886068672","2.41522518388045","2.43408669636776","2.50103446876383","2.67304040000564","2.76727341653774","2.81437565083333","2.88677518527538","2.90057331459706","2.89537294984566","2.87828591411621","2.94772989176533","3.03790621967011","3.053809079769","2.92469414651907","2.8095953039292","2.90571524781539","3.00733255575798","2.58157140681066","2.15043020265102","2.20079173105863","2.2927830596338","2.40254861016643","2.49812431630792","2.55156185640349","2.51983177629257","2.48576941139296","2.46951819870346","2.40415651514833","2.36010348077285","2.33565497080505","2.37895957415826","2.43236771924415","2.44120807599366","2.51243583964957","2.6631054412646","2.75013769977312","2.69999623325849","2.64856422445373","2.62275723095941","2.59967236461776","2.57742881770877","2.5377798286274","2.49528498609835","2.43301424000427","2.40497145453178","2.4199090803465","2.40927930949909","2.36498553072391","2.30712733064921","2.27621203911157","2.19535792776401","2.07517136640112","2.00780519953703","1.99181985149439","1.95904584379494","1.92029034344132","1.90860289687983","1.87500010333119","1.83295547173437",
"Ghana","GHA","Sex ratio at birth (male births per female births)","SP.POP.BRTH.MF","1.039","1.039","1.039","1.039","1.039","1.039","1.039","1.039","1.039","1.039","1.04","1.04","1.041","1.041","1.041","1.042","1.043","1.044","1.045","1.046","1.045","1.044","1.044","1.043","1.043","1.042","1.042","1.042","1.042","1.043","1.042","1.042","1.041","1.041","1.04","1.041","1.04","1.04","1.04","1.039","1.04","1.04","1.04","1.04","1.039","1.038","1.038","1.038","1.038","1.038","1.038","1.038","1.038","1.037","1.037","1.037","1.037","1.038","1.038","1.038","1.038","1.038","1.038","1.038","1.038","",
"Ghana","GHA","Population ages 75-79, female (% of female population)","SP.POP.7579.FE.5Y","0.565636007344731","0.575544773566358","0.617329624339689","0.6498520746367","0.672684626892812","0.684364326181662","0.687407524698048","0.68537816670524","0.68120019693941","0.67357025220266","0.654790383592566","0.6130662474783","0.567003934973064","0.537940984295963","0.516362480398587","0.496324035042249","0.475538997048959","0.470647367975505","0.483118164793444","0.497674401457065","0.487132735552947","0.455445005530022","0.444703273118411","0.453925233823212","0.456531462946417","0.450503267107599","0.444519475237607","0.4381891790246","0.43457248646242","0.434093567170053","0.436397807093748","0.44156068674272","0.447578565569482","0.45321907007411","0.459848911475216","0.46779374022819","0.475805973451365","0.482572895594528","0.487192112034372","0.491498611737099","0.498872360040377","0.51024694707553","0.525821769571194","0.544958605145626","0.565100099648442","0.585183422344605","0.60607257436504","0.627336209746563","0.649683698873819","0.672793396152072","0.692644134814713","0.708366196300967","0.721684384189841","0.732381257280702","0.739335468002627","0.743443671793855","0.747007413388781","0.749084453075289","0.745185678693957","0.735315018552659","0.724650013145966","0.712881491714363","0.700998412137682","0.696501655286174","0.701162290411837","0.713134529305719",
"Ghana","GHA","Population ages 65 and above, total","SP.POP.65UP.TO","203889","212588","229441","244686","258232","269382","278569","286488","293601","299191","300046","291318","280445","275605","273389","273089","273162","280254","296287","314523","320234","313905","318040","334327","346677","352773","360368","368929","378281","388971","401735","416366","432765","450749","469679","490098","512622","537026","563033","589975","616764","643652","670993","698124","724395","749387","774080","798757","821545","841838","861001","879400","897322","916911","939545","963843","989136","1015830","1043911","1074186","1106094","1140329","1180608","1227115","1276683","1328128",
"Ghana","GHA","Population ages 65 and above, female","SP.POP.65UP.FE.IN","96494","101100","109862","117938","125274","131503","136833","141596","145991","149662","150936","147260","142354","140355","139535","139537","139634","143228","151341","160605","163577","160460","162602","170903","177389","180871","185070","189632","194458","199941","206599","214332","223011","232531","242771","254081","266651","280348","295168","310933","327034","343491","360471","377625","394481","410710","426786","442652","457073","469596","481182","492301","502951","514109","526436","540262","555098","569958","584966","600697","617405","635106","655539","679394","705108","732261",
"Ghana","GHA","Population ages 60-64, female (% of female population)","SP.POP.6064.FE.5Y","1.37379449533035","1.37343128086556","1.38301622324462","1.38742905475841","1.38689672421388","1.38644591250281","1.38951649063527","1.39403346499865","1.39455063456287","1.39196549900621","1.38673983814253","1.3653402476372","1.33767945453642","1.32466234821738","1.32209695178217","1.32664620353034","1.33918014690557","1.36276603817798","1.39375338380943","1.42670491378665","1.44561280815246","1.44926103808861","1.45975226800637","1.47604898407846","1.48844189080709","1.50339280337462","1.52949132634854","1.5685047186606","1.61905975996856","1.67310707356276","1.72592860334086","1.77989906806012","1.83408715191555","1.89064440243946","1.94919412732568","1.99823280590642","2.03525903157058","2.06456576078843","2.08432448140896","2.09059240694792","2.08648760422563","2.0778936998122","2.06194586550857","2.02919789208093","1.98121330699084","1.93116750002355","1.87877734353042","1.8253534122462","1.78999067581103","1.77915288769736","1.78698407112178","1.80494737318429","1.82442613605064","1.84056952632225","1.85373604664987","1.86530646233464","1.88274357245122","1.91569400908299","1.96323248250084","2.01875099660173","2.0751539303429","2.15915633122637","2.2703085420241","2.37688781362488","2.47569926406175","2.56564088900003",
"Ghana","GHA","Population ages 50-54, female (% of female population)","SP.POP.5054.FE.5Y","2.20646088939309","2.20893258022091","2.18942582095847","2.17757354934293","2.17507839737837","2.1797854498599","2.19466002823772","2.21173970008143","2.2231366025118","2.2348937756817","2.25290181921733","2.27638586328316","2.29906852222367","2.31374685366896","2.3252864254223","2.34686836919031","2.38598511221171","2.44389978894929","2.51676661533394","2.59234639770792","2.66697471505524","2.74551886769524","2.82167768678108","2.89693839967787","2.97653427388095","3.04509843609563","3.09357244960413","3.12920787021533","3.15014767527639","3.15061218502048","3.13697726633407","3.11973800543441","3.0933006069205","3.0413268039013","2.96646976049126","2.88901100988699","2.8083634063892","2.72502861518233","2.667023675274","2.644457579354","2.6475871719666","2.66452580768849","2.68434263097209","2.69969005815763","2.71004729254047","2.716361906221","2.72993795843576","2.76456772597147","2.818273994142","2.88202203280187","2.94717809209158","3.05089442272211","3.18830953668193","3.31556324493218","3.43166953243786","3.53578921035344","3.59391607170026","3.61544444527342","3.64455889343483","3.68738883104544","3.73219751185997","3.75576847937698","3.77463025233387","3.80560294101211","3.83687935792898","3.87417353880122",
"Ghana","GHA","Population ages 40-44, female (% of female population)","SP.POP.4044.FE.5Y","4.07818609758172","4.08883186771899","4.02374820078891","3.9476477183568","3.87012917104578","3.81452866463502","3.78851534862831","3.79430580743823","3.82727185785414","3.87424727053137","3.94510395854868","4.06140357455685","4.19261180534197","4.31524255445324","4.4371236144895","4.53598230608931","4.60764504028804","4.64529810604113","4.64133434169896","4.60384402589663","4.57685807294919","4.57403116061108","4.53858650946577","4.4438566660369","4.31852498812975","4.19383555018613","4.06083361268142","3.92296338733605","3.82220201151503","3.77363893828048","3.76347943400597","3.77379130051995","3.78883121339865","3.79783674686674","3.8008221669026","3.80053160018155","3.8119299254256","3.85305285361686","3.91968925550389","3.99845188282344","4.07711934678469","4.20987194606916","4.39088385878495","4.55736114684099","4.70720216148611","4.83779177636449","4.90239308373104","4.91418148895061","4.93360261828233","4.96970306992236","5.00682379429311","5.01502349021063","5.01398020101262","5.02558640233575","5.03701933946516","5.05599579732441","5.10022123629427","5.17563126374253","5.27294717282093","5.38617211922188","5.4731189053781","5.52897311195279","5.59205140478191","5.65896285290995","5.70359611404088","5.75624430625252",
"Ghana","GHA","Population ages 30-34, female (% of female population)","SP.POP.3034.FE.5Y","7.29179262843913","7.31685327838336","7.24989926634864","7.20057621979425","7.17198976714813","7.133153007588","7.06972516396277","6.99424460797976","6.90241935579088","6.79218201522372","6.70356309726614","6.66548413984814","6.62272983339517","6.51200687973079","6.34996022381557","6.18008412278347","6.00212720329414","5.80527793883155","5.64757904640777","5.56592651110319","5.56688396566509","5.61869163542493","5.65631079989053","5.66561897073894","5.64197691984784","5.58944440793177","5.54870041191621","5.54965624388436","5.59281036406998","5.66191015885939","5.7367227510404","5.88194015845494","6.09049157478","6.28152312397765","6.45437827086118","6.60854716778593","6.67623237312469","6.67262507082858","6.67807609929285","6.70305105927501","6.7286514965537","6.72261527775329","6.71260636829656","6.72000778131145","6.72634963721319","6.73986006429286","6.78352629350265","6.86684871482369","6.97668606927962","7.10414028991645","7.18887356109844","7.22669196014532","7.27122187936029","7.31769355383792","7.33324404823847","7.35707491661395","7.41813809416762","7.44795824509159","7.42319052934967","7.38473128931511","7.35896403333337","7.33372759118135","7.30218032666319","7.26683433105452","7.22584638584952","7.17162466246945",
"Ghana","GHA","Population ages 20-24, female (% of female population)","SP.POP.2024.FE.5Y","9.05885967416533","8.77844645354182","8.65985169567851","8.51373916317588","8.33914407196344","8.17801116724275","8.02983757708298","7.89774889527582","7.85635938372605","7.90985302803757","7.97484372885292","7.98705567886224","7.97447710729275","7.96939111179193","7.95837789748414","7.94286980571643","7.95011884240469","8.04051961704949","8.21087608341636","8.40834473576384","8.55511984747442","8.74761778071301","9.04740544762297","9.34513470239901","9.54735402196024","9.65083722338832","9.63578609977184","9.52782911547628","9.4442796963755","9.4033851794209","9.37263427982824","9.29062347284532","9.19513068283923","9.12867580017796","9.07040489867803","9.03621889586189","9.05191483920823","9.12513281722691","9.235190197099","9.36870297620069","9.45203497724818","9.49069693939256","9.55150264252071","9.61408552178037","9.63431671095663","9.66188928311876","9.73104842024011","9.75478296471347","9.70611925015209","9.63704333194817","9.57032052542746","9.49229385262348","9.40571494860846","9.31404447304446","9.21169505495524","9.08945616078104","8.95585341297064","8.83489459486249","8.74169157279558","8.69148299165555","8.70623042933323","8.77416077699833","8.85751678588695","8.9333591715237","8.98571107471425","9.01730671378363",
"Ghana","GHA","Population ages 15-64, male","SP.POP.1564.MA.IN","1845103","1872642","1885030","1900861","1921878","1946256","1972683","2002738","2036079","2074418","2123768","2186624","2257845","2333505","2412743","2494230","2586287","2687997","2790528","2893599","2999402","3109135","3219584","3331007","3424017","3496291","3566816","3642877","3732176","3832830","3939962","4046850","4159219","4283295","4411949","4537205","4661062","4800927","4958227","5119252","5286160","5470356","5668258","5867313","6067650","6270102","6474584","6683385","6894056","7102700","7303372","7498493","7696062","7897083","8101286","8312090","8534104","8761814","8986548","9209410","9439732","9674407","9907618","10142789","10380735","10624490",
"Ghana","GHA","Population ages 15-19, female (% of female population)","SP.POP.1519.FE.5Y","8.45856290516836","8.25079965259371","8.17811760258898","8.20599399128226","8.35203688763228","8.5707948990653","8.8219975387223","9.06339975357762","9.2603555535615","9.39336495832482","9.44032962927324","9.44940007958145","9.51144186164495","9.64422075097978","9.8140879686864","9.99145948806517","10.285036396104","10.6759914593456","11.0196834833994","11.2993163514497","11.5073556959812","11.5525523812795","11.470046558465","11.3840616632984","11.3068800597286","11.2230606550169","11.0892126257173","10.9460927719768","10.8388909757984","10.7372331884698","10.6539496926374","10.6238549196834","10.6570713703584","10.737686959171","10.859704584469","10.937548994947","10.9624203085209","11.0081962525679","11.0620753953602","11.06959925183","11.0894542985224","11.1618254576602","11.1770631644699","11.1052055400841","11.0131523814053","10.9325904243908","10.8458928286999","10.7520245480047","10.6531452752118","10.5388098810302","10.3956922426429","10.227465970606","10.0621382131997","9.92751534917779","9.84388128152004","9.82859170002915","9.87187850527839","9.94035222443796","10.0045108494787","10.0488437565418","10.0785633253661","10.0988517816352","10.1001998994474","10.0892446522013","10.0822271744931","10.0811497421588",
"Ghana","GHA","Population ages 05-09, female (% of female population)","SP.POP.0509.FE.5Y","15.1715546078904","15.2418099879023","15.171083705646","15.1341847166897","15.1103799638817","15.0838565847872","15.2120953649256","15.4734610997305","15.6866845108571","15.86702515935","16.061983857616","16.1587181409287","16.1028863867689","16.0019963211182","15.9104837418212","15.7969543166874","15.5862385397934","15.2995552967737","15.0009371570284","14.6996141535836","14.4968237713448","14.4319794366799","14.403348702226","14.3831437366295","14.476900327459","14.5808555362511","14.6057446689134","14.6483017359426","14.6956606355283","14.6794741636967","14.6832171415688","14.766486681903","14.7830491930377","14.6916123489678","14.5772327664505","14.4830093248614","14.3874152469038","14.2744796227598","14.1452161450272","13.9912207512163","13.7917995878259","13.5433977117248","13.2876137976971","13.0755427539627","12.931274312193","12.873128857123","12.8845269563499","12.9184069042699","12.9421908517553","12.9390516427482","12.9157950684873","12.8759806155133","12.8076871933107","12.7241514869143","12.6504173496097","12.5882379205031","12.5458542801033","12.5469331043223","12.5793619322343","12.6002113315251","12.5797850743503","12.500004993523","12.3341334937673","12.1060545751545","11.8680795348668","11.629715191933",
"Ghana","GHA","Population ages 0-14, male","SP.POP.0014.MA.IN","1605735","1667949","1724240","1779491","1832581","1887032","1943488","2000064","2057235","2116185","2179061","2245263","2311596","2375903","2439619","2504072","2561549","2611623","2662909","2718013","2779839","2847367","2916248","2985319","3053541","3123275","3200800","3282480","3362534","3442339","3524062","3608218","3688706","3760688","3823705","3887650","3955909","4018384","4074682","4133435","4200559","4273512","4349365","4426889","4505684","4587777","4673178","4759220","4846663","4939100","5039368","5148949","5265272","5383130","5497234","5603828","5702265","5788876","5865711","5938531","6005825","6067956","6128125","6187036","6241931","6289022",
"Ghana","GHA","Population ages 00-04, female (% of female population)","SP.POP.0004.FE.5Y","20.1862571475883","20.2582929863296","20.4588106057709","20.6079221321103","20.7183346473414","20.7966503384943","20.6766248080161","20.3888881278021","20.1283294035971","19.9074467303787","19.6800893721985","19.3994828836308","19.0989302749831","18.7990840988772","18.4867819222078","18.2163947610962","18.0646289264831","17.9848424480129","17.9088230281163","17.8559618171263","17.8164697654669","17.7964864513658","17.7590402469056","17.6638632690021","17.5699768395354","17.5851883649818","17.6798363271759","17.6795550503907","17.5392115504735","17.3614357941051","17.2024764307048","17.0414809807357","16.8687981613295","16.6872365111006","16.4825262571525","16.2368767928574","15.9593973090806","15.6813927539636","15.4417816398434","15.2712610085011","15.1904260560815","15.1734713669743","15.1714751784955","15.1587894930577","15.1165222844204","15.0473540911564","14.9595211078253","14.8452373247778","14.7182290035304","14.6026857111322","14.4996454010826","14.4172330607592","14.3717340943119","14.3480486313502","14.3086931655705","14.2286229470503","14.0842402904714","13.8521403707166","13.5650251169854","13.2724504733504","12.9801909147132","12.7072715374873","12.4888295031329","12.3112718592953","12.1469690010338","11.9913864468267",
"Ghana","GHA","Female headed households (% of households with a female head)","SP.HOU.FEMA.ZS","","","","","","","","","","","","","","","","","","","","","","","","","","","","","","","","","","37.1","","","","","36.6","","","","","33.8","","","","","33.7","","","","","","33.8","","31.4","","","34.8","","","36.6","","","",
"Ghana","GHA","Fertility rate, total (births per woman)","SP.DYN.TFRT.IN","6.89","6.912","6.942","6.936","6.902","6.88","6.862","6.893","6.892","6.954","6.952","6.946","6.916","6.872","6.822","6.762","6.703","6.637","6.564","6.513","6.474","6.415","6.312","6.227","6.153","6.119","6.084","6.022","5.922","5.818","5.737","5.63","5.517","5.414","5.254","5.106","4.959","4.884","4.829","4.822","4.827","4.768","4.687","4.597","4.504","4.496","4.399","4.288","4.217","4.179","4.181","4.177","4.154","4.114","4.029","3.982","3.873","3.715","3.65","3.593","3.541","3.492","3.434","3.397","3.344","",
"Ghana","GHA","Mortality rate, infant, male (per 1,000 live births)","SP.DYN.IMRT.MA.IN","130.2","129.2","128.2","127.4","126.8","126.3","125.9","125.6","125","124.1","122.8","120.9","118.4","115.4","112","108.4","105.1","102","99.5","97.8","96.7","96.1","95.6","94.9","93.7","91.8","89.5","86.8","83.9","81.3","79","77.2","75.9","75.1","74.5","74.1","73.5","72.6","71.3","69.7","67.7","65.6","63.6","61.9","60.4","59.1","57.7","56.2","54.5","52.7","50.8","48.8","47","45.2","43.6","42.2","40.7","39.4","38","36.6","35.3","34","32.8","31.7","30.7","",
"Ghana","GHA","Contraceptive prevalence, any modern method (% of married women ages 15-49)","SP.DYN.CONM.ZS","","","","","","","","","","","","","","","","","","","","","5.5","","","","","","","","5.2","","","","","10.1","","","","","13.3","","","","","18.7","","","14.00796327","","16.6","","","24.80882469","","18.2394171113133","22.2","28.2238001595094","23.6792480722749","25","24.2640128675037","","","","27.8","","","",
"Ghana","GHA","Mortality rate, adult, female (per 1,000 female adults)","SP.DYN.AMRT.FE","333.593","332.313","330.971","329.864","326.573","326.532","326.494","326.469","326.66","323.738","326.099","326.865","323.622","321.567","320.701","318.094","315.857","314.459","311.73","309.58","307.67","306.22","306.744","303.74","299.53","294.976","291.348","288.618","285.207","282.96","282.129","282.817","282.633","283.432","285.273","282.6","280.232","278.049","275.945","273.37","271.772","270.688","268.795","266.697","264.373","262.205","259.4","256.523","253.393","249.879","245.388","241.037","236.862","232.21","226.458","223.143","219.336","215.996","212.035","207.625","207.404","215.759","196.339","192.754","190.288","",
"Ghana","GHA","Consumption of iodized salt (% of households)","SN.ITK.SALT.ZS","","","","","","","","","","","","","","","","","","","","","","","","","","","","","","","","","","","","","","","27.8","","","","","37.8","","","50.8","","","","","68","","","56.8","63.9","","68.9","","","","","","","","",
"Ghana","GHA","International migrant stock, total","SM.POP.TOTL","","","","","","","","","","","","","","","","","","","","","","","","","","","","","","","164851","","","","","252879","","","","","191601","","","","","309932","","","","","337766","","","","","414744","","","","","476412","","","","532286","",
"Ghana","GHA","Refugees under the mandate of the UNHCR by country or territory of asylum","SM.POP.RHCR.EA","","","","","","","","","","20000","","70","","","","130","180","170","70","300","","","100","90","90","120","160","150","140","80","8123","8128","12114","150095","113665","83201","35613","22853","14558","13256","12714","11787","33506","43948","42049","53534","44938","34955","18201","13655","13828","13588","16012","18681","18448","17404","11866","12153","11896","11946","12406","11894","8531","7057","7479","21050",
"Ghana","GHA","Internally displaced people (IDP) by country or territory of asylum / origin","SM.POP.IDPC","","","","","","","","","","","","","","","","","","","","","","","","","","","","","","","","","","","","","","","","","","","","","","","","","","","","","","","","","","","5000","","","","","3800","3200","3900",
"Ghana","GHA","Children in employment, wage workers (% of children in employment, ages 7-14)","SL.WAG.0714.ZS","","","","","","","","","","","","","","","","","","","","","","","","","","","","","","","","","","","","","","","","","","","","","","","6.11","","","","","","0.5","","","","","","","","","","","","","",
"Ghana","GHA","Unemployment, total (% of total labor force) (national estimate)","SL.UEM.TOTL.NE.ZS","","","","","","","","","","","","","","","","","","","","","","","","","","","","","","0.799","","3.489","4.7","","","","","","8.2","10.1","10.456","","","","","","4.897","","","","5.384","","","2.173","","6.806","","3.369","","","","3.195","2.87","3.245","3.972","",
"Ghana","GHA","GNI per capita, PPP (constant 2021 international $)","NY.GNP.PCAP.PP.KD","","","","","","","","","","","","","","","","","","","","","","","","","","","","","","","","","","","","","","","","","","","","","","","3520.04423210739","3688.28881604142","3899.86445690846","4087.46876694645","4192.66737434334","4761.18179937288","4926.79355628187","5513.0679196706","5274.25096775987","5209.30008233298","5317.15495719499","5476.20695905924","5792.3968134273","6061.7506855883","5929.49710329396","6243.40251672003","6394.36377248621","6481.4665087863","6782.99696591254","",
"Ghana","GHA","GNI per capita (constant 2015 US$)","NY.GNP.PCAP.KD","","","","","","","","","","","","","","","","","","","","","","","","","","","","","","","","","","","","","","","","","","","","","","","1129.11649181043","1183.08392001629","1250.95055168793","1311.12795470647","1344.8722700318","1527.23333449736","1580.35623683422","1768.41411587728","1691.80935152042","1670.97520539684","1705.57156552721","1756.59031032659","1858.01380263776","1944.41382466473","1901.99114727122","2002.68186471592","2051.10535949909","2079.04510387536","2175.76633505164","",
"Ghana","GHA","GNI, PPP (current international $)","NY.GNP.MKTP.PP.CD","","","","","","","","","","","","","","","","","","","","","","","","","","","","","","","24120684910.713","26261300692.966","27926097024.5048","29943177428.5704","31568850322.7226","33553115305.1934","35737806457.2527","37902503299.9507","40113709176.2166","42452951965.2335","44848820628.3867","47895928553.2225","50813617621.6396","54495591724.6817","59075711883.7333","64824781883.5772","70030320311.9966","76304253795.7778","84992608903.3175","89689915727.0159","96995228257.0429","111658379163.482","126870542214.88","138828155190.211","146624691257.904","144492868487.251","141337268710.443","147530650795.972","161990349853.475","179917385479.638","183478669234.922","203027114901.376","222395018073.794","242497150732.022","259614378347.738","283448233153.701",
"Ghana","GHA","GNI: linked series (current LCU)","NY.GNP.MKTP.CN.AD","","","","","","","","","","","","","","","","","","","","","","","","","","","","","","","415429293.575026","525182784.31807","606915777.348864","837560881.05518","1125059986.64348","1675374080.10264","2450486058.54455","3051987458.96908","3738692379.26716","4446590933.00777","5844298304.72373","8229191161.16769","10558585625.1822","14291888747.7297","17252405838.6371","21102532675.1612","24943333704.4619","30722434159.7432","40090522116.5035","48634180472.6998","60587715049.8853","77846118891.5894","96533470188.1888","121009250800","150391818600","178007679800","210978989900","249856599800","294698315700","341882170400.001","372923462600","436253655400.001","571877896718.393","842483401073.198","1107835069085.86","1346404547461.89",
"Ghana","GHA","Gross domestic income (constant LCU)","NY.GDY.TOTL.KN","","","","","","","","","","","","","","","","","","","","","","","","","","","","","","","","","","","","","","","","","","","","","","","72226592743.2135","75366158701.8376","82262027447.7714","86247163100.3478","91993777251.636","106132838606.717","115995548079.848","124477578800","126503467625.382","126039417734.491","131353167558.659","139106439835.589","149120623966.769","158858135050.357","160059341225.688","172647022983.418","182795112544.887","185196394583.599","199525642311.71","",
"Ghana","GHA","Total natural resources rents (% of GDP)","NY.GDP.TOTL.RT.ZS","","","","","","","","","","","2.86308221828147","2.33550228555879","3.47730771425785","4.95930815429816","4.82726182988197","5.51700183240188","5.75413653621901","7.40909376854264","6.37810291724555","6.61414694239478","8.72003764902337","6.9976119197735","8.53011284046051","7.0276694910963","5.69745876385311","4.30537502912127","4.86764993326725","5.7362293857956","5.89885278792263","5.67444374430942","6.86274070226107","6.39332588133289","7.58566674666496","9.60397698038042","13.6669310382848","12.844734865598","13.7777337984918","12.4994065219438","12.0486612371435","7.82931688108889","13.7597235776938","12.746063574387","13.4249078896054","15.6197723814453","12.3974101450175","11.7318044619005","7.57618461499477","8.82815308813168","9.16190193076971","10.8115826827154","10.1146292384946","16.0706874677608","15.8226771827735","10.8892140729202","12.249534681472","10.5635168212992","8.64980290681468","10.3700404312643","9.7904078745383","9.76736656039863","8.48657958474163","13.3474845007777","","","","",
"Ghana","GHA","GDP per capita (constant LCU)","NY.GDP.PCAP.KN","2911.24831527255","2926.40676859611","2974.11443179611","3031.87494121533","3025.96528052732","2994.67439105798","2799.00605658218","2816.23911312897","2758.65515178694","2852.11297200595","3046.89438788377","3118.32650728009","2956.36809728394","2955.09677859662","3067.32246033532","2609.34954462213","2445.81429569077","2428.77535850635","2555.80251732461","2416.58917769765","2358.00528461875","2212.36290079103","2000.21347316028","1852.37577172882","1961.27045021947","2017.28082692999","2075.9683051828","2126.19665839183","2192.54767695542","2247.21261962816","2263.5199868162","2323.77595535099","2354.6600015879","2408.63871339489","2429.01873044437","2469.92406525035","2523.95660661731","2568.04559778031","2624.14237643806","2673.53484076963","2703.66721398138","2737.92063189748","2783.51423592438","2850.25195681679","2931.19426578145","3023.77929015417","3134.7371143466","3187.76801931827","3392.25281573823","3468.94109979526","3653.00918802928","4067.15236599317","4338.82787065649","4545.26771209127","4565.82341687305","4556.3116277812","4604.01821837042","4870.17401887488","5065.90404237149","5288.32921264617","5210.68025087581","5368.98085760901","5467.26072062314","5532.33331764074","5747.06080281996","5978.6679565055",
"Ghana","GHA","GDP per capita (current US$)","NY.GDP.PCAP.CD","174.858856531804","181.870010833085","188.421016299893","205.037422391885","224.968154393354","260.50559523622","263.334589411514","211.219296540365","196.668571830464","225.772621963554","248.159869409818","263.408787882235","223.80286383233","309.509552300391","289.425856816508","272.976715188503","260.998295813107","292.28979809499","325.598476678233","346.653403777697","372.252026367961","343.799126739425","319.206910329791","311.383438154949","329.998888863111","329.714604937014","410.711658388611","355.153724919203","355.121844932881","349.964941914982","382.54246368354","418.254121349986","396.426407640517","359.800844097528","320.50390343252","371.537243033836","389.271267898831","377.841935501461","400.366799508524","403.037326127273","253.746936203344","263.542156494853","297.46164468774","358.39927142073","406.132105329565","478.611909191028","906.441027564887","1050.12461524926","1182.65761256016","1047.70430093586","1263.89251760539","1507.43573198753","1543.77524235764","2294.79584693743","1949.90832923846","1722.77282833606","1912.47991339951","2012.28662641265","2195.32166016377","2186.65822682613","2195.45481659987","2445.18662529344","2229.89122654479","2383.90410476221","2419.2518672482","3257.1588903576",
"Ghana","GHA","GDP (constant LCU)","NY.GDP.MKTP.KN","20265825441","20960877190","21822192879","22783673067","23287039022","23605838323","22600633183","23295684931","23381613471","24785954086","27196009537","28614587269","27902754943","28707633402","30674828813","26861447892","25913189677","26502483400","28748816826","28025800924","28157997490","27171603987","25290337116","24136152516","26223343069","27558535334","28991347867","30381453681","32091373167","33723499554","34846093438","36686603600","38109830700","39958157700","41276776800","42974250800","44952124000","46838475800","49040067200","51197828600","53092148300","55215834300","57700546600","60700975100","64100229700","67882145700","72226543700","75366100900","82261947600","86247117000","93060390800","106132698900","115995387100","124477578800","128032957400","130748228300","135158975000","146145906000","155207065700","165307592000","166157176600","174592089900","181235056651.566","186926002355.78","197856441541.855","209637639424.593",
"Ghana","GHA","GDP (current LCU)","NY.GDP.MKTP.CN","86900","93000","98700","110000","123600","146600","151800","150400","170000","200100","225900","250000","281500","350100","466000","528300","652600","1116300","2098600","2822200","4285200","7262600","8645100","18403800","27056100","34304800","51139300","74600000","105119600","141721400","192079100","242752900","280287500","387210000","520500000","775170000","1133870000","1411340000","1729600000","2057980000","2715250000","3807070000","4886200000","6615770000","7988791000","9726080000","19112044100","23154448200","30178598000","36597592000","46042100100","59816320900","75315365300","124477578800","158683994600","183525640000","219594595400","262797966100","308587395700","356544265600","391940733200","461694936000","614336252718.393","887748123973.199","1182799277785.86","1434114745596.83",
"Ghana","GHA","Gross value added at basic prices (GVA) (constant LCU)","NY.GDP.FCST.KN","","","","","","","","","","","","","","","","","","","","","","","","","","","","","","","","","","","","","","","","","","","","","","","67772777000","70719756000","77189050000","80929843100","87320766100","99587829800","108842977700","118313717600","121652498200","124201445100","128299783600","138974364800","147495851500","157125103600","158304363900","166919714600","173227587799.036","178703450475.898","188991378432.611","200104331795.357",
"Ghana","GHA","Discrepancy in expenditure estimate of GDP (constant LCU)","NY.GDP.DISC.KN","","","","","","","","","","","","","","","","","","","","","","","","","","","","","","","","","","","","","","","","","","","","","","","","","","","","","","0","-100","0","100","0","100","0","100","100","-48","56","480425642","",
"Ghana","GHA","Inflation, GDP deflator: linked series (annual %)","NY.GDP.DEFL.KD.ZG.AD","","","","","","","","","","","","","","","","","","","","","","","","","","","","","","","31.1665867346186","20.041359240014","11.150082868787","31.7572123690249","30.1289269685464","43.0453305777804","39.8377428094835","19.4581675889703","17.0484652451336","13.971165047912","27.230113843564","34.8179440663303","22.8185847230637","28.7044072059077","14.3501511250415","14.963718404163","12.7886611413214","16.1042405872748","19.4102710868683","15.6665686221496","16.5956447322347","13.9148221759821","15.2052787396605","15.5810772645484","23.9399587593999","13.2529666807363","15.7486203078991","10.6773082339139","10.5684824952629","8.48107029698721","9.36557496583738","12.1061016311773","28.1838728518082","40.105798183836","25.8753849206534","14.4336587700116",
"Ghana","GHA","Adjusted net savings, excluding particulate emission damage (% of GNI)","NY.ADJ.SVNX.GN.ZS","","","","","","","","","","","","","","","","","","","","","","","","","","","","","","","-2.58274442252544","-0.295056372526511","-6.64888661831335","-2.96844596153396","-0.479490498459366","-2.01481743321334","-2.04089618350197","-9.11671919702909","-1.33190207064851","-5.24644160221648","-4.48668370565029","3.14347674592202","0.345835227133681","1.08689277098812","6.96417668395359","4.04526991213825","5.28386131277051","-6.59865292121464","-8.15961596313803","-2.98226895492248","-8.67824981037558","-10.1047524483796","-8.68590166944275","3.5629332816197","3.40955189880886","6.36166323453558","5.95114424495493","2.78809823977692","8.03844541943396","5.54828569417505","14.5722836672982","4.45094717226065","","","","",
"Ghana","GHA","Adjusted net national income per capita (annual % growth)","NY.ADJ.NNTY.PC.KD.ZG","","","","","","","","","","","","","","","","","","","","","","","","","","","","","","","","","","","","","","","","","","","","","","","","4.44200037018597","7.05586945064385","-5.16675603848174","1.31485738089596","6.64879963057163","8.29681585204366","11.401519387311","-6.48389826106464","-0.865975078894195","4.3527838994264","1.47269938650267","7.24540549180317","4.73761753429423","4.34038937290053","-5.35166466612883","","","","",
"Ghana","GHA","Adjusted net national income (constant 2015 US$)","NY.ADJ.NNTY.KD","","","","","","","","","","","","","","","","","","","","","","","","","","","","","","","","","","","","","","","","","","","","","","","24434322059.3591","26185996543.6805","28754182637.4396","27957511913.9326","29022719378.5018","31705801231.9338","35177417397.3569","40143795644.1924","38439331797.0852","38995841410.0269","41630132998.7345","43180864253.182","47280534845.9512","50524829740.0567","53778375035.5944","51907329188.4415","","","","",
"Ghana","GHA","Adjusted savings: gross savings (% of GNI)","NY.ADJ.ICTR.GN.ZS","","","","","","","","","","","","","","","","14.5525916794286","8.83308589316245","11.5241124313621","5.42079678605238","8.28444020253961","6.35102882587298","5.72084426910116","5.56941061860692","4.29513924182283","6.81955229401676","8.17829476366679","7.08968292985199","7.78259455645828","10.2219561884923","11.6670828023008","10.7382899840138","12.092066575064","7.05182287755409","13.0865758934094","19.4773536589264","17.995213168883","18.4761473076185","10.6171656979695","18.4066762573353","9.56498677743293","15.7293225127546","21.5304455991013","19.1561507193855","21.6243702883401","23.3938017561014","19.4444714482516","17.9019498458199","6.78201216421352","4.35888718374445","11.0764828185353","4.95311811628237","4.00620801316287","5.54946111957364","15.6304022138446","19.272664901697","21.8873183159631","19.6635906045803","17.7626090467593","21.924661614365","19.4058381606477","28.079773118334","22.3019701606234","","","","",
"Ghana","GHA","Adjusted savings: energy depletion (% of GNI)","NY.ADJ.DNGY.GN.ZS","","","","","","","","","","","","0","0","0","0","0","0","0","0.0342457458791205","0.24634171817329","0.261164477945799","0.180681072312673","0.0764051381454326","0.168677300859367","0.177943221107263","0.111920598990497","0.0359864392152894","0.00108448131740276","0.000932130016590968","0.000839419673662507","0.00190703681250448","0.00132336856517616","0.057868362197013","0.0908352301317849","0.0727641678025645","0.191085608486278","0.319056057797477","0.249830497656842","0.107421956058388","0.202045327343365","0.817682441211156","0.558497541214204","0.517287395156176","0.430091347276125","0.546173546731835","0.614659667132838","0.387616897452105","0.36134978385364","0.431696994069023","0.228270195332522","0.199727156758191","3.15023103935671","2.3032730238887","1.81718227347328","1.81394599340991","0.735210009194703","0.56045677649957","1.59956938903345","2.55545415049544","2.69534311635568","1.4694369210254","2.6087935046989","","","","",
"Ghana","GHA","Adjusted savings: consumption of fixed capital (% of GNI)","NY.ADJ.DKAP.GN.ZS","","","","","","","","","","","7.280941859189","7.3821467048","7.04274496539664","6.85156953853332","6.80220730386851","7.99562773140448","7.73405722287049","6.87618092996714","6.1820065475773","6.18412814269593","6.49716166877153","6.16712990601223","5.17185557199376","6.05463002262206","8.14937782577772","9.42771527466346","8.96875352001751","8.63484940238184","8.61062573371155","8.70398572220047","8.83991844821874","8.72329510665086","8.65844557621353","9.05921984198916","8.96237521482139","9.24679660650087","9.0899833892467","9.3110219753236","9.31990405537251","9.36291023254266","9.39457853757181","9.33057201451139","9.36814939984932","9.33355535021957","9.2512121064337","8.91167394243879","8.90992147039058","8.73572038713631","8.27734149841047","7.85687209407114","8.33076499701691","8.48415343634767","8.8146922950086","8.38200397463113","8.47284610415657","8.73574206418068","8.67914812493071","8.88399075928567","8.88571564947168","8.88328955988037","9.38238077823953","10.005324156181","","","","",
"Ghana","GHA","Adjusted savings: carbon dioxide damage (% of GNI)","NY.ADJ.DCO2.GN.ZS","","","","","","","","","","","","","","","","","","","","","","","","","","","","","","","0.585242748236642","0.506445128027035","0.654112944249587","0.764104523657295","0.94997328176809","0.895691910483919","0.958606969254276","1.0535129010733","1.42481915981454","1.54592503248936","2.20310798706882","2.31458554869293","2.48033378035848","2.00915034690949","1.69726893915312","1.54325972923841","1.0274101544965","0.951379207694817","0.813719006088807","1.06516456859149","1.00997778086463","0.919559114238409","1.15873365090504","0.827287167757885","0.978602767037306","1.14503880699806","1.06946211415059","1.10821164199181","1.13872146694741","1.24712833447654","1.20306269414667","1.26816946014192","","","","",
"Ghana","GHA","Services, value added (% of GDP)","NV.SRV.TOTL.ZS","","","","","","","","","","","","","","","","","","","","","","","","","35.048658158419","31.1233413399874","34.5475984223484","32.8768096514745","33.6118097861864","33.3948860228589","37.8916290215854","37.4175550528954","37.4350622129064","27.5276981482916","27.3352545629203","27.7461718074745","26.2463950893841","27.8876812107642","28.2331174838113","28.4134879833623","28.8150262406777","29.1589069809591","29.2141132168147","29.0667601805988","28.6782943752065","28.9146295321445","45.4706783561681","47.1685501017468","46.173896812569","47.9362071143916","48.1811608328439","45.844878600683","47.5829502482676","40.5885509559734","37.4136837490477","40.515265169488","43.9159268124684","43.4828610342125","43.6785254609153","45.1411499576786","45.1881802776604","45.322010852638","42.776031666238","43.1127691309747","43.6467320265881","42.8735994540989",
"Ghana","GHA","Services, value added (current LCU)","NV.SRV.TOTL.CN","","","","","","","","","","","","","","","","","","","","","","","","","9482800","10676800","17667400","24526100","35332600","47327700","72781900","90832200","104925800","106590000","142280000","215080000","297600000","393590000","488320000","584743900","782400000","1110100000","1427460000","1922990000","2291049000","2812260000","8690376100","10921617500","13934634700","17543497500","22183618300","27422719700","35837272800","50523645500","59369527900","74355899700","96437001800","114272074400","134786424200","160948181600","177110885100","209249429000","262788670000","382732799153.124","516253231187.614","614856611739.354",
"Ghana","GHA","Medium and high-tech manufacturing value added (% manufacturing value added)","NV.MNF.TECH.ZS.UN","","","","","","","","","","","","","","","","","","","","","","","","","","","","","","","12.9223123818849","12.9223123818849","12.9223123818849","12.9223123818849","1.76845873137136","1.76845852049097","1.768458121621","1.7684583692596","1.76845817762644","1.76845807005805","1.76845821828771","1.76845807534563","1.76845816570929","0.802477568521601","0.667321427476384","0.667035215612436","0.666758815408197","0.666644673399599","0.666480475049758","4.34506198358709","4.34506197887756","4.34506197501632","4.34506197449706","10.8410417226115","10.8410417211453","10.8410417212656","10.8410417212656","10.8410417212656","10.8410417212656","10.8410417212656","10.8410417212656","10.8410417212656","10.8410417212656","","","",
"Ghana","GHA","Chemicals (% of value added in manufacturing)","NV.MNF.CHEM.ZS.UN","","","","7.03682282629651","8.12873258128733","6.90836425920639","8.08324709670001","7.3247438368672","6.33032302882945","8.18637992831541","4.43476940211613","5.20860781730347","3.72943055607147","5.44837294029974","5.9592988497501","5.26060038874091","5.16235310495238","3.26440898730055","4.86315313277539","5.23828344624497","4.53341960310231","5.32104020139628","3.78820367670183","4.33205522852874","6.34760466173093","7.90025597974823","6.54503329837256","5.31585205138698","","","","","","9.70119486183392","","","","","","","","","","","","","","","","","","","","6.31985401589134","6.31985401468393","6.31985401475439","","","","","","","","","","",
"Ghana","GHA","Industry (including construction), value added (constant 2015 US$)","NV.IND.TOTL.KD","","","","","","","","","","","","","","","","","","","","","","","","","","","","","","","","","","","","","","","","","","","","","","","6676846258.49378","7083100625.64807","8150528328.48027","8516228538.50442","9107884714.91776","12900386996.0165","14325050316.3547","15039235929.7587","15209322126.4551","15384427345.8595","16049448049.6065","18555476336.915","20504356918.0385","21809625728.0153","21265226584.0538","21163467675.1439","21289074925.7327","20917460799.1082","22422560553.4529","22939315850.0415",
"Ghana","GHA","Manufacturing, value added (constant LCU)","NV.IND.MANF.KN","","","","","","","","","","","","","","","","","","","","","","","","","","","","","","","","","","","","","","","","","","","","","","","11247129700","11110380400","11521517200","11371084300","12235336200","14315343300","14595034000","14425143300","14054737800","14569082400","15722818800","17219028100","17932727500","19066332700","19431133800","21013216700","20491675195.8766","20684305435.9894","21553046264.3009","22791029867.0905",
"Ghana","GHA","Manufacturing, value added (current US$)","NV.IND.MANF.CD","","","","","","200303686.514387","217112387.480629","207943210.397377","209834492.222081","243172682.575122","252978032.678958","265881943.528012","229613408.055215","351261812.111359","311801242.236025","392021276.595745","363559322.033898","344000000","316404886.561955","348575498.575499","347095435.684647","252209302.325581","145518207.282913","156547619.047619","282224396.607958","519459033.613445","639524450.4262","501496598.639456","497082674.050633","525532703.353715","574944812.362031","612240567.962353","598690626.073023","560034530.067364","495981918.633852","602932101.339293","598604682.446025","623791480.30235","672460482.942993","696511815.423619","449296133.920821","478497288.166354","556638739.451577","685076906.747396","776413431.981278","929984125.213072","1992644903.81999","2134258577.18961","2163606566.72448","1764042927.69866","2056998299.97979","2526895454.1718","2336220338.24931","7282906317.7638","6025546444.22744","5486644849.26978","6075038593.68153","6130461480.91078","6806736301.6132","6945460166.00438","7668042048.45089","8655459553.05535","8489177681.17649","8974100974.25666","8804856653.5649","11542668021.6405",
"Ghana","GHA","Agriculture, forestry, and fishing, value added (% of GDP)","NV.AGR.TOTL.ZS","40.8515535097814","35.3763440860215","37.8926038500507","35.9090909090909","35.3559870550162","43.5197817189632","43.2806324110672","40.2260638297872","41.7647058823529","45.9270364817591","46.5250110668437","44.16","46.6429840142096","48.9860039988575","51.137339055794","47.6623130796896","50.5669629175605","56.2035295171549","60.7119031735443","59.9674013181206","57.9202837673854","53.0842948806213","57.3411527917549","59.7305991154001","49.2428694453377","44.8925514796763","47.775389964274","50.6005361930295","49.6130122260739","48.9674812695895","44.8476174659294","45.5104758789699","44.779057218035","36.9308643888329","37.790585975024","38.7785905027284","38.9550830342103","35.7815976306205","36.0141073080481","35.7763437934285","35.2715219593039","35.2418001245052","35.1483770619295","36.5454059013539","37.9524260930096","37.4530129301836","28.3330959873622","27.294114484663","29.4080967578414","30.9933842095403","28.0387379636491","23.663704967184","22.1311546901572","20.3698425406713","19.5837731324669","19.9826505985758","20.8442929192419","19.5617099184239","18.1365503192521","17.323230201462","18.8537826616486","19.6574735227332","19.5136382081198","20.9430687855615","20.5752049341268","21.2758634417128",
"Ghana","GHA","Agriculture, forestry, and fishing, value added (current LCU)","NV.AGR.TOTL.CN","35500","32900","37400","39500","43700","63800","65700","60500","71000","91900","105100","110400","131300","171500","238300","251800","330000","627400","1274100","1692400","2482000","3855300","4957200","10992700","13323200","15400300","24432000","37748000","52153000","69397400","86142900","110478000","125510100","143000000","196700000","300600000","441700000","505000000","622900000","736270000","957710000","1341680000","1717420000","2417760000","3031940000","3642710000","5415033800","6319801600","8874951300","11342832300","12909623800","14154757700","16668160000","25355886800","31076313500","36673287400","45772940700","51407775800","55967108300","61764983900","73895654000","90757559800","119879353736.788","185921700246.239","243363375363.813","305120294870.649",
"Ghana","GHA","External balance on goods and services (% of GDP)","NE.RSB.GNFS.ZS","-7.24971231300345","-10.3225806451613","-4.25531914893617","-6.27272727272727","-3.96440129449838","-9.61800818553888","-5.00658761528327","-2.52659574468085","-0.470588235294118","-0.599700149925038","-1.37228862328464","-4.48","5.50621669626998","5.05569837189374","-3.47639484978541","0.92750331251183","-0.33711308611707","-1.04810534802472","-1.32945773372725","0.0708666997377932","-0.688415943246523","-0.567289951257126","0.356271182519578","-0.433062737043437","-2.72655704258929","-2.93486625778317","-3.5594933837577","-6.52292225201072","-5.87873241526794","-7.60061642066759","-8.97239730923354","-8.56125714667055","-11.5416848771351","-16.1612819916841","-11.5038808837656","-8.4302024072139","-7.98057978427862","-20.5812561112135","-12.8568397317299","-17.5484261265902","-18.4439149249609","-19.5798212273481","-12.2567393884818","-15.9290604117132","-21.0636841043908","-25.2730802132","-15.2066732621238","-16.3041410764434","-19.4553110121285","-13.0110065711427","-16.4243798253677","-12.4222367544507","-12.449598780609","-9.87775510942056","-7.37275812188307","-8.85786127758497","-5.49052114786246","-2.7946157304754","-1.04872656663728","-1.92560300708984","-3.52465774282018","-2.59759197358838","-0.787368689149668","-0.846228541309404","1.14469463706007","",
"Ghana","GHA","PM2.5 air pollution, population exposed to levels exceeding WHO guideline value (% of total)","EN.ATM.PM25.MC.ZS","","","","","","","","","","","","","","","","","","","","","","","","","","","","","","","100","","","","","100","","","","","100","","","","","100","","","","","100","100","100","100","100","100","100","100","","","","","","","","",
"Ghana","GHA","PM2.5 air pollution, mean annual exposure (micrograms per cubic meter)","EN.ATM.PM25.MC.M3","","","","","","","","","","","","","","","","","","","","","","","","","","","","","","","38.3512002784784","36.2087431851242","36.2382419475188","36.2677407099134","36.2972394723079","31.9828265232056","36.3562369970971","36.3857357594916","36.4152345218862","36.4447332842808","38.6461879024236","29.8112835954564","35.1593626800221","28.9236361356992","40.8471079792122","31.5057622691659","31.4140355286574","33.4452107808469","34.1712364799862","29.4002555482537","26.371447386165","30.3930045479609","29.0418637003495","24.2061546021841","23.6327809168327","33.8697351229232","31.3095383111133","29.3568301115867","25.8232291377847","25.0476126459012","30.1543666247493","29.2960702713952","30.0880306483719","28.143601284493","","",
"Ghana","GHA","Energy use (kg of oil equivalent) per $1,000 GDP (constant 2021 PPP)","EG.USE.COMM.GD.PP.KD","","","","","","","","","","","","","","","","","","","","","","","","","","","","","","","123.394502418237","121.281079445766","120.922586279388","120.842287526204","121.725087048059","122.374231714342","120.893179921738","121.433748478278","122.542091318178","121.977893128871","96.8119199076684","92.9411115735588","88.6839092888717","80.1704059824983","74.9001243767323","70.3767004729535","71.0584494824057","67.0448593516208","66.1169342696183","64.244181241585","65.8630031678595","60.4903280375899","61.5239317132735","57.8627420668847","57.1899918296218","58.0671974189468","57.8760973874761","58.581180585727","60.7357065948963","58.4521735177866","61.1870180099711","57.8421067603045","53.7363929445597","54.2453168984213","","",
"Ghana","GHA","GDP per unit of energy use (constant 2021 PPP $ per kg of oil equivalent)","EG.GDP.PUSE.KO.PP.KD","","","","","","","","","","","","","","","","","","","","","","","","","","","","","","","8.10408875924285","8.24530919884477","8.26975365619066","8.27524884269637","8.21523339396078","8.17165497990049","8.27176521163034","8.2349430247464","8.16046135040668","8.19820685821727","10.3293065663166","10.7595011838065","11.2760026933712","12.4734306599159","13.3511126759978","14.2092481358132","14.0729217606641","14.9153866481461","15.1247182139768","15.5656120239058","15.1830307137891","16.5315684745267","16.2538376880789","17.282278099508","17.4855768991743","17.2214269751154","17.2782900910729","17.0703285594699","16.4647792223764","17.1080036860512","16.3433360951998","17.2884435925538","18.6093622069443","18.4347710950344","","",
"Ghana","GHA","Electricity production from renewable sources, excluding hydroelectric (kWh)","EG.ELC.RNWX.KH","","","","","","","","","","","","","","","","","","","","","","","","","","","","","","","0","0","0","0","0","0","0","0","0","0","14500000","13500000","13500000","12500000","12500000","13500000","9600000","9600000","16800000","15800000","14800000","15800000","15800000","19000000","29970000","34110000","61350000","65290000","70710000","96670000","102570000","169590000","","","","",
"Ghana","GHA","Electricity production from natural gas sources (% of total)","EG.ELC.NGAS.ZS","","","","","","","","","","","","","","","","","","","","","","","","","","","","","","","0","0","0","0","0","0","0","0","0","0","3.71036965249896","6.48937523857997","18.7405472294789","11.3566814008841","3.67610531544958","4.83205657041839","16.5480427046263","20.3066781312697","12.7703027390678","0.223264121455682","10.7406314547064","24.2499777441467","11.9768403639371","10.3295851105079","18.154486586494","38.5899653979239","16.8149089368912","29.7299218194741","39.7648941408173","46.3800780605794","59.7085212908343","62.6054230525075","62.6106099192817","59.2797099060491","","",
"Ghana","GHA","Electricity production from coal sources (% of total)","EG.ELC.COAL.ZS","","","","","","","","","","","","","","","","","","","","","","","","","","","","","","","0","0","0","0","0","0","0","0","0","0","0","0","0","0","0","0","0","0","0","0","0","0","0","0","0","0","0","0","0","0","0","0","","","","",
"Ghana","GHA","Energy intensity level of primary energy (MJ/$2021 PPP GDP)","EG.EGY.PRIM.PP.KD","","","","","","","","","","","","","","","","","","","","","","","","","","","","","","","","","","","","","","","","","4.84","4.65","4.43","4.01","3.75","3.5","3.57","3.37","3.32","3.22","3.3","3.04","3.12","2.93","2.89","2.95","2.87","2.63","2.8","2.78","2.97","2.88","","","","",
"Ghana","GHA","Multilateral debt service (% of public and publicly guaranteed debt service)","DT.TDS.MLAT.PG.ZS","","","","","","","","","","","15.8360820147295","15.5782512414033","32.9313040625427","21.2203551283317","18.849740178999","9.41135920633439","10.352202913252","16.1066409518507","13.2045362855689","17.0686155422795","12.83846225004","22.7836557327756","31.1159041327704","28.3676509986668","26.8500060764973","31.1675829872001","30.1087356981655","28.983462425329","25.8244434433248","26.9779644065933","30.5242013385317","46.1942092959997","41.4102772189049","41.478939871643","35.6278453419672","44.6895212604253","31.9657228102984","27.1858979856544","23.7663073241954","25.5572788119441","28.4342073324225","47.5199232912884","35.7644504606866","27.7461766923889","28.3540994898487","30.0959830803577","28.1298381572319","23.377742301947","20.3214821981684","17.4733519989603","17.9032695670221","14.8433307769413","13.5925736395844","11.8559730958937","10.9306793794873","8.68212895286428","6.13440601053199","6.32109185375887","4.85671632413389","6.06672984936106","6.95589250457954","6.47854497555616","12.1042287477072","55.5592481028278","34.3295520697811","",
"Ghana","GHA","Debt service on external debt, public and publicly guaranteed (PPG) (TDS, current US$)","DT.TDS.DPPG.CD","","","","","","","","","","","26237550.4","28449919.9","14387526.2","23204135.7","27241754.8","54827362.2","51930975.9","37914744.1","67908590.7","73864348.1","107711786.9","69250000.9","71213949","110681470.6","88949270","95253786","120349123.8","156269087.3","203610243.2","206999140.7","192368266.9","167076151.7","207154375.1","198161691.1","242863492.5","253823737.2","306344764.3","340219078.1","384275812.2","390291507.3","374351732.6","205239583.2","179568349.5","223640349.4","229912646.4","277267231.9","255862201.9","200298872.3","202814931.5","220843478.7","267297261.1","305171108.7","422354335.7","560190234.6","716511330","934991002.1","1501244551.5","1787564724.8","2407431027.4","2226164216.2","2452996398.2","2987536712.8","1954290497.4","516598516.9","845828109","",
"Ghana","GHA","Total debt service (% of exports of goods, services and primary income)","DT.TDS.DECT.EX.ZS","","","","","","","","","","","","","","","","6.485420512163","5.80880204494967","3.71584761155977","7.41414870041112","8.89483958882979","13.111109216058","14.2513668575724","15.5556318580393","30.4091628978224","21.7214406898807","23.579266183432","28.3245142594411","45.8022704999448","56.9166277041827","50.7696377628635","38.7900767390388","28.1344612469666","28.3521846529814","25.6380408535064","26.6897390464477","25.438117204638","27.5692660801006","33.2470758507488","22.7607798311445","21.14536173291","19.0379689800063","12.9307631087843","8.59248021479088","15.6253558523097","8.03337570178493","8.90912509344684","6.27563624136757","4.86835377498653","4.374048148813","4.60121789606095","4.92890795970623","3.54477536058183","5.6836727482065","5.23002563038489","16.724395649565","7.38187818975689","26.0423836386085","30.6452087621077","19.0937763222227","35.9953158026916","12.7346959387465","13.3672293231482","22.1220826133066","15.2849984123129","9.43593175956357","",
"Ghana","GHA","Net ODA received (% of imports of goods, services and primary income)","DT.ODA.ODAT.MP.ZS","","","","","","","","","","","","","","","","13.4667743796814","6.1859726438321","7.78251680979544","10.1835298993135","15.00064234893","15.1017014292516","10.7906555194061","15.3270022195775","14.9696567345621","26.2204718402052","20.4063847349632","33.1942843160351","30.8043371753029","41.3112773168355","50.7396134801358","35.369350439376","50.3411349047535","31.1375834281215","27.5307237432244","25.9755273974734","28.7248053004415","25.6521661197491","18.6831348554458","18.4550457506971","14.9798904543707","17.2927429241864","17.435049127169","19.6015493932069","22.6072434728716","25.2429913082077","16.8248672547914","14.5661668549662","11.0649329121344","10.3360256564641","13.5329931824503","9.40290772152236","8.67676124731832","7.43984574718986","5.50330685991189","5.3291271718421","7.94680485204453","5.9948404886928","5.0194306337244","3.84857444028182","2.90786822028046","7.68849847946105","4.08368809917778","3.30606895221193","5.23384042338803","","",
"Ghana","GHA","Net official development assistance received (current US$)","DT.ODA.ODAT.CD","2940000.05722046","2970000.02861023","5610000.1335144","18010000.2288818","20219999.3133545","46220001.2207031","62189998.626709","45279998.7792969","62200000.7629395","71269996.6430664","59099998.4741211","56840000.1525879","58560001.373291","40900001.5258789","36319999.6948242","124209999.084473","61540000.9155273","90169998.1689453","112180000.305176","168220001.220703","190809997.558594","144119995.117188","138729995.727539","108389999.389648","213119995.117188","194330001.831055","358880004.882813","409019989.013672","575590026.855469","715530029.296875","559719970.703125","878630004.882813","614219970.703125","627260009.765625","547719970.703125","649869995.117188","651270019.53125","494173400.878906","703880981.445313","610085998.535156","600649291.992188","644851074.21875","689372314.453125","985035644.53125","1419010986.32813","1152635253.90625","1236248657.22656","1162919433.59375","1312170776.36719","1584683593.75","1369069946.28906","1803865844.72656","1799276977.53906","1328166259.76563","1123126953.125","1770481811.52344","1318654663.08594","1263540771.48438","1067619384.76563","911422729.492188","2205243408.20313","1239739746.09375","1049816894.53125","1571978515.625","","",
"Ghana","GHA","Net official development assistance and official aid received (current US$)","DT.ODA.ALLD.CD","2940000.05722046","2970000.02861023","5610000.1335144","18010000.2288818","20219999.3133545","46220001.2207031","62189998.626709","45279998.7792969","62200000.7629395","71269996.6430664","59099998.4741211","56840000.1525879","58560001.373291","40900001.5258789","36319999.6948242","124209999.084473","61540000.9155273","90169998.1689453","112180000.305176","168220001.220703","190809997.558594","144119995.117188","138729995.727539","108389999.389648","213119995.117188","194330001.831055","358880004.882813","409019989.013672","575590026.855469","715530029.296875","559719970.703125","878630004.882813","614219970.703125","627260009.765625","547719970.703125","649869995.117188","651270019.53125","494173400.878906","703880981.445313","610085998.535156","600649291.992188","644851074.21875","689372314.453125","985035644.53125","1419010986.32813","1152635253.90625","1236248657.22656","1162919433.59375","1312170776.36719","1584683593.75","1369069946.28906","1803865844.72656","1799276977.53906","1328166259.76563","1123126953.125","1770481811.52344","1318654663.08594","1263540771.48438","1067619384.76563","911422729.492188","2205243408.20313","1239739746.09375","1049816894.53125","1571978515.625","","",
"Ghana","GHA","Net official flows from UN agencies, UNWTO (current US$)","DT.NFL.UNWT.CD","","","","","","","","","","","","","","","","","","","","","","","","","","","","","","","","","","","","","","","","","","","","","","","","","","","","","","","","","","","","","","","","","","",
"Ghana","GHA","Net official flows from UN agencies, UNPBF (current US$)","DT.NFL.UNPB.CD","","","","","","","","","","","","","","","","","","","","","","","","","","","","","","","","","","","","","","","","","","","","","","","","","","","","","","","","","","","","","","","","2099972.00965881","","",
"Ghana","GHA","Net official flows from UN agencies, UNEP (current US$)","DT.NFL.UNEP.CD","","","","","","","","","","","","","","","","","","","","","","","","","","","","","","","","","","","","","","","","","","","","","","","","","","","","","","","","","","","","","","","","165000.006556511","","",
"Ghana","GHA","Net official flows from UN agencies, UNCTAD (current US$)","DT.NFL.UNCTAD.CD","","","","","","","","","","","","","","","","","","","","","","","","","","","","","","","","","","","","","","","","","","","","","","","","","","","","","","","","","","","","","","","","","","",
"Ghana","GHA","Net bilateral aid flows from DAC donors, United Kingdom (current US$)","DC.DAC.GBRL.CD","340000.003576279","289999.99165535","829999.983310699","3240000.00953674","6630000.11444092","1250000","980000.019073486","870000.004768372","14310000.4196167","13020000.4577637","12439999.5803833","15970000.2670288","3769999.98092651","4059999.94277954","1220000.02861023","1379999.99523163","2750000","3900000.09536743","7630000.11444092","21200000.7629395","34790000.9155273","13319999.6948242","8810000.4196167","8199999.80926514","3819999.9332428","11510000.2288818","24399999.6185303","27649999.6185303","49909999.8474121","71849998.4741211","22250000","53790000.9155273","55509998.3215332","36930000.3051758","28860000.6103516","20930000.3051758","33590000.1525879","38080001.8310547","64629997.253418","91779998.7792969","79910003.6621094","97839996.3378906","122489997.86377","123900001.525879","280029998.779297","119739997.86377","167169998.168945","152000000","150770004.272461","153929992.675781","166580001.831055","130460006.713867","83500000","161576736.450195","108801864.624023","92634841.9189453","78471206.6650391","72682518.0053711","50260185.2416992","60081169.128418","44183391.5710449","34390510.559082","18988609.3139648","15329339.0274048","","",
"Ghana","GHA","Net bilateral aid flows from DAC donors, Spain (current US$)","DC.DAC.ESPL.CD","","","","","","","","","","","","","","","","","","","","","","","","","","","","","","1509999.99046326","3210000.03814697","529999.971389771","39999.9991059303","59999.9986588955","129999.995231628","-490000.009536743","3460000.03814697","1059999.94277954","8279999.73297119","14189999.5803833","5090000.15258789","3480000.01907349","8710000.03814697","13060000.4196167","19079999.9237061","38860000.6103516","2170000.07629395","5769999.98092651","16079999.9237061","24139999.3896484","14279999.7329712","5199999.80926514","699999.988079071","-2240000.00953674","144225.001335144","-2349503.99398804","-1798063.03977966","-6191040.99273682","-3873112.91694641","-3628597.97477722","-4430597.78213501","-1093243.00289154","-4673686.98120117","-15460.9996825457","","",
"Ghana","GHA","Net bilateral aid flows from DAC donors, Switzerland (current US$)","DC.DAC.CHEL.CD","","","","19999.9995529652","119999.997317791","","","39999.9991059303","19999.9995529652","180000.007152557","19999.9995529652","100000.001490116","50000.0007450581","170000.001788139","70000.0002980232","50000.0007450581","59999.9986588955","90000.0035762787","140000.000596046","90000.0035762787","189999.997615814","150000.005960464","159999.996423721","639999.985694885","4750000","9739999.77111816","3140000.10490417","3759999.99046326","10640000.3433228","5400000.09536743","3700000.04768372","11569999.6948242","680000.007152557","1179999.94754791","899999.976158142","479999.989271164","600000.023841858","280000.001192093","469999.998807907","639999.985694885","660000.026226044","370000.004768372","7420000.07629395","7719999.79019165","7630000.11444092","12260000.2288818","13939999.5803833","13829999.9237061","8319999.69482422","11960000.038147","13739999.7711182","17049999.2370605","18409999.8474121","27760000.2288818","18159999.8474121","18510986.328125","12644820.2133179","19335426.3305664","17728349.6856689","17945280.0750732","20359003.0670166","20629116.0583496","12191551.2084961","10369668.9605713","","",
"Ghana","GHA","Net bilateral aid flows from DAC donors, Austria (current US$)","DC.DAC.AUTL.CD","","","","-230000.004172325","-270000.010728836","","389999.985694885","180000.007152557","","","","","","","","70000.0002980232","50000.0007450581","150000.005960464","340000.003576279","239999.994635582","140000.000596046","119999.997317791","50000.0007450581","109999.999403954","119999.997317791","140000.000596046","200000.002980232","250000","270000.010728836","8090000.15258789","2029999.97138977","2299999.95231628","1360000.01430511","479999.989271164","349999.994039536","1970000.02861023","23829999.9237061","6320000.17166138","4590000.15258789","310000.002384186","1039999.96185303","1559999.94277954","379999.995231628","1570000.05245209","469999.998807907","509999.990463257","90000.0035762787","150000.005960464","180000.007152557","2109999.89509583","2269999.98092651","4000000","3959058.04634094","4588065.1473999","3264377.11715698","1458266.01982117","2754403.11431885","1147336.00616455","2898005.96237183","3096734.04693604","3818475.00801086","2987061.02371216","4883580.20782471","1541041.97025299","","",
"Ghana","GHA","Stocks traded, total value (current US$)","CM.MKT.TRAD.CD","","","","","","","","","","","","","","","","","","","","","","","","","","","","","","","","","","4100000","69000000","18850000","16150000","41310000","57270000","19890000","6960000","12500000","10000000","43990000","72880000","51000000","51600000","145400000","286800000","51800000","101800000","254100000","51000000","192900000","","","","","","8820000","32660000","27080000","62230000","28370000","78530000","40580000",
"Ghana","GHA","S&P Global Equity Indices (annual % change)","CM.MKT.INDX.ZG","","","","","","","","","","","","","","","","","","","","","","","","","","","","","","","","","","","","","","-32.3880996704102","17.284200668335","-33.5","-50.8990631104","4.4921875","27.5699996948","65.3799972534","32.7000007629","-33.9282735613","9.7197677354","21.5830648872527","-10.4087812263","-42.7000932925","94.0622373378049","-22.8177028708331","7.73527105338372","54.910959839869","-22.5243320251618","-29.6167779192867","-19.2593628916488","49.1269527180027","-17.6781263020519","-23.6051740102781","-17.4191798884871","36.348657203692","-46.4222731616495","","","",
"Ghana","GHA","Secondary income receipts (BoP, current US$)","BX.TRF.CURR.CD","","","","","","","","","","","","","","","","56609006.9992676","40261090.9994507","71391631.5571594","69744859.502533","89472739.9999962","89300000","93300000","90100000","88000000","169000000","147400000","200100000","333100000","376800000","432200000","421100000","434100000","484800000","532000000","487300000","538900000","497900000","576500000","751000000","637900000","649300000","875450000","839100000","1254089000","1579940000","1794219000","2248262000","2043178000","2211496000","2077990000","2322430000","2597417023.5","2413315000","1944280000","2017401480.11","5204832361.78624","3005534204.38383","3536410000","3539269623.36832","4071344728.81049","4460079276.83253","4167753823.84541","4344574936.14431","5226489122.75812","7102055880.37616","7793842727.64179",
"Ghana","GHA","Travel services (% of service exports, BoP)","BX.GSR.TRVL.ZS","","","","","","","","","","","","","","","","1.73913043478007","1.70146945088925","1.1525423728816","0.658978583197246","1.03092711234008","0.374882849109653","0.335852225020991","0.420024477942118","3.1413612565445","3.65296803652968","4.21052631578947","2.73572861572132","2.54129606099111","3.38983050847458","4.20271940667491","5.09259259259259","5.73929961089494","4.59844559585492","7.3255010366275","7.32203389830508","7.30411686586985","8.09948979591837","8.85385081867799","64.413699251531","65.0064129970073","66.3395122418338","66.0684506937347","64.5521715624437","65.78122395854","66.3524654354915","75.56268211936","62.286748886319","49.5789614494365","51.012864418398","43.3992009990337","41.9352873485413","38.3398819097589","28.0524852410834","34.7723180887303","43.8602435889383","13.3301189837591","13.3614767759032","12.8685441813756","12.4669238846563","14.3603284275422","1.44631293734199","6.20520526913351","10.006244608874","11.9662073422835","13.0619932588932","16.7613286389242",
"Ghana","GHA","Service exports (BoP, current US$)","BX.GSR.NFSV.CD","","","","","","","","","","","","","","","","90000494.9990349","112435400.998665","128261457.426224","103256413.946163","97000067.9999695","106700000","119100000","103891087.999908","38200000","43800000","38000000","54830000","78700000","76700000","80900000","86400000","102800000","154400000","144700000","147500000","150600000","156800000","164900000","440900000","467800000","504272625.310386","531658600","554900000","630005000","702310000","1106489310","1382846296.20344","1831864826.72949","1800898738.92412","1769710000","1477300000","1810112513.21395","3259675540.8352","2454044041.07462","2044681622.38857","6142193022.70341","6332982156.77811","6601990000","7572036283.64038","9924810905.25894","7605546293.6089","9141816835.96766","8297183733.28301","8745364926.96525","9270170149.38043","10059858835.321",
"Ghana","GHA","Primary income receipts (BoP, current US$)","BX.GSR.FCTY.CD","","","","","","","","","","","","","","","","4434806.99993896","2521752.99996948","2521750.68838501","1304172.16955948","1900000","2800000","2018195.99999619","2963660","300000","2000000","5600000","600000","600000","1000000","4900000","-34400000","-29100000","-15400000","-6200000","-3000000","13700000","23500000","26700000","26700000","15000000","15555000","16300000","14700000","21400000","44500000","43270000","73266549","83988609.335625","85565000","125213515.758092","52920000","55370000","55270000","284530000","110756503.37281","394419636.467055","237960796.5862","309310000","598273030.143814","482937207.164378","738450824.793316","891393917.258371","1087083633.17234","768719326.332005","495723909.836185","736739247.117042",
"Ghana","GHA","Technical cooperation grants (BoP, current US$)","BX.GRT.TECH.CD.WD","510000","760000","1060000","1230000","1510000","1590000","8300000","9720000","7470000","13270000","15010000","15780000","14920000","17530000","19480000","24330000","24880000","28060000","35750000","34740000","41550000","41600000","32570000","28170000","24040000","29410000","38110000","42580000","58610000","57770000","58360000","78420000","99800000","94960000","85850000","105490000","95000000","108470000","104370000","111560000","125230000","112230000","126030000","137550000","138310000","123080000","141450000","94900000","102400000","108910000","115110000","114680000","156171310","163736613","155689480","137312066","141246779","125141641","131628522","142713582","136050149","158108114","165151772","141482583","","",
"Ghana","GHA","Reserves and related items (BoP, current US$)","BN.RES.INCL.CD","","","","","","","","","","","","","","","","106330424.862964","-137283894.503889","-8448758.6858705","-62380885.8125565","84086531.1537546","13293110.2440645","-274622165.753685","-17866159.0098419","-180946663.129402","35594095.3582979","14129482.6713029","-60808330.9072971","140064459.320141","181135775.381616","156592314.732307","27605236.8279421","151227277.273822","-104178807.195225","33847966.0309147","253087392.510823","182786793.784715","-25022683.5933098","77214977.4384447","27625700.9967692","-136350078.517793","-144760531.917611","67365969.0492827","-20049175.6238657","655045984.799002","-4941769.0209412","124628045.662149","418452513.216259","412472096.720622","-940847666.821109","1029371066.92834","560644447.344315","450747123.80305","-478410868.854209","-723282851.818554","-114431768.165212","-82424062.8824706","261111803.89838","996018787.211792","-815190671.087952","1251102772.32698","-540075189.534851","1467483197.86272","-3505140035.2183","806297040.852817","332834361.831367","3404148610.57979",
"Ghana","GHA","Net trade in goods (BoP, current US$)","BN.GSR.MRCH.CD","","","","","","","","","","","","","","","","150435609.998535","88783096.998047","29391439.060298","112499025.408447","262600000","195300000","-243600000","18300000","-60600000","32900000","-36300000","14200000","-107100000","-112400000","-203400000","-308200000","-321000000","-470200000","-664400000","-342200000","-256600000","-380650000","-653860000","-900800000","-1274400000","-830233759.02862","-1101397844.96244","-691828995.93","-670263124.92295","-1592811401.78735","-2545113868.08925","-3027000496.07917","-3893975747.27405","-4998768803.0424","-2206560000","-2962020000","-3052326680.16609","-4210816026.87161","-3848317611.53111","-1383251077.13604","-3143866544.49158","-1773326761.34828","1187080000","1808644837.53569","2256825173.00379","2042966219.13875","1098797425.49504","2474468534.5952","1707311813.46173","3773259263.42867","13794216714.602",
"Ghana","GHA","Current account balance (% of GDP)","BN.CAB.XOKA.GD.ZS","","","","","","","","","","","","","","","","0.625389561981361","-2.6776478271648","-2.50038784561282","-1.25435152310235","3.07195329346052","0.679380192289742","-9.92747367168792","-2.65807659865766","-4.24335765919776","-0.879363988157938","-2.97271052447471","-1.48753135064422","-1.92912868632708","-1.29093946323997","-1.78793851881226","-3.79004857894482","-3.81712748889921","-5.87583998572894","-9.36182299010873","-4.67466144092219","-2.22295003676613","-4.42593921260815","-5.85456469341193","-6.9730710672988","-12.4939914333473","-7.75495051706689","-8.04286187367619","-1.70668468981884","1.33224533437262","-6.64520344576759","-10.280631865678","-5.05660776463669","-9.58130961421888","-11.6021635051277","-7.28314283327412","-8.5327330566748","-9.00258173366364","-11.9009237632839","-9.07624953901069","-6.75690272053076","-5.7116156025854","-5.04424020618629","-3.31643027470143","-3.03986602950099","-2.72699375813964","-3.04816313374944","-2.8205574143058","-2.33126484632356","-0.911884130701339","1.91923157284388","8.22096928515243",
"Ghana","GHA","Foreign direct investment, net outflows (% of GDP)","BM.KLT.DINV.WD.GD.ZS","","","","","","","","","","","","","","","","0","0","0","0","0","0","0","0","0","0","0","0","","","","-0.251311464912112","-0.302884126204054","-0.350680105249075","-2.09418016063635","-4.27806801152738","","0.0187473178803567","0.0244289904601301","0.356524504397549","2.11580296698705","","0.179752559687634","-0.033124788571487","0.140836359676954","-0.0110191864663877","","","","0.0277551296451876","0.0264888255489596","","0.0644309781095213","0.00264103483011321","0.00106610279762286","0.0117047761791094","0.447898784556284","0.0261202437751678","0.0263474242352593","0.120206888684631","0.859902617939497","0.774785891471921","0.150541140547174","-0.0597382151587264","0.0136640630245347","0.00644321001142963","0.0340086020114619",
"Ghana","GHA","Imports of goods, services and primary income (BoP, current US$)","BM.GSR.TOTL.CD","","","","","","","","","","","","","","","","922344100.988877","994831442.988799","1158622594.37015","1101582667.44754","1121418651.99994","1263500000","1335600000","905134570.609877","724064695.080123","812800000","952300000","1081150000","1327800000","1393300000","1410200000","1582500000","1745352000","1972600000","2278400000","2108600000","2262400000","2538850000","2645024000","3814030000","4072700000","3473418269.3024","3698590520.252","3516927670.4832","4357168293.04413","5621405835","6850783643.34791","8487124097.47712","10509954672.3725","12695119187.7756","11709779000","14560070000","20789621764.5043","24184331754.7098","24133966968.8507","21075251479.442","22279165582.7302","21996492910.414","25172990000","27740645304.6924","31343329905.2418","28682367748.3216","30358335798.0587","31754234703.0865","30034895764.1206","32749912542.1638","37968481687.216",
"Ghana","GHA","Insurance and financial services (% of service imports, BoP)","BM.GSR.INSF.ZS","","","","","","","","","","","","","","","","3.95935265337011","3.75542933511329","2.69153897402021","2.50775193798175","3.37246496407506","2.34531307891812","2.25533355909245","1.85363716038563","2.90274684484039","2.55828220858896","6.74418604651163","5.29595015576324","6.03222180591982","7.23880597014925","7.3939833272925","8.38602329450915","4.90557511178765","6.60710086997414","6.93914215135863","4.80038022813688","4.97150799166088","5.27339924670433","5.34367105891992","5.4420029419347","5.9640866873065","5.22381455507461","5.3958951136098","4.73430091546066","3.85386039516209","4.34327572675826","4.50601828657543","4.55930409321199","4.12817976663908","4.68249620246339","2.97726902063117","3.89443365975966","3.63722185810882","3.58067681305136","3.03127678731858","2.53325661044145","1.62058144517518","1.50219879355302","1.1688654353562","1.10335770229275","0.853449585675203","4.2142605030387","9.31766624576961","7.08562723505593","9.07332801213772","9.73423983142779","14.2490102253977",
"Ghana","GHA","Trade in services (% of GDP)","BG.GSR.NFSV.GD.ZS","","","","","","","","","","","","","","","","11.4246651280213","13.4778819599985","12.206140486135","10.8081081998473","8.90339580497331","8.47200597405022","9.81422631013687","8.22823461262221","4.26148078114302","4.68691940080056","4.56674051444696","5.15335814139028","6.81008042895442","6.63169646764257","6.7937855539107","6.56975714692541","6.65060848953813","9.03507808946171","9.88453035820356","10.4344465706052","9.00782050388947","8.3888748445589","9.19406838777332","14.7062259932932","14.430994149603","21.8336004013808","21.4055400503364","19.0686787497926","20.333361483659","20.0879736290067","22.1468204983684","13.9605450293791","15.428374100807","14.2923675847741","18.0923669147686","13.9157026223267","13.922229136943","18.1616222379667","11.6982523375266","12.2383514427706","27.2084387263967","24.8632075288087","26.6239645478329","26.2543693834314","34.266958607024","28.1714774836121","25.9047747555882","25.9886841098418","24.7006624436883","24.9312412102497","21.6259984527654",
"Ghana","GHA","Food production index (2014-2016 = 100)","AG.PRD.FOOD.XD","","18.4","18.68","19.08","21.63","19.59","20.27","21.72","21.06","22.75","24.03","24.95","24.49","24.95","28.1","26.23","23.18","20.4","20.11","20.88","20.96","20.72","19.33","19.42","24.68","24.6","26.43","26.85","27.93","30.29","24.93","35.83","35.34","38.08","37.07","42.36","46.17","44.85","48.68","51.59","52.11","54.25","60.07","62.42","64.59","66.33","68.26","66.65","74.63","81.98","83.94","87.25","92.17","94.83","99.06","99.74","101.19","107.89","113.03","119.42","122.4","130.54","135.5","","","",
"Ghana","GHA","Rural land area (sq. km)","AG.LND.TOTL.RU.K2","","","","","","","","","","","","","","","","","","","","","","","","","","","","","","","230091.565274817","","","","","","","","","","229194.256936843","","","","","","","","","","","","","","","227830.29933429","","","","","","","","","","",
"Ghana","GHA","Forest area (% of land area)","AG.LND.FRST.ZS","","","","","","","","","","","","","","","","","","","","","","","","","","","","","","","43.6154522281797","43.1427221587413","42.669992089303","42.1972620198646","41.7245319504263","41.251801880988","40.7790718115496","40.3063417421113","39.8336116726729","39.3608816032346","38.8881515337963","38.490120418388","38.0920893029797","37.6940581875714","37.2960270721631","36.8979959567549","36.4999648413466","36.1019337259383","35.70390261053","35.3058714951217","34.9078403797135","34.8529137734025","34.7979871670915","34.7430605607805","34.6881339544695","34.6332073481586","34.8169113122967","35.0006152764349","35.0323459611497","35.0651553840542","35.0973937502747","35.1286771589176","35.1604431005612","35.1921958573042","","",
"Ghana","GHA","Urban land area where elevation is below 5 meters (sq. km)","AG.LND.EL5M.UR.K2","","","","","","","","","","","","","","","","","","","","","","","","","","","","","","","175.8947322252","","","","","","","","","","207.3115516685","","","","","","","","","","","","","","","286.5665265335","","","","","","","","","","",
"Ghana","GHA","Land under cereal production (hectares)","AG.LND.CREL.HA","","534518","520000","497756","514672","480680","594200","639305","608229","649182","999200","956300","834400","884700","930000","804900","843400","768000","645000","924000","939000","843000","822000","835000","1276000","1034000","880100","1126600","1045800","1168600","853000","1176400","1203500","1227200","1200700","1327000","1274130","1262930","1340140","1299931","1306632","1371450","1597603","1461534","1332720","1360035","1438036","1270218","1437191","1570744","1602099","1642866","1634973","1625970","1632045","1504191","1518801","1619488","1644881","1880044","1923045","2058044","2110527","2145055","","",
"Ghana","GHA","Agricultural land (% of land area)","AG.LND.AGRI.ZS","","51.4195306319768","51.4195306319768","51.4195306319768","51.4195306319768","51.4195306319768","51.4195306319768","51.4195306319768","51.4195306319768","51.4195306319768","51.4195306319768","51.4195306319768","51.4195306319768","51.4195306319768","51.4195306319768","51.8590137997715","51.8590137997715","51.8590137997715","52.2984969675661","52.2984969675661","52.2984969675661","52.2984969675661","53.1423046497319","53.1071459963083","53.9509536784741","54.3552781928452","54.3201195394216","54.7244440537927","55.1287685681638","55.0936099147403","55.4979344291114","55.9022589434825","55.9022589434825","56.2538454777182","56.6933286455129","57.5722949811022","58.4512613166916","59.6936582578887","57.0678153291729","57.394525797662","56.1023121209458","56.6846743429727","57.3546607189945","55.3358934692801","52.1647793794498","53.263512349477","52.930439922651","54.8134481849345","52.75890261053","54.1024233101872","54.4978377428144","54.0909101696405","54.277658433682","54.7731216489409","54.3845249186956","54.564096422607","54.3110758547948","53.1069873428848","53.694038850312","54.8490737607292","55.393750274689","55.393019913595","55.393019913595","55.393019913595","","",
"Ghana","GHA","Unemployment, male (% of male labor force) (modeled ILO estimate)","SL.UEM.TOTL.MA.ZS","","","","","","","","","","","","","","","","","","","","","","","","","","","","","","","","3.461","3.799","4.391","5.103","5.739","6.396","6.997","7.61","9.467","10.189","9.35","8.448","7.465","6.496","5.556","4.639","4.798","4.794","4.963","4.943","3.861","2.86","1.987","4.401","7.018","5.318","3.262","3.067","2.901","3.028","3.024","2.606","2.566","2.557","2.757",
"Ghana","GHA","Share of youth not in education, employment or training, total (% of youth population)","SL.UEM.NEET.ZS","","","","","","","","","","","","","","","","","","","","","","","","","","","","","","","","21.321","","","","","","","","","30.37","","","","","","26.916","","","","20.248","","","14.129","","31.211","","22.994","","","","22.745","27.604","21.934","23.91","",
"Ghana","GHA","Share of youth not in education, employment or training, female (% of female youth population)","SL.UEM.NEET.FE.ZS","","","","","","","","","","","","","","","","","","","","","","","","","","","","","","","","25.129","","","","","","","","","33.198","","","","","","31.203","","","","23.545","","","17.098","","37.092","","25.248","","","","27.069","29.803","24.07","26.283","",
"Ghana","GHA","Unemployment with intermediate education, female (% of female labor force with intermediate education)","SL.UEM.INTM.FE.ZS","","","","","","","","","","","","","","","","","","","","","","","","","","","","","","","","9.722","","","","","","","","","14.322","","","","","","14.384","","","","12.764","","","5.919","","15.231","","8.199","","","","4.286","6.813","7.211","7.694","",
"Ghana","GHA","Unemployment with advanced education (% of total labor force with advanced education)","SL.UEM.ADVN.ZS","","","","","","","","","","","","","","","","","","","","","","","","","","","","","","","","20","","","","","","","","","11.225","","","","","","5.068","","","","7.795","","","4.168","","7.093","","4.472","","","","3.847","5.084","4.791","5.729","",
"Ghana","GHA","Unemployment, youth total (% of total labor force ages 15-24) (national estimate)","SL.UEM.1524.NE.ZS","","","","","","","","","","","","","","","","","","","","","","","","","","","","","","","","5.63","","","","","","","15.9","","16.726","","","","","","10.03","","","","11.349","","","4.627","","15.177","","6.226","","","","1.156","5.191","6.863","9.994","",
"Ghana","GHA","Unemployment, youth female (% of female labor force ages 15-24) (national estimate)","SL.UEM.1524.FE.NE.ZS","","","","","","","","","","","","","","","","","","","","","","","","","","","","","","","","5.927","","","","","","","18.7","","16.763","","","","","","10.229","","","","12.237","","","5.046","","14.586","","6.09","","","","1.469","5.225","8.112","10.904","",
"Ghana","GHA","Part time employment, male (% of total male employment)","SL.TLF.PART.MA.ZS","","","","","","","","","","","","","","","","","","","","","","","","","","","","","","","","36.871","","","","","","","","","","","","","","","42.231","","","","","","","40.077","","44.21","","13.215","","","","","37.695","41.287","38.408","",
"Ghana","GHA","Labor force with intermediate education, female (% of female working-age population with intermediate education)","SL.TLF.INTM.FE.ZS","","","","","","","","","","","","","","","","","","","","","","","","","","","","","","","","76.596","","","","","","","","","72.792","","","","","","58.936","","","","58.26","","","62.65","","64.176","","55.939","","","","42.231","60.432","66.268","68.091","",
"Ghana","GHA","Labor force participation rate, male (% of male population ages 15+) (national estimate)","SL.TLF.CACT.MA.NE.ZS","88.99","","","","","","","","","","83.493","","","","","","","","","","","","","","44.93","","","","","66.6","","78.707","74.5","","","","","","81.395","81.4","76.677","","","","","","70.494","","","","72.477","","","78.958","","74.055","","73.447","","","","62.732","65.456","67.832","65.556","",
"Ghana","GHA","Labor force participation rate, female (% of female population ages 15+) (national estimate)","SL.TLF.CACT.FE.NE.ZS","56.669","","","","","","","","","","63.558","","","","","","","","","","","","","","45.82","","","","","61.4","","76.538","77.8","","","","","","78.7","78.7","72.636","","","","","","67.094","","","","69.451","","","73.709","","65.517","","69.488","","","","52.381","62.078","65.647","64.401","",
"Ghana","GHA","Labor force with advanced education (% of total working-age population with advanced education)","SL.TLF.ADVN.ZS","","","","","","","","","","","","","","","","","","","","","","","","","","","","","","","","87.719","","","","","","","","","71.961","","","","","","86.028","","","","75.372","","","80.522","","83.894","","66.754","","","","56.394","59.766","63.129","61.066","",
"Ghana","GHA","Labor force participation rate, male (% of male population ages 15-64) (modeled ILO estimate)","SL.TLF.ACTI.MA.ZS","","","","","","","","","","","","","","","","","","","","","","","","","","","","","","","76.778","76.739","76.778","76.816","76.854","76.898","76.944","76.985","77.023","77.061","77.097","77.128","77.159","77.191","77.225","77.255","77.283","77.313","77.346","77.378","77.41","77.443","77.476","77.511","76.191","74.822","73.494","72.129","70.472","68.824","66.738","65.438","64.266","64.224","64.065","63.512",
"Ghana","GHA","Labor force participation rate for ages 15-24, male (%) (modeled ILO estimate)","SL.TLF.ACTI.1524.MA.ZS","","","","","","","","","","","","","","","","","","","","","","","","","","","","","","","52.742","52.592","52.512","52.434","52.358","52.28","52.201","52.124","52.045","51.965","51.884","51.801","51.715","51.627","51.538","51.45","51.365","51.282","51.201","51.124","51.051","50.981","50.913","50.848","48.395","45.946","43.481","41.044","39.412","37.809","36.027","35.184","34.072","33.922","33.593","33.058",
"Ghana","GHA","Children in employment, total (% of children ages 7-14)","SL.TLF.0714.ZS","","","","","","","","","","","","","","","","","","","","","","","","","","","","","","","","","","","","","","","","","","","","6","","","48.9","","","","","","28.76078","","","","","","","","","","","","","",
"Ghana","GHA","Average working hours of children, working only, male, ages 7-14 (hours per week)","SL.TLF.0714.WK.MA.TM","","","","","","","","","","","","","","","","","","","","","","","","","","","","","","","","","","","","","","","","","","","","","","","21.5","","","","","","","","","","","","","","","","","","","",
"Ghana","GHA","Average working hours of children, study and work, ages 7-14 (hours per week)","SL.TLF.0714.SW.TM","","","","","","","","","","","","","","","","","","","","","","","","","","","","","","","","","","","","","","","","","","","","","","","13.7","","","","","","","","","","","","","","","","","","","",
"Ghana","GHA","Average working hours of children, study and work, female, ages 7-14 (hours per week)","SL.TLF.0714.SW.FE.TM","","","","","","","","","","","","","","","","","","","","","","","","","","","","","","","","","","","","","","","","","","","","","","","12.9","","","","","","","","","","","","","","","","","","","",
"Ghana","GHA","Employment in services, male (% of male employment) (modeled ILO estimate)","SL.SRV.EMPL.MA.ZS","","","","","","","","","","","","","","","","","","","","","","","","","","","","","","","","17.2427063732727","17.674855594726","18.1242248342881","18.5379826010391","18.9648571660345","19.4077427132507","19.9993637263755","20.4745643284599","20.988540874997","22.2004029675351","22.5070679706839","22.836871168983","23.1590268747539","23.4869016347593","23.9171780166425","24.2855627299017","26.4788670629863","28.7221906550615","31.0373769489148","33.5228256519793","34.2869447275776","34.8893296694952","35.5403174697347","35.9158900300224","36.3213166676964","36.8114180031742","37.3396679706329","38.9026575804892","40.4572158603013","40.714568933967","42.2115181243533","38.3388775074443","38.6139728744312","39.0263213894567","39.2212389170687",
"Ghana","GHA","Child employment in services, female (% of female economically active children ages 7-14)","SL.SRV.0714.FE.ZS","","","","","","","","","","","","","","","","","","","","","","","","","","","","","","","","","","","","","","","","","","","","23.5","","","","","","","","","24.71","","","","","","","","","","","","","",
"Ghana","GHA","Child employment in manufacturing (% of economically active children ages 7-14)","SL.MNF.0714.ZS","","","","","","","","","","","","","","","","","","","","","","","","","","","","","","","","","","","","","","","","","","","","","","","","","","","","","3.32","","","","","","","","","","","","","",
"Ghana","GHA","Employment in industry, male (% of male employment) (modeled ILO estimate)","SL.IND.EMPL.MA.ZS","","","","","","","","","","","","","","","","","","","","","","","","","","","","","","","","5.91805037541915","6.11331021849119","6.38030220974668","6.57346774785287","6.80434644320111","7.0423404712004","7.30400260760559","7.57377722998097","7.83912108215819","11.1965798078042","11.2992948462081","11.4263232809557","11.5767518459119","11.7586851731002","11.9695100941736","12.1590981057656","12.6992414640726","13.5584551780385","14.2022470748158","15.0486896471455","16.0535735079391","16.7607576568014","17.5096848437616","17.6162281715984","17.6869538630833","17.700469604895","18.0173593669929","18.4019116373452","18.7579285178008","18.593151770818","18.5808183663828","19.9651901875724","19.9822837670496","20.3866585308681","20.7554814808008",
"Ghana","GHA","Contributing family workers, male (% of male employment) (modeled ILO estimate)","SL.FAM.WORK.MA.ZS","","","","","","","","","","","","","","","","","","","","","","","","","","","","","","","","2.38743588930842","2.88913655535111","3.3925294238793","3.89039716471983","4.35400086256553","4.85942385085847","5.34048452794637","5.30232639060679","5.23929349271015","5.20815097235311","5.52261336663707","5.84214725685511","6.15108403350945","6.43405300766105","6.68637437398213","6.90236457609349","7.15031463396919","7.32431324655729","7.5366256279398","7.8156870183213","7.39186095581802","6.96096977667332","6.56155923525968","6.25904682058685","6.01087790627681","5.53361760222194","4.9691838048769","4.36566454773476","3.70405837566215","3.47030016453317","2.74505967149333","2.59233986521784","2.4682765496799","2.29409111113979","2.07192608622582",
"Ghana","GHA","Children in employment, unpaid family workers, female (% of female children in employment, ages 7-14)","SL.FAM.0714.FE.ZS","","","","","","","","","","","","","","","","","","","","","","","","","","","","","","","","","","","","","","","","","","","","","","","76.87","","","","","","97.1","","","","","","","","","","","","","",
"Ghana","GHA","Vulnerable employment, total (% of total employment) (modeled ILO estimate)","SL.EMP.VULN.ZS","","","","","","","","","","","","","","","","","","","","","","","","","","","","","","","","85.84585919659","84.8117210064024","83.4988597118517","82.4428565201976","81.4422322129451","80.3608502985712","79.2608785780756","78.5307538368691","77.7767338108063","77.0131263015815","76.7213194227969","76.405124621686","76.0781254479944","75.740660224742","75.3554947372309","74.9313965209772","74.6058683085686","74.2334858734083","73.9210504519872","73.5947339401619","72.7795582862609","72.1818583083342","71.7181857515887","71.2043433958207","70.7620853759152","69.1171444148456","67.2233379012015","65.3733158416716","63.604056475719","63.0803075462413","61.2622947977996","60.8654801488998","60.651477788433","60.3489010926185","59.9596711870833",
"Ghana","GHA","Employment to population ratio, 15+, total (%) (national estimate)","SL.EMP.TOTL.SP.NE.ZS","","","","","","","","","","","","","","","","","","","","","","","","","","","","","63.7","63.3","","74.834","73","","","","","","61","80.8","66.813","","","","","","67.3","","","","67.073","","","74.481","","64.539","","68.936","","","","55.574","61.76","64.461","62.337","",
"Ghana","GHA","Employment to population ratio, 15+, female (%) (national estimate)","SL.EMP.TOTL.SP.FE.NE.ZS","","","","","","","","","","","","","","","","","","","","","","","","","","","","","63.2","61","","73.848","74.2","","","","","","60.5","75.8","64.84","","","","","","65.589","","","","65.4","","","71.97","","61.195","","67.072","","","","50.498","60.139","63.221","61.646","",
"Ghana","GHA","Self-employed, female (% of female employment) (modeled ILO estimate)","SL.EMP.SELF.FE.ZS","","","","","","","","","","","","","","","","","","","","","","","","","","","","","","","","94.1268152352339","93.6915343320046","93.1404647498654","92.6479320263803","92.1453022292644","91.625632264764","91.0741789068751","90.2885615070961","89.4365777413737","88.5430850907678","88.2698658188241","88.0055279746419","87.7469733335929","87.4863762716179","87.2176582856194","86.9419572774569","86.7063421240215","86.4504887429744","86.2187706420886","85.996742311713","85.5485419612938","85.111575743924","84.6916200842712","84.2635196167275","83.8869786880873","82.2744481924296","80.5703338067532","78.8295470259673","77.0849648210863","76.6155186464453","74.9414725135497","74.6445751572772","74.372974099415","74.0737306389854","73.6649889993636",
"Ghana","GHA","Employment to population ratio, ages 15-24, total (%) (modeled ILO estimate)","SL.EMP.1524.SP.ZS","","","","","","","","","","","","","","","","","","","","","","","","","","","","","","","","49.536","48.302","47.653","46.918","46.236","45.541","44.887","44.228","42.517","42.039","42.363","42.716","43.11","43.494","43.864","44.226","43.765","43.421","42.943","42.612","43.473","44.273","44.969","41.086","37.24","37.117","37.126","35.523","33.919","31.834","30.954","29.896","29.834","29.761","29.13",
"Ghana","GHA","Employment to population ratio, ages 15-24, female (%) (modeled ILO estimate)","SL.EMP.1524.SP.FE.ZS","","","","","","","","","","","","","","","","","","","","","","","","","","","","","","","","49.281","47.176","46.466","45.656","44.907","44.146","43.426","42.7","40.892","40.608","40.774","40.965","41.196","41.415","41.618","41.804","41.111","40.527","39.812","39.237","39.977","40.649","41.211","38.238","35.288","35.513","35.885","34.081","32.274","29.878","28.812","27.544","27.547","27.716","27.126",
"Ghana","GHA","Employment in agriculture, female (% of female employment) (modeled ILO estimate)","SL.AGR.EMPL.FE.ZS","","","","","","","","","","","","","","","","","","","","","","","","","","","","","","","","66.4741652461293","65.4394903776092","64.6370057186825","63.7260704443262","62.5956418744019","61.524343902861","60.1989689631724","59.0119962586985","57.8228990116536","61.2024453913778","60.7413309266284","60.2213426850059","59.6407878391321","59.0292211146397","58.2373984639357","57.6173210221618","55.0591172840014","52.0023932063277","49.1584715645906","45.9470672869147","44.1855384543278","42.8595729885288","41.4151169119938","41.0280344451069","40.5875596526069","39.9499571076416","39.1074557654876","36.792587917526","34.1911788500065","33.7698484172399","32.3691490110509","30.3083175350172","29.9853031655891","29.206196322342","28.5535558846897",
"Ghana","GHA","Prosperity gap (average shortfall from a prosperity standard of $28/day)","SI.SPR.PGAP","","","","","","","","","","","","","","","","","","","","","","","","","","","","17.9","17.5","","","20","","","","","","","16.2","","","","","","","15.4","","","","","","","10.6","","","","11.3","","","","","","","","","",
"Ghana","GHA","Survey mean consumption or income per capita, bottom 40% of population (2021 PPP $ per day)","SI.SPR.PC40","","","","","","","","","","","","","","","","","","","","","","","","","","","","","","","","","","","","","","","","","","","","","","","","","","","","","1.83","","","","1.81","","","","","","","","","",
"Ghana","GHA","Poverty headcount ratio at $8.30 a day (2021 PPP) (% of population)","SI.POV.UMIC","","","","","","","","","","","","","","","","","","","","","","","","","","","","98.4","98.1","","","98.3","","","","","","","96.1","","","","","","","94.1","","","","","","","86.3","","","","85.4","","","","","","","","","",
"Ghana","GHA","Multidimensional poverty headcount ratio (UNDP & OPHI) (% of population)","SI.POV.MPUN","","","","","","","","","","","","","","","","","","","","","","","","","","","","","","","","","","","","","","","","","","","","","","","","","","","","","","","","","","","","","","","24.8","","","",
"Ghana","GHA","Poverty gap at $3.00 a day (2021 PPP) (%)","SI.POV.GAPS","","","","","","","","","","","","","","","","","","","","","","","","","","","","35.6","35","","","39.7","","","","","","","29.7","","","","","","","26.4","","","","","","","15.7","","","","15.8","","","","","","","","","",
"Ghana","GHA","Proportion of people living below 50 percent of median income (%)","SI.DST.50MD","","","","","","","","","","","","","","","","","","","","","","","","","","","","14.1","13.7","","","13.4","","","","","","","16.2","","","","","","","18","","","","","","","18.1","","","","20.6","","","","","","","","","",
"Ghana","GHA","Income share held by third 20%","SI.DST.03RD.20","","","","","","","","","","","","","","","","","","","","","","","","","","","","16.3","16","","","15.2","","","","","","","15","","","","","","","14.6","","","","","","","14.6","","","","14.8","","","","","","","","","",
"Ghana","GHA","UHC service coverage sub-index on infectious diseases","SH_UHC_SCI_ID","","","","","","","","","","","","","","","","","","","","","","","","","","","","","","","","","","","","","","","","","6","5","3","3","4","6","10","15","16","15","16","22","28","28","27","29","30","29","35","34","30","40","43","41","","",
"Ghana","GHA","Proportion of population facing large (but non-impoverishing) out-of-pocket health expenditure (%)","SH_UHC_FH40_LARGE","","","","","","","","","","","","","","","","","","","","","","","","","","","","","","","","2.12","","","","","","","1.47","","","","","","","1.67","","","","","","","1.15","","","","0.68","","","","","","","","","",
"Ghana","GHA","Domestic private health expenditure per capita, PPP (current international $)","SH.XPD.PVTD.PP.CD","","","","","","","","","","","","","","","","","","","","","","","","","","","","","","","","","","","","","","","","","23.4113181283854","24.0031433402177","24.6684843039842","25.4860037958705","26.6223650965785","28.479009629081","48.0857030865317","56.1529366005513","61.9560581711579","60.4041987436051","67.4637509914979","70.5241835885022","80.6732014371469","102.914352590586","109.097250265634","94.3041936285606","82.9880113497028","34.2989408291575","48.0635962679503","59.9784135741681","67.0658473903485","78.6115662952783","76.1655059451875","66.2151625510348","","",
"Ghana","GHA","Out-of-pocket expenditure per capita (current US$)","SH.XPD.OOPC.PC.CD","","","","","","","","","","","","","","","","","","","","","","","","","","","","","","","","","","","","","","","","","3.97631245","4.08003562","4.5734089","6.82900097","7.64868723","9.06401259","17.37168924","22.69546733","26.06799514","21.8124451","27.67585004","30.26197696","30.23097007","40.95472062","35.34989222","28.0038742","24.53398566","12.25546702","17.87177877","20.61690832","23.12733893","25.01559431","20.60672545","18.74270668","","",
"Ghana","GHA","Domestic general government health expenditure (% of general government expenditure)","SH.XPD.GHED.GE.ZS","","","","","","","","","","","","","","","","","","","","","","","","","","","","","","","","","","","","","","","","","6.10194254","6.10194254","6.10194254","7.78028059","6.91719627","13.63450813","11.49724102","9.73948956","9.87775517","12.35655785","11.91557407","12.07416725","8.9727478","8.61669731","6.71953726","8.55785751","6.53767872","9.27400303","6.56050444","8.76836586","8.02323055","7.71420717","7.40958786","10.05148506","","",
"Ghana","GHA","External health expenditure per capita (current US$)","SH.XPD.EHEX.PC.CD","","","","","","","","","","","","","","","","","","","","","","","","","","","","","","","","","","","","","","","","","0.26566517","0.92295957","3.05790799","2.92858942","5.46915664","7.60322148","8.42605228","7.80156229","7.69922982","8.52874969","10.89645381","11.00676428","7.06442082","17.44669169","12.31154475","19.50070962","8.30095441","7.93080794","4.19672804","6.19188689","17.48367918","13.96895797","13.01542932","5.99511658","","",
"Ghana","GHA","Current health expenditure (% of GDP)","SH.XPD.CHEX.GD.ZS","","","","","","","","","","","","","","","","","","","","","","","","","","","","","","","","","","","","","","","","","1.66343236","1.86866331","1.94694591","2.14935279","2.36955285","3.27344108","3.67208791","3.70900321","3.72533512","4.17717743","4.52302933","4.46374655","3.93023658","4.59225416","4.01644135","4.54299259","3.39035821","2.68786979","2.43001175","3.25450468","4.4331708","3.86030865","3.67459154","2.94686937","","",
"Ghana","GHA","Tuberculosis treatment success rate (% of new cases)","SH.TBS.CURE.ZS","","","","","","","","","","","","","","","","","","","","","","","","","","","","","","","","","","","","","","","","","50","56","60","66","68","61","66","77","82","83","84","85","84","85","85","85","85","85","84","84","86","87","87","90","","",
"Ghana","GHA","Prevalence of wasting, weight for height (% of children under 5)","SH.STA.WAST.ZS","","","","","","","","","","","","","","","","","","","","","","","","","","","","","9.1","","","","","12.3","","","","8.2","9.9","","","","","8.4","","","6","","8.7","","","6.2","","","4.7","","","6.8","","","","","5.8","","","",
"Ghana","GHA","Mortality caused by road traffic injury (per 100,000 population)","SH.STA.TRAF.P5","","","","","","","","","","","","","","","","","","","","","","","","","","","","","","","","","","","","","","","","","25.8","25.8","25.9","25.6","25.4","25.5","24.6","24","23.9","23.9","23.7","23.4","23.3","23.4","24","24.4","24.6","24.9","25.3","25.7","","","","","","",
"Ghana","GHA","External health expenditure (% of current health expenditure)","SH.XPD.EHEX.CH.ZS","","","","","","","","","","","","","","","","","","","","","","","","","","","","","","","","","","","","","","","","","2.53973317","7.59605551","21.37841797","15.44269657","23.2017746","19.74012756","17.07539177","13.60556412","12.13339424","13.6582756","13.50520229","12.00175858","8.61841011","16.56103325","15.69008923","24.93173218","12.79747391","14.65790272","7.86229706","8.7026329","17.95466805","14.79701519","15.81056595","8.53308582","","",
"Ghana","GHA","Newborns protected against tetanus (%)","SH.VAC.TTNS.ZS","","","","","","","","","","","","","","","","","","","","","3","11","11","11","21","34","48","46","42","40","60","63","65","66","67","68","68","69","69","69","69","70","70","74","77","83","85","86","86","86","86","88","88","88","88","88","88","89","89","89","90","90","90","90","90","",
"Ghana","GHA","Prevalence of severe wasting, weight for height (% of children under 5)","SH.SVR.WAST.ZS","","","","","","","","","","","","","","","","","","","","","","","","","","","","","2.1","","","","","4","","","","2.2","2.5","","","","","2.8","","","1.8","","2.4","","","1.4","","","0.7","","","1.1","","","","","1.2","","","",
"Ghana","GHA","Prevalence of wasting, weight for height, male (% of children under 5)","SH.STA.WAST.MA.ZS","","","","","","","","","","","","","","","","","","","","","","","","","","","","","10.4","","","","","13.1","","","","9.1","11.1","","","","","8.4","","","6.6","","9.4","","","7.2","","","4.3","","","7.8","","","","","6.6","","","",
"Ghana","GHA","Suicide mortality rate (per 100,000 population)","SH.STA.SUIC.P5","","","","","","","","","","","","","","","","","","","","","","","","","","","","","","","","","","","","","","","","","3.41","3.66","3.88","4.14","4.38","4.47","4.55","4.49","4.8","5.15","5.2","5.36","5.37","5.43","5.46","5.48","5.48","5.53","5.34","5.29","5.08","5.32","","","","",
"Ghana","GHA","Prevalence of stunting, height for age (modeled estimate, % of children under 5)","SH.STA.STNT.ME.ZS","","","","","","","","","","","","","","","","","","","","","","","","","","","","","","","","","","","","","","","","","32.8","32.4","31.8","31.2","30.4","29.7","28.8","27.8","26.7","25.6","24.5","23.3","22.3","21.3","20.5","19.8","19.2","18.5","17.8","17.1","16.5","16","15.7","15.6","15.6","",
"Ghana","GHA","Prevalence of stunting, height for age, female (% of children under 5)","SH.STA.STNT.FE.ZS","","","","","","","","","","","","","","","","","","","","","","","","","","","","","32","","","","","29.3","","","","32.2","27.7","","","","","32.6","","","26","","26.6","","","20.3","","","17","","","15.6","","","","","15.3","","","",
"Ghana","GHA","Mortality rate attributed to unintentional poisoning, male (per 100,000 male population)","SH.STA.POIS.P5.MA","","","","","","","","","","","","","","","","","","","","","","","","","","","","","","","","","","","","","","","","","0.99","0.99","1.05","1.24","1.28","1.26","1.18","1.22","1.34","1.24","1.17","1.19","1.26","1.29","1.3","1.15","1.14","1.13","1.07","1.05","1","0.99","","","","",
"Ghana","GHA","Prevalence of overweight, weight for height (modeled estimate, % of children under 5)","SH.STA.OWGH.ME.ZS","","","","","","","","","","","","","","","","","","","","","","","","","","","","","","","","","","","","","","","","","3.4","3.4","3.4","3.4","3.3","3.3","3.2","3.1","3","2.9","2.8","2.7","2.6","2.5","2.4","2.3","2.2","2.1","2","1.9","1.9","1.9","1.8","1.8","1.8","",
"Ghana","GHA","Prevalence of overweight, weight for height, female (% of children under 5)","SH.STA.OWGH.FE.ZS","","","","","","","","","","","","","","","","","","","","","","","","","","","","","0.7","","","","","2.9","","","","1.6","2.5","","","","","3.6","","","2.6","","5.9","","","2.5","","","1.6","","","1.3","","","","","1.8","","","",
"Ghana","GHA","People practicing open defecation, urban (% of urban population)","SH.STA.ODFC.UR.ZS","","","","","","","","","","","","","","","","","","","","","","","","","","","","","","","","","","","","","","","","","7.59308764426954","7.65595651674072","7.71882538921187","7.78169426168304","7.84456313415421","7.90743200662537","7.97030087909654","8.03316975156771","8.09603862403887","8.15890749651004","8.22177636898121","8.28464524145237","8.34751411392354","8.41038298639471","8.47325185886586","8.53612073133704","8.59898960380819","8.66185847627936","8.72472734875053","8.78759622122169","8.85046509369286","8.91333396616403","8.97620283863519","9.03907171110636","9.10194058357753","",
"Ghana","GHA","Prevalence of underweight, weight for age (% of children under 5)","SH.STA.MALN.ZS","","","","","","","","","","","","","","","","","","","","","","","","","","","","","22.9","","","","","25.1","","","","22.2","20.1","","","","","19","","","13.9","","14.4","","","13.4","","","11.2","","","12.6","","","","","12","","","",
"Ghana","GHA","People with basic handwashing facilities including soap and water, urban (% of urban population)","SH.STA.HYGN.UR.ZS","","","","","","","","","","","","","","","","","","","","","","","","","","","","","","","","","","","","","","","","","","","","","","","","","","","","43.0507374695221","43.0507374695221","43.0507374695221","43.0507374695221","43.0507374695221","44.3775957015805","45.7044539336393","47.0313121656982","48.358170397757","49.6850286298159","51.0118868618743","52.3387450939331","53.6656033259919","54.9924615580508","",
"Ghana","GHA","Low-birthweight babies (% of births)","SH.STA.BRTW.ZS","","","","","","","","","","","","","","","","","","","","","","","","","","","","","","","","","","","","","","","","","15.80318546","15.77820436","15.74756879","15.71697625","15.67465276","15.61324612","15.54435939","15.45486489","15.34748982","15.23091984","15.10839751","14.98559055","14.88470305","14.79265996","14.72653646","14.67139497","14.61791717","14.55987708","14.50085243","14.45498341","14.41585206","","","","","",
"Ghana","GHA","People using at least basic sanitation services, urban (% of urban population)","SH.STA.BASS.UR.ZS","","","","","","","","","","","","","","","","","","","","","","","","","","","","","","","","","","","","","","","","","10.5832735049017","10.6130679573879","11.6972167134368","12.7872687515147","13.8832240716217","14.9850826737578","16.092844557923","17.2065097241173","18.3260781723403","19.4515499025927","20.5829249148742","21.7202032091848","22.8633847855245","24.0124696438933","25.1674577842911","26.328349206718","27.495143911174","28.6678418976591","29.8464431661732","31.0309477167165","32.2213555492888","33.4176666638902","34.6198810605207","35.8279987391803","37.0420196998689","",
"Ghana","GHA","Mortality rate attributed to household and ambient air pollution, age-standardized (per 100,000 population)","SH.STA.AIRP.P5","","","","","","","","","","","","","","","","","","","","","","","","","","","","","","","","","","","","","","","","","","","","","","","","","","","","","","","","","","","","193.6","","","","","","",
"Ghana","GHA","Risk of impoverishing expenditure for surgical care (% of people at risk)","SH.SGR.IRSK.ZS","","","","","","","","","","","","","","","","","","","","","","","","","","","","","","","","","","","","","","","","","","","","70","68.3","66","59.2","53.8","48.6","43.2","42.4","34.9","40.2","26.5","30.1","","39.6","38.3","37.5","33.5","24.3","22.6","25.6","","","",
"Ghana","GHA","Prevalence of current tobacco use (% of adults)","SH.PRV.SMOK","","","","","","","","","","","","","","","","","","","","","","","","","","","","","","","","","","","","","","","","","7.4","","","","","6.3","","5.8","","","5.3","","","","","4.5","","","","","3.8","","3.5","3.4","3.3","",
"Ghana","GHA","Number of maternal deaths","SH.MMR.DTHS","","","","","","","","","","","","","","","","","","","","","","","","","","5500","5400","5300","5100","4900","4800","4700","4600","4400","4300","4000","3800","3600","3500","3300","3300","3300","3200","3000","3000","3000","3000","3000","3000","3000","3000","3000","3000","3000","2800","2800","2600","2500","2400","2300","2200","2300","2100","2100","","",
"Ghana","GHA","Specialist surgical workforce (per 100,000 population)","SH.MED.SAOP.P5","","","","","","","","","","","","","","","","","","","","","","","","","","","","","","","","","","","","","","","","","","","","","","","","","","","","","","","","","","","","","","","","","","",
"Ghana","GHA","Hospital beds (per 1,000 people)","SH.MED.BEDS.ZS","0.779893696308136","","","","","","","","","","1.32280004024506","","","","","1.25080001354218","","","","","","","","","","1.56700003147125","","","","","1.4600000381","","","","","","","","","","","","","","","","","","","","0.7","0.68","0.72","0.73","0.71","0.69","","","","","","","","","","",
"Ghana","GHA","Antiretroviral therapy coverage for PMTCT (% of pregnant women living with HIV)","SH.HIV.PMTC.ZS","","","","","","","","","","","","","","","","","","","","","","","","","","","","","","","","","","","","","","","","","0","0","0","0","1","3","8","28","32","24","38","52","58","47","55","52","65","74","80","78","82","86","88","90","99","",
"Ghana","GHA","Incidence of HIV, all (per 1,000 uninfected population)","SH.HIV.INCD.TL.P3","","","","","","","","","","","","","","","","","","","","","","","","","","","","","","","2","2.3","2.3","2.4","2.4","2.1","2","1.9","1.8","1.7","1.6","1.5","1.5","1.4","1.3","1.2","1.2","1.1","1","0.98","0.94","0.87","0.82","0.82","0.79","0.78","0.74","0.71","0.68","0.66","0.64","0.58","0.55","0.52","0.47","",
"Ghana","GHA","Antiretroviral therapy coverage (% of people living with HIV)","SH.HIV.ARTC.ZS","","","","","","","","","","","","","","","","","","","","","","","","","","","","","","","","","","","","","","","","","0","0","0","0","1","1","2","4","7","10","13","19","22","24","26","26","29","32","33","34","37","40","45","45","47","",
"Ghana","GHA","People using safely managed drinking water services (% of population)","SH.H2O.SMDW.ZS","","","","","","","","","","","","","","","","","","","","","","","","","","","","","","","","","","","","","","","","","14.3616135049129","14.6359468537329","15.6665117240998","16.7174967754033","17.7891191031522","18.8799071278454","19.9907324615894","21.1211173511478","22.2709235576714","23.4389239746226","24.626404798353","25.8321174475712","27.0555218868952","28.2956613769924","29.5523279662211","30.8253097195667","32.1143962958394","33.4189814822061","34.7388460301032","36.0733638378729","37.4227223895072","38.786292222311","40.1638456005242","41.5409857140439","42.9413892027374","",
"Ghana","GHA","People using at least basic drinking water services, urban (% of urban population)","SH.H2O.BASW.UR.ZS","","","","","","","","","","","","","","","","","","","","","","","","","","","","","","","","","","","","","","","","","80.3572028198375","80.6796656180716","81.4429487764293","82.2097416738425","82.9800443103114","83.7538566858359","84.5311788004158","85.3120106540514","86.0963522467427","86.8842035784894","87.6755646492917","88.4704354591497","89.2688160080633","90.0707062960323","90.8761063230571","91.6850160891373","92.4974355942731","93.3133648384646","94.1328038217116","94.9557525440141","95.7822110053724","96.6121792057861","97.4456571452554","98.2439343229597","99.0754116388805","",
"Ghana","GHA","Mortality from CVD, cancer, diabetes or CRD between exact ages 30 and 70 (%)","SH.DYN.NCOM.ZS","","","","","","","","","","","","","","","","","","","","","","","","","","","","","","","","","","","","","","","","","24.5","25.1","25.2","25.3","25.2","25.2","25.2","25.4","25.5","25.7","25.4","25.4","25","24.7","24.4","24.2","23.9","23.6","23.2","22.8","22.8","22.2","","","","",
"Ghana","GHA","Mortality rate, under-5, female (per 1,000 live births)","SH.DYN.MORT.FE","198.7","196.7","195.2","193.9","193.1","192.8","192.7","193","193.4","193.6","193.1","192.1","190","187","183.1","178.6","173.9","169.4","165.4","162.4","160.4","158.7","156.9","154.7","151.5","147.1","142","136.3","130.5","124.9","119.9","115.6","112.3","109.9","108.1","106.5","104.7","102.4","99.6","96.1","92.3","88.2","84.4","80.8","77.5","74.6","71.8","69.1","66.1","63.1","60","57","54.2","51.7","49.3","47.1","45","43","41.1","39.3","37.5","35.8","34.3","33","31.8","",
"Ghana","GHA","Probability of dying among youth ages 20-24 years (per 1,000)","SH.DYN.2024","","","","","","","","","","","","","","","","","","","","","","","","","","","","","","","16.6","16.2","15.8","15.4","15.1","14.7","14.3","14","13.7","13.4","13.1","12.9","12.6","12.3","12.1","11.8","11.5","11.2","10.9","10.6","10.4","10.1","9.8","9.5","9.3","9.1","8.9","8.8","8.7","8.6","8.5","8.4","8.3","8.3","8.2","",
"Ghana","GHA","Cause of death, by other COVID-19 pandemic-related outcomes (% of total)","SH.DTH.OCVD.ZS","","","","","","","","","","","","","","","","","","","","","","","","","","","","","","","","","","","","","","","","","0","","","","","","","","","","0","","","","","0","","","","0","0.44342733725689","1.54370476033912","","","","",
"Ghana","GHA","Cause of death, by injury (% of total)","SH.DTH.INJR.ZS","","","","","","","","","","","","","","","","","","","","","","","","","","","","","","","","","","","","","","","","","5.4208704665904","","","","","","","","","","6.74302937294902","","","","","7.47176078067912","","","","7.68298475607998","8.13296951761257","8.50871782216608","","","","",
"Ghana","GHA","Number of deaths ages 15-19 years","SH.DTH.1519","","","","","","","","","","","","","","","","","","","","","","","","","","","","","","","4080","4025","3973","3937","3927","3894","3829","3815","3831","3857","3926","4049","4153","4222","4279","4332","4377","4409","4434","4447","4439","4411","4386","4367","4364","4396","4428","4451","4478","4476","4462","4433","4401","4386","4344","",
"Ghana","GHA","Condom use, population ages 15-24, female (% of females ages 15-24)","SH.CON.1524.FE.ZS","","","","","","","","","","","","","","","","","","","","","","","","","","","","","","","","","","","","","","","10.5","","","","","19.4","","","","","17.4","","","","","","","","","","","","","","","","","",
"Ghana","GHA","Total alcohol consumption per capita, male (liters of pure alcohol, projected estimates, male 15+ years of age)","SH.ALC.PCAP.MA.LI","","","","","","","","","","","","","","","","","","","","","","","","","","","","","","","","","","","","","","","","","8.62","8.62","8.56","8.46","8.29","8.27","7.78","7.91","7.96","8.8","8.83","8.61","8.22","8.24","8.27","8.13","7.66","7.46","7.41","7.41","6.96","","","","","",
"Ghana","GHA","Women who believe a husband is justified in beating his wife (any of five reasons) (%)","SG.VAW.REAS.ZS","","","","","","","","","","","","","","","","","","","","","","","","","","","","","","","","","","","","","","","","","","","","48.5","","","","","36.6","","","","","","28.3","","","","","","","","19.3","","","",
"Ghana","GHA","Women who believe a husband is justified in beating his wife when she argues with him (%)","SG.VAW.ARGU.ZS","","","","","","","","","","","","","","","","","","","","","","","","","","","","","","","","","","","","","","","","","","","","29.5","","","","","21.3","","","","","","15.6","","","","","","","","9.3","","","",
"Ghana","GHA","Proportion of seats held by women in national parliaments (%)","SG.GEN.PARL.ZS","","","","","","","","","","","","","","","","","","","","","","","","","","","","","","","","","","","","","","9","9","9","","9","9","9","10.8695652173913","10.8695652173913","10.8695652173913","10.8695652173913","7.89473684210526","8.26086956521739","8.26086956521739","8.26086956521739","","10.9090909090909","10.9090909090909","10.9090909090909","10.9090909090909","12.7272727272727","12.7272727272727","13.0909090909091","13.0909090909091","14.5454545454545","14.5454545454545","14.5454545454545","14.5454545454545","14.5454545454545",
"Ghana","GHA","Government expenditure on education, total (% of government expenditure)","SE.XPD.TOTL.GB.ZS","","","","","","","","","","","","","","","","","","","","","7.64188003540039","7.74813985824585","13.8319396972656","","","","34.3092002868652","24.6679992675781","23.9328594207764","","","","","","","","","","","14.8927001953125","","15.7411098480225","","","22.3792495727539","23.4299602508545","24.161979675293","22.3170204162598","24.0375003814697","22.4951305389404","20.6961402893066","30.6343097686768","26.5813903808594","21.2222099304199","20.9851398468018","23.8087997436523","22.0933208465576","20.0976390838623","18.5981693267822","14.2717185267026","13.6294748829413","12.1674144053659","13.1793045277004","","","",
"Ghana","GHA","Government expenditure per student, secondary (% of GDP per capita)","SE.XPD.SECO.PC.ZS","","","","","","","","","","","","","","","","","","","","","","","","","","","","","","","","","","","","","","","","","","40.59106","","","42.85671","38.42101","30.15745","27.285","26.73242","26.9648","","26.31798","39.08224","19.33164","19.96045","","","","","","","","","","","",
"Ghana","GHA","Current education expenditure, tertiary (% of total expenditure in tertiary public institutions)","SE.XPD.CTER.ZS","","","","","","","","","","","","","","","","","","","","","","","","","","","","","","","","","","","","","","","","","","99.6716918945312","","","89.6174774169922","81.528190612793","85.1390228271484","73.1246185302734","77.4290618896484","79.2700881958008","73.3131637573242","","98.6494522094727","93.6432876586914","77.2657318115234","","","","","","","","","","","",
"Ghana","GHA","School enrollment, tertiary, male (% gross)","SE.TER.ENRR.MA","","","","","","","","","","","","1.31278002262116","1.35389995574951","1.4269700050354","1.57642996311188","1.53178000450134","1.74105000495911","","","","","","2.13450002670288","","","","","","","","","1.40480005741119","1.6122100353241","2.01498007774353","1.96689999103546","","","","","","","","","","","6.90051984786987","6.27021980285645","7.71257019042969","10.9526901245117","10.3041496276856","","14.026070722539","14.1728747773068","16.416458391125","18.1569222949336","18.4843716512066","18.311113968226","18.9621853439514","18.2044701007431","19.0162798532048","19.8063592929413","20.0853626371357","21.067741108522","22.5093887231891","21.0780906677246","",
"Ghana","GHA","Educational attainment, at least completed short-cycle tertiary, population 25+, total (%) (cumulative)","SE.TER.CUAT.ST.ZS","","","","","","","","","","","","","","","","","","","","","","","","","","","","","","","","","","","","","","","","","3.45514574939194","","","","","","4.23541079984691","","","","3.12943005561829","","","7.23490561920322","","8.75286960947237","","8.21404359295055","","","","12.4593019684244","9.12111624193843","","","",
"Ghana","GHA","GNI per capita (constant LCU)","NY.GNP.PCAP.KN","","","","","","","","","","","","","","","","","","","","","","","","","","","","","","","","","","","","","","","","","","","","","","","2821.2498398459","2956.09473785863","3125.66867032995","3276.03002795761","3360.3447509271","3815.99846571137","3948.73320193835","4418.62117627951","4227.2138407736","4175.15691676194","4261.60058859298","4389.07780342277","4642.4980780489","4858.38018593968","4752.38140488357","5003.97074267575","5124.96337531612","5194.77459490118","5436.44563588318","",
"Ghana","GHA","GNI per capita, Atlas method (current US$)","NY.GNP.PCAP.CD","","","190","190","210","230","240","240","220","220","240","260","250","290","330","310","280","290","330","350","390","380","330","290","320","330","370","400","420","380","380","400","420","400","370","360","370","380","380","390","330","290","270","310","370","450","570","770","1120","1160","1200","1350","1490","1790","1830","1880","1760","1830","2060","2170","2120","2250","2270","2310","2260","2630",
"Ghana","GHA","GNI growth (annual %)","NY.GNP.MKTP.KD.ZG","","","","","","","","","","","","","","","","","","","","","","","","","","","","","","","","","","","","","","","","","","","","","","","","7.51533985340096","8.4541135746402","7.45875860085657","5.09992555427164","16.3239159918227","6.01300172549608","14.628430291126","-2.04232922454143","1.07373421124434","4.42041253115993","5.27732807119057","7.99180692530683","6.77253441059302","-0.213875754993396","7.37705830310738","4.4036589597434","3.31536132186628","6.63293511687712","",
"Ghana","GHA","GNI (current US$)","NY.GNP.MKTP.CD","1203222844.16684","1283064173.75649","1368508403.66823","1515584537.12285","1714487498.55671","2026849191.51272","2106690521.10237","1710013439.69239","1615921697.1121","1914004340.2687","2170904512.9892","2372633779.70088","2085279937.86092","2984437156.69186","2875155279.50311","2787765957.44681","2744915254.23729","3178000000","3654101221.64049","4006125356.12536","4426348547.71784","4209534883.72093","4025490196.07843","4021119929.45326","4364497716.89498","4424934348.7395","5609174517.72095","4936761904.7619","5066594145.56962","5133992959.05132","5776698552.85749","6481391616.57101","6309868375.87272","5856561483.55968","5335320400.13394","6331269910.10224","6789337010.1561","6757641262.52466","7330205566.56256","7554233938.26202","4835892490.44353","5206791380.76657","6036760316.85337","7467744391.78369","8683237149.73402","10613426954.4381","20312808010.4294","24686774020.2591","28562727613.9792","25954434872.8475","31663500964.6968","38113676481.7098","39175664473.0821","61094646952.9481","51821257450.5724","47950418120.3816","53941410700.6894","57411757415.1352","64232106057.9047","65541778381.7027","66611389170.0161","75132646613.7806","68810271081.1214","76440188848.9304","78009868385.6362","107224848154.296",
"Ghana","GHA","Gross domestic savings (current LCU)","NY.GDS.TOTL.CN","14900","9100","12700","13700","19200","12100","11900","11700","18100","22400","28900","24100","35400","49300","44600","72100","55700","111700","84900","186500","211500","290900","322800","610400","1122900","2276100","2967300","2917600","5694700","7948300","10509900","17764000","3526900","23421900","64822300","89851500","149891000","59628600","177328100","71043700","150823600","267241100","363692600","463624400","584286100","362685600","1793951500","-212927400","-894303100","1251944800","-314556800","231941600","3402841100","18539754200","31407225300","34597849600","43842355800","44073595300","63756033600","59620164700","57611404600","66664528500","95962291918.3929","82299088473.1991","144562087185.86","",
"Ghana","GHA","GDP per capita, PPP (constant 2021 international $)","NY.GDP.PCAP.PP.KD","","","","","","","","","","","","","","","","","","","","","","","","","","","","","","","2785.67114332501","2859.82702166411","2897.83543196858","2964.26600943658","2989.34731012131","3039.68873031674","3106.18555480388","3160.44504053249","3229.48228272631","3290.26865235748","3327.35199291767","3369.50702508212","3425.61820934278","3507.75105744843","3607.36522285021","3721.30785741996","3857.86154847605","3923.12567803728","4174.78124103364","4269.16005861557","4495.68916584106","5005.36732498187","5339.71321903045","5593.77481886917","5619.07233511591","5607.36635657413","5666.07795334591","5993.63085211077","6234.51208201488","6508.24652305901","6412.68541762469","6607.50297378321","6728.45413832472","6808.53775003964","7072.79879594445","7357.83332993014",
"Ghana","GHA","GDP per capita (constant 2015 US$)","NY.GDP.PCAP.KD","1100.76305218242","1106.49456785536","1124.53316411011","1146.37281080406","1144.13832736884","1132.30702640524","1058.32348060355","1064.83941805326","1043.06652540406","1078.40357133549","1152.05176710267","1179.06074375302","1117.82315272421","1117.34245836667","1159.77576208586","986.613046328261","924.779241630551","918.336702049617","966.366546263631","913.729023099301","891.578049368905","836.509660283615","756.294499573179","700.396045771895","741.569874205891","762.747783660855","784.937923659407","803.929610179043","829.017387585837","849.686579158456","855.85250708181","878.63570406594","890.313174799419","910.722897752222","918.428722656692","933.895311664356","954.325387944775","970.995739362631","992.20631798932","1010.88194916348","1022.27520714566","1035.22666053257","1052.46591644399","1077.69990866645","1108.30475353633","1143.31178934301","1185.26570738595","1205.31705804209","1282.63416886747","1311.63053760125","1381.2279503506","1537.81834019283","1640.54072088003","1718.59704769958","1726.36930134647","1722.77282833606","1740.81101902928","1841.44636153249","1915.4532323781","1999.55372220211","1970.19411460398","2030.04866500967","2067.20895855521","2091.81335596465","2173.00329800201","2260.57555903544",
"Ghana","GHA","GDP, PPP (constant 2021 international $)","NY.GDP.MKTP.PP.KD","","","","","","","","","","","","","","","","","","","","","","","","","","","","","","","42884426695.246","45149507665.2141","46901046280.2739","49175747284.6024","50798546816.8804","52887595893.4894","55321726950.6424","57643224355.5805","60352681160.9515","63008197216.1091","65339500564.5476","67953080670.8158","71010969001.3317","74703539483.9173","78886937688.1248","83541270024.0622","88887838295.6953","92751631832.2215","101238219656.879","106142692099.579","114527659021.355","130615500817.727","142753324240.703","153192196788.091","157567733839.808","160909366269.164","166337588628.264","179858996355.462","191010393846.258","203440920110.743","204486487774.301","214867175690.96","223042548956.355","230046287964.093","243498172286.681","257997069211.336",
"Ghana","GHA","GDP (constant 2015 US$)","NY.GDP.MKTP.KD","7662648270.29804","7925452126.85685","8251121525.01243","8614663810.56862","8804989947.32713","8925530160.18407","8545455168.92649","8808259025.1072","8840749198.2964","9371740063.47322","10282998639.478","10819372656.714","10550223948.3406","10854554040.8706","11598364183.5822","10156498575.7214","9797955609.28167","10020771627.3309","10870125777.3191","10596748481.7835","10646732914.4802","10273770732.8212","9562450763.29886","9126045611.45629","9915226744.35855","10420072141.8334","10961828435.4331","11487437024.2462","12133969366.5825","12751087602.0406","13175548086.442","13871457663.3982","14409589638.7183","15108454815.9955","15607033785.5625","16248860403.8684","16996707892.1917","17709950508.414","18542387390.0119","19358251846.5356","20074507180.6623","20877487493.6","21816974338.743","22951457033.3962","24236738625.149","25666707129.5251","27309353954.6989","28496442169.6902","31103809332.791","32610629348.5193","35186775129.0417","40129504915.3457","43858655296.9198","47065830437.531","48410143589.6826","49436806230.4839","51104539956.3997","55258774288.879","58684861220.5087","62503939826.8611","62825173619.4157","66014472471.1465","68526223982.9084","70678009775.3851","74810884163.6805","79265436278.5707",
"Ghana","GHA","Mineral rents (% of GDP)","NY.GDP.MINR.RT.ZS","","","","","","","","","","","0.122948154324653","0.10724417854736","0.128650360082458","0.10491566476206","0.581658683266188","0.208677064305997","0.171820301088212","0.194837697200125","0.201365496382126","0.809370358381361","2.94746148660549","1.80635136595497","1.14819521056481","1.32525798672126","0.879635255622085","0.698462873892172","0.612221342325589","1.10100179629319","1.03826846593129","0.800762132479193","0.768245784620252","1.73891234370312","1.56651719995057","2.5397516186044","3.99437860160302","1.22819736978252","2.63116103751054","1.80511321259601","1.72216238348812","1.31546159027039","3.03211311584058","2.67339483930454","2.95019670291322","1.21634094078967","0.945873447610532","1.6684537886074","2.12912560047911","2.15660916300531","2.07837946336711","2.93652371845254","3.94880910721537","5.48815061104302","4.81836140282927","2.95304965671034","3.16234383982141","2.35816739244305","1.22418164413868","1.78436553549714","1.72215924988818","2.05143894352945","2.23781040581732","5.165049712175","","","","",
"Ghana","GHA","Gross value added at basic prices (GVA) (current LCU)","NY.GDP.FCST.CN","78500","82900","88500","98200","111000","127800","137100","134300","150600","175800","195000","219900","251200","322000","424200","474200","585400","1029600","1958800","2669800","4132800","6975900","8351400","","25669100","31798000","50871400","74448100","104899600","140426300","191141900","242491400","279136100","345690000","468580000","703930000","1006650000","1260850000","1548230000","1844003900","2429890000","3411770000","4379900000","6008580000","7297559000","8898690000","17403141500","21252275200","27974661300","34470007100","41876055200","54394175000","70626697000","118313717600","144236864100","168141227500","203022833100","244393669000","286964119600","333625972800","368105708700","431151503100","575999952718.393","830243886790.408","1104992682941.84","1339497129411.62",
"Ghana","GHA","GDP deflator: linked series (base year varies by country)","NY.GDP.DEFL.ZS.AD","","","","","","","","","","","","","","","","","","","","","","","","","","","","","","","1.20270467138792","1.44374303517721","1.60472158001181","2.11433642010773","2.75136329599136","3.93569672214656","5.50358946007657","6.57448712062718","7.69533627243309","8.77046440404655","11.1586718458777","15.0438919677207","18.4766952020213","23.7803210310038","27.1928330369729","31.2618919987398","35.2598694328245","40.9382036370455","48.8844199410902","56.5429311367008","65.9265951093398","75.1001635854842","86.5193527925981","100","123.9399587594","140.365680197901","162.471338214869","179.818903787835","198.823033157826","215.685354366544","235.885527920074","264.442069663318","338.972086343917","474.919547192546","597.806808092042","684.092202875946",
"Ghana","GHA","Coal rents (% of GDP)","NY.GDP.COAL.RT.ZS","","","","","","","","","","","","0","0","0","0","0","0","0","0","0","0","0","0","0","0","0","0","0","0","0","0","0","0","0","0","0","0","0","0","0","0","0","0","0","0","0","0","0","0","0","0","0","0","0","0","0","0","0","0","0","0","0","","","","",
"Ghana","GHA","Adjusted net savings, including particulate emission damage (% of GNI)","NY.ADJ.SVNG.GN.ZS","","","","","","","","","","","","","","","","","","","","","","","","","","","","","","","-4.51225657702025","-2.10737763076547","-8.38445304061088","-4.62612491189839","-2.0849241608679","-3.59235472746891","-3.5972073121838","-10.665188616198","-2.85414226030188","-6.76080988082936","-6.00937394203555","1.65371071651706","-1.11199859053832","-0.342839724412032","5.58632181472864","2.73274857260179","4.03095794133048","-7.81967788043424","-9.27090682343113","-4.05542044560938","-9.70370084866528","-11.0493958605561","-9.59861063789927","2.69847736222808","2.50233233022764","5.44722387303976","5.02701257760961","1.91738817569761","7.23971322451705","4.80188375574988","13.8782453711843","3.77545889554033","","","","",
"Ghana","GHA","Adjusted net national income per capita (current US$)","NY.ADJ.NNTY.PC.CD","","","","","","","","","","","","233.588981936725","197.869563533891","222.3124292254","254.867015694318","234.566170282486","224.445801323809","250.096762863451","284.743945353713","302.506829463112","317.285264504481","299.392490126262","275.687242491341","269.201821356067","281.89176232535","279.994368961226","345.968135907907","296.453585726651","296.567818573586","293.587854268166","316.947763217936","349.719732003403","327.782134911467","288.862560301729","245.268075911912","284.001073205437","295.875130444355","290.735596760519","309.189309311353","327.546111795149","190.625148992022","202.617162893598","226.43621583286","263.288258650987","311.370923075265","377.009950824075","741.165374425206","868.573341808799","980.949161411893","858.45567002067","1027.8692433697","1148.73593365797","1156.64709225672","1849.15403894085","1497.36271222078","1358.92629645382","1527.72238549069","1567.24658641105","1741.31183640062","1742.95325322174","1852.24449587513","1841.53504387296","","","","",
"Ghana","GHA","Adjusted savings: net national savings (% of GNI)","NY.ADJ.NNAT.GN.ZS","","","","","","","","","","","","","","","","6.5569639480241","1.09902867029195","4.64793150139491","-0.761209761524929","2.10031205984367","-0.146132842898546","-0.44628563691108","0.397555046613172","-1.75949078079925","-1.32982553176096","-1.24942051099668","-1.8790705901655","-0.852254845923556","1.61133045478073","2.96309708010037","1.89837153579507","3.36877146841312","-1.60662269865945","4.02735605142028","10.5149784441051","8.74841656238213","9.38616391837177","1.30614372264594","9.08677220196285","0.202076544890269","6.33474397518279","12.1998735845898","9.78800131953608","12.2908149381205","14.1425896496677","10.5327975058127","8.99202837542933","-1.95370822292281","-3.91845431466602","3.21961072446414","-3.37764688073453","-4.47794542318481","-3.26523117543494","7.24839823921351","10.7998187975405","13.1515762517824","10.9844424796497","8.87861828747359","13.0389459648934","10.5225486007673","18.6973923400944","12.2966460044424","","","","",
"Ghana","GHA","Adjusted savings: particulate emission damage (% of GNI)","NY.ADJ.DPEM.GN.ZS","","","","","","","","","","","","","","","","","","","","","","","","","","","","","","","1.92951215449482","1.81232125823896","1.73556642229752","1.65767895036443","1.60543366240853","1.57753729425556","1.55631112868183","1.54846941916891","1.52224018965337","1.51436827861289","1.52269023638526","1.48976602940496","1.457833817672","1.42973249540016","1.37785486922495","1.31252133953647","1.25290337144003","1.22102495921959","1.1112908602931","1.07315149068691","1.02545103828969","0.944643412176471","0.912708968456527","0.864455919391622","0.907219568581224","0.914439361495818","0.924131667345327","0.870710064079311","0.798732194916911","0.746401938425166","0.694038296113825","0.675488276720328","","","","",
"Ghana","GHA","Adjusted savings: mineral depletion (% of GNI)","NY.ADJ.DMIN.GN.ZS","","","","","","","","","","","0.00716720115598342","0.00624280384382609","0.00744681954831529","0.00604113444339344","0.274511966297036","0.0358922906709028","0.00994432462104217","0.0112590247530548","0.011593296483011","0.558259530566014","2.20931482799259","1.31879287908014","0.851474015609312","0.994658887695114","0.662295301740766","0.476541354323905","0.423964757708214","0.822710674478965","0.751828267271484","0.513437652278854","0.501122592583027","1.27569471568965","1.13998971889667","1.90947915389586","3.04400489878985","0.90675155200071","2.00614235715454","1.36348772911112","1.32738074443482","1.01432879015016","2.35267170227585","2.04512626962398","2.2928087747233","0.944846306107927","0.707191324070676","1.25010325262333","1.59394470660619","1.43681930172462","1.40315111553086","2.04237414234301","2.89905732452738","4.03843331619327","3.39297775263394","2.33285715935219","2.86342338470308","2.11253146366829","1.00786677797303","1.41268329737378","1.56255028866878","1.64506446730706","1.93832674952802","4.35977141917681","","","","",
"Ghana","GHA","Adjusted savings: net forest depletion (% of GNI)","NY.ADJ.DFOR.GN.ZS","","","","","","","","","","","2.79582784574457","2.27002659638491","3.39203686650009","4.89071312399019","4.27403557209538","5.35086429113729","5.62367949219877","7.24019963358774","6.11919030645463","5.43915219841292","5.43481860565965","4.98283001008554","7.30858513389561","5.5512194376325","4.65315716366952","3.54102368404054","4.31383320280334","4.73496280722153","4.96423723018425","4.96360170864288","6.19284358068834","4.72856002865777","6.03848829431063","7.07957850526929","9.77592199420396","11.6179003246246","10.9914501176674","10.6042271918338","10.4072478123036","6.40168259712389","10.0306973502773","9.58818747913666","10.0684028088312","14.2031675001723","11.0777791557585","9.4795049446799","5.03919530410403","6.28539640501876","6.60259453278332","7.63607077311959","5.87184066749086","5.67858355540641","6.55568606658012","4.54813835701046","5.97856440292992","7.04140238673441","6.63978221542018","6.21432536864623","3.98804428869637","3.63099663780155","3.75855195744477","3.85323409751269","","","","",
"Ghana","GHA","Adjusted savings: education expenditure (% of GNI)","NY.ADJ.AEDU.GN.ZS","","","","","","","","","","","3.7855915","3.8","4","4.1889415","3.5","4.2","4.6","4.6","3.1565349","2.1","2.6","1.7","1.8","1.6381256","1.4","2.5","3.3","3.2","3","3.1","2.8","2.8481954","2.8481954","2.8481954","2.8481954","2.8481954","2.8481954","2.8481954","2.8481954","3.71546360000004","4.58273180000006","5.45","5.91666666666679","6.3833333333335","6.85","6.4","4.34","4.39","5.01","4.77","4.68","8.16","7.99","5.84","4.24426964934861","4.24426964934861","4.24426964934861","4.24426964934861","4.24426964934861","4.24426964934861","4.24426964934861","4.24426964934861","","","","",
"Ghana","GHA","Services, value added (annual % growth)","NV.SRV.TOTL.KD.ZG","","","","","","","","","","","","","","","","","","","","","","","","","","","","","","","","","","","","","","","","","","","","","","","","7.6863576638506","7.98880946074647","5.55042574711786","9.82339882706245","9.37397535303236","12.0811086263252","14.8152902988316","5.20657184169342","2.8756808159681","2.7583277446717","3.44689897129133","2.81009973881913","7.62264952369776","0.680421592182086","9.36662824219722","6.26893260478066","5.71388055117789","6.21642145175963","8.11882367265436",
"Ghana","GHA","Services, value added per worker (constant 2015 US$)","NV.SRV.EMPL.KD","","","","","","","","","","","","","","","","","","","","","","","","","","","","","","","","","","","","","","","","","","","","","","","4075.10382084047","3882.8686032938","3729.41954691412","3521.39064920254","3463.9819749361","3573.35693932548","3790.30178984704","4123.27034675002","4349.39778437657","4491.17423927331","4429.08601936559","4385.80889302146","4198.23443845931","4223.98128908458","4192.40338725164","4354.01645817626","4964.77054210278","5078.99085335289","5200.62925226534","5518.61342274304",
"Ghana","GHA","Machinery and transport equipment (% of value added in manufacturing)","NV.MNF.MTRN.ZS.UN","","","","2.25563909774436","1.85799601857996","3.42563516985441","2.48361503966885","3.97686922998884","2.77005904828065","4.44444444444444","2.94132536829849","3.61001317523057","2.44790312395528","1.58427865639922","3.13747997226009","2.14887337124757","2.75982877228802","1.579290133507","1.86232375782251","1.78079370292642","1.27318854768817","1.37292050556695","1.69568573634102","1.4564994329535","0.528967055144244","0.576565572062548","0.362467630898801","0.769889576640642","","","","","","1.69901324556344","0.246353879262878","0.246354340213732","0.246353781183481","0.246354037174122","0.246353889097115","0.24635392267184","0.246353851782093","0.246353823877384","0.246353856789817","0.585340912865925","0.450184781998573","0.449898560962749","0.449622165708772","0.449508016218959","0.449343821205176","0.618613488563324","0.618613478911201","0.618613477596958","0.618613478193287","0.794739209268528","0.794739208999054","0.79473920985399","","","","","","","","","","",
"Ghana","GHA","Industry (including construction), value added (constant LCU)","NV.IND.TOTL.KN","","","","","","","","","","","","","","","","","","","","","","","","","","","","","","","","","","","","","","","","","","","","","","","18839157300","19985430500","22997247400","24029094400","25698490900","36399283500","40419064000","42434185300","42914094600","43408165400","45284564700","52355487000","57854380700","61537281800","60001224100","59714104700","60068513751.8565","59019980250.3586","63266717396.3908","64724776177.6088",
"Ghana","GHA","Industry (including construction), value added (current US$)","NV.IND.TOTL.CD","","","","","","382397946.982012","390802297.465133","357801725.153028","339265113.592711","375544908.976902","403980424.278026","441847447.972006","374434936.665204","559098874.534216","524844720.496894","590425531.914894","531355932.20339","505142857.142857","440488656.195462","493732193.732194","527593360.995851","386860465.116279","252147525.676937","268937389.770723","466911285.06197","751168592.436975","983849259.757739","828163265.306122","861056170.886076","878310172.317954","987769806.230071","1120180616.3806","1114803708.36672","1481401550.76999","1356102461.07484","1569875077.13862","1634698282.45092","1768882204.73056","1890459669.67461","1961386573.05836","1265839510.09233","1340197262.33937","1558548087.68616","1924203127.9564","2195198416.88948","2699619645.84974","4047957779.80061","4839545194.76871","5563675465.06379","4822684020.33642","5800389235.39651","9387168762.84423","11199709019.8902","21423994880.559","18535040415.1991","15384427345.8595","15548150571.3501","18086769288.9563","20969948945.3189","21262947505.5634","20916190961.355","22586021518.1541","23262347641.3378","23734523609.1009","24320174559.0125","33409714986.7453",
"Ghana","GHA","Manufacturing, value added (constant 2015 US$)","NV.IND.MANF.KD","","","","","","","","","","","","","","","","","","","","","","","","","","","","","","","","","","","","","","","","","","","","","","","4235613784.26786","4184114669.78099","4338946768.61415","4282294477.59919","4607767496.79267","5391087950.91129","5496418094.32126","5432438091.42871","5292945200.04962","5486644849.26978","5921136308.83316","6484601379.85744","6753377067.26359","7180287215.818","7317669517.69331","7913474164.55307","7717064196.60073","7789607798.57311","8116771326.11316","8582989868.3136",
"Ghana","GHA","Financial intermediary services indirectly Measured (FISIM) (constant LCU)","NV.FSM.TOTL.KN","","","","","","","","","","","","","","","","","","","","","","","","","","","","","","","","","","","","","","","","","","","","","","","","","","","","","","","","","","","","","","","","","","",
"Ghana","GHA","Agriculture, forestry, and fishing, value added (annual % growth)","NV.AGR.TOTL.KD.ZG","","","","","","","","","","","","","","","","","","","","","","","","","","","","","","","","","","","","","","","","","","","","","","","","-1.71765669219546","7.40423986728686","7.22554266238021","5.2765734589417","0.846113789792426","2.30194984966421","5.95542296387282","0.900467026852311","2.05724990934056","2.7330343192107","6.21383918408178","4.87572429468398","4.65510800810789","7.28371090241249","8.45684883957145","4.16047003693356","5.86855671223429","2.73012516119684","6.77850858838065",
"Ghana","GHA","Agriculture, forestry, and fishing, value added per worker (constant 2015 US$)","NV.AGR.EMPL.KD","","","","","","","","","","","","","","","","","","","","","","","","","","","","","","","","","","","","","","","","","","","","","","","1281.35798138371","1280.72771608686","1411.28985444073","1556.93280109562","1704.03328436405","1717.99042155666","1744.55824584162","1843.46108669607","1906.16152185832","2000.69441030516","2030.42512091144","2139.04071382412","2354.80417850191","2606.04216260851","2840.78067711711","3189.597454143","3268.78270083883","3406.33195255252","3495.04346015744","3746.51315852838",
"Ghana","GHA","External balance on goods and services (current LCU)","NE.RSB.GNFS.CN","-6300","-9600","-4200","-6900","-4900","-14100","-7600","-3800","-800","-1200","-3100","-11200","15500","17700","-16200","4900","-2200","-11700","-27900","2000","-29500","-41200","30800","-79700","-737700","-1006800","-1820300","-4866100","-6179700","-10771700","-17234100","-20782700","-32349900","-62578100","-59877700","-65348400","-90489400","-290471500","-222371900","-361143100","-500798400","-745417500","-598888800","-1053830000","-1682733700","-2458080000","-2906306100","-3775133900","-5871340100","-4761715100","-7562129400","-7430525000","-9376460800","-12295590400","-11699387100","-16256446600","-12056887700","-7344193300","-3236238000","-6865627100","-13814569400","-11992950600","-4837091300","-7512378000","13539439900","",
"Ghana","GHA","Imports of goods and services (annual % growth)","NE.IMP.GNFS.KD.ZG","","","","","","","","","","","","","","","","","","","","","","","","","","","","","","","","","","","","","","","","","","","","","","","","21.6793579371051","24.6318721969164","-12.5507947871115","26.7010077590866","40.0796488815072","12.7860663666986","2.27306830964886","-14.4131422847637","7.93233358713523","-1.09384052820538","7.67112195857236","4.96229550486433","15.8811634836783","-8.78127256683372","5.79135196519667","1.39373880624238","-1.18023074103442","9.51852871761416","",
"Ghana","GHA","Gross capital formation (% of GDP)","NE.GDI.TOTL.ZS","24.3958573072497","20.1075268817204","17.1225937183384","18.7272727272727","19.4983818770227","17.8717598908595","12.8458498023715","10.3058510638298","11.1176470588235","11.7941029485257","14.165559982293","14.12","7.10479573712256","9.02599257355041","13.0472103004292","12.7200454287337","","","","","","","","","6.87682260192711","9.5700893169469","9.36207574213961","10.4340482573727","11.2959904718054","13.2090143055318","14.4439972906995","15.8789864096371","12.8","22.2101701918855","23.9577329490874","20.02141465743","21.1999964722587","24.8062125356045","23.1093894542091","21.0005345047085","23.9986004971918","26.5994216024397","19.7","22.9369279766376","28.3775066840527","29.0021406363098","22.46580573765","15.3845449877747","16.4919639408033","16.4317931081367","13.1001937072805","12.8099929663177","16.967722122965","24.7715380530843","27.1650663374465","27.7096411705743","25.4556554537134","19.5655199555214","21.7093349999065","18.6472756161472","18.2236669857819","17.0366779158262","16.4078520116581","10.1167734489869","9.90013336152883","",
"Ghana","GHA","CPIA business regulatory environment rating (1=low to 6=high)","IQ.CPA.BREG.XQ","","","","","","","","","","","","","","","","","","","","","","","","","","","","","","","","","","","","","","","","","","","","","","4","4","4","4","4","4.5","4.5","4.5","4.5","4","4","4","3.5","3.5","3.5","3.5","3.5","3.5","3.5","3.5","3.5",
"Ghana","GHA","Patent applications, nonresidents","IP.PAT.NRES","","","","","","","","","","","","","","","","","","","","","17","19","18","14","","","15","16","","12","20","12","11","","39","","","","","","","","","","","","","","","","","","","","","","17","11","39","","8","","","","","",
"Ghana","GHA","Public private partnerships investment in water and sanitation (current US$)","IE.PPN.WATR.CD","","","","","","","","","","","","","","","","","","","","","","","","","","","","","","","","","","","","","","","","","","","","","","","","","","","","","126000000","","","","","","","","","","","","","",
"Ghana","GHA","Investment in water and sanitation with private participation (current US$)","IE.PPI.WATR.CD","","","","","","","","","","","","","","","","","","","","","","","","","","","","","","","","","","","","","","","","","","","","","","","","","","","","","126000000","","","","","","","","","","","","","",
"Ghana","GHA","Number of visits or required meetings with tax officials (average for affected firms)","IC.TAX.METG","","","","","","","","","","","","","","","","","","","","","","","","","","","","","","","","","","","","","","","","","","","","","","","","4.622596741","","","","","","3.047322035","","","","","","","","","","2.715257406","","",
"Ghana","GHA","Firms offering formal training (% of firms)","IC.FRM.TRNG.ZS","","","","","","","","","","","","","","","","","","","","","","","","","","","","","","","","","","","","","","","","","","","","","","","","32.98902893","","","","","","40.11545944","","","","","","","","","","49.84194565","","",
"Ghana","GHA","Firms visited or required meetings with tax officials (% of firms)","IC.FRM.METG.ZS","","","","","","","","","","","","","","","","","","","","","","","","","","","","","","","","","","","","","","","","","","","","","","","","93.80252075","","","","","","87.92945099","","","","","","","","","","78.25924683","","",
"Ghana","GHA","Firms with female participation in ownership (% of firms)","IC.FRM.FEMO.ZS","","","","","","","","","","","","","","","","","","","","","","","","","","","","","","","","","","","","","","","","","","","","","","","","44.01301956","","","","","","31.56052208","","","","","","","","","","35.04055405","","",
"Ghana","GHA","Time required to obtain an operating license (days)","IC.FRM.DURS","","","","","","","","","","","","","","","","","","","","","","","","","","","","","","","","","","","","","","","","","","","","","","","","6.359345913","","","","","","24.5239296","","","","","","","","","","17.26438713","","",
"Ghana","GHA","Firms monitoring own CO2 emissions (% of firms)","IC.FRM.CO2.ZS","","","","","","","","","","","","","","","","","","","","","","","","","","","","","","","","","","","","","","","","","","","","","","","","","","","","","","","","","","","","","","","","11.52430725","","",
"Ghana","GHA","Firms using banks to finance investment (% of firms)","IC.FRM.BNKS.ZS","","","","","","","","","","","","","","","","","","","","","","","","","","","","","","","","","","","","","","","","","","","","","","","","16.01804733","","","","","","21.23064423","","","","","","","","","","14.05653954","","",
"Ghana","GHA","Time to obtain an electrical connection (days)","IC.ELC.DURS","","","","","","","","","","","","","","","","","","","","","","","","","","","","","","","","","","","","","","","","","","","","","","","","24.38708878","","","","","","44.68563461","","","","","","","","","","28.3235569","","",
"Ghana","GHA","New business density (new registrations per 1,000 people ages 15-64)","IC.BUS.NDNS.ZS","","","","","","","","","","","","","","","","","","","","","","","","","","","","","","","","","","","","","","","","","","","","","","","0.603569429614661","0.735773010050901","1.07347433432919","1.10126665787991","0.95946444033728","1.06198255156357","0.869158364103086","1.36451809404952","1.39324341621955","1.11297350612655","1.12515221202328","1.56439214848716","1.4669471032309","1.36447738970976","1.31638427549239","1.25131752247899","1.27868615878378","2.39144034100324","1.37030352590543","",
"Ghana","GHA","B-READY: Utility Services: Overall Score","IC.BRE.US.OS","","","","","","","","","","","","","","","","","","","","","","","","","","","","","","","","","","","","","","","","","","","","","","","","","","","","","","","","","","","","","","","","","68.5170443008343","",
"Ghana","GHA","B-READY: Taxation: Overall Score","IC.BRE.TX.OS","","","","","","","","","","","","","","","","","","","","","","","","","","","","","","","","","","","","","","","","","","","","","","","","","","","","","","","","","","","","","","","","","56.7791659037272","",
"Ghana","GHA","B-READY: Market Competition Pillar 3:  Implementation of Key Services Promoting Market Competition","IC.BRE.MC.P3","","","","","","","","","","","","","","","","","","","","","","","","","","","","","","","","","","","","","","","","","","","","","","","","","","","","","","","","","","","","","","","","","39.9999971985817","",
"Ghana","GHA","B-READY: Labor Pillar 3: Operational Efficiency of Labor Regulations and Public Services in Practice","IC.BRE.LB.P3","","","","","","","","","","","","","","","","","","","","","","","","","","","","","","","","","","","","","","","","","","","","","","","","","","","","","","","","","","","","","","","","","91.0833325386047","",
"Ghana","GHA","B-READY: International Trade Pillar 3: Efficiency of Importing Goods, Exporting Goods, and Engaging in Digital Trade","IC.BRE.IT.P3","","","","","","","","","","","","","","","","","","","","","","","","","","","","","","","","","","","","","","","","","","","","","","","","","","","","","","","","","","","","","","","","","48.9000000953674","",
"Ghana","GHA","B-READY: Financial Services Pillar 3: Operational Efficiency of Receiving Financial Services","IC.BRE.FS.P3","","","","","","","","","","","","","","","","","","","","","","","","","","","","","","","","","","","","","","","","","","","","","","","","","","","","","","","","","","","","","","","","","60.0000002384186","",
"Ghana","GHA","B-READY: Dispute Resolution Pillar 3:  Ease of Resolving a Commercial Dispute","IC.BRE.DR.P3","","","","","","","","","","","","","","","","","","","","","","","","","","","","","","","","","","","","","","","","","","","","","","","","","","","","","","","","","","","","","","","","","52.216667175293","",
"Ghana","GHA","B-READY: Business Location Pillar 3: Operational Efficiency of Establishing a Business Location","IC.BRE.BL.P3","","","","","","","","","","","","","","","","","","","","","","","","","","","","","","","","","","","","","","","","","","","","","","","","","","","","","","","","","","","","","","","","","59.7333338260651","",
"Ghana","GHA","B-READY: Business Insolvency Pillar 3: Operational Efficiency of Resolving Judicial Insolvency Proceedings","IC.BRE.BI.P3","","","","","","","","","","","","","","","","","","","","","","","","","","","","","","","","","","","","","","","","","","","","","","","","","","","","","","","","","","","","","","","","","61.25","",
"Ghana","GHA","B-READY: Business Entry Pillar 3: Operational Efficiency of Business Entry","IC.BRE.BE.P3","","","","","","","","","","","","","","","","","","","","","","","","","","","","","","","","","","","","","","","","","","","","","","","","","","","","","","","","","","","","","","","","","12.25","",
"Ghana","GHA","Human capital index plus (HCI+): overall score, total (scale 0–325)","HD_HCIP_OVRL_TO","","","","","","","","","","","","","","","","","","","","","","","","","","","","","","","","","","","","","","","","","","","","","","","","","","","131.588094631524","","","","","147.474930870576","","","","","156.241704649993","","","","","151.103548422827",
"Ghana","GHA","Human capital index plus (HCI+): on-the-job learning pillar score, male (scale -30–87)","HD_HCIP_OTJL_MA","","","","","","","","","","","","","","","","","","","","","","","","","","","","","","","","","","","","","","","","","","","","","","","","","","","39.6857995362645","","","","","44.9609132464023","","","","","41.4224814256097","","","","","36.181019975705",
"Ghana","GHA","Human capital index plus (HCI+): health pillar score, female (scale 0–50)","HD_HCIP_HLTH_FE","","","","","","","","","","","","","","","","","","","","","","","","","","","","","","","","","","","","","","","","","","","","","","","","","","","37.8010694718361","","","","","39.6406101644039","","","","","40.4980806040764","","","","","41.0354904484749",
"Ghana","GHA","Voice and Accountability - Governance score (0-100)","GOV_WGI_VA_SC","","","","","","","","","","","","","","","","","","","","","","","","","","","","","","","","","","","","","50.3876933","","50.029013","","53.8576807","","54.5476288","56.3513041","59.9554394","62.0741367","66.2876491","67.2232324","65.5364248","66.3317536","66.2585477","65.7898066","66.092008","65.0416767","64.6567059","63.6349404","63.3416127","64.7557157","63.4452274","62.4518929","61.8015634","60.4693895","59.8196813","59.8335888","60.4252814","",
"Ghana","GHA","Regulatory Quality - Governance score (0-100)","GOV_WGI_RQ_SC","","","","","","","","","","","","","","","","","","","","","","","","","","","","","","","","","","","","","44.7361677","","50.0979681","","52.9292125","","43.1918349","43.8778428","47.0763122","50.1389943","53.5144616","53.8373436","54.4073968","54.9501498","54.7472646","54.451765","54.6026407","54.3124513","52.6822289","52.8728818","51.0591652","52.283734","52.2002528","51.8104794","52.3373789","51.8964447","52.305874","52.3487328","53.4456524","",
"Ghana","GHA","Rule of Law - Governance score (0-100)","GOV_WGI_RL_SC","","","","","","","","","","","","","","","","","","","","","","","","","","","","","","","","","","","","","51.9912749","","48.4058173","","54.1885585","","55.804752","54.183996","53.7090236","56.0792627","60.6156083","60.4000494","58.6258358","57.6571228","57.296118","60.0144866","59.8168199","60.4374775","59.4348989","60.4271752","60.4758591","61.7841927","60.4056893","58.9906253","58.8751793","57.6793315","57.0014518","56.9132228","57.8935634","",
"Ghana","GHA","Political Stability - Governance score (0-100)","GOV_WGI_PV_SC","","","","","","","","","","","","","","","","","","","","","","","","","","","","","","","","","","","","","55.4823806","","55.5441187","","57.8634601","","61.7634798","62.195974","63.8830417","66.7777067","64.5617534","63.9107839","63.4057066","68.2278355","64.9651713","67.429199","66.4648829","66.4125875","64.3060128","65.5037422","63.7043955","67.0285244","65.3470646","66.1232816","66.9002519","63.1229241","62.6874031","64.7189964","66.090157","",
"Ghana","GHA","Carbon dioxide (CO2) emissions from Industrial Processes (Mt CO2e)","EN.GHG.CO2.IP.MT.CE.AR5","","","","","","","","","","","0.4295","0.4692","0.4889","0.4711","0.5374","0.5883","0.6111","0.5479","0.4437","0.4213","0.4728","0.497","0.4572","0.2357","0.2152","0.2739","0.3361","0.4095","0.4786","0.5578","0.6142","0.6458","0.7697","0.8394","0.8491","0.8599","0.9073","1.0128","0.8314","1.0237","1.1365","1.1287","1.0818","0.8981","0.8758","0.8568","0.9235","0.7928","0.7797","0.7271","0.8577","1.0368","1.7883","1.6856","1.6587","1.5103","1.897","1.7414","2.213","2.4904","2.7809","2.9042","2.9329","2.9324","2.9761","",
"Ghana","GHA","Carbon dioxide (CO2) emissions from Agriculture (Mt CO2e)","EN.GHG.CO2.AG.MT.CE.AR5","","","","","","","","","","","","","","","","","","","","","","","","","","","","","","","","","","","","","","","","","","","","","","","","","","","","","","","","","","","","","","","","","","",
"Ghana","GHA","Methane (CH4) emissions from Power Industry (Energy) (Mt CO2e)","EN.GHG.CH4.PI.MT.CE.AR5","","","","","","","","","","","0","0","0","0","0","0","0","0","0","0.0001","0","0","0","0","0","0","0","0","0","0","0","0","0","0","0","0","0","0","0.0013","0.0012","0.0005","0.001","0.0022","0.0019","0.0006","0.0012","0.0027","0.0029","0.0021","0.002","0.0041","0.0041","0.0042","0.0046","0.0048","0.0059","0.005","0.0072","0.0074","0.0075","0.009","0.0091","0.01","0.0099","0.0108","",
"Ghana","GHA","Methane (CH4) emissions from Fugitive Emissions (Energy) (Mt CO2e)","EN.GHG.CH4.FE.MT.CE.AR5","","","","","","","","","","","0.561","0.5565","0.5531","0.5485","0.694","0.7091","0.7255","0.743","0.7613","0.924","0.7883","0.8002","0.8141","0.8236","0.9033","0.9479","0.9891","1.0379","1.0851","1.1328","1.1235","1.251","1.3195","1.3924","1.4695","1.5054","1.5403","1.57","1.6161","1.6552","2.0257","2.087","2.1869","2.2449","2.4858","2.4342","2.6785","2.7079","4.3858","3.8822","3.6937","5.5061","5.636","6.3889","6.7737","6.801","6.5545","8.3694","8.4187","8.7891","8.3898","7.284","7.7546","7.7826","7.7219","",
"Ghana","GHA","Total greenhouse gas emissions excluding LULUCF (Mt CO2e)","EN.GHG.ALL.MT.CE.AR5","","","","","","","","","","","6.8452","6.9401","7.3585","7.4972","8.1001","8.1878","8.3101","8.4864","8.2963","8.3808","8.4216","9.0443","8.9633","7.4525","7.9219","8.5622","9.1938","9.6439","9.8628","10.5592","10.4735","10.704","11.2496","11.5771","11.9797","12.3902","13.0657","13.4218","15.1545","16.0781","15.5406","16.1554","17.5419","17.2106","17.1198","17.8766","19.8197","20.3735","22.0373","23.1533","24.4987","27.5222","30.3638","32.4705","32.6656","33.96","34.6307","38.4321","40.4575","42.6947","45.7","46.5297","46.9179","46.8225","48.0939","",
"Ghana","GHA","Disaster risk reduction progress score (1-5 scale; 5=best)","EN.CLC.DRSK.XQ","","","","","","","","","","","","","","","","","","","","","","","","","","","","","","","","","","","","","","","","","","","","","","","","","","","","3.25","","","","","","","","","","","","","","",
"Ghana","GHA","PM2.5 pollution, population exposed to levels exceeding WHO Interim Target-2 value (% of total)","EN.ATM.PM25.MC.T2.ZS","","","","","","","","","","","","","","","","","","","","","","","","","","","","","","","100","","","","","100","","","","","100","","","","","73.6176932721489","","","","","70.5129304324258","95.4290779288742","94.7184061149108","93.8896835741796","45.6934284644686","100","100","100","","","","","","","","",
"Ghana","GHA","Electric power consumption (kWh per capita)","EG.USE.ELEC.KH.PC","","","","","","","","","","","","","","","","","","","","","","","","","","","","","","","310.497518358328","323.673874565036","339.391363098403","326.290352360427","327.601821670916","341.800918982952","354.740920375823","379.791433260606","265.570978138099","348.357565359211","320.210426322397","325.282766672738","298.851080408163","212.333316351051","210.990356908434","235.907910033204","284.800350267106","234.579754346017","253.113965697078","254.920389866508","272.188473442291","305.804678642969","336.646584077036","351.96567847163","341.920672692192","306.209199113969","357.703181095504","408.852814786176","444.388811977184","469.785528590296","503.546668885278","542.211680584058","552.502821188307","564.994926884211","","",
"Ghana","GHA","Alternative and nuclear energy (% of total energy use)","EG.USE.COMM.CL.ZS","","","","","","","","","","","","","","","","","","","","","","","","","","","","","","","9.3","9.59","10.01","9.1","8.46","8.1","8.52","8.42","4.45","5.78","8.98","9","6.88","5.58","7.68","8.23","7.65","5.15","7.96","8.67","7.97","8.23","7.9","7.99","8.01","5.38","4.99","4.61","4.48","5.28","5.05","5.29","5.99","6.43","","",
"Ghana","GHA","Renewable energy consumption (% of total final energy consumption)","EG.FEC.RNEW.ZS","","","","","","","","","","","","","","","","","","","","","","","","","","","","","","","80.6","82.9","81","81.3","80.6","79.8","78.8","78.3","73.6","72.8","71.6","69.3","65.7","64.5","62.4","61.4","58.6","54.5","57.3","51.9","51.9","50.1","46.5","46.2","47.7","44","45.2","45.3","42.1","42.6","40","39","","","","",
"Ghana","GHA","Electricity production from oil sources (% of total)","EG.ELC.PETR.ZS","","","","","","","","","","","","","","","","","","","","","","","","","","","","","","","0","0","0","0.34848724853477","0.458265139116203","0.310660562459124","0.0301795684321714","0.508277664827186","22.4696356275304","16.4133247089263","8.50062300982971","15.9053314671078","30.7575965901279","33.9340360421625","12.5517469779765","17.0742486741308","33.3451957295374","46.5892805961594","25.5766458433445","23.007367716008","20.4485098849218","8.43941956734621","21.2655086848635","25.8006979449399","17.1600370027752","10.8217993079585","35.8492164337145","30.1563610518834","22.9997538158543","13.4681985597273","3.85664006345115","2.73873220277501","1.32516078905339","2.25399703313005","","",
"Ghana","GHA","Electricity production from hydroelectric sources (% of total)","EG.ELC.HYRO.ZS","","","","","","","","","","","","","","","","","","","","","","","","","","","","","","","100","100","100","99.6515127514652","99.5417348608838","99.6893394375409","99.9698204315678","99.4917223351728","77.5303643724696","83.5866752910737","91.4993769901703","84.0946685328922","69.2424034098721","66.0659639578375","87.4482530220235","82.9257513258692","66.6548042704626","53.4107194038406","74.4233541566554","76.7693681625363","68.8108586603718","67.3106026885071","66.7576509511993","63.8464521132222","64.654640764724","50.5622837370242","47.1071579839051","39.907604832978","37.0322501230921","39.860370512891","36.1522827541764","34.0981227895166","35.3563258082618","37.8523158068238","","",
"Ghana","GHA","Access to electricity, urban (% of urban population)","EG.ELC.ACCS.UR.ZS","","","","","","","","","","","","","","","","","","","","","","","","","","","","","","","","","","74.6","74.6652145385742","75.3336563110352","75.9894561767578","76.6294631958008","82.4","77.8511276245117","80.5","78.9","79.5","76.9","80.7","78.4","80.7","82.7","84.8","84.2","72.8","85","86.8","88.5","90.8","88.4","89.8","90","89.9","93.8","94.6","95.2","95","97.5","98.6","",
"Ghana","GHA","Access to clean fuels and technologies for cooking, urban (% of urban population)","EG.CFT.ACCS.UR.ZS","","","","","","","","","","","","","","","","","","","","","","","","","","","","","","","","","","","","","","","","","13.9","15","16.2","17.4","18.8","20.2","21.9","23.4","25","26.5","28.3","29.8","31.3","32.8","34.4","35.9","37.2","39.1","40.2","41.8","43.2","44.8","46.4","48.2","","",
"Ghana","GHA","Public and publicly guaranteed debt service (% of exports of goods, services and primary income)","DT.TDS.DPPG.XP.ZS","","","","","","","","","","","","","","","","6.12325140813842","5.80880204494967","3.71584761155975","6.80889248380469","6.3424646906342","8.87905258428819","8.32513657828186","9.97597189057418","23.1745122696817","14.5413225437306","14.0907967455621","14.9552177500528","17.2463400618033","21.23816034213","23.1542662975391","20.2749016547218","15.5941900037334","18.408813214254","16.4846261625489","17.57079239618","15.90872686932","17.5024146889105","20.233551681277","15.0201615150094","15.6850664027649","15.2414093628566","8.49827785661535","6.94711529564791","6.95839211124","6.66166784097515","7.01595092317041","4.93676797994108","3.29006440556917","2.83411719080434","2.85525828438922","2.81653120660042","2.08295283478708","2.50398409398655","3.39704976880079","4.66108007922524","5.54634081895095","8.47786151141374","8.61636845776204","10.4159042713098","8.53745225007662","10.7514356397175","12.0656537024078","7.38026152906114","2.04756432634974","2.92363756572167","",
"Ghana","GHA","IMF repurchases and charges (TDS, current US$)","DT.TDS.DIMF.CD","","","","","","","","","","","24900000","28185002.5","18174618","9145899.8","5616492.2","3242848.5","0","0","6036531.9","29724959.8","33139079","14095461.8","7130667.6","20152691.4","26820782.7","46442053.4","85186739.8","238046285.7","323602466.6","226191420.9","153471981.2","107009466.1","84092758.8","80668198","93442080.6","117411422.8","132529099.9","170529203.5","141188979","80624528.7","42111163.3","68710738.5","8028229.8","5487258.9","27921445.4","36186393.6","4303699.1","4209137.5","1636450.7","2309402.7","1772891","17215996.3","32466404.2","32749745.5","32318009.8","60088205.5","64828159.4","74677252.8","110201127.5","111924636.3","90857233.1","119345846","139468719.1","178184931.5","212941727.7","",
"Ghana","GHA","Net ODA received (% of central government expense)","DT.ODA.ODAT.XP.ZS","","","","","","","","","","","","","","","","","","","","","","","","","","","","","","","","","","","","","","","","","","64.8417390232598","55.8182913588943","58.6067568047954","68.048428977438","47.1630538608689","38.7177444770445","26.2188070039077","22.268515542783","33.7450263505894","21.0942760882527","21.6911539770038","16.2163494393648","10.9608474445581","11.2838391234137","20.624517236583","12.84169871392","12.0566488820094","9.01790186182178","7.61473938158042","14.3942647371176","7.51362288495037","6.26229741445503","","","",
"Ghana","GHA","Net ODA received (% of GNI)","DT.ODA.ODAT.GN.ZS","0.244343769857214","0.231477122450922","0.409935380628796","1.18832039967045","1.17936114030438","2.28038679020847","2.95202347016622","2.64793233364541","3.84919646008222","3.72360684579539","2.72236747956934","2.39564995823981","2.80825611516513","1.3704427125956","1.2632361094981","4.45553898643025","2.24196360235635","2.83731901098003","3.06997517312379","4.19906983099006","4.31077660291738","3.42365603559974","3.44628825236458","2.69551769883136","4.88303600875309","4.39170361671948","6.39808948266827","8.28518767775977","11.3604920843873","13.9371057771979","9.68927087992595","13.5561937445103","9.73427548903778","10.7103803405197","10.2659246235592","10.26444938132","9.59254222550776","7.31280903618554","9.60247260535413","8.0760802951188","12.4206502352805","12.3848072077705","11.4195740474993","13.1905377695442","16.3419582104998","10.8601609909254","6.0860549491327","4.71069825745318","4.59399674324165","6.10563705784182","4.32381102713659","4.73285710338704","4.59284354647094","2.17394866163727","2.16730934056598","3.69231777516219","2.44460544497604","2.2008397380138","1.66212732274913","1.39059810703371","3.31061014592348","1.65006798238671","1.52566888349213","2.05648172682006","","",
"Ghana","GHA","Net official aid received (current US$)","DT.ODA.OATL.CD","","","","","","","","","","","","","","","","","","","","","","","","","","","","","","","","","","","","","","","","","","","","","","","","","","","","","","","","","","","","","","","","","","",
"Ghana","GHA","Net official flows from UN agencies, WHO (current US$)","DT.NFL.WHOL.CD","","","","","","","","","","","","","","","","","","","","","","","","","","","","","","","","","","","","","","","","","","","","","","","","","","","","920000.016689301","976285.994052887","1397374.98760223","1520557.9996109","2180572.98660278","1137189.03064728","1580410.00366211","1265949.96452332","1314316.03431702","866445.004940033","2382400.03585815","2154570.10269165","3236041.06903076","","",
"Ghana","GHA","Net official flows from UN agencies, UNTA (current US$)","DT.NFL.UNTA.CD","","","","","","","","","","159999.996423721","280000.001192093","200000.002980232","180000.007152557","159999.996423721","159999.996423721","159999.996423721","310000.002384186","529999.971389771","479999.989271164","330000.013113022","289999.99165535","589999.973773956","409999.996423721","899999.976158142","579999.983310699","920000.016689301","1120000.00476837","1139999.98569489","1090000.0333786","1350000.02384186","1470000.02861023","1610000.01430511","1299999.95231628","1509999.99046326","1610000.01430511","2920000.07629395","1470000.02861023","1889999.98569489","1720000.02861023","2259999.99046326","2569999.9332428","1509999.99046326","1950000.04768372","2539999.96185303","1759999.99046326","2700000.04768372","1690000.05722046","2079999.92370605","899999.976158142","","","","","","","","","","","","","","","","","",
"Ghana","GHA","Net official flows from UN agencies, UNIDIR (current US$)","DT.NFL.UNID.CD","","","","","","","","","","","","","","","","","","","","","","","","","","","","","","","","","","","","","","","","","","","","","","","","","","","","","","","","","","","","","","","","","","",
"Ghana","GHA","Net bilateral aid flows from DAC donors, Netherlands (current US$)","DC.DAC.NLDL.CD","","","","","","","","4639999.8664856","","","439999.997615814","300000.011920929","779999.971389771","980000.019073486","469999.998807907","959999.978542328","1879999.99523163","6980000.01907349","3269999.98092651","6389999.8664856","4820000.17166138","2319999.9332428","1919999.95708466","5369999.88555908","4219999.79019165","2700000.04768372","9439999.5803833","13310000.4196167","20739999.7711182","20729999.5422363","24809999.4659424","15069999.6948242","41459999.0844727","17750000","21819999.6948242","29489999.7711182","22719999.3133545","17340000.1525879","21750000","11800000.1907349","27549999.2370605","114209999.084473","59580001.8310547","65809997.5585938","152580001.831055","70489997.8637695","96959999.0844727","142229995.727539","120220001.220703","98330001.8310547","72870002.746582","63139999.3896484","40715465.5456543","21510423.6602783","31041172.0275879","32479820.2514648","30641578.6743164","19739732.7423096","18724975.5859375","18143024.4445801","12303866.3864136","9262991.9052124","2719343.90068054","2070667.02842712","","",
"Ghana","GHA","Net bilateral aid flows from DAC donors, Japan (current US$)","DC.DAC.JPNL.CD","","","29999.9993294477","50000.0007450581","230000.004172325","109999.999403954","140000.000596046","150000.005960464","159999.996423721","289999.99165535","230000.004172325","340000.003576279","259999.990463257","409999.996423721","389999.985694885","1990000.00953674","939999.997615814","2960000.03814697","7940000.05722046","5550000.19073486","2539999.96185303","5329999.92370605","5159999.84741211","7369999.88555908","12670000.0762939","24040000.9155273","29440000.5340576","20819999.6948242","63209999.0844727","97940002.4414063","71900001.5258789","116059997.558594","71290000.9155273","83059997.5585938","134750000","122069999.694824","110010002.13623","70190002.4414063","149000000","101750000","102910003.662109","34630001.0681152","23549999.2370605","29750000","115419998.168945","44220001.2207031","43659999.8474121","46479999.5422363","54029998.7792969","64800003.0517578","70000000","46459999.0844727","115389999.389648","65790000.9155273","41250000","25219999.3133545","33419998.1689453","51202205.657959","70130622.8637695","48094684.6008301","51322998.046875","31750408.1726074","61969257.3547363","48773765.5639648","","",
"Ghana","GHA","Net bilateral aid flows from DAC donors, Hungary (current US$)","DC.DAC.HUNL.CD","","","","","","","","","","","","","","","","","","","","","","","","","","","","","","","","","","","","","","","","","","","","","","","","","","","9999.99977648258","9999.99977648258","9999.99977648258","19999.9995529652","","22857.9994291067","221127.00343132","265172.004699707","1009896.03996277","1375000","1360308.05110931","3613955.02090454","3585546.97036743","2068228.00636292","","",
"Ghana","GHA","Net bilateral aid flows from DAC donors, Finland (current US$)","DC.DAC.FINL.CD","","","","","","","","","","","","9999.99977648258","","39999.9991059303","50000.0007450581","","19999.9995529652","19999.9995529652","29999.9993294477","29999.9993294477","29999.9993294477","19999.9995529652","100000.001490116","239999.994635582","50000.0007450581","19999.9995529652","70000.0002980232","59999.9986588955","90000.0035762787","100000.001490116","509999.990463257","2250000","610000.014305115","189999.997615814","250000","740000.009536743","800000.011920929","720000.028610229","699999.988079071","550000.011920929","629999.995231628","589999.973773956","490000.009536743","250000","180000.007152557","259999.990463257","109999.999403954","560000.002384186","150000.005960464","180000.007152557","310000.002384186","899999.976158142","1223757.02857971","1609969.01988983","1640125.98991394","1467710.01815796","1056175.94718933","1041013.95606995","754653.990268707","911953.985691071","965017.974376678","984206.020832062","620555.996894836","1061370.01514435","","",
"Ghana","GHA","Net bilateral aid flows from DAC donors, Germany (current US$)","DC.DAC.DEUL.CD","50000.0007450581","29999.9993294477","2200000.04768372","1019999.98092651","2980000.01907349","3380000.11444092","10079999.9237061","3920000.07629395","4690000.05722046","7039999.96185303","6989999.77111816","6539999.96185303","11359999.6566772","9409999.84741211","7449999.80926514","62939998.626709","2650000.09536743","6159999.84741211","10460000.038147","14460000.038147","26149999.6185303","32810001.373291","28120000.8392334","19110000.6103516","10829999.9237061","16569999.6948242","21860000.6103516","18680000.3051758","26379999.1607666","47220001.2207031","66019996.6430664","124669998.168945","23959999.0844727","51229999.5422363","23920000.0762939","43740001.6784668","37060001.373291","42400001.5258789","32049999.2370605","37599998.4741211","32020000.4577637","23829999.9237061","33979999.5422363","46799999.2370605","65559997.5585938","66440002.4414063","59830001.8310547","52700000.7629395","71690002.4414063","61169998.1689453","58159999.8474121","99319999.6948242","78629066.4672852","56647422.7905273","35905918.1213379","56456989.2883301","26727962.4938965","55675518.0358887","70850334.1674805","80034553.527832","86394065.8569336","262405548.095703","101351097.106934","138142791.748047","","",
"Ghana","GHA","Net bilateral aid flows from DAC donors, Canada (current US$)","DC.DAC.CANL.CD","119999.997317791","259999.990463257","479999.989271164","79999.9982118607","1379999.99523163","1549999.95231628","3920000.07629395","3829999.92370605","4059999.94277954","4070000.17166138","6090000.15258789","7679999.82833862","11630000.1144409","6710000.03814697","11779999.7329712","18420000.0762939","12210000.038147","13470000.2670288","15560000.4196167","15449999.8092651","13859999.6566772","7920000.07629395","8359999.65667725","5940000.05722046","36659999.8474121","17500000","16450000.7629395","18299999.2370605","20920000.0762939","39779998.7792969","28440000.5340576","39900001.5258789","38680000.3051758","29209999.0844727","16709999.0844727","22680000.3051758","20989999.7711182","14069999.6948242","17010000.2288818","12770000.4577637","16209999.0844727","11229999.5422363","12390000.3433228","20639999.3896484","48540000.9155273","51729999.5422363","53849998.4741211","78569999.6948242","74010002.1362305","99800003.0517578","114199996.948242","70720001.2207031","100873596.191406","99721054.0771484","78545455.9326172","74717514.0380859","46218559.2651367","43343219.7570801","69714538.5742188","43368755.3405762","49221183.7768555","52705383.3007813","68871459.9609375","49535434.7229004","","",
"Ghana","GHA","Stocks traded, turnover ratio of domestic shares (%)","CM.MKT.TRNR","","","","","","","","","","","","","","","","","","","","","","","","","","","","","","","","","","3.35790335790336","3.63272612403917","1.12989270514895","0.973718640532018","3.65720862290293","4.12902574602923","2.16195652173913","1.392","4.46428571428571","2.85714285714286","6.8734375","15.1833333333333","8.36065573770492","6.78947368421053","6.05507872851676","10.0830409438964","2.13430462048108","3.45355176426286","8.2007158279302","","","","","","","","0.0885","0.3531","0.2582","0.9627","0.4569","1.0366","",
"Ghana","GHA","Market capitalization of listed domestic companies (% of GDP)","CM.MKT.LCAP.GD.ZS","","","","","","","","","","","","","","","","","","","","","","","","","","","","","","","","","","2.04559518090958","34.8745166570605","25.8075681721429","23.9231498081791","16.3906161378548","18.5377864049491","11.92001671542","10.0344167203757","5.26823515196726","5.67610719986902","8.3849492953957","5.40454243952558","5.6772871496019","3.63896879036607","9.67195874920483","9.91785623871593","9.3172332440342","9.15498333072344","7.87689997956728","","","","","","","","14.5764400139156","13.2090586624488","13.1888635943193","8.74424670127752","7.70916195152513","9.09517185946037","14.3985059438311",
"Ghana","GHA","Personal remittances, received (current US$)","BX.TRF.PWKR.CD.DT","","","","","","","","","","","","","","","","","","","","1272740.006","899999.9762","1399999.976","1500000","500000","4699999.809","4199999.809","600000.0238","699999.9881","6000000","6000000","6000000","6199999.809","7300000.191","10100000.38","15699999.81","17209600","27500000","26000000","29500000","30700000","32396800","45909120","43520000","65100096","82371200","99184576","105253248","117363712","126104704","114455680","135852160","2134638607.37","2155495000","1863990000","2007831480.11","4982442361.78623","2979934204.38383","3536410000","3520566623.36831","4053694728.81048","4291956800.55746","1955950652.58157","2128085082.98706","2454335867.96485","3027416789.17939","2422884615.85255",
"Ghana","GHA","Foreign direct investment, net inflows (% of GDP)","BX.KLT.DINV.WD.GD.ZS","","","","","","","","","","","3.06090857036055","1.26597540071215","0.544431973957769","0.478919755234764","0.493019313304721","2.52196697706377","-0.660372191231682","0.60253675395033","0.264745237383442","-0.0696477925023032","0.350938112573509","0.385174089719213","0.403865773675261","0.0591530010106608","0.0453280406266979","0.124325458827919","0.0749693484267481","0.0926139410187668","0.0961951910014878","0.285613181918892","0.251311464912112","0.302884126204054","0.350680105249075","2.09418016063635","4.27806801152738","1.64748906691435","1.73085450713045","1.18697923958791","2.23734900555042","3.15750877559549","3.32941946782064","1.68056701347756","0.955694277966518","1.7916409392104","1.56810546990152","1.34923986570129","3.04529018468516","5.57118876952139","9.46643908231485","9.10808669100415","7.84948455261709","8.2558797134245","7.98251565917851","5.13479660884921","6.15120635162518","6.45737614178894","6.20782671803196","5.39035841681501","4.4440435772374","5.67619931009197","2.67937438514205","3.18633188953992","1.93240124333448","1.63794208218413","2.11980137105215","1.6708218135385",
"Ghana","GHA","Exports of goods, services and primary income (BoP, current US$)","BX.GSR.TOTL.CD","","","","","","","","","","","","","","","","895396228.989208","894004916.988868","1020352502.67125","997351490.885253","1164600067.99997","1213100000","831818195.999996","713854747.999908","477600000","611700000","676000000","804730000","906100000","958700000","894000000","948800000","1071400000","1125300000","1202100000","1382200000","1595500000","1750300000","1681460000","2558400000","2488300000","2456149058.71039","2415072637.80784","2584790115.87","3213965896.5","3451277546.23","3951955122.49545","5182787664.71528","6087992440.54157","7156194251.88412","7734623515.75809","9490300000","14650889045.752","16867293075.6352","16490492419.184","15372216692.7262","16857799270.2015","17707821123.0376","20746150000","23113029504.6122","26075275749.6245","22815524181.145","24760670134.2989","26479962663.9872","25229904147.6737","28930675912.6696","42042941297.2477",
"Ghana","GHA","Insurance and financial services (% of service exports, BoP)","BX.GSR.INSF.ZS","","","","","","","","","","","","","","","","5.35265700483406","4.79505027068012","4.56271186440822","5.02471169687466","2.87628664342882","1.19962511715089","1.14189756507137","1.23907220992338","4.18848167539267","5.02283105022831","3.42105263157895","2.60806128032099","2.03303684879288","2.21642764015645","2.34857849196539","2.43055555555556","2.43190661478599","1.94300518134715","2.48790601243953","2.77966101694915","2.76826029216467","2.7780612244898","2.75500303214069","1.07779541846224","1.06049593843523","1.01930165782683","1.0220844730058","1.11010992971707","1.08602312680058","1.09677350457775","0.729695255709249","0.689845371239155","0.686754151388078","0.744022954228109","0.806301597436868","1.19583023082651","1.56275368483994","1.19785570688632","1.47939743177187","1.70601984180963","0.443618957470161","1.04673480402892","0.553166545238633","0.520979824001839","0.4167559667223","11.4805639605837","17.4479104325956","17.4254422947111","17.4372074951184","21.8867517148895","14.0823534455034",
"Ghana","GHA","ICT service exports (% of service exports, BoP)","BX.GSR.CCIS.ZS","","","","","","","","","","","","","","","","","","","","","","","","","","","","","","","","","","","","","","","","","","","","","","","","","","","","","","","","","","","1.11063014196318","1.0330510219968","1.60167814650785","1.28678090998217","2.57589168104046","2.05301042234461","1.41070797624363","0.609799047844674",
"Ghana","GHA","Net capital account (BoP, current US$)","BN.TRF.KOGT.CD","","","","","","","","","","","","","","","","","","","","","","","","","","","","","","","","","","","","","","","","","","103000000","73300000","154310000","251040000","331200000","229940000","188140000","463310000","563890000","337500000","445060000","283400000","349250000","","473876716.576552","274306118.122603","241200000","257756000","257078712.76","250136282.563561","203977249.383449","142115286.274878","128859727.868639","124342872.583155","156214521.127115",
"Ghana","GHA","Foreign direct investment, net (BoP, current US$)","BN.KLT.DINV.CD","","","","","","","","","","","","","","","","-70869954.9990845","18260969.9999066","-19217479.3838501","-9696236.56497192","2800000","-15600000","-16263751.9999695","-16300000","-2400000","-2000000","-5600000","-4300000","-4700000","-5000000","-15000000","-14800000","-20000000","-22500000","-125000000","-233000000","-106500000","-120000000","-81800000","-167400000","-243700000","-165900000","-89320000","-58930000","-136751000","-139270000","-144970000","-636010000","-1383177929.85458","-2714916343.69978","-2365640000","-2527350000","-3222243000","-3293430000","-3226330000","-3356989444.44444","-2970893676.55992","-3470668372.75535","-3239080000","-2908184623.24856","-3292065421.38183","-1333368957.17555","-2413884871.34058","-1472569630.31509","-1308309601.7663","-1760186121.07809","-1869402818.47455",
"Ghana","GHA","Net primary income (BoP, current US$)","BN.GSR.FCTY.CD","","","","","","","","","","","","","","","","-36339227.9998016","-41782722.9997558","-34878313.4781494","-27398424.8334007","-55481915.9999695","-82500000","-83981804.0000038","-85270910.609877","-89364695.080123","-114800000","-110300000","-104700000","-126400000","-130900000","-117800000","-111400000","-119400000","-106200000","-111300000","-110900000","-129200000","-139900000","-5900000","-136300000","-131800000","-107645000","-107760000","-174296100","-180960000","-197840000","-187113000","-127363451","-361261376.453466","-42990736.83713","-595185484.241908","-581820000","-1230090000","-2129963296","-1351393882.08393","-1717395823.43594","-1110902681.93528","-1222065500.5498","-2740910000","-3921813969.85618","-3952133968.54628","-3398545717.87852","-4382121127.08334","-5132531798.29814","-4107354425.98822","-5367958014.13852","-5140442426.73212",
"Ghana","GHA","Personal remittances, paid (current US$)","BM.TRF.PWKR.CD.DT","","","","","","","","","","","","","","","","","","","","15681960.11","9399999.619","9899999.619","6199999.809","12500000","13899999.62","10899999.62","3599999.905","3200000.048","3299999.952","3500000","3400000","3700000","3900000","3900000","4600000","4799400","5000000","5400000","5600000","5900000","6089512.9065472","6399200","","","","","","","","","","","7990000","4840000","8942031.67182118","2607106387.33774","1548909687.62726","1112210000","956248076.150446","667262506.260227","727201189.577844","793758532.48294","740779190.497067","1037012356.94774","751038880.605219","1307826418.86019",
"Ghana","GHA","Travel services (% of service imports, BoP)","BM.GSR.TRVL.ZS","","","","","","","","","","","","","","","","4.85509973654599","5.88038757099898","9.02731512321353","8.43023255815745","11.4970396502559","12.078547610226","11.6153064679986","11.2182296231376","7.34966592427617","5.88957055214724","5.78413834227788","4.52751817237799","4.3087298613713","4.51492537313433","4.60311707140268","4.42595673876872","4.25149843021596","4.04420409122972","4.42398383112508","4.77661596958175","4.74866805652073","0.896892655367232","0.929371202293985","12.920249306219","14.1176470588235","17.194783082313","17.3885048218799","19.2297639273043","14.9830827833715","17.2307505519791","23.7836893714811","22.4770210328489","27.9189226564202","23.5881145247092","23.255592704341","19.127073184538","12.6619131790271","10.9484685499836","9.65513730170094","9.8658302608894","10.0837483226136","10.3828065832344","7.31187335092348","4.46141635462275","2.42688564298999","0.866564688747615","3.61356722872278","5.63485185299556","7.33573516467832","7.98056808187114","9.16203362706475",
"Ghana","GHA","Service imports (BoP, current US$)","BM.GSR.NFSV.CD","","","","","","","","","","","","","","","","231044748.997437","260262300.996887","261044674.707275","292588191.083497","260936735.999969","269900000","295300000","228200000","134700000","163000000","167700000","240750000","266900000","268000000","275900000","300500000","336352000","425300000","445300000","420800000","431700000","424800000","468704000","659430000","646000000","583663076.873777","606018637.48172","620912458.6832","921984271.621184","1081786886.98265","1273090962.76321","1532818781.88611","1998589934.83291","2298064134.93612","2943120000","3003230000","3666428551.80017","4235934897.03815","4897807097.12632","4647069508.53238","7308790108.80527","7626261682.2564","9475000000","10086482951.4001","13497556265.3337","12116810362.0457","11456158798.1392","10913392508.6794","11150313930.8856","11494708028.1648","14639173513.1592",
"Ghana","GHA","Primary income payments (BoP, current US$)","BM.GSR.FCTY.CD","","","","","","","","","","","","","","","","40774034.9997406","44304475.9997253","37400064.1665344","28702597.0029602","57381915.9999695","85300000","86000000","88234570.609877","89664695.080123","116800000","115900000","105300000","127000000","131900000","122700000","77000000","90300000","90800000","105100000","107900000","142900000","163400000","32600000","163000000","146800000","123200000","124060000","188996100","202360000","242340000","230383000","200630000","445249985.789091","128555736.83713","720399000","634740000","1285460000","2185233296","1635923882.08393","1828152326.80875","1505322318.40234","1460026297.136","3050220000","4520087000.00001","4435071175.71065","4136996542.67184","5273515044.34171","6219615431.47047","4876073752.32022","5863681923.9747","5877181673.84916",
"Ghana","GHA","Urban land area (sq. km)","AG.LND.TOTL.UR.K2","","","","","","","","","","","","","","","","","","","","","","","","","","","","","","","3298.2838473911","","","","","","","","","","4195.5921859384","","","","","","","","","","","","","","","5559.5497888859","","","","","","","","","","",
"Ghana","GHA","Agricultural irrigated land (% of total agricultural land)","AG.LND.IRIG.AG.ZS","","","","","","","","","","","","","","","","","","","","","","","","","","","","","","","","","","","","","","","","","","","","","","0.0907622241286323","0.149454586658722","0.0881957805214327","","0.243695092144932","0.241926938387176","0.243746962151142","0.242908323872324","2.9334651980501","0.29091720602986","","","","","","","","","","","",
"Ghana","GHA","Urban land area where elevation is below 5 meters (% of total land area)","AG.LND.EL5M.UR.ZS","","","","","","","","","","","","","","","","","","","","","","","","","","","","","","","0.0753652024227916","","","","","","","","","","0.088826293194713","","","","","","","","","","","","","","","0.122784485962052","","","","","","","","","","",
"Ghana","GHA","Permanent cropland (% of land area)","AG.LND.CROP.ZS","","7.03173068471478","7.03173068471478","7.03173068471478","7.03173068471478","7.03173068471478","7.03173068471478","7.03173068471478","7.03173068471478","7.03173068471478","7.03173068471478","7.03173068471478","7.03173068471478","7.03173068471478","7.03173068471478","7.03173068471478","7.03173068471478","7.03173068471478","7.03173068471478","7.03173068471478","7.03173068471478","7.03173068471478","6.9965720312912","6.96141337786763","6.92625472444405","6.89109607102048","6.85593741759691","6.82077876417333","6.78562011074976","6.75046145732618","6.71530280390261","6.68014415047904","6.68014415047904","7.03173068471478","7.47121385250945","7.47121385250945","7.47121385250945","7.47121385250945","7.66374571503911","7.85627757756878","8.04880944009845","8.24134130262811","8.43387316515778","8.62640502768744","8.8189368902171","9.01146875274677","9.20400061527643","9.3965324778061","9.58906434033577","9.78159576338226","9.97412762591193","10.1666594884416","10.3591913509713","10.5517232135009","10.7442550760306","10.9367869385603","11.1293188010899","11.3218506636196","11.5143825261492","11.7072745491863","11.8999692348262","11.8998123349141","11.8998123349141","11.8998123349141","","",
"Ghana","GHA","Arable land (hectares)","AG.LND.ARBL.HA","","1700000","1700000","1700000","1700000","1700000","1700000","1700000","1700000","1700000","1700000","1700000","1700000","1700000","1700000","1800000","1800000","1800000","1900000","1900000","1900000","1900000","2100000","2100000","2300000","2400000","2400000","2500000","2600000","2600000","2700000","2800000","2800000","2800000","2800000","3000000","3200000","3600000","3648256.5","3696513","3744769.6","3793026.1","3841282.6","3889539.1","3937795.7","3986052.2","4034308.7","4082565.2","4130821.7","4179078.3","4227334.8","4275591.3","4323847.8","4372104.3","4420360.9","4468617.4","4516873.9","4565130.4","4613387","4661643.5","4709900","4709900","4709900","4709900","","",
"Ghana","GHA","Fertilizer consumption (% of fertilizer production)","AG.CON.FERT.PT.ZS","","","","","","","","","","","","","","","","","","","","","","","","","","","","","","","","","","","","","","","","","","","","","","","","","","","","","","","","","","","","","","","","","","",
"Ghana","GHA","Internally displaced persons, new displacement associated with disasters (number of cases)","VC.IDP.NWDS","","","","","","","","","","","","","","","","","","","","","","","","","","","","","","","","","","","","","","","","","","","","","","","","","14000","52000","","49000","","31000","","9300","7000","23000","61000","16000","2000","12000","2700","47000","","",
"Ghana","GHA","Transport services (% of commercial service exports)","TX.VAL.TRAN.ZS.WT","","","","","","","","","","","","","","","","67.3080859775014","66.0833333332551","59.5652173913512","66.2521688837851","39.8782291060752","35.0832517140059","25.1215277777778","35.7324012520399","87.6436781609195","81.8877551020408","85.031847133758","59.1192439171526","43.2284541723666","48.3687943262411","48.8529014844804","49.1761723700887","52.2198731501057","40.1106500691563","58.9955022488756","58.6764705882353","58.7399135446686","57.7174515235457","57.2462146148782","21.2559663079083","20.898854120758","20.081224103726","20.0959099159304","21.2769116555308","20.2934811899299","20.0112984021354","13.4739302209937","16.3629638968482","19.4016954324507","15.3665984536706","21.2067384134243","27.0713972060345","29.3790123103759","29.0639189345436","29.5893472719583","31.1525587813566","7.60682424001318","12.9258202975145","7.30360783234855","5.99039884784476","5.07693679000179","6.81106752609618","6.17091463218626","6.39087937587646","4.61214535369399","6.44265568604583","4.95496951783623",
"Ghana","GHA","Computer, communications and other services (% of commercial service exports)","TX.VAL.OTHR.ZS.WT","","","","","","","","","","","","","","","","25.1791197543307","26.9166666667536","34.4262295081482","27.7617119721948","55.9246533457949","63.2713026444662","73.3506944444444","62.5319557426387","4.31034482758621","8.41836734693878","5.73248407643311","34.9889402774985","51.8467852257182","45.531914893617","43.9946018893387","42.5855513307985","38.9006342494715","52.9045643153527","30.359820089955","30.3676470588235","30.3314121037464","30.4709141274238","30.1514154048716","11.1839026672906","10.9960334949317","10.5609590597778","10.6915844617709","11.0987379361544","10.906329362001","10.7060587224396","8.57101082658208","13.5685506849389","23.560711031094","24.8369407997982","27.3938581621792","25.5059131742098","27.591708249334","41.1419895252818","32.6083625369357","21.730904001156","78.3236969591261","72.4975343173441","79.0010649001791","81.0064569552131","80.0633655433144","80.23378695242","70.1262185923073","66.1240135212026","65.9528896131047","58.59298176719","64.1923543915191",
"Ghana","GHA","Merchandise exports by the reporting economy, residual (% of total merchandise exports)","TX.VAL.MRCH.RS.ZS","0","0","0","0","0","1.15468122385491E-14","0","1.14360408241348E-14","0","0.00854891954809096","0","0","0","3.38514423540041E-16","0.000311060857501466","2.69877387302329E-16","0","0","0.00103792176924145","0","0","0","0.00149582121944785","0","0","0","0.0024124387303503","-5.78003893908282E-14","0.000865246172338376","0.000865246172393073","-3.0482502922305E-13","0","-8.18724736769303E-14","-7.25952013656312E-14","-4.95354794379617E-13","1.2059312848271E-14","1.33538827524974E-13","5.3740327610049E-13","-3.70141802541925E-13","-2.42475831102078E-13","0.00351324858745057","0","0","0","0.0002129453393922","8.245170349751E-05","5.51807885413136E-05","0.000158942986033554","0.000466199736830249","0","0.000599264191868105","0","0","2.00281739122571E-05","-3.07580108838628E-15","0.00361110270060455","0.000137220996606166","8.01860710221702E-05","6.75680734929911E-05","0","0.000121444563224461","0","0.00113652255198394","0","","",
"Ghana","GHA","Merchandise exports to low- and middle-income economies in Latin America & the Caribbean (% of total merchandise exports)","TX.VAL.MRCH.R3.ZS","","","","","","","0.186741363211951","0.153491941673062","0.62934746604836","0.61650862125656","0.158008725621883","0.734058070031047","1.50998446440074","0.721865509840234","0.346521795256633","1.01741279836333","0.582829909771279","0.161995955260225","0.393372350542509","0.0812432910313804","0.153701515985576","0.0471127722725631","0.00217573995556051","0.000161412162729286","","","0.858119171797745","0.541108653583149","0.563814966190061","0.563814966190061","0.544247236753292","1.57642489587488","0.342882946767294","0.688271151297207","0.42995829251418","0.498401320725674","0.684912122662544","0.628077333930244","0.669884419975135","1.07859669934404","1.19818927116608","0.0100220577768162","0.0689372645831011","0.0678681196912024","0.207261002577405","0.0538382139937574","0.0419769062685603","0.0671052985157975","0.240594396684463","0.128307484702023","0.0363295029413251","0.164578100286395","0.189654704343641","0.404736765928885","2.06992550709432","0.275896011810015","1.70188962128869","1.36714169035842","0.965958548105578","0.139486735994044","0.0798226620585366","0.40455707195231","0.174358040612304","3.14352980319913","","",
"Ghana","GHA","Merchandise exports to high-income economies (% of total merchandise exports)","TX.VAL.MRCH.HI.ZS","95.2575912657796","96.9250899574747","95.3613445378151","96.7169811320755","96.5662228451296","95.3118946144905","94.5378151260504","98.119723714505","97.7475985425638","97.4547236068549","97.3877799643895","96.0268709741999","95.7342059251801","94.1213032107749","97.3887996317039","93.5317061296875","95.2213865884299","95.3324987044909","95.6273653264069","96.0419803915799","94.6875560531182","96.2161115211667","93.5742240087465","79.8919184158365","90.8516366170586","85.9983124272757","89.7608920939789","92.9603204334011","92.9401691629414","92.9401691629413","92.918521888678","93.5988387678909","81.5704279340573","76.2908885298862","77.0323810641311","83.8683373802377","81.7383449680101","81.580723957074","84.4811744186928","79.4572027816503","83.3464618014922","77.2172465172432","80.7240337642185","86.9136850036884","82.1542069738076","52.547657714461","50.047703020621","43.8306112707357","34.0439728884273","34.9871474038352","32.2921390658844","40.6961557068351","49.9041945568537","57.4807797115642","55.4102250295766","53.4795345327337","52.8176404950636","42.7623676898914","41.3659955619653","47.0415411294589","49.8946385010228","47.7422393784019","54.1020853434491","56.5785845397684","","",
"Ghana","GHA","Manufactures exports (% of merchandise exports)","TX.VAL.MANF.ZS.UN","","","0.952177094722891","1.08586412531537","1.16160222656879","0.925161314630368","0.756823595941571","0.587128229385052","0.426281581232452","0.569132964475523","0.468698301932845","1.10674799045432","1.16444939678033","2.38605612082856","1.70342878361177","1.43789882419038","1.41335096700089","1.81029562802717","1.14593974122703","1.25428072411046","0.928675089904921","0.629469088724997","0.431331593077316","1.21755604059483","0.608450069020279","","","","","","","","4.44641847396498","","","","9.2495551310426","6.89880948344987","13.4023189962284","18.7589195049637","9.26044453465624","10.822025711985","","4.59102896560224","8.08856886275518","23.3464898426871","21.24225885367","12.4786816896606","10.2521893262704","10.3427176496804","7.28331559234528","7.69913170564475","6.22172550781998","9.64488570204237","9.18433208779237","8.57038246992647","8.59947855124248","6.47743479726774","3.52247913756801","5.20413351470051","","8.13515639129285","6.29388233675744","5.99032023082928","","",
"Ghana","GHA","Food exports (% of merchandise exports)","TX.VAL.FOOD.ZS.UN","","","72.9146897422264","76.727621974972","72.475762653442","73.8291604513613","70.5164505195168","75.0685640320813","71.2714915813704","63.1236808250467","77.7471143246992","73.1367218994701","67.1775126202326","64.6146739098504","74.2256049270946","77.774535042125","70.2524328960498","75.5324258884701","76.6650560976541","81.92358386205","78.4229931028054","51.3315590580708","61.6177127618286","63.2385165693088","89.5982240322859","","","","","","","","29.2810084755961","","","","40.8977819998973","37.4188783508645","56.6015735925429","51.030319304385","30.1455745492457","33.2685990468478","","40.1737817595415","52.0139106724686","37.1333356601733","41.9422251952546","36.7226272774691","34.91508423828","25.5868406468772","21.6255977564054","20.2034171647217","16.6766837990233","18.3996438124137","26.9518407983255","34.7618505812009","29.9767509831834","23.8521143659684","26.0573693808911","21.9804916262231","","25.3242442958514","20.9793799804482","18.0590476821292","","",
"Ghana","GHA","Medium and high-tech exports (% manufactured exports)","TX.MNF.TECH.ZS.UN","","","","","","","","","","","","","","","","","","","","","","","","","","","","","","","6.97056687645379","6.97056687645379","6.97056687645379","6.97056687645379","6.97056687645379","2.77071581814819","2.77071581814819","3.20398482220443","2.80250433091152","10.8944900100542","6.45905251105477","5.52783142927923","5.52783142927923","7.58649351691618","12.9177337497641","8.11086055514683","2.85929402789266","13.3667554044618","18.1000093911733","20.0801911304634","24.99397457356","5.93150988328247","19.9804947459275","33.2656092288728","19.1552839025883","29.4890784072613","15.8494020922451","18.5909900929651","15.2038975509901","10.5633365921792","10.5633365921792","10.2432954961256","14.6915272965553","","","",
"Ghana","GHA","Commercial service imports (current US$)","TM.VAL.SERV.CD.WT","","","","","","","","","","","","","","","","189566259.997925","203566336.997619","190609569.273193","233900443.45337","200936392","185500000","210100000","162200000","91300000","109600000","136500000","165150000","191900000","204400000","203600000","225600000","251452000","328500000","332000000","319000000","331000000","332000000","358404000","532730000","554900000","513616076.873777","537949937.48172","547670458.6832","752619071.621184","903953426.98265","1140053962.76321","1441868781.88611","1812294716.08291","2037539756.06112","2366410000","2444180000","3125628551.80017","3838434897.03815","4357807097.12632","3833416335.90098","6489292858.73472","7090643969.64501","8478050000","8960988860.33179","10948402039.4832","10244277103.145","11409745138.7289","10838045215.355","11047893816.5086","11319672862.1594","14396850161.4732",
"Ghana","GHA","Merchandise imports by the reporting economy (current US$)","TM.VAL.MRCH.WL.CD","331000000","367600000","310500000","328600000","300100000","376600000","311900000","288600000","285200000","323143000","380191000","393845000","269299000","405393000","740510000","740946000","788911000","979244000","884269000","808712000","1094098000","1227531000","985327000","722341000","551640000","779366000","744916302.489607","1059495422.81006","902282399.357536","1189717232.6728","1573783468.78556","505610000","2084858000","2025867673.26677","2027199337.05812","2505799524.68443","3162199290.48902","3335694463.60885","3401331826.98797","3229393983.89313","2841405591","3090618028","2666229713","3194283151","4029575836","4877281844","5323838595","7277083741.00001","8533549692","6435566743","8052042667","12601703970","13577286300","12786487675","16088453619","14095802296","12374197665","12732578141","11758900716","10458929101","14268976802","17825665869","18321579835","16385196102","","",
"Ghana","GHA","Merchandise imports from low- and middle-income economies in Middle East & North Africa (% of total merchandise imports)","TM.VAL.MRCH.R4.ZS","0.332326283987915","0.897714907508161","0.966183574879227","1.39987827145466","2.53248917027657","0.876261285183218","0.705354280218019","1.31670131670132","3.96213183730715","1.94464989184355","2.09631474706135","1.84615775241529","2.43743942606545","1.46327144277282","5.87595035853668","7.58192904746095","2.99159220748602","3.06614081883576","2.06091132901866","3.57692231597899","3.3938458894907","1.35116750615667","11.834548327611","10.6325128990325","0.109672975128707","0.0959754467092483","0.023357538832642","0.103131903501112","0.435942682547882","0.435942682547881","0.732331935055369","0.873796008781472","3.05469245387456","0.311081478654248","0.721684377037647","0.453575052576405","0.699696644732829","0.520490405525348","0.245741557024334","0.294120468508083","1.41766987182648","1.25328690407807","0.812424671977242","0.667206693724942","1.67809128682694","0.927403120154809","1.15652056126995","1.90725855218656","2.09349245563636","2.64770284894239","3.02923870485248","2.52210229471055","1.922473204384","2.28108268989514","2.36686515694893","2.38060328850685","1.93039946885316","1.96438222668042","2.13116478361803","1.68536265326769","1.71946077426947","2.33299546314973","3.25994963523297","3.00896772263727","","",
"Ghana","GHA","Merchandise imports from low- and middle-income economies outside region (% of total merchandise imports)","TM.VAL.MRCH.OR.ZS","2.65861027190332","3.40043525571273","4.57326892109501","3.86488131466829","4.4651782739087","6.00106213489113","4.93747996152613","4.46985446985447","6.38148667601683","5.88841472660711","7.58723904563759","6.68232426462187","6.89085366080082","8.73917408539368","14.6978433782123","13.1386092913654","8.85207583618431","10.3872987733394","9.28360035238146","8.87571842633719","10.572544689781","9.24392133477688","17.2447319519307","18.9227802381424","3.5218620839678","5.94444715319888","26.1599017288853","3.20046450460516","5.19014401925751","5.19014401925748","8.4362240627289","4.87351911552382","13.7379620098827","11.7872511670277","11.9772114593804","14.6889046986728","12.8480263741853","12.6221712997657","12.1776141273323","14.9094032371158","12.0502082520186","12.1038920892491","14.3737375339947","17.9815568892252","26.5411317103203","21.492360304942","23.783606948362","28.1050139422876","28.7903339486407","30.6050645678153","30.4404074017806","34.5702120869611","33.7433667580539","35.6643380724175","36.8201040527859","39.3398992590411","37.6880480274759","36.4548735189262","40.492283402999","40.370064833849","40.035944316619","42.5124802556681","36.0355328986836","36.595047875369","","",
"Ghana","GHA","Ores and metals imports (% of merchandise imports)","TM.VAL.MMTL.ZS.UN","","","1.62400285882566","1.96715591630357","1.5662616155018","1.80555185889637","2.41817281034402","1.57490985071393","1.32580489392984","1.66578382363754","1.62921189234498","2.29083802785149","1.99136108013914","2.40549067549318","2.22219356407261","1.9605865051719","2.02925211248836","2.65256940179808","2.10449688262981","1.8704969022538","1.56781627624145","1.0852586058015","0.477255899602302","0.74016459391193","0.701611461957507","","","","","","","","3.57779131653835","","","","2.60196433352359","1.52732731949542","1.25181489154815","1.17533736242622","2.93208895730233","2.67165772363511","3.59176292400822","1.83729952659254","2.06096747499397","1.85928854712751","1.48066706840366","1.61689899665761","1.36098828176373","1.36224470325573","1.15155416922626","1.19115519666626","1.1495620150077","1.14458097723817","0.738525603849693","0.992807038685316","1.36084120865919","1.43547700787854","1.67042412677835","1.46074395890949","","1.24101208995309","1.08740898794429","1.13247730792923","","",
"Ghana","GHA","Fuel imports (% of merchandise imports)","TM.VAL.FUEL.ZS.UN","","","6.14820628075975","5.86021362711704","5.82347583902252","4.13947771346168","4.2099780890242","5.97923506318914","6.84485922059713","6.45365548611773","5.82314848937147","6.10873321693924","11.5308971842648","8.94785709450096","16.5920931879864","16.6492212905567","14.9254536518402","15.6964910344321","13.8271253721722","20.6244850975522","26.6604319081117","30.6520518184186","35.4428256083428","10.1327439416801","34.7402353723512","","","","","","","","17.4288412916769","","","","5.82392341159909","23.2248368549511","18.3660374705555","17.7028324025598","21.4392816342985","22.6891538503496","8.57069520443129","18.5871129008742","1.6008606304433","13.6998075568291","13.771543913498","12.4237844723934","13.8281780730431","3.0421854368886","0.969421817468131","7.17394644176725","4.05678436714648","3.69057083166172","7.3228075712152","11.5764217138408","1.74880288356562","2.37127014071066","2.0416534987436","2.86441670768118","","14.9113609492557","26.7540538635122","32.1037079226319","","",
"Ghana","GHA","Tariff rate, most favored nation, weighted mean, primary products (%)","TM.TAX.TCOM.WM.FN.ZS","","","","","","","","","","","","","","","","","","","","","","","","","","","","","","","","","","13.6","","","","","","","27.24","8.66","8.66","8.66","","","","9.15","8.94","13.72","14.61","","","14.7","","","14.78","14.64","15.95","15.52","13.77","13.77","16.41","","","",
"Ghana","GHA","Bound rate, simple mean, primary products (%)","TM.TAX.TCOM.BR.ZS","","","","","","","","","","","","","","","","","","","","","","","","","","","","","","","","","","","","","","","","","96.64","96.65","96.65","96.65","96.65","","","96.68","96.68","96.68","96.59","","","96.09","","","96.09","96.09","96.08","96.08","96.08","96.08","","","","",
"Ghana","GHA","Tariff rate, most favored nation, simple mean, all products (%)","TM.TAX.MRCH.SM.FN.ZS","","","","","","","","","","","","","","","","","","","","","","","","","","","","","","","","","","14.9","","","","","","","14.64","13.07","13.07","13.07","13.1","","","13","13","13","13","","","12.91","","","12.15","12.05","12.05","12.05","12.17","12.17","12.12","","","",
"Ghana","GHA","Tariff rate, most favored nation, weighted mean, manufactured products (%)","TM.TAX.MANF.WM.FN.ZS","","","","","","","","","","","","","","","","","","","","","","","","","","","","","","","","","","9.16","","","","","","","8.85","9.29","9.29","9.29","","","","8.93","8.44","8.87","9.03","","","8.75","","","10.13","10.04","9.25","9.02","10.17","10.17","11.8","","","",
"Ghana","GHA","Bound rate, simple mean, manufactured products (%)","TM.TAX.MANF.BR.ZS","","","","","","","","","","","","","","","","","","","","","","","","","","","","","","","","","","","","","","","","","74.2","73.71","73.71","73.71","73.71","","","73.12","73.12","73.12","65.8","","","63.1","","","63.1","63.1","64.66","64.66","64.66","64.66","","","","",
"Ghana","GHA","International tourism, expenditures (% of total imports)","ST.INT.XPND.MP.ZS","","","","","","","","","","","","","","","","","","","","","","","","","","","","","","","","","","","","3.49138947865062","2.48373992296197","2.334996156826","3.97148202014226","3.84625181487048","4.83550583806387","4.61599080117429","5.52895983895739","5.19879582318206","5.01945892246177","7.12947788853624","6.9390021067542","8.10754041385592","6.92313378591206","8.62651032178339","6.33378167698719","5.26041576350758","4.43654544222283","4.3648240703104","4.92022196430799","6.76331279736099","7.64980670523068","7.14648301275112","5.72337659827686","5.12853698141933","3.85408715995403","","","","","",
"Ghana","GHA","International tourism, expenditures for passenger transport items (current US$)","ST.INT.TRNX.CD","","","","","","","","","","","","","","","","","","","","","","","","","","","","","","","","","","","","53000000","55000000","57000000","60000000","60000000","62000000","60000000","65000000","78000000","84000000","169000000","230000000","258000000","328000000","264000000","308000000","562000000","512000000","509000000","489000000","668000000","779000000","888000000","879000000","1052000000","841000000","","","","","",
"Ghana","GHA","International tourism, number of departures","ST.INT.DPRT","","","","","","","","","","","","","","","","","","","","","","","","","","","","","","","","","","","","","","","","","","","","","","","","","","","","","","","","","","","","","","","","","","",
"Ghana","GHA","Urban population","SP.URB.TOTL","1621013","1715397","1806722","1900838","1997213","2095559","2194746","2293875","2392099","2489478","2587809","2687340","2788134","2891550","2996598","3103340","3212062","3326345","3447997","3575651","3705057","3837403","3981871","4140485","4293362","4442961","4612331","4802815","5015339","5249326","5502542","5769804","6049908","6342745","6643813","6952738","7269109","7596244","7933618","8276155","8628021","9002792","9400460","9808154","10225004","10652897","11091539","11540390","11996659","12458961","12923387","13394715","13880376","14377362","14880647","15387590","15901682","16414312","16917608","17418931","17926421","18436540","18978092","19531940","20093728","20661512",
"Ghana","GHA","Rural population","SP.RUR.TOTL","5340202","5447270","5530653","5613876","5698526","5787047","5879775","5978038","6083630","6200905","6338004","6488924","6650053","6823067","7003925","7190968","7382851","7585526","7800453","8021604","8236391","8444309","8661948","8889351","9077228","9218268","9352886","9486293","9621229","9757487","9892106","10017692","10134947","10246774","10349377","10446279","10541072","10642714","10754418","10873709","11009066","11164277","11328928","11488551","11643294","11796541","11949163","12101889","12253287","12403703","12551608","12700373","12853892","13008831","13160945","13308478","13455060","13594042","13719977","13840014","13961388","14082125","14171060","14255974","14333686","14402760",
"Ghana","GHA","Completeness of birth registration, rural (%)","SP.REG.BRTH.RU.ZS","","","","","","","","","","","","","","","","","","","","","","","","","","","","","","","","","","","","","","","","","","","","","","","42","","64.6","","","55.2","","","63.2","","","","63.8","","","","","","","",
"Ghana","GHA","Population, male","SP.POP.TOTL.MA.IN","3558232","3652080","3728849","3807101","3887416","3971166","4057908","4147693","4240924","4340132","4451938","4575945","4707532","4844658","4986217","5131855","5281364","5436646","5598383","5765531","5935898","6109946","6291269","6479749","6646847","6791468","6942914","7104654","7278532","7464199","7659160","7857102","8057679","8262200","8462561","8660871","8862942","9075989","9300774","9531729","9776449","10044029","10328145","10614701","10903249","11196556","11495055","11798710","12105190","12414043","12722558","13034541","13355706","13683015","14011629","14339499","14670408","14996562","15311203","15621430","15934246","16247587","16560812","16877545","17194242","17509380",
"Ghana","GHA","Technicians in R&D (per million people)","SP.POP.TECH.RD.P6","","","","","","","","","","","","","","","","","","","","","","","","","","","","","","","","","","","","","","","","","","","","","","","","14.92775","","","29.51619","","","","","28.65432","","","","","","","","","","",
"Ghana","GHA","Age dependency ratio, old (% of working-age population)","SP.POP.DPND.OL","5.66811310038606","5.80791543897178","6.19579479543624","6.52000479635477","6.77410681143586","6.94301578468924","7.0453255031987","7.10226575486117","7.1281444697101","7.10352945869097","6.94423775646635","6.55105912364703","6.11569011597884","5.81957368384156","5.58571682504398","5.39803460929879","5.20836252957997","5.13898816280082","5.22524657879473","5.33938883831883","5.24208941053217","4.96178820061618","4.85504698804358","4.92815541937604","4.96819542081702","4.95070527689022","4.95686429860469","4.96849248340588","4.97318970352095","4.98087279080542","5.00660884580864","5.05436373244014","5.11454892482967","5.17697602138834","5.23823023993662","5.31280068233073","5.4076657492877","5.50146273431178","5.58918077438475","5.67701569540038","5.75333916971895","5.80972503337885","5.85321892889687","5.89125974195296","5.91874723016405","5.93246483306994","5.94123680235771","5.94526592392493","5.93311867428963","5.90502941579182","5.8766553583841","5.84855838422834","5.8163960528297","5.79339530530208","5.78749175653019","5.78760034025104","5.78625641256034","5.78864414161553","5.79995537431681","5.82321219444882","5.84874371888525","5.88199702828208","5.94481810092698","6.03399332576016","6.13215751117643","6.23154352937688",
"Ghana","GHA","Population ages 80 and above, female (% of female population)","SP.POP.80UP.FE.5Y","0.509494095401873","0.528857424698491","0.5857239216234","0.634774988651728","0.675061001267618","0.704216349988751","0.72457814581589","0.738648852225251","0.747779413692012","0.748864749543791","0.728585479990554","0.668790650038688","0.599134792116525","0.551164917644054","0.512294121600453","0.480013962352013","0.450659206242456","0.443908738354016","0.463056455790701","0.485816845428826","0.468291830057197","0.414921758213127","0.390945337624628","0.39930000935102","0.397702618742464","0.381032150825032","0.367991863636739","0.35746627370709","0.348238307069985","0.340684299944575","0.335479804247644","0.330658245394759","0.325875782321203","0.322438691105823","0.320961129708153","0.322099218758762","0.324988506231447","0.328387046642529","0.332029722830789","0.336785665828147","0.343116726163321","0.349973938163533","0.355899770825468","0.360232031367897","0.364886666939959","0.37194915933536","0.381394823520934","0.392808097254801","0.405401310656221","0.418580499799938","0.433042753557046","0.449353308096514","0.466757902175293","0.48525973210446","0.504876562762385","0.523488603840117","0.540825931809325","0.557888092241086","0.574388677457885","0.589268800405026","0.600928438339184","0.609418767749094","0.618714711658912","0.626970351740994","0.630368588857832","0.631991907669044",
"Ghana","GHA","Population ages 70-74, female (% of female population)","SP.POP.7074.FE.5Y","0.777347289518154","0.773175540158954","0.798941174318822","0.818221858645981","0.833122720042748","0.847986930644469","0.864745993701659","0.879099669646584","0.891434198268869","0.898867571219733","0.886245244474337","0.843300306272272","0.79587287595481","0.764503513171982","0.740062385490159","0.721778828440893","0.708114227598708","0.710637527283128","0.727610840721004","0.745491320791989","0.739382737634355","0.708695047738362","0.69463438346535","0.703876093258296","0.711739035217366","0.713933081956339","0.721002884808998","0.729839734515664","0.738192909086066","0.747917150998126","0.759079453035154","0.769854610619259","0.778880586634239","0.784928451466285","0.790234904159459","0.800209792786708","0.817324717864096","0.841752366700397","0.872133961958236","0.904244949774567","0.935674703012386","0.967046508116461","0.997904769651089","1.03017654739691","1.06355206727996","1.09128043820241","1.11199484966066","1.12897551705168","1.14173969407043","1.14789421253969","1.14949018367942","1.15013942371633","1.14734669186818","1.1347696961077","1.11355595780574","1.0916327254664","1.06880318358561","1.04601769062614","1.03411558690484","1.03647219406433","1.04907282940266","1.06691766418051","1.08639261071331","1.10476595750217","1.12111981245008","1.13644102349245",
"Ghana","GHA","Population ages 65 and above, male","SP.POP.65UP.MA.IN","107395","111489","119580","126748","132958","137879","141736","144891","147610","149529","149110","144058","138091","135250","133855","133553","133528","137026","144946","153918","156657","153444","155438","163424","169289","171902","175298","179297","183822","189031","195136","202034","209754","218218","226907","236017","245970","256678","267865","279042","289730","300161","310523","320499","329915","338677","347293","356105","364472","372242","379818","387099","394372","402801","413109","423581","434039","445871","458944","473489","488689","505223","525069","547720","571576","595867",
"Ghana","GHA","Population ages 65-69, female (% of female population)","SP.POP.6569.FE.5Y","0.983107911043353","1.00226828162925","1.04251708315251","1.07813301981625","1.10861146869783","1.12545507536866","1.12993210946636","1.13015323262983","1.12699404104793","1.11900426906352","1.10408774318546","1.0759255038537","1.04718057013247","1.02844829462595","1.01401848749987","1.00480314207158","0.993573128470903","0.990735631022984","1.00478454503283","1.02500555367456","1.02895654852595","1.02084233264839","1.02935820817166","1.05207754858237","1.07226741654666","1.08739582880716","1.10193922163986","1.11398166095851","1.12180070877609","1.12811693188309","1.13984405379467","1.16059184200633","1.19168077622038","1.23180694580051","1.27482994218011","1.31761932107795","1.36214639163286","1.40685856373175","1.4529902329348","1.50024407018616","1.53889628952527","1.5658933268017","1.5860219783347","1.59978408545812","1.60407863221034","1.60140753275472","1.59705211843044","1.58836827022461","1.56671735521076","1.53300112518487","1.4980784847695","1.46151612179796","1.42359085949664","1.39933972975756","1.39446188172685","1.40460444987254","1.423050892859","1.44374835462682","1.46303613804733","1.48032786921938","1.49536496971351","1.51406076210995","1.54570017253083","1.58937986509934","1.63892061307462","1.68969704599444",
"Ghana","GHA","Population ages 55-59, female (% of female population)","SP.POP.5559.FE.5Y","1.70528302590947","1.70495703425097","1.7130955963737","1.71631990717478","1.71721276231202","1.72116918577301","1.71923458894347","1.71099040679091","1.70862648929526","1.71242972963747","1.71914746379229","1.72957589784273","1.74343721958164","1.76042585993555","1.78143260873337","1.8055657251377","1.82831645776519","1.85112044264121","1.87096896373087","1.88691183885659","1.90184912289466","1.92366334044421","1.96754043907246","2.03129347508716","2.09912857311237","2.164834980079","2.23136942842959","2.29714046467553","2.36491775794519","2.43426234156105","2.49076076389751","2.5312993611225","2.56251971394986","2.58271584271505","2.58706627460487","2.58081634250561","2.5726258920419","2.55650789132953","2.51806117694382","2.45925015608535","2.39609737239632","2.32768527673926","2.25654760685814","2.20779265763241","2.18966655733442","2.19405570946181","2.21100645117593","2.23104613858178","2.24762852378426","2.26003747724346","2.26955461685908","2.2850612612167","2.31708741813302","2.36449912308657","2.42083657520433","2.47941212414373","2.57209534292545","2.69626371055501","2.8147642024962","2.92488279228244","3.02400150286173","3.0822451678446","3.10874385260972","3.14149265459553","3.18553668429517","3.23187396334099",
"Ghana","GHA","Population ages 45-49, female (% of female population)","SP.POP.4549.FE.5Y","2.94444566069744","2.97511498789234","2.96794314354393","2.95570222674265","2.94599525118999","2.94139754157037","2.93448734045326","2.92046773941106","2.89420646287137","2.86483436647283","2.86220590228894","2.90542926538673","2.98328666960495","3.07815796357997","3.1783155678342","3.27535121862587","3.37415695478136","3.46366619304834","3.54422345788112","3.62253052248953","3.69658066288683","3.76258594379631","3.80422005303224","3.81595665706756","3.80792393521911","3.79045910109106","3.76703394413968","3.73087502543687","3.66341643340696","3.56795426412874","3.46812638064981","3.36294157408456","3.25454971969662","3.17736697865382","3.14425854696747","3.14483758911787","3.16481413066008","3.18949056681198","3.20792154304418","3.21857615847563","3.22265135264821","3.2344633249727","3.27081580538018","3.32926761682546","3.39967488515897","3.47129295410722","3.5883697119789","3.74650564595412","3.89351173461204","4.02656647672059","4.14369066427779","4.20424963824256","4.21750452571027","4.23590091553221","4.26933739815726","4.30601853082093","4.32086401960026","4.33195117544927","4.35732008889378","4.38320908458892","4.41548372562657","4.4678663720949","4.5453674086738","4.6415220152795","4.75214907482352","4.83987583518384",
"Ghana","GHA","Population ages 35-39, female (% of female population)","SP.POP.3539.FE.5Y","5.37986740164917","5.37629461967472","5.31133764866874","5.28428937971682","5.27679838038927","5.28048493649398","5.29522012700751","5.31375694237419","5.339077005907","5.37859707651385","5.4330312573587","5.51610719996887","5.59870673299998","5.638600989988","5.6388549803592","5.61491685930761","5.58625641861434","5.52014807794639","5.38573259396747","5.21022555163571","5.06984372788504","4.95932606647757","4.81962323636782","4.69474644422689","4.62206873627299","4.5908871799989","4.58301992708374","4.58197658444191","4.57673080153454","4.56624882078341","4.55054031497431","4.5449068826156","4.57209831729383","4.63040357704541","4.70753149709494","4.79089042458205","4.93956264387468","5.1460236464866","5.33603408533819","5.50421677383402","5.64820929192364","5.71621794027377","5.7230804049093","5.73751423422047","5.77176653618997","5.80774773964572","5.81158422737158","5.80850646420406","5.82224953716649","5.83466634577436","5.85154083502164","5.89209624987376","5.96265458405361","6.05396106318994","6.16210062976641","6.23905705600889","6.28267429716205","6.33851708043917","6.3997428225312","6.43453239103104","6.47844288832398","6.55359179501173","6.59589205429838","6.58844582279665","6.57107427962404","6.56429254693528",
"Ghana","GHA","Population ages 25-29, female (% of female population)","SP.POP.2529.FE.5Y","8.98758398328996","8.84866263106426","8.70819553468646","8.56168106002433","8.39725364645457","8.22983351399996","8.08372626389448","7.94541852100743","7.77735928809001","7.58149270220354","7.38997037131909","7.17650310516544","6.94366847719819","6.77297422277564","6.68659697142596","6.66234507852273","6.67165140740667","6.70044671227636","6.7378227550222","6.77548296391573","6.79000258094596","6.79631243310262","6.85245241261758","6.96338789367317","7.04726571548509","7.07998378109633","7.19672836628217","7.39406919440225","7.58058943989945","7.75161686330607","7.89822180578653","7.93710299495227","7.88828075777609","7.85223264220858","7.84919351775743","7.8591499844475","7.83127019233139","7.79670408103575","7.78455421825874","7.76758176091311","7.75914764545927","7.79768270191972","7.88956185332849","8.00858153582418","8.14855036892905","8.24266618987029","8.28651265710791","8.34426648148601","8.40744762595478","8.43275733111322","8.4584153176695","8.51471611411069","8.52639405293379","8.47262645735365","8.40367801371408","8.34558759636747","8.2903026817415","8.23631515811037","8.178978841157","8.11085367109628","8.02965118106685","7.93659792966999","7.84602618465742","7.7796498704434","7.75480589861245","7.78395253630861",
"Ghana","GHA","Population ages 15-64, total","SP.POP.1564.TO","3597123","3660315","3703173","3752850","3812045","3879899","3953955","4033755","4118898","4211864","4320791","4446884","4585664","4735828","4894430","5059045","5244681","5453486","5670297","5890618","6108900","6326449","6550709","6784019","6977926","7125712","7270080","7425371","7606406","7809294","8024094","8237753","8461450","8706801","8966368","9224852","9479543","9761513","10073623","10392344","10720105","11078872","11463658","11850165","12238992","12631967","13028937","13435177","13846765","14256288","14651208","15036184","15427457","15826833","16234062","16653586","17094576","17548669","17998604","18446623","18911651","19386766","19859447","20336698","20819475","21312986",
"Ghana","GHA","Population ages 15-64, female","SP.POP.1564.FE.IN","1752020","1787672","1818143","1851988","1890167","1933644","1981272","2031018","2082820","2137446","2197023","2260260","2327819","2402323","2481687","2564815","2658394","2765489","2879768","2997018","3109499","3217314","3331126","3453012","3553908","3629421","3703264","3782494","3874230","3976464","4084132","4190904","4302231","4423506","4554420","4687647","4818481","4960587","5115396","5273093","5433945","5608516","5795401","5982852","6171342","6361864","6554354","6751792","6952710","7153588","7347836","7537691","7731395","7929750","8132776","8341495","8560471","8786855","9012056","9237213","9471919","9712359","9951829","10193909","10438740","10688495",
"Ghana","GHA","Population ages 10-14, female (% of female population)","SP.POP.1014.FE.5Y","10.3217661795892","10.6977266195084","10.9409631522677","11.1259589390802","11.2492705121481","11.3218661158039","11.3776955858082","11.4582650123254","11.5542156014267","11.6513608466085","11.7763808528827","12.1080312156647","12.5818834812515","12.9874323351454","13.3278636509492","13.6016417773408","13.6907729945868","13.5905386162704","13.4429290838498","13.2988020953322","13.1858614115277","13.0420693201913","12.8403544371666","12.6267702530691","12.4587831851086","12.3692576518122","12.3432173666128","12.3843509889548","12.4692784868136","12.5883090788094","12.6461640170601","12.6432692148252","12.6677758259587","12.708345104328","12.7053424437216","12.7266069942068","12.8185291116886","12.8472291947325","12.7757060578473","12.6802649370174","12.5937737196227","12.4864918288623","12.3569125343961","12.2218124988532","12.072646099103","11.894272951587","11.6903885940736","11.4907840917386","11.3273827815067","11.221094288275","11.1922302531062","11.2239709408802","11.2717673789031","11.3080893576723","11.3214616944135","11.317680126696","11.3015307734909","11.271166027347","11.2379494142176","11.2151063895029","11.1982003268423","11.1985054462435","11.2323143846823","11.2830536104801","11.3198548508613","11.3214991205443",
"Ghana","GHA","Population ages 0-14, total","SP.POP.0014.TO","3160203","3289764","3404761","3517178","3625462","3733325","3841998","3951670","4063229","4179328","4304977","4438062","4572078","4703184","4832703","4962174","5077070","5178131","5281866","5392114","5512313","5641358","5775070","5911490","6045987","6182744","6334769","6494808","6651881","6808548","6968818","7133376","7290640","7431969","7557143","7684068","7818016","7940419","8051380","8167545","8300218","8444545","8594736","8748416","8904910","9068084","9237684","9408346","9581637","9764538","9962787","10179505","10409488","10642450","10867984","11078639","11273030","11443855","11595071","11738136","11870064","11991570","12109097","12224102","12331256","12423158",
"Ghana","GHA","Population ages 0-14, female","SP.POP.0014.FE.IN","1554468","1621815","1680521","1737686","1792882","1846293","1898509","1951606","2005995","2063143","2125916","2192799","2260482","2327281","2393084","2458102","2515521","2566508","2618958","2674101","2732474","2793992","2858822","2926171","2992446","3059469","3133969","3212328","3289347","3366210","3444756","3525158","3601934","3671281","3733438","3796418","3862106","3922035","3976698","4034110","4099659","4171033","4245372","4321527","4399226","4480308","4564507","4649125","4734974","4825438","4923419","5030555","5144216","5259319","5370750","5474812","5570765","5654978","5729360","5799605","5864239","5923613","5980972","6037066","6089325","6134136",
"Ghana","GHA","Women who were first married by age 18 (% of women ages 20-24)","SP.M18.2024.FE.ZS","","","","","","","","","","","","","","","","","","","","","","","","","","","","","40.9","","","","","37.6","","","","","35.5","","","","","27.9","","","","","24.6","","","","","","20.7","","","","","","","","16.1","","","",
"Ghana","GHA","Survival to age 65, male (% of cohort)","SP.DYN.TO65.MA.ZS","36.46412","36.664309","36.967677","37.124065","37.210951","37.271557","37.274435","37.315966","37.361839","37.446358","37.536369","37.619861","38.096851","38.490328","39.035519","39.56048","40.115265","40.58194","41.087191","41.53283","41.889178","42.265416","42.380907","42.88335","43.509906","44.172077","45.023298","45.905822","46.807879","47.737165","48.570688","49.181848","49.803354","50.256867","49.953009","50.8051","51.206576","51.583448","51.902539","52.206902","52.540247","52.799901","53.127835","53.470221","53.804664","54.290366","54.769566","55.130087","55.388417","55.806108","56.15832","56.335616","56.772851","57.257194","57.738254","58.215958","58.675137","59.073861","59.427624","59.76522","58.757556","58.426724","60.543287","60.804399","61.096413","",
"Ghana","GHA","Life expectancy at birth, total (years)","SP.DYN.LE00.IN","46.942","47.127","47.335","47.476","47.637","47.689","47.708","47.734","47.758","47.895","47.888","47.949","48.274","48.577","48.918","49.323","49.732","50.079","50.461","50.787","51.059","51.313","51.425","51.78","52.232","52.732","53.276","53.818","54.396","54.936","55.395","55.722","56.055","56.286","56.234","56.662","56.957","57.241","57.525","57.835","58.139","58.403","58.709","59.014","59.316","59.638","59.975","60.282","60.578","60.928","61.297","61.617","61.995","62.397","62.832","63.175","63.522","63.829","64.138","64.455","64.309","64.286","65.246","65.498","65.695","",
"Ghana","GHA","Mortality rate, infant, female (per 1,000 live births)","SP.DYN.IMRT.FE.IN","113.2","112.2","111.4","110.6","110","109.6","109.2","108.8","108.4","107.7","106.4","104.8","102.7","99.9","97","93.8","90.6","87.7","85.4","83.7","82.7","82.1","81.6","81","79.8","78.1","75.9","73.4","70.9","68.4","66.2","64.4","63.1","62.2","61.7","61.2","60.7","59.9","58.8","57.2","55.4","53.6","51.8","50.1","48.7","47.4","46.2","45","43.6","42.1","40.5","38.9","37.4","36","34.7","33.5","32.3","31.1","30","28.9","27.8","26.8","25.8","24.9","24.1","",
"Ghana","GHA","Birth rate, crude (per 1,000 people)","SP.DYN.CBRT.IN","50.374","49.988","49.666","49.222","48.659","48.243","47.786","47.747","47.663","47.885","47.677","47.397","46.922","46.438","45.89","45.302","44.737","44.371","44.126","44.017","44.128","43.933","43.575","43.35","43.383","43.081","42.724","42.228","41.495","40.89","40.473","39.897","39.203","38.491","37.493","36.727","35.838","35.6","35.468","35.552","35.898","35.62","35.223","34.779","34.282","34.403","33.877","33.223","32.789","32.585","32.672","32.685","32.519","32.219","31.547","31.114","30.172","28.926","28.388","27.891","27.43","27.034","26.596","26.31","25.92","",
"Ghana","GHA","Vitamin A supplementation coverage rate (% of children ages 6-59 months)","SN.ITK.VITA.ZS","","","","","","","","","","","","","","","","","","","","","","","","","","","","","","","","","","","","","","","","","89","99","99","99","50","96","26","77","24","90","93","94","17","96","23","28","33","50","45","29","31","35","41","44","","",
"Ghana","GHA","Prevalence of undernourishment (% of population)","SN.ITK.DEFC.ZS","","","","","","","","","","","","","","","","","","","","","","","","","","","","","","","","","","","","","","","","","","14.8","13.4","12.6","12","11.1","10.4","9.2","8.1","6.9","6.9","7.3","7.7","8","8.7","9.4","9.5","8.8","7.5","6.6","5.7","5.6","5.9","6.3","","",
"Ghana","GHA","Refugees under the mandate of the UNRWA by country or territory of asylum","SM.POP.RRWA.EA","","","","","","","","","","","","","","","","","","","","","","","","","","","","","","","","","","","","","","","","","","","","","","","","","","","","","","","","","","","","","","","","","","",
"Ghana","GHA","Imports of goods and services (% of GDP)","NE.IMP.GNFS.ZS","35.4430379746835","36.4516129032258","28.4701114488348","27.4545454545455","23.8673139158576","26.7394270122783","19.631093544137","19.9468085106383","20.8235294117647","20.3398300849575","22.7091633466135","20.24","15.2042628774423","16.3953156241074","21.8025751072961","18.4364944160515","16.0435182347533","11.5470751590074","9.6874106547222","11.1615052087024","9.15476523849529","5.32316250378652","2.98203606667361","5.98898053662831","10.7705840827022","13.5893519274271","20.1355904363181","26.1855227882038","24.0621159136831","24.3432537358508","25.850287720007","25.5248032052346","28.7676403692637","36.4152010536918","36.7625168107589","32.9266483481043","40.0927619568381","52.9915470404013","46.7281914893617","49.6267650803215","67.2461725439646","64.8128376940797","54.8729912815685","56.6081030628332","60.3670092258015","61.7222971639139","39.8628637530195","40.8292316808483","44.4847683116359","42.3028725496475","45.901097808525","49.3588453047101","52.808816954646","35.318538506149","35.6046602824807","42.6895661009546","36.6837602962245","36.6714905104435","34.5036220155637","39.3752028696209","35.0500782295317","32.6527114432115","35.4514122414706","32.617045035709","33.9110885619442","",
"Ghana","GHA","Imports of goods and services (current LCU)","NE.IMP.GNFS.CN","30800","33900","28100","30200","29500","39200","29800","30000","35400","40700","51300","50600","42800","57400","101600","97400","104700","128900","203300","315000","392300","386600","257800","1102200","2914100","4661800","10297200","19534400","25294000","34499600","49653000","61962200","80632100","141003300","191348900","255237500","454599800","747890900","808210800","1021308900","1825901700","2467470100","2681204100","3745061900","4822594200","6003160000","7618608100","9453783300","13424879400","15481832700","21133829400","29524645300","39773153400","43963661600","56498897200","78346299400","80555555000","96371931200","106473828600","140390027900","137375533600","150755915200","217790877500","289557205400","401100110600","",
"Ghana","GHA","Gross capital formation (annual % growth)","NE.GDI.TOTL.KD.ZG","","","","","","","","","","","","","","","","","","","","","","","","","","","","","","","","","","","","","","","","","","","","","","","","15.3810555603753","8.36892437780101","-20.9372302779187","-22.0267470396796","26.854647983102","39.003550726499","-23.7502277761846","4.56747968368741","-2.56593475421822","12.0981993306277","1.50183148966212","11.8637346098008","-9.35011635575935","1.21590509690759","5.56929076045859","0.697477754919944","-27.7732324057682","13.0453301623123","",
"Ghana","GHA","Changes in inventories (constant LCU)","NE.GDI.STKB.KN","","","","","","","","","","","","","","","","","","","","","","","","","","","","","","","","","","","","","","","","","","","","","","","-2654251500","-3062503500","-3318802000","410346300","555076900","774338700","847762300","912180700","792273400","821812400","879978400","1055663300","733434400","928944600","744333100","696393000","668051500","905618500","810060700","",
"Ghana","GHA","Gross fixed capital formation (constant LCU)","NE.GDI.FTOT.KN","","","","","","","","","","","","","","","","","","","","","","","","","","","","","","","","","","","","","","","","","","","","","","","32406584700","37391059600","40520289000","30326286600","22666510400","28460962900","40514454800","29923163900","31451469300","30594576900","34337228400","34690446600","39253499000","35319164000","35944518100","38035767000","38334256700","27264488000","31034929200","",
"Ghana","GHA","Gross fixed capital formation (current US$)","NE.GDI.FTOT.CD","","","","","","","","153343596.494155","156885601.661369","196107002.076711","265724987.813944","300688307.044407","183090429.952524","230166664.170768","344720496.89441","326595744.680851","","","","","","","","","302364644.487932","429241071.428571","533165096.45581","525768707.482993","584201938.291139","690943116.546229","847219156.242335","1044849441.01406","817154629.735607","1419740716.19059","1229491043.02695","1365978951.58197","1407304322.3049","1642610207.23061","1673256447.74751","1579699823.35932","1150945369.86231","1441548781.59443","1157700301.73507","1750712304.6181","2520324960.11651","3116154832.75133","4691991974.70897","3819573159.0285","4729793542.56254","4032036980.228","3787761882.48392","4711329223.18126","6648833641.02699","15107482461.8756","14447643658.4766","13354179345.1441","13938448741.0969","11404645208.8471","14258373499.5168","12329579651.8877","12363978902.1833","13321531914.7031","11978266640.9014","7947843464.10353","8113911061.2844","",
"Ghana","GHA","Exports of goods and services (constant LCU)","NE.EXP.GNFS.KN","","","","","","","","","","","","","","","","","","","","","","","","","","","","","","","","","","","","","","","","","","","","","","","10015565300","11835164900","13816681000","14869550500","18539237500","28521149100","32852373300","31668071200","31365052400","36893894600","37961450900","46992508800","50101713900","56481199200","49257409900","48670639700","48768242200","51273960800","55916670600","",
"Ghana","GHA","Exports of goods and services (current US$)","NE.EXP.GNFS.CD","343177644.727447","340376194.566406","334773294.244325","326368943.761204","344578369.807967","351581995.210568","310960967.875482","304363805.162641","339265113.592711","387311329.101505","472617875.004875","380936311.818316","437466068.288204","644981958.180025","530434782.608696","544148936.170213","434322033.898305","334857142.857143","306108202.443281","451566951.566952","376348547.717842","200813953.488372","134733893.557423","225418871.252205","354924983.692107","479910714.285714","950751458.052938","997843537.414966","945129549.050633","879299610.894942","993956953.642384","1120134374.23496","1105235206.59265","1208940821.01401","1375682236.73196","1583544039.89526","2226334937.35746","2233536787.82789","2534277964.7526","2475841480.93143","2431743616.94123","2404077313.43492","2627802407.06598","3104918870.64991","3490692555.26712","3916311039.77093","5149454653.93664","6088927418.37771","7178293982.08643","7630156153.13385","9490812128.53579","14529631105.6309","16656935875.3268","15988443997.9098","15436790166.9328","16725314357.9985","17513188147.4573","20456689539.6174","22501546548.8178","25597786148.2046","22070393252.1853","23898089227.0418","25623315466.9184","25590486225.4334","29197465998.8647","",
"Ghana","GHA","Gross national expenditure (current LCU)","NE.DAB.TOTL.CN","93200","102600","102900","116900","128500","160700","159400","154200","170800","201300","229000","261200","266100","332400","482200","523400","","","","","","","","","27793800","35311700","52959700","79466200","111299200","152493100","209313100","263535600","312637400","449788100","580377700","840518500","1224359400","1701811400","1951971900","2419123100","3216048400","4552487500","5485088800","7669600000","9671524600","12184165800","21611767300","26929582100","36049944600","41359287800","52388261200","67246845800","84691826100","136772835400","170383381700","199782086700","231651483200","270142159300","311823633600","363409892800","405755302600","473687886700","619173344000","895260502000","1155335896500","",
"Ghana","GHA","Final consumption expenditure (constant LCU)","NE.CON.TOTL.KN","","","","","","","","","","","","","","","","","","","","","","","","","","","","","","","","","","","","","","","","","","","","","","","54680364300","57674323700","66270286800","66935474600","78525435600","87779781200","91479237100","105937824600","102051278900","103049769300","102147913600","106656189000","110513458200","125182584600","128195888800","137953242200","144935975300","158345921900","165319845500","",
"Ghana","GHA","Final consumption expenditure (current US$)","NE.CON.TOTL.CD","1008522057.97454","1175208342.55644","1204623569.24736","1348898252.54094","1462356984.06308","1883975233.29966","1959614387.64775","1611269457.10146","1489432680.77262","1742410713.45158","1931653970.45561","2184099310.65375","1846662082.43099","2583363156.06593","2617391304.34783","2426595744.68085","2529237288.13559","2870285714.28571","3514310645.72426","3754558404.5584","4225829875.51867","4053313953.48837","3885294117.64706","3922707231.04056","4229158512.72016","4205449054.62185","5402871242.70973","4876353741.4966","4916183742.08861","4957313322.21605","5566875153.29899","6119982047.16699","6335369119.83518","5607869464.0132","4768099154.52871","5715083309.70529","6016490672.4061","6600282232.07485","6714966301.27268","7451672460.93091","4706068975.389","4941790019.61455","5707231672.21299","7097832397.28461","8231846647.28542","10343903341.6592","18924664110.3172","25055650378.1287","29529259081.5139","25157635161.5376","32417627971.8011","39184137640.7727","39406994701.5317","53485448014.1971","43856389867.2904","40117088360.7267","44934918601.7199","50258230229.6571","53363162186.2319","56922926383.1014","59717725624.0696","68033080390.311","62372497641.0605","73079987455.3962","73109029359.9485","",
"Ghana","GHA","Households and NPISHs Final consumption expenditure per capita growth (annual %)","NE.CON.PRVT.PC.KD.ZG","","","","","","","","","","","","","","","","","","","","","","","","","","","","","","","","","","","","","","","","","","","","","","","","3.33882215442659","12.2371656013784","-0.36791820352795","14.4862758826151","3.41281391885755","3.82542271750901","16.8660231940731","-7.19217420789441","-0.116830163615759","-3.90439709245882","4.02385003865811","1.67321481057866","11.8234904832668","-0.334650630852195","5.01089510412652","3.60497289206312","8.07493203755025","2.5333739747518","",
"Ghana","GHA","Households and NPISHs Final consumption expenditure (constant 2015 US$)","NE.CON.PRVT.KD","","","","","","","","","","","","","","","","","","","","","","","","","","","","","","","","","","","","","","","","","","","","","","","18950656596.4993","20094694138.9785","23133403264.2279","23630647319.1425","27720144737.3478","29363952140.6029","31234010153.5963","37392058975.4919","35533253993.3827","36320098978.323","35705572636.0359","37966734418.2645","39411426533.5353","44965040232.3689","45716138894.9922","48956677009.6411","51704964982.1277","56956878048.6735","59505135303.2027","",
"Ghana","GHA","Households and NPISHs Final consumption expenditure per capita, PPP (constant 2021 international $)","NE.CON.PCAP.PP.KD","","","","","","","","","","","","","","","","","","","","","","","","","","","","","","","","","","","","","","","","","","","","","","","2451.1725511591","2533.01284334042","2842.98181968417","2832.52197204657","3242.84891935292","3353.52131864012","3481.80768499989","4069.05017672499","3776.39699940829","3771.9850286151","3624.71175482987","3770.56472017784","3833.65436751831","4286.92612682318","4272.5799014956","4486.67439859953","4648.41779442418","5023.77437214533","5151.04536463951","",
"Ghana","GHA","General government final consumption expenditure (annual % growth)","NE.CON.GOVT.KD.ZG","","","","","","","","","","","","","","","","","","","","","","","","","","","","","","","","","","","","","","","","","","","","","","","","0.176247298819376","12.7304338192913","-10.6833189980193","17.4226775721745","80.0251058802979","-10.5578180872793","-16.1099790726907","7.64886227083529","-8.50264023364035","6.12442184861202","-10.8226097466192","1.83130451149469","5.38307265508216","10.1030624418387","12.6551929123649","-0.000320668140901148","0.486726408389487","3.66344887751515","",
"Ghana","GHA","Arms exports (SIPRI trend indicator values)","MS.MIL.XPRT.KD","","","","","","","","","","","","","","","","","","","","6000000","","","","","","","","","","","","","","","","","","","","","","","","","","19000000","","","","","","","","","","","","","","","","","","","","",
"Ghana","GHA","Military expenditure (current USD)","MS.MIL.XPND.CD","20821777.3519574","27454210.2992509","27944464.0545947","31096095.3389474","33302237.2379944","35578415.3878047","47344505.5160551","0","44271216.3553464","49026817.6692651","46918664.5094867","41139332.2955844","30202525.7565639","41052242.8437696","64121526.3881397","78825105.7091649","88961005.0635995","121717795.68115","101354226.354936","66362988.0808581","120610364.850902","195559792.179064","","71148287.3534174","44624487.0269248","63162776.6592191","51650922.7625224","43338474.855354","22760424.6502865","22626966.3337718","27612553.5020052","41427184.1755229","41663996.0444269","41004328.5772423","37823250.8302971","49054322.2642894","44417812.6165567","45483310.2209028","57453085.6613862","59277760.90128","50882608.2408578","32352140.4988099","36975481.3437874","53244020.2869524","56353842.9896775","64196566.3995304","75732607.9270927","126077788.992866","113668160.248048","118290743.895514","122480468.47703","234327479.578","337260972.703278","254997057.393618","252653833.716615","190540362.002907","161751874.263817","189129841.490359","218444253.592195","233320137.038447","239887164.283223","298345433.057572","229278866.209078","285375934.691638","268736705.433852","",
"Ghana","GHA","Logistics performance index: Ability to track and trace consignments (1=low to 5=high)","LP.LPI.TRAC.XQ","","","","","","","","","","","","","","","","","","","","","","","","","","","","","","","","","","","","","","","","","","","","","","","","2.25","","","2.51","","2.31","","2.903635","","2.515365","","2.57","","","","2.2","","","",
"Ghana","GHA","Logistics performance index: Ease of arranging competitively priced shipments (1=low to 5=high)","LP.LPI.ITRN.XQ","","","","","","","","","","","","","","","","","","","","","","","","","","","","","","","","","","","","","","","","","","","","","","","","2.25","","","2.38","","2.81","","2.727273","","2.714173","","2.53","","","","2.4","","","",
"Ghana","GHA","Lead time to export, median case (days)","LP.EXP.DURS.MD","","","","","","","","","","","","","","","","","","","","","","","","","","","","","","","","","","","","","","","","","","","","","","","","","","","2.89","","2","","4","","3","","1","","","","","","","",
"Ghana","GHA","Secure Internet servers (per 1 million people)","IT.NET.SECR.P6","","","","","","","","","","","","","","","","","","","","","","","","","","","","","","","","","","","","","","","","","","","","","","","","","","","0.863591926122066","1.26460581393709","2.61836232059917","4.12616678776784","5.27787438031336","6.96959597391531","94.0499460055888","91.4412033395767","21.1831317644651","43.7954639863885","57.8904621512253","50.0020526672912","49.1415285676086","48.1533130456056","48.9145074910361","",
"Ghana","GHA","Fixed telephone subscriptions (per 100 people)","IT.MLT.MAIN.P2","","","","","","0.221009269","0.223529","0.223529","0.223529","0.223529","0.264051906","0.267873","0.267873","0.267873","0.267873","0.306165185","0.313816549","0.312586139","0.317076688","0.316142996","0.3176841","0.303800225","0.295201199","0.285956758","0.285583939","0.280116887","0.275356968","0.276784161","0.275646744","0.28580737","0.287","0.295","0.295","0.293","0.294","0.362","0.437","0.579","0.714","0.839","1.08238049767769","1.21302703927874","1.32680713969944","1.36654942630797","1.43278640157547","1.43222293582583","1.54663256353908","1.59252413864163","0.593403383248771","1.07546399693935","1.09086184315247","1.09109039984843","1.06597644640953","0.987439181488278","0.928645563347473","0.960305781265921","0.856668631689443","1.00489017158355","0.908619266172578","0.923034990464329","0.96484521718002","0.969507819586075","0.995548845412395","0.942526372003906","0.782388128251515","",
"Ghana","GHA","Container port traffic (TEU: 20 foot equivalent units)","IS.SHP.GOOD.TU","","","","","","","","","","","","","","","","","","","","","","","","","","","","","","","","","","","","","","","","","","","","","","","","","","","643188","813494","882877","894362","793582","840595","942463","1009755","1056785","1079247","1324504","1604724","1244245","1226635","1701246","",
"Ghana","GHA","Railways, goods transported (million ton-km)","IS.RRS.GOOD.MT.K6","","","","","","","","","","","","","","","","","","","","","","","","","","","","","","","","","","","","157","151","155","141","151","165","","","242","","","181","","","","","","","","","","","","","","","","","","","",
"Ghana","GHA","Statistical performance indicators (SPI): Pillar 5 data infrastructure score (scale 0-100)","IQ.SPI.PIL5","","","","","","","","","","","","","","","","","","","","","","","","","","","","","","","","","","","","","","","","","","","","","","","","","","","","","","","","","45","40","40","50","45","60","60","60","55","",
"Ghana","GHA","Statistical performance indicators (SPI): Pillar 1 data use score (scale 0-100)","IQ.SPI.PIL1","","","","","","","","","","","","","","","","","","","","","","","","","","","","","","","","","","","","","","","","","","","","","20","30","30","30","30","30","50","40","40","40","40","70","100","100","90","90","76.6","66.6","56.6","70","70","",
"Ghana","GHA","CPIA structural policies cluster average (1=low to 6=high)","IQ.CPA.STRC.XQ","","","","","","","","","","","","","","","","","","","","","","","","","","","","","","","","","","","","","","","","","","","","","","3.83333333333333","3.83333333333333","4","4","4","4.16666666666667","4.16666666666667","4","4","3.66667","3.66667","3.66666666666667","3.5","3.5","3.66666666666667","3.66666666666667","3.666667","3.666667","3.5","3.5","3.666667",
"Ghana","GHA","CPIA social protection rating (1=low to 6=high)","IQ.CPA.PROT.XQ","","","","","","","","","","","","","","","","","","","","","","","","","","","","","","","","","","","","","","","","","","","","","","3.5","3.5","3.5","4","3.5","4","4","4","4","4","4","4","4","3.5","3.5","3.5","3.5","3.5","3.5","3.5","3.5",
"Ghana","GHA","CPIA macroeconomic management rating (1=low to 6=high)","IQ.CPA.MACR.XQ","","","","","","","","","","","","","","","","","","","","","","","","","","","","","","","","","","","","","","","","","","","","","","4","4","4","3.5","3.5","3.5","4","3.5","3","2","3","3","3.5","3.5","3.5","3.5","3.5","3","3.5","3.5","3.5",
"Ghana","GHA","CPIA fiscal policy rating (1=low to 6=high)","IQ.CPA.FISP.XQ","","","","","","","","","","","","","","","","","","","","","","","","","","","","","","","","","","","","","","","","","","","","","","4.5","4.5","4","3.5","3.5","3.5","3.5","3","2.5","2.5","3","2.5","3","3","3","3","3","2","2.5","2.5","2.5",
"Ghana","GHA","CPIA economic management cluster average (1=low to 6=high)","IQ.CPA.ECON.XQ","","","","","","","","","","","","","","","","","","","","","","","","","","","","","","","","","","","","","","","","","","","","","","4.16666666666667","4.16666666666667","4","3.7","3.66666666666667","3.66666666666667","3.83333333333333","3.5","3","2.5","3","3","3.33333333333333","3.33333333333333","3.33333333333333","3.33333333333333","3.333333","2.5","2.833333","2.833333","3",
"Ghana","GHA","Adolescents out of school, female (% of female lower secondary school age)","SE.SEC.UNER.LO.FE.ZS","","","","","","","","","","","","","","","","","","","","","","","","","","","","","","","","","","","","","","","","47.3933792114258","45.0497207641602","45.0709381103516","40.7681198120117","40.2077102661133","","29.3796691894531","21.9428291320801","24.3553791046143","21.2226390838623","20.288179397583","","","","16.3423309326172","17.9276301642719","14.0783395767212","16.6683266103032","16.5540541128942","19.645663230004","13.9218941778313","11.703792118555","8.06439971923828","","","7.3548002243042","",
"Ghana","GHA","Trained teachers in secondary education (% of total teachers)","SE.SEC.TCAQ.ZS","","","","","","","","","","","","","","","","","","","","","","","","","","","","","","","","","","","","","","","","74.2070236206055","73.0336685180664","73.8339080810547","73.7435531616211","76.2140808105469","81.3381195068359","75.7145385742188","71.8786163330078","70.8494110107422","68.6770782470703","70.036506652832","70.4147810284004","70.4125610413082","71.6922755472693","72.7792737172526","72.3086266352074","73.6773648763679","75.7489744473505","76.1511252245238","77.1097816332635","64.9419415264429","","78.1662999811127","","","82.9136428833008","",
"Ghana","GHA","Trained teachers in secondary education, male (% of male teachers)","SE.SEC.TCAQ.MA.ZS","","","","","","","","","","","","","","","","","","","","","","","","","","","","","","","","","","","","","","","","69.8788375854492","69.5451507568359","69.8980331420898","70.6825332641602","","","","77.3709487915039","68.5042877197266","64.7662811279297","65.8363494873047","66.7214905839922","66.7205169628433","85.6368765635812","69.5194516996917","69.1422613445533","70.7853327688857","72.4742277306921","73.477041481868","74.7840690978887","75.548683160415","","76.3248580323527","","","84.8623809814453","",
"Ghana","GHA","Trained teachers in secondary education, female (% of female teachers)","SE.SEC.TCAQ.FE.ZS","","","","","","","","","","","","","","","","","","","","","","","","","","","","","","","","","","","","","","","","89.3552780151367","85.1752700805664","87.2568511962891","85.0329284667969","","","","59.6075897216797","78.4306488037109","82.4786071777344","84.7021484375","82.0021377759758","82.0009350163628","28.7465984721812","82.9641673825009","82.1481821309783","82.6401295221081","85.6753664251076","84.2563076086688","84.0156732367609","33.6563117407205","","83.3055964083907","","","78.5948715209961","",
"Ghana","GHA","School enrollment, secondary, private (% of total secondary)","SE.SEC.PRIV.ZS","","","","","","","","","","","","","","","","","","","","","","","","","","","","","","","","","","","","","","","","7.12561988830566","9.61966991424561","10.4729299545288","11.5832300186157","","","14.2102098464966","13.4226903915405","14.8596601486206","15.9718999862671","14.9461097717285","","15.4025201797485","15.9061803817749","16.0849208831787","16.2251091003418","17.1841297149658","16.771520614624","16.698299407959","16.1280002593994","15.4928903579712","15.4923496246338","15.6774702072144","12.5209503173828","","15.3701295852661","",
"Ghana","GHA","School enrollment, secondary, male (% gross)","SE.SEC.ENRR.MA","","","","","","","","","","","","50.7882614135742","","45.2616195678711","41.7994689941406","39.5400314331055","39.1186408996582","38.8763618469238","38.2394714355469","38.4724311828613","39.7483711242676","41.0852584838867","39.9030914306641","41.6193313598633","42.6986083984375","41.8302803039551","","41.0852012634277","44.4931411743164","40.3232383728027","41.161319732666","","","","","38.7395706176758","","","","36.2196311950684","36.0781097412109","33.8319282531738","35.1208686828613","36.5582618713379","39.611759185791","41.7844314575195","43.3724784851074","46.9424896240234","49.2043190002441","51.322380065918","","59.0390090942383","60.2614711130605","72.0108795166016","66.6332610831714","69.5130104171155","69.1109457945658","68.2728528207495","69.5016638510577","72.0635375487674","74.7306318977121","76.7686284422476","77.6788181216137","","75.0194091796875","",
"Ghana","GHA","Secondary education, vocational pupils","SE.SEC.ENRL.VO","","","","","","","","","","","","39630","","31935","26035","22339","23460","25080","23315","24887","33782","38723","25563","26801","27834","27932","","51503","52263","30221","36500","","","","","","","","","22947","14095","14090","14430","19770","18672","21424","31466","69892","67360","50050","","71848","79986","61496","41065","43248","53171","59110","71952","76770","","","","","","",
"Ghana","GHA","Secondary education, general pupils (% female)","SE.SEC.ENRL.GC.FE.ZS","","","","","","","","","","","","38.42451","38.89733","39.45352","39.36632","39.26089","38.91197","38.62464","38.99713","38.76598","39.06587","38.4551","38.87249","38.09615","37.94148","38.12101","","40.96418","39.66454","39.56303","39.55093","38.76045","39.05304","","40.41404","41.38659","","","","44.13237","44.47306","45.11831","45.3323","45.54731","44.95206","45.00218","44.78892","45.74333","45.92815","46.04905","","46.40236","46.63036","47.02791","47.69137","48.01834","48.56851","48.82622","49.19336","49.49812","","","","","","",
"Ghana","GHA","Secondary education, duration (years)","SE.SEC.DURS","","","","","","","","","","","7","7","7","7","7","7","7","7","7","7","7","7","7","7","7","7","7","7","7","7","7","7","7","7","7","7","7","7","7","7","7","7","7","7","7","7","7","7","7","7","7","7","7","6","6","6","6","6","6","6","6","6","6","6","6","6",
"Ghana","GHA","Educational attainment, at least completed post-secondary, population 25+, total (%) (cumulative)","SE.SEC.CUAT.PO.ZS","","","","","","","","","","","0.400000005960464","","","","","","","","","","","","","","","","","","","","","","","","","","","","","","","","","","","","4.23541079984691","","","","11.3409900665283","","","7.23490561920322","","10.5475955551795","","10.234547206566","","","","15.0591492685324","9.99080183797219","","","",
"Ghana","GHA","Educational attainment, at least completed lower secondary, population 25+, male (%) (cumulative)","SE.SEC.CUAT.LO.MA.ZS","","","","","","","","","","","26.7086906433106","","","","","","","","","","","","","","","","","","","","","","","","","","","","","","","","","","","","53.51650376599","","","","64.664306640625","","","63.4827019556876","","62.1531417466974","","58.0615081787109","","","","59.0146102905273","64.6035690307617","67.9595413208008","68.156379699707","",
"Ghana","GHA","Lower secondary completion rate, female (% of relevant age group)","SE.SEC.CMPT.LO.FE.ZS","","","","","","","","","","","","32.4754409790039","35.189998626709","","36.3379898071289","35.9412803649902","","","","","","","","","","","","","","","","41.8653106689453","43.1730003356934","","","","","","","42.9984397888184","44.4082107543945","42.5229415893555","46.2865715026855","44.4242401123047","45.545970916748","47.7988090515137","","","56.4983291625977","63.7153396606445","","60.9154958146249","60.29019254023","63.4159754599262","62.3502488169366","69.1835214593239","","68.0516070422487","72.9389117341474","74.1645404249983","","","","","86.1842498779297","",
"Ghana","GHA","Children out of school, primary, male","SE.PRM.UNER.MA","","","","","","","","","","","","","","","","","","","","","","","","","","","","","","","","","","","","","","","","653949","533159","630318","567736","577801","","480053","460506","374466","291016","305505","","140461.993896484","230166.037841797","","184752.926025391","","","141786.038330078","170449.011474609","114501.987060547","248002.036621094","427311","","","135989","",
"Ghana","GHA","Adjusted net enrollment rate, primary, male (% of primary school age children)","SE.PRM.TENR.MA","","","","","","","","","","","","","","","","","","","","","","","","","","","","","","","","","","","","","","","","60.94816","68.96736","63.06971","66.98685","65.98241","","71.10572","72.3256","77.8326","83.37091","83.88026","","91.85506","","","","","","85.17894","84.40342","86.24524","","","","","","",
"Ghana","GHA","Primary education, teachers","SE.PRM.TCHR","","","","","","","","","","","","","","","33752","35334","38381","41407","45119","48397","48146","47921","50685","51109","51691","56100","64795","65748","66147","65826","62859","66946","72451","67760","69232","71863","67021","71340","","80323","75799","75087","80552","81459","82833","89278","88461","105257","112443","110508","121304","124359","123153","129599","136878","138928","142520","160939","161538","168546","185715","172817","","","122558","",
"Ghana","GHA","Repeaters, primary, total (% of total enrollment)","SE.PRM.REPT.ZS","","","","","","","","","","","","3.32762","3.72589","","3.34102","2.72884","2.2749","2.31723","2.21842","2.01899","2.27683","2.06299","","","","","","","","","","2.8951","3.07447","","","","","","","4.20254","4.99397","5.21108","6.85616","5.89527","5.70105","5.82949","6.35842","6.52182","6.50953","3.77397","","2.54503","2.76803","2.55166","2.65458","1.97374","","1.80733","1.80744","","","","","","","",
"Ghana","GHA","Persistence to last grade of primary, male (% of cohort)","SE.PRM.PRSL.MA.ZS","","","","","","","","","","","","77.0818862915039","","69.8781967163086","86.2747802734375","98.4275970458984","80.7917633056641","75.7940902709961","76.4783096313477","","","","","","","","","","","","","80.1435089111328","","","","","","","","","60.7476615905762","93.2042465209961","54.8516693115234","","","","","","75.6583404541016","","","","","85.0981369018555","","","86.7345504760742","80.8289489746094","","","","91.393310546875","","","","",
"Ghana","GHA","Persistence to grade 5, female (% of cohort)","SE.PRM.PRS5.FE.ZS","","","","","","","","","","","","69.7882537841797","","70.6609725952148","70.3871002197266","87.113410949707","73.6524963378906","69.5814895629883","76.1533584594727","","","","","","","","","","","","","79.4115600585938","","","","","","","","","65.1747436523438","86.7631683349609","64.7431335449219","","","","","","76.5212783813477","","","","87.6139526367188","88.9976806640625","","","88.938117980957","86.7206115722656","","","","89.3072204589844","","","","",
"Ghana","GHA","Over-age students, primary, female (% of female enrollment)","SE.PRM.OENR.FE.ZS","","","","","","","","","","","","","","","","","","","","","","","","","","","","","","","","","","","","","","","","19.34213","19.34823","20.50901","22.12088","18.31625","","22.72306","28.05897","26.44984","25.16309","25.97986","","20.72881","","18.83525","15.71776","16.78871","16.36576","16.50681","15.34949","","","","","","","",
"Ghana","GHA","School enrollment, primary, male (% net)","SE.PRM.NENR.MA","","","","","","","","","","","","","","","","","","","","","","","","","","","","","","","","","","","","","","","","60.18272","63.38914","57.82856","60.23913","59.58134","","64.07479","62.58786","68.07908","73.09721","72.26018","","80.49745","","84.74294","86.82758","89.12396","85.68586","84.63233","83.90292","85.72872","","","","","","",
"Ghana","GHA","Gross intake ratio in first grade of primary education, male (% of relevant age group)","SE.PRM.GINT.MA.ZS","","","","","","","","","","","","76.57023","75.44475","","71.68918","73.29304","87.61804","86.29531","85.79661","88.66742","86.14084","90.50843","","","","","","","","","","94.17185","90.22788","","","","","","","89.21427","89.41901","84.0501","83.25597","84.24508","83.45154","89.50241","102.21849","105.45119","108.20623","107.6767","","107.20216","108.29383","106.15057","102.35135","107.16632","","101.85673","99.92681","103.34971","","","","","","",
"Ghana","GHA","School enrollment, primary (% gross)","SE.PRM.ENRR","","","","","","","","","","","","59.0911407470703","56.8842086791992","57.423469543457","56.6308403015137","57.3165397644043","61.6655311584473","63.3828811645508","64.4832382202148","66.1560668945312","67.7211303710938","69.8709182739258","71.6404571533203","70.5960083007812","67.5042419433594","68.4319686889648","64.211181640625","65.2805404663086","64.4786224365234","67.2691879272461","65.1150131225586","72.6733016967773","73.6917495727539","72.8280868530273","73.9287719726562","72.9929962158203","73.2914505004883","76.4101104736328","","75.2949523925781","79.9403762817383","75.4195938110352","78.8475799560547","76.3093490600586","80.2254409790039","86.7024688720703","91.2332763671875","95.9956512451172","100.841491699219","99.0773620605469","","99.4130783081055","102.068698169955","101.089456129828","99.5600865756332","103.213138177351","101.751107525308","100.478896703055","98.6813906905268","99.8750321985622","98.4048952723908","99.4509436572472","98.2318953247047","","100.967018127441","",
"Ghana","GHA","Primary education, duration (years)","SE.PRM.DURS","","","","","","","","","","","6","6","6","6","6","6","6","6","6","6","6","6","6","6","6","6","6","6","6","6","6","6","6","6","6","6","6","6","6","6","6","6","6","6","6","6","6","6","6","6","6","6","6","6","6","6","6","6","6","6","6","6","6","6","6","6",
"Ghana","GHA","Primary completion rate, total (% of relevant age group)","SE.PRM.CMPT.ZS","","","","","","","","","","","","61.8983612060547","56.0108604431152","","45.8068313598633","47.3916816711426","50.001838684082","52.1793785095215","53.5851898193359","53.7014503479004","54.4368286132812","57.0226097106934","","","","","","","","","","57.7922210693359","63.849250793457","","","","","","","62.8572082519531","66.1900787353516","62.977180480957","64.209846496582","65.334846496582","64.8199920654297","70.9063186645508","68.6254119873047","74.9477005004883","81.8065185546875","83.0811920166016","","88.0125465221553","91.3232438624479","91.3437701906747","89.6628527134626","94.2659750407999","","89.296060543559","88.8965895894549","93.8322499399433","","","93.4155248289227","","97.5019836425781","",
"Ghana","GHA","Trained teachers in preprimary education (% of total teachers)","SE.PRE.TCAQ.ZS","","","","","","","","","","","","","","","","","","","","","","","","","","","","","","","","","","","","","","","","29.1928806304932","25.3924102783203","23.941219329834","22.2042903900146","21.3480396270752","11.7266101837158","22.2306499481201","24.1667900085449","30.7908592224121","25.3413906097412","22.8908500671387","26.8294190358467","26.8290721981026","35.05198387439","39.1415872454282","41.1606524962926","45.5477147307093","47.8177840403441","47.8329186853477","54.5538476489739","58.6487928720428","63.0948971994731","60.947414713828","","","87.7312469482422","",
"Ghana","GHA","School enrollment, preprimary, female (% gross)","SE.PRE.ENRR.FE","","","","","","","","","","","","3.27478003501892","","4.22887992858887","","","","","23.5511798858643","24.6974906921387","29.0278301239014","20.2584400177002","17.8494701385498","","18.2092399597168","","","29.3924694061279","33.2735595703125","32.7737197875977","35.1305503845215","","","","","","","","","46.1978912353516","60.4699211120605","57.1159896850586","60.7200202941895","65.045051574707","66.1798706054688","59.7791709899902","81.4828567504883","88.5832214355469","99.1929092407227","120.323806762695","","112.425727844238","113.809066772461","115.839462280273","116.211898803711","122.407669067383","120.251289367676","118.058380126953","115.552932739258","117.928192138672","117.207801818848","","","","","",
"Ghana","GHA","Male primary school age children out-of-school (%)","SE.LPV.PRIM.SD.MA","","","","","","","","","","","","","","","","","","","","","","","","","","","","","","","","","","","","","","","","","","","","","","","","","","","","","","","","","","","","","","","","","","",
"Ghana","GHA","Male pupils below minimum reading proficiency at end of primary (%). Low GAML threshold","SE.LPV.PRIM.LD.MA","","","","","","","","","","","","","","","","","","","","","","","","","","","","","","","","","","","","","","","","","","","","","","","","","","","","","","","","","","","","","","","","","","",
"Ghana","GHA","Learning poverty: Share of Children at the End-of-Primary age below minimum reading proficiency adjusted by Out-of-School Children (%)","SE.LPV.PRIM","","","","","","","","","","","","","","","","","","","","","","","","","","","","","","","","","","","","","","","","","","","","","","","","","","","","","","","","","","","","","","","","","","",
"Ghana","GHA","School enrollment, primary (gross), gender parity index (GPI)","SE.ENR.PRIM.FM.ZS","","","","","","","","","","","","0.840059995651245","0.828459978103638","0.823159992694855","0.834879994392395","0.812049984931946","0.802500009536743","0.803979992866516","0.799860000610352","0.810270011425018","0.818650007247925","0.827549993991852","0.821479976177216","0.820519983768463","0.820559978485107","0.801789999008179","","0.787150025367737","0.826150000095367","0.834020018577576","0.843150019645691","0.855319976806641","0.871450006961823","0.882130026817322","0.888679981231689","0.89860999584198","","","","0.92315000295639","0.931289970874786","0.941309988498688","0.941500008106232","0.946219980716705","0.940609991550446","0.959569990634918","0.98132997751236","0.982729971408844","0.98360002040863","0.98387998342514","","0.990649998188019","0.998080015182495","0.999270021915436","0.999409973621368","0.999639987945557","1.01233994960785","1.01010000705719","1.01215994358063","1.01385998725891","1.01759004592896","","","","","",
"Ghana","GHA","Literacy rate, adult female (% of females ages 15 and above)","SE.ADT.LITR.FE.ZS","","","","","","","","","","","","","","","","","","","","","","","","","","","","","","","","","","","","","","","","","49.7900009155273","","","","","","","","","","65.2900009155273","","","","","52.3128333688922","","56.0200004577637","","","","72.1399993896484","","","","",
"Ghana","GHA","Literacy rate, youth female (% of females ages 15-24)","SE.ADT.1524.LT.FE.ZS","","","","","","","","","","","","","","","","","","","","","","","","","","","","","","","","","","","","","","","","","65.4899978637695","","","73.05","","","76.92","","","","83.2300033569336","84.6","","","83.65","76.8981189706142","","85.25","","","","91.3000030517578","","","","",
"Ghana","GHA","Coverage of social insurance programs in 3rd quintile (% of population)","per_si_allsi.cov_q3_tot","","","","","","","","","","","","","","","","","","","","","","","","","","","","","","","","","","","","","","","","","","","","","","4.6308351589353","","","","","","","61.6857911810798","","","","0.567375279001791","","","","","","","","","",
"Ghana","GHA","Benefit incidence of social insurance programs to poorest quintile (% of total social insurance benefits)","per_si_allsi.ben_q1_tot","","","","","","","","","","","","","","","","","","","","","","","","","","","","","","","","","","","","","","","","","","","","","","","","","","","","","0.678328479978323","","","","1.67227028151638","","","","","","","","","",
"Ghana","GHA","Coverage of social safety net programs in 3rd quintile (% of population)","per_sa_allsa.cov_q3_tot","","","","","","","","","","","","","","","","","","","","","","","","","","","","","","","","","","","","","","","","","","","","","","","","","","","","","1.46596059596875","","","","14.9436561646144","","","","","","","","","",
"Ghana","GHA","Benefit incidence of social safety net programs to poorest quintile (% of total safety net benefits)","per_sa_allsa.ben_q1_tot","","","","","","","","","","","","","","","","","","","","","","","","","","","","","","","","","","","","","","","","","","","","","","","","","","","","","","","","","57.5571306495462","","","","","","","","","",
"Ghana","GHA","Coverage of unemployment benefits and ALMP in 3rd quintile (% of population)","per_lm_alllm.cov_q3_tot","","","","","","","","","","","","","","","","","","","","","","","","","","","","","","","","","","","","","","","","","","","","","","0.957737626559244","","","","","","","11.0832352833164","","","","","","","","","","","","","",
"Ghana","GHA","Benefit incidence of unemployment benefits and ALMP to poorest quintile (% of total U/ALMP benefits)","per_lm_alllm.ben_q1_tot","","","","","","","","","","","","","","","","","","","","","","","","","","","","","","","","","","","","","","","","","","","","","","","","","","","","","","","","","","","","","","","","","","",
"Ghana","GHA","Adequacy of social protection and labor programs (% of total welfare of beneficiary households)","per_allsp.adq_pop_tot","","","","","","","","","","","","","","","","","","","","","","","","","","","","","","","","","","","","","","","","","","","","","","","","","","","","","96.4050211756916","","","","31.232829106404","","","","","","","","","",
"Ghana","GHA","Financial intermediary services indirectly Measured (FISIM) (current LCU)","NV.FSM.TOTL.CN","","","","","","","","","","","","","","","","","","","","","","","","","","","","","","","","","","","","","","","","","","","","","","","406582900","502595600","689441300","1192034500","1511644900","1457665900","2316715200","","","","","","","","","","","","","",
"Ghana","GHA","Agriculture, forestry, and fishing, value added (constant 2015 US$)","NV.AGR.TOTL.KD","","","","","","","","","","","","","","","","","","","","","","","","","","","","","","","","","","","","","","","","","","","","","","","7365008849.17222","7238503281.79362","7774459427.57905","8336206310.28822","8776072359.93951","8850327918.37912","9054058028.59104","9593265479.58812","9679649672.03021","9878784256.13254","10148774820.1734","10779403366.6536","11304977355.4235","11831236261.6106","12692989307.0877","13766416226.0111","14339163848.2538","15180665810.7488","15595116987.6853","16652233332.0635",
"Ghana","GHA","Trade (% of GDP)","NE.TRD.GNFS.ZS","63.6363636363636","62.5806451612903","52.6849037487335","48.6363636363636","43.7702265372168","43.8608458390177","34.2555994729908","37.3670212765958","41.1764705882353","40.07996001999","44.0460380699424","36","35.9147424511545","37.8463296201085","40.1287553648069","37.8004921446148","31.7499233833895","22.0460449699901","18.0453635757171","22.3938771171427","17.6211145337441","10.0790350563159","6.32034331586679","11.5448983362132","18.8146111228152","24.243837597071","36.7116874888784","45.8481233243968","42.2454994120982","41.0858910510339","42.7281781307805","42.4883492637987","45.9935958613923","56.6691201156995","62.0211527377522","57.4230942889947","72.2049441293975","85.4018379695892","80.5995432469935","81.7051040340528","116.048430162968","110.045854160811","97.4892431746551","97.2871457139532","99.6703343472122","98.1715141146279","64.5190542439152","65.3543222852532","69.5142256111434","71.5947385281523","75.3778157916824","86.2954538549695","93.1680351286831","60.7593219028775","63.8365624430783","76.5212709243242","67.8769994445865","70.5483652904116","67.9585174644902","76.824802732152","66.5754987162431","62.7078309128346","70.1154557937915","64.3878615301086","68.9668717609486","",
"Ghana","GHA","External balance on goods and services (current US$)","NE.RSB.GNFS.CD","-88245680.072772","-134469607.729938","-58830453.381848","-96650030.5558931","-68635528.9454893","-197502236.353347","-106455106.119534","-44144368.6877113","-7844280.08306846","-11766420.1246027","-30396585.3218903","-108286464.273227","116307445.256727","152013058.053082","-100621118.012422","26063829.787234","-9322033.89830508","-33428571.4285714","-48691099.4764398","2849002.84900285","-30601659.7510373","-23953488.372093","14379084.9673203","-17570546.7372134","-120303326.810176","-132195378.15126","-204161058.770749","-331027210.884354","-305562697.78481","-399173614.97128","-528394039.735099","-565315670.647118","-740526496.509099","-964654468.098226","-626545496.400469","-544960555.064463","-553292937.198481","-1418345573.15573","-961957640.829534","-1354406828.60604","-919032736.975587","-1040642603.3603","-755774800.389189","-1215821146.2405","-1870753811.8611","-2715483385.60487","-3175919428.00132","-4047884398.66655","-5579663205.911","-3389200671.6172","-5288265245.11131","-4886494040.27949","-5138161192.02112","-6207746511.93905","-4031316042.10155","-4379043715.96475","-3082608043.13288","-1687540150.97848","-705366713.585942","-1316200284.18894","-2467550987.81922","-2065454599.93945","-582015086.624398","-681612946.074717","953399972.692481","",
"Ghana","GHA","Imports of goods and services (constant 2015 US$)","NE.IMP.GNFS.KD","","","","","","","","","","","","","","","","","","","","","","","","","","","","","","","","","","","","","","","","","","","","","","","8414721635.94177","10238979258.8086","12761031544.1071","11159420662.2877","14139098439.1942","19805999448.6339","22338407682.7242","22846174948.6404","19553323246.6668","21104358073.9633","20873510052.1327","22474742465.2667","23590005600.3504","27336372955.5509","24935891536.4378","26380016780.9726","26747685311.9423","26432000907.3756","28947938504.3842","",
"Ghana","GHA","Gross capital formation (constant LCU)","NE.GDI.TOTL.KN","","","","","","","","","","","","","","","","","","","","","","","","","","","","","","","","","","","","","","","","","","","","","","","29752333200","34328556100","37201487000","29412526000","22933903300","29092722300","40439917000","30835344600","32243742700","31416389300","35217206700","35746109800","39986933400","36248108600","36688851200","38732160000","39002308200","28170106500","31844989900","",
"Ghana","GHA","Gross capital formation (current US$)","NE.GDI.TOTL.CD","296953717.07028","261935590.057276","236722538.607912","288549366.587159","337574744.405366","366989971.09629","273141390.701437","180062556.489349","185321116.962492","231406262.45052","313771203.322738","341295731.146867","150074122.911905","271390544.320756","377639751.552795","357446808.510638","","","","","","","","","303424657.534247","431066176.470588","536978465.679677","529510204.081633","587139042.721519","693718732.629238","850622393.917096","1048518891.27656","821261302.506581","1325707943.45701","1304830068.64222","1294260886.96899","1469794004.17006","1709506045.03994","1729060501.97693","1620844349.93606","1195814423.7951","1413725438.18625","1214740976.02651","1750712304.6181","2520324960.11651","3116154832.75133","4691991974.70897","3819573159.0285","4729793542.56254","4280271778.62541","4217955248.41904","5039024414.30333","7002867551.44347","15567851930.0141","14853459980.7176","13698761612.6592","14291868864.8319","11814719333.2002","14601558471.1669","12745903166.4139","12758069223.6162","13546578957.2485","12128520655.5506","8148772369.06286","8245681049.72975","",
"Ghana","GHA","Gross fixed capital formation (% of GDP)","NE.GDI.FTOT.ZS","","","","","","","","8.77659574468085","9.41176470588235","9.99500249875062","11.9964586100044","12.44","8.66785079928952","7.65495572693516","11.9098712446352","11.6221843649442","","","","","","","","","6.85279844471302","9.52957020591871","9.29559067097125","10.3603217158177","11.2394834074711","13.1561641361149","14.3862085984368","15.8234154978169","12.7359942915756","23.7855427287518","22.5744476464938","21.1308487170556","20.29865857638","23.8355038474074","22.36355226642","20.4674438041186","23.0981309271706","27.1229213016834","18.7749457656256","22.9369279766376","28.3775066840527","29.0021406363098","22.46580573765","15.3845449877747","16.4919639408033","15.4788295907556","11.7640921857081","11.9769402266932","16.1099093812667","24.038998981558","26.4228805215621","27.0126255383172","24.8261687864837","18.8864252401077","21.1990937450982","18.0381936845263","17.6607471070578","16.7536504450636","16.2045835581891","9.86731842450444","9.74192442150454","",
"Ghana","GHA","Gross fixed capital formation (current LCU)","NE.GDI.FTOT.CN","","","","","","","","13200","16000","20000","27100","31100","24400","26800","55500","61400","","","","","","","","","1854100","3269100","4753700","7728800","11814900","18645100","27632900","38411800","35697400","92100000","117500000","163800000","230160400","336400000","386800000","421215900","627172000","1032588600","917381400","1517454400","2267019700","2820771400","4293674700","3562206500","4977043500","5664878900","5416435100","7164165000","12133237100","29923163900","41928882300","49575093900","54516924900","49633141400","65417731300","64314145200","69219661700","77350755700","99550631400","87596934200","115227411700","",
"Ghana","GHA","Exports of goods and services (% of GDP)","NE.EXP.GNFS.ZS","28.1933256616801","26.1290322580645","24.2147922998987","21.1818181818182","19.9029126213592","17.1214188267394","14.6245059288538","17.4202127659574","20.3529411764706","19.7401299350325","21.3368747233289","15.76","20.7104795737123","21.4510139960011","18.3261802575107","19.3639977285633","15.7064051486362","10.4989698109827","8.35795292099495","11.2323719084402","8.46634929524876","4.7558725525294","3.33830724919319","5.55591779958487","8.04402704011295","10.6544856696439","16.5760970525604","19.662600536193","18.1833834984151","16.7426373151832","16.8778904107735","16.9635460585641","17.2259554921286","20.2539190620077","25.2586359269933","24.4964459408904","32.1121821725595","32.4102909291879","33.8713517576318","32.0783389537313","48.8022576190038","45.2330164667316","42.6162518930867","40.67904265112","39.3033251214107","36.449216950714","24.6561904908957","24.5250906044049","25.0294572995074","29.2918659785048","29.4767179831573","36.9366085502594","40.3592181740371","25.4407833967285","28.2319021605976","33.8317048233696","31.193239148362","33.8768747799681","33.4548954489265","37.4495998625311","31.5254204867115","30.0551194696231","34.6640435523209","31.7708164943996","35.0557831990043","",
"Ghana","GHA","Exports of goods and services (current LCU)","NE.EXP.GNFS.CN","24500","24300","23900","23300","24600","25100","22200","26200","34600","39500","48200","39400","58300","75100","85400","102300","102500","117200","175400","317000","362800","345400","288600","1022500","2176400","3655000","8476900","14668300","19114300","23727900","32418900","41179500","48282200","78425200","131471200","189889100","364110400","457419400","585838900","660165800","1325103300","1722052600","2082315300","2691231900","3139860500","3545080000","4712302000","5678649400","7553539300","10720117600","13571700000","22094120300","30396692600","31668071200","44799510100","62089852800","68498667300","89027737900","103237590600","133524400800","123560964200","138762964600","212953786200","282044827400","414639550500","",
"Ghana","GHA","Gross national expenditure (constant 2015 US$)","NE.DAB.TOTL.KD","","","","","","","","","","","","","","","","","","","","","","","","","","","","","","","","","","","","","","","","","","","","","","","34260135437.9885","37421088697.8922","42020190609.0049","38882858569.0117","40569879140.865","46858062547.7103","53246070071.1235","54686806688.8668","53787897573.5662","53815849973.386","55122062670.1545","57107748331.1561","60458539455.5996","64538931455.3146","65904186148.5277","70593667854.1917","73429828260.9083","73927036990.9138","78244364192.596","",
"Ghana","GHA","Final consumption expenditure (% of GDP)","NE.CON.TOTL.ZS","82.8538550057537","90.2150537634408","87.1327254305978","87.5454545454545","84.4660194174757","91.7462482946794","92.1607378129117","92.2207446808511","89.3529411764706","88.8055972013993","87.2067286409916","90.36","87.4245115452931","85.9183090545558","90.4291845493562","86.3524512587545","91.4649095923996","89.9937292842426","95.9544458210235","93.3916802494508","95.0644077289275","95.9945474072646","96.2660929312559","96.6832936676121","95.8497344406622","93.3650684452322","94.197613185945","96.0890080428954","94.5826468137246","94.3916021151358","94.5283479566491","92.6822707370334","98.7416848771351","93.9511117997986","87.5461479346782","88.40880065018","86.7805833120199","95.7750364901441","89.7474502775208","96.5478916218817","94.4453144277691","92.9803996249084","92.5567393884818","92.9921324350756","92.6861761685842","96.2709992103705","90.6135027179013","100.919596088669","102.963368609768","96.5791607272959","100.683193858049","99.6122436209546","95.481876657644","85.1059488955934","80.2076917844366","81.148220161499","80.0348657396875","83.2290957369019","79.3393915343251","83.2783274189896","85.3009907570383","85.5609140794215","84.3795166744976","90.7294550953415","87.7779696098164","",
"Ghana","GHA","Final consumption expenditure (current LCU)","NE.CON.TOTL.CN","72000","83900","86000","96300","104400","134500","139900","138700","151900","177700","197000","225900","246100","300800","421400","456200","596900","1004600","2013700","2635700","4073700","6971700","8322300","17793400","25933200","32028700","48172000","71682400","99424900","133773100","181569200","224988900","276760600","363788100","455677700","685318500","983979000","1351711400","1552271900","1986936300","2564426400","3539828900","4522507400","6152145600","7404504900","9363394400","17318092600","23367375600","31072901100","35345647200","46356656900","59584379300","71912524200","105937824600","127276769300","148927790400","175752239600","218724370800","244831362100","296924100900","334329328600","395030407500","518373960800","805449035500","1038237190600","",
"Ghana","GHA","Households and NPISHs Final consumption expenditure, PPP (current international $)","NE.CON.PRVT.PP.CD","","","","","","","","","","","","","","","","","","","","","","","","","","","","","","","15395523588.9052","16775982273.5646","18881738129.4093","19721292579.0751","20227550561.6952","20082349687.0071","20198485680.5664","22456115521.2702","23213624968.2613","29044386054.0227","27775865802.024","27957660741.6305","33101536595.3239","34796780911.5624","36124671788.9855","39611014240.7145","44463584929.7966","56423666170.5453","66854572394.4212","63989299423.9726","77717997578.8439","87823057050.9711","102413191258.435","101065343695.602","102423042647.078","102316160321.655","105075191308.881","117270203067.301","119738988558.273","134776498026.376","134947436877.553","145900661732.135","160097678451.658","191246383618.108","207887280863.264","",
"Ghana","GHA","Households and NPISHs Final consumption expenditure (annual % growth)","NE.CON.PRVT.KD.ZG","","","","","","","","","","","","","","","","","","","","","","","","","","","","","","","","","","","","","","","","","","","","","","","","6.03692825445748","15.1219476356946","2.1494634802981","17.3059051788755","5.93001017429886","6.36855013262168","19.7158443363912","-4.97112229986469","2.21439045545029","-1.69197320374568","6.33279797884131","3.80515242463355","14.0913795498066","1.67040585028239","7.08838977432504","5.61371428854413","10.1574637336301","4.47401146592257","",
"Ghana","GHA","Households and NPISHs Final consumption expenditure (current US$)","NE.CON.PRVT.CD","886658975.96928","1033735109.4239","1061749611.0343","1173807617.47592","1259251847.38765","1587021516.22938","1682270821.70475","1349888326.7137","1209980202.81331","1462958235.49227","1647298817.44438","1870842039.0062","1580280514.26236","2255289776.53894","2263975155.2795","2060106382.97872","2190677966.1017","2467714285.71429","3100523560.20942","3341025641.02564","3729564315.3527","3682151162.7907","3623716153.12792","3684898589.06526","3908855185.90998","3782116596.63866","4768102288.02153","4336680272.10884","4411585245.25317","4440277932.18455","5018509320.57886","5493792671.97998","5558534966.23555","4745397789.45908","4020673237.9039","4934607301.89969","5181501342.12184","5748800757.8273","5942505818.32969","6614771060.93166","4199232546.48856","4425058738.945","5098457125.47813","6217534761.48063","7150728353.13148","8699107057.04428","17111423145.053","22939134523.3155","27025072913.4494","23184641560.9762","30141414897.9393","33760162564.7349","34551648859.8895","47965599628.4114","39335681669.2315","36320098978.323","40506865840.2326","46057185838.9145","48584532811.7433","52108711376.4529","54233692739.5117","61667449004.0896","57455010577.6267","68650427211.5376","69109360099.2084","",
"Ghana","GHA","General government final consumption expenditure (constant LCU)","NE.CON.GOVT.KN","","","","","","","","","","","","","","","","","","","","","","","","","","","","","","","","","","","","","","","","","","","","","","","6833863600","6845908100","7717421900","6892945100","8093880700","14571017300","13032635800","10933080900","11769337200","10768632800","11428149300","10191325300","10377959500","10936612600","12041545400","13565426200","13565382700","13631409000","14130788700","",
"Ghana","GHA","General government final consumption expenditure (current US$)","NE.CON.GOVT.CD","121863082.005257","141473233.132539","142873958.213059","175090635.065024","203105136.675428","296953717.07028","277343565.942998","261381130.387764","279452477.959314","279452477.959314","284355153.011232","313257271.647549","266381568.168632","328073379.52699","353416149.068323","365957446.808511","338559322.033898","402571428.571429","413787085.514834","413532763.532763","496265560.165975","371162790.697674","261577964.519141","237808641.975309","320303326.810176","423332457.983193","634768954.688201","539673469.387755","504598496.835443","517035390.031499","548365832.720137","626189375.187009","776834153.599634","862471674.554115","747425916.624812","780476007.805594","834989330.284261","851481474.247544","772460915.532561","836901399.99925","506836428.900442","516731280.669547","608774546.734863","880297520.432321","1081118294.15394","1644796284.61493","1813240965.26417","2116515854.81317","2504186168.06443","1972993600.56144","2276213073.86172","5423975076.03781","4855345841.64216","5519848385.78573","4520708198.05894","3796989382.40371","4428052761.48721","4201044413.72046","4778629396.2845","4814214987.47759","5484032884.55788","6365631386.22145","4917487063.43375","4429560252.93173","3999669267.78177","",
"Ghana","GHA","Military expenditure (current LCU)","MS.MIL.XPND.CN","1486.5","1960","1995","2220","2377.5","2540","3380","0","4515","5000","4785","4255","4025","4780","7370","9060","10225","13990","17865","18240","33150","53750","","62790","160500","343200","460500","665900","460300","610600","900600","1523000","1820100","2660000","3614700","5882300","7264400","9314800","13281200","15806000","27726900","23174000","29300000","46150000","50690000","58180000","69405300","117914000","120245000","166648000","175272000","354268000","605660000","498277000","769600000","721100000","639926000","821772600","1005613000","1225864000","1375513000","1767100000","2062224000","3327940000","3891200000","",
"Ghana","GHA","Arms imports (SIPRI trend indicator values)","MS.MIL.MPRT.KD","12000000","107000000","20000000","6000000","40000000","40000000","24000000","1000000","","","","","12000000","13000000","19000000","28000000","39000000","","18000000","7000000","38000000","48000000","","","","5000000","","13000000","","2000000","4000000","1000000","","","11000000","","7000000","5000000","","7000000","1000000","12000000","1000000","6000000","37000000","0","0","16000000","","6000000","2000000","76000000","39000000","52000000","14000000","13000000","22000000","","0","2000000","10000000","","40000000","8000000","11000000","",
"Ghana","GHA","Logistics performance index: Competence and quality of logistics services (1=low to 5=high)","LP.LPI.LOGS.XQ","","","","","","","","","","","","","","","","","","","","","","","","","","","","","","","","","","","","","","","","","","","","","","","","1.75","","","2.42","","2.68","","2.371832","","2.538404","","2.51","","","","2.5","","","",
"Ghana","GHA","Lead time to import, median case (days)","LP.IMP.DURS.MD","","","","","","","","","","","","","","","","","","","","","","","","","","","","","","","","","","","","","","","","","","","","","","","","","","","6.76","","19","","5","","4","","1","","","","","","","",
"Ghana","GHA","Individuals using the Internet, female (% of female population)","IT.NET.USER.FE.ZS","","","","","","","","","","","","","","","","","","","","","","","","","","","","","","","","","","","","","","","","","","","","","","","","","","","5.44805","","","","","","","","","","","","","","","",
"Ghana","GHA","Fixed broadband subscriptions","IT.NET.BBND","","","","","","","","","","","","","","","","","","","","","","","","","","","","","","","","","","","","","","","","","","","","","900","1904","12749","16197","22980","28401","52085","65149","68132","68795","70170","73132","86596","56810","61268","58518","78371","114543","207164","187684","228849","",
"Ghana","GHA","Mobile cellular subscriptions","IT.CEL.SETS","0","","","","","0","","","","","0","","","","","0","0","0","0","0","0","0","0","0","0","0","0","0","0","0","0","0","400","1742","3336","6200","12766","21866","41753","70026","130045","243797","386775","795529","1695000","2874560","5207242","7604053","11570430","15108916","17436949","21165843","25618427","28026482","30360771","35008387","38305078","36751761","40934875","40857077","40461609","40454073","40045308","33384460","39126056","",
"Ghana","GHA","Railways, passengers carried (million passenger-km)","IS.RRS.PASG.KM","","","","","","","","","","","","","","","","","","","","","","","","","","","","","","","","","","","","233","211","176.77","191.87","128.79","83","","","85","","","85","","","","","","","","","","","","","","","","","","","",
"Ghana","GHA","Air transport, registered carrier departures worldwide","IS.AIR.DPRT","","","","","","","","","","","5000","5400","5700","5600","5700","5900","6100","6000","7000","7000","5600","5100","5300","4500","4400","5800","5500","7500","12300","11800","12600","19000","15100","3200","3400","3000","3300","3500","3500","5000","4873","5892","4382","3333","3333","","","","","","5645.66956713294","10683","14902","16560","16764","20539","21628","21224","11635","15617","8941","13321","13012","11490","","",
"Ghana","GHA","Statistical performance indicators (SPI): Pillar 2 data services score (scale 0-100)","IQ.SPI.PIL2","","","","","","","","","","","","","","","","","","","","","","","","","","","","","","","","","","","","","","","","","","","","","","","","","","","","","","","","","40.2333333333333","60.6666666666667","61.2666666666667","61.2666666666667","61.5333333333333","61.5333333333333","61.8","61.8","66.7333333333333","",
"Ghana","GHA","CPIA trade rating (1=low to 6=high)","IQ.CPA.TRAD.XQ","","","","","","","","","","","","","","","","","","","","","","","","","","","","","","","","","","","","","","","","","","","","","","4","4","4","4","4","4","4","4","4","4","4","4","4","4","4.5","4.5","4.5","4.5","4","4","4",
"Ghana","GHA","CPIA public sector management and institutions cluster average (1=low to 6=high)","IQ.CPA.PUBS.XQ","","","","","","","","","","","","","","","","","","","","","","","","","","","","","","","","","","","","","","","","","","","","","","3.7","3.9","3.9","3.9","3.8","3.7","3.7","3.7","3.7","3.4","3.7","3.6","3.6","3.6","3.6","3.6","3.6","3.6","3.6","3.6","3.7",
"Ghana","GHA","CPIA quality of public administration rating (1=low to 6=high)","IQ.CPA.PADM.XQ","","","","","","","","","","","","","","","","","","","","","","","","","","","","","","","","","","","","","","","","","","","","","","3.5","3.5","3.5","3.5","3.5","3.5","3.5","3.5","3.5","3.5","3.5","3.5","3.5","3.5","3.5","3.5","3.5","3.5","3.5","3.5","3.5",
"Ghana","GHA","Political Stability - Governance score (0-100)","GOV_WGI_PV_SC","","","","","","","","","","","","","","","","","","","","","","","","","","","","","","","","","","","","","55.4823806","","55.5441187","","57.8634601","","61.7634798","62.195974","63.8830417","66.7777067","64.5617534","63.9107839","63.4057066","68.2278355","64.9651713","67.429199","66.4648829","66.4125875","64.3060128","65.5037422","63.7043955","67.0285244","65.3470646","66.1232816","66.9002519","63.1229241","62.6874031","64.7189964","66.090157","",
"Ghana","GHA","Government Effectiveness - Governance score (0-100)","GOV_WGI_GE_SC","","","","","","","","","","","","","","","","","","","","","","","","","","","","","","","","","","","","","50.7095473","","45.3679406","","50.017871","","46.9843044","42.8061229","43.6352567","46.142425","52.7786399","52.4317314","52.6759891","52.8751172","52.0582273","51.4601817","51.7715972","49.6173125","49.6272154","49.6710927","51.6859949","52.0523183","51.0707258","50.2772134","51.1389276","50.4750116","50.051445","50.9948047","52.4989455","",
"Ghana","GHA","Control of Corruption - Governance score (0-100)","GOV_WGI_CC_SC","","","","","","","","","","","","","","","","","","","","","","","","","","","","","","","","","","","","","43.5056059","","36.2539324","","47.6340267","","41.780681","41.3893737","40.9916478","39.354893","45.5663256","45.945231","46.1206785","47.5051448","49.1928374","48.9697352","47.4889132","47.4316276","43.903101","42.262634","42.8641638","42.2701355","45.0164623","45.8418959","45.9874811","44.7085056","45.8969954","45.2166936","43.9385075","",
"Ghana","GHA","WBL: Supportive Framework Index (scale 0-100)","GD_WBL_OVL_SFR","","","","","","","","","","","","","","","","","","","","","","","","","","","","","","","","","","","","","","","","","","","","","","","","","","","","","","","","","","","","","","","","","","50.93",
"Ghana","GHA","Subsidies and other transfers (current LCU)","GC.XPN.TRFT.CN","","","","","","","","","","","","","","","","","","","","","","","","","","","","","","","","","","","","","","","","","","29401800","38555600","280074937","536812836","563929309","836657149","1528906086","1871585806","1842423238","3154266692","4177314159","4573930912.1545","5707014847.75929","5324511076.78679","6883724571.13288","8607303837.19884","9220021175.55669","11080174947.7692","11648327025.9776","12162785919.8328","13647677063.6961","24810860386.8303","31579200000","","",
"Ghana","GHA","Other expense (current LCU)","GC.XPN.OTHR.CN","","","","","","","","","","","","","","","","","","","","","","","","","","","","","","","","","","","","","","","","","","","","","1209660","4547210","","","758627344","","","","4738177055.84623","2968533355.43","4237221115.86","2409481463.82414","2641130591.795","3558726250.71227","2675182669.07488","2628054780.10227","13313911308.9044","9811356544.35614","21466683026.2563","9818980383.03255","","",
"Ghana","GHA","Goods and services expense (% of expense)","GC.XPN.GSRV.ZS","","","","","","","","","","","","","","","","","","","","","","","","","","","","","","","","","","","","","","","","","","","","14.148214448025","13.1298483674384","18.1855681782265","15.6467021297654","14.8874764645994","11.9965025403807","16.4827015241138","14.7796121939999","15.8306556894601","6.52830351441551","6.03778271207475","6.15048629157266","4.35616361208423","8.01922633443357","5.44212189134663","9.4406070852062","9.88175929273011","8.65760030718744","7.47432240839051","5.68901082072156","","","",
"Ghana","GHA","Taxes on income, profits and capital gains (% of total taxes)","GC.TAX.YPKG.ZS","","","","","","","","","","","","","","","","","","","","","","","","","","","","","","","25.1018540857714","19.5471634324924","20.574690556336","21.6632754069512","","","","","","","","32.4460680275268","32.7042905257266","29.1870893528511","27.9533013572772","29.3768542124867","27.4745942464848","26.683562980333","27.059203810097","33.3265374197584","35.6078121365232","35.9051825797946","47.8307259042439","47.4383753132443","47.5293909778729","40.5799619286512","37.5024380416602","44.0375953215134","49.6938860821655","53.0293759565775","53.3852671563771","49.4779552412045","50.8608378219279","48.8051967138721","","",
"Ghana","GHA","Tax revenue (current LCU)","GC.TAX.TOTL.CN","","","","","","","","","","","","","","","","","","","","","","","","","","","","","","","21967700","31945300","30183200","50915200","","","","","","","","654546800","854748400","1222441216","1737730248","2073746956","2395621821","3213370743","4193608293","4615857209","6164294730","8892168867","11574601668.1401","13284043685.0997","17855418191.8526","21455180950.6937","24283493247.3789","30424202726.6001","37784185991.1602","42774600946.089","44447772183.5398","56533098539.9338","75548220646.774","110019499055.083","","",
"Ghana","GHA","Taxes on international trade (current LCU)","GC.TAX.INTT.CN","","","","","","","","","","","","","","","","","","","","","","","","","","","","","","","9281500","11915200","11093400","17598500","","","","","","","","301243300","359325100","315963133","380887561","411378448","541835102","807355906","1195051920","1081127293","1532572825","2150534580","1990079981.92532","2330964340.8777","3091223539.23277","3448930198.26901","4390443484.22274","5484661244.38076","6102117561.943","5410014396.93","5513806052.504","6944850258.44","9848223489.2976","13933200000","","",
"Ghana","GHA","Taxes on goods and services (% of revenue)","GC.TAX.GSRV.RV.ZS","","","","","","","","","","","","","","","","","","","","","","","","","","","","","","","26.8286934857587","35.2918437355998","35.1660323163706","30.7739467833916","","","","","","","","14.8027254556842","20.9099924770716","33.5060862894335","34.915823309107","35.9035412420515","36.5587043726517","33.8368946141268","33.0778528983723","29.3476148542127","27.5063989433166","27.4367385080653","26.784316770175","26.1977792670887","27.530921807581","33.8168736782598","37.946571396308","33.618841617993","31.5520750681137","32.131490954374","32.2681597599577","35.2849368586408","32.4794462250677","32.5550162520708","","",
"Ghana","GHA","Revenue, excluding grants (% of GDP)","GC.REV.XGRT.GD.ZS","","","","","","","","","","","","","","","","","","","","","","","","","","","","","","","12.4688735005526","14.597518711414","11.900566382732","16.982541773198","","","","","","","","18.1061131001006","18.0096066472924","19.7668200073461","23.7121460055721","23.6884692085609","13.3046887747606","15.6668718626601","15.6941534759169","15.418490672829","16.6915374696386","19.3717131890671","19.3392683497525","14.2262590306295","14.2150318928858","14.5298039024017","14.1589434337656","14.5205312646041","15.0692892914466","14.6948055474354","13.754507358813","14.9263731247694","15.5505506868353","15.0222642375304","","",
"Ghana","GHA","Grants and other revenue (% of revenue)","GC.REV.GOTR.ZS","","","","","","","","","","","","","","","","","","","","","","","","","","","","","","","10.4072990625538","9.28293482156572","8.92713799712768","9.20023197691277","","","","","","","","31.2484277287775","17.2111370334286","25.4857519197139","30.3466895281711","29.3038356895961","26.7473419234223","29.7866584201096","25.5737707850159","32.1464963242803","30.4165583756052","30.6469190413137","26.3971964777892","27.9917414854409","23.6004930607702","26.9105068740785","24.662637062922","23.3541353913063","20.6826672657096","19.8671536407272","19.3884447104981","19.349643895936","21.8341967794463","19.1101904735939","","",
"Ghana","GHA","Net investment in nonfinancial assets (% of GDP)","GC.NFN.TOTL.GD.ZS","","","","","","","","","","","","","","","","","","","","","","","","","","","","","","","","","","","","","","","","","","12.8023151662565","6.1216753305227","6.39957368530043","9.10967196413074","8.82245277645259","5.9385340158356","6.58768689637786","3.9985281324202","6.20641926386851","6.28315540063734","4.40113405904909","4.28754279758666","3.84905276729676","3.84140221568456","3.8869539103463","3.49648734385988","2.40923122749326","1.53549201960295","1.72540657826687","3.08283169049215","3.67495073272099","3.04209822964896","2.37807317525093","","",
"Ghana","GHA","Central government debt, total (% of GDP)","GC.DOD.TOTL.GD.ZS","","","","","","","","","","","","","","","","","","","","","","","","","","","","","","","","","","","","","","","","","","","","","","","","","","","","","","","","","","","","","","","","","","",
"Ghana","GHA","Research and development expenditure (% of GDP)","GB.XPD.RSDV.GD.ZS","","","","","","","","","","","","","","","","","","","","","","","","","","","","","","","","","","","","","","","","","","","","","","","","0.23157","","","0.37655","","","","","","","","","","","","","","","",
"Ghana","GHA","Account ownership at a financial institution or with a mobile-money-service provider, primary education or less (% of population ages 15+)","FX.OWN.TOTL.PL.ZS","","","","","","","","","","","","","","","","","","","","","","","","","","","","","","","","","","","","","","","","","","","","","","","","","","","","16.4517058496609","","","24.8725513356926","","","49.3870598661332","","","","51.5909001242851","","","67.88099013833","",
"Ghana","GHA","Account ownership at a financial institution or with a mobile-money-service provider, richest 60% (% of population ages 15+)","FX.OWN.TOTL.60.ZS","","","","","","","","","","","","","","","","","","","","","","","","","","","","","","","","","","","","","","","","","","","","","","","","","","","","36.7446874488371","","","45.1520331009182","","","63.944348483163","","","","77.2024902144525","","","89.0315781082249","",
"Ghana","GHA","Claims on other sectors of the domestic economy (% of GDP)","FS.AST.DOMO.GD.ZS","","","","","","","","","","","","","","","","","","","","","","","","","","","","","","","","","","","","","","","","","","","","","","","","","","","","","","","","","","","","","","","","","","",
"Ghana","GHA","Interest rate spread (lending rate minus deposit rate, %)","FR.INR.LNDP","","","","","","","","","","","","","","","","","","","","","","","","","","","","","","","","","","","","","","","","","","","","","","","","","","","","","","","","","","","","","","","","","","",
"Ghana","GHA","Inflation, consumer prices (annual %)","FP.CPI.TOTL.ZG","","","","","","26.4447848490173","13.2378854626539","-8.42248589780283","7.89473684210539","7.31707316260125","3.03030303053265","9.55882353746772","10.0671140939595","17.6829268231711","18.1347150268463","29.8245614048168","56.0810810829756","116.450216453639","73.091666667343","54.4412883345616","50.0701393436364","116.503603996541","22.2955664080893","122.874514572592","39.6653137947268","10.3054406698295","24.5654160765001","39.8150678775363","31.3592676264768","25.2236920295825","37.2590664855671","18.0314390089849","10.0561167448841","24.9598424742497","24.8702554369576","59.4615536991446","46.5610196762282","27.8852086407527","14.6241666666675","4.86539785077528","40.240933123914","41.509496287803","9.36093239560313","29.7729797160384","18.0427388232565","15.4389920155908","11.6791839392492","10.7342665456292","16.494639613412","19.2469482220857","10.7333898354915","8.7284593709302","11.1863409441067","11.6661923071729","15.4896160333318","17.1499695007878","17.4546347070868","12.3719215507048","7.80876516610703","7.14364003330857","9.88728956269944","9.9710886750444","31.2558951049016","38.1069656296501","22.8483281157842","14.2046755548989",
"Ghana","GHA","Broad money (% of GDP)","FM.LBL.BMNY.GD.ZS","18.4004602991945","18.7096774193548","20.3039513677812","19.5454545454545","23.8511326860841","20.4979536152797","20.7707509881423","21.2227393617021","20.69","19.4137931034483","18.9079238601151","18.986","23.7179396092362","22.6652385032848","21.5671673819742","26.2371758470566","29.1132393502911","27.2834363522351","24.4583531878395","21.0548862589469","18.5535097545039","16.5651006526588","17.1649026616233","11.3049913604799","11.8133064262773","13.6185023670157","13.5145377429883","14.2050938337802","14.746060677552","16.9169934815772","14.1420904200405","15.5627800944911","20.5258743254694","19.8354562123912","22.5131258405379","21.6429944399293","20.5961071375025","23.8419648702651","22.8573763581591","24.0928291330063","28.1661733054676","31.4453255740362","34.1082281365568","31.0459269884883","32.7225904303127","32.1100295243883","22.7692547025883","25.7168116882847","27.461460329864","28.247021571746","29.619193066523","30.5490058881024","30.3617418407418","21.9527563428547","23.642550556526","25.6702732096289","26.2807758335841","25.4883349966688","25.1273803325435","26.3917474285807","30.8173156252875","31.7346169321872","31.488016942791","29.9421010533777","29.8836925222627","",
"Ghana","GHA","Net foreign assets (current LCU)","FM.AST.NFRG.CN","21140","12170","10960","7070","5280","-410","-2390","-5051.3061159337","-6360.46938013166","-8218.40815619492","-3194.6734635041","-4239.04973888","8581.26568851106","19054.5843226418","-1928.69082466359","10603.2864839878","-650.818924394553","1451.11432295743","18191.0024358706","6846.04931869709","-16621.572120654","-57951.432627358","-35459.1136554088","-931095.594860236","-2332675.76680929","-4006283.13866179","-6635517.93159314","-15183312.0119718","-19285150.183908","-26378048.3636363","-26590824.924138","-1418660.62109375","-12217803.5416666","-11371631.3508196","12035560.2037367","36292277.2241003","57740129.9197478","78816254.9827276","86249890.6028901","2692942.82232119","-58744030.5024684","81820255.5169756","352294465.220205","933473153.542043","1250541000.16152","1480092909.66839","2088422022.51944","2433953234.59457","2516625835.26037","3517244451.48926","5410412135.53566","7307690859.12105","6930099628.08595","5378767397.7174","8787389110.29874","11391208411.7057","15492095202.0503","20140714054.1896","13668949702.6751","20991989060.118","16356958715.3394","6733275398.22357","-11346855667.2639","14891195715.5588","60008083108.6206","",
"Ghana","GHA","Total reserves minus gold (current US$)","FI.RES.XGLD.CD","272230000","150330000","154000000","116500000","117100000","126890000","105500000","77100000","90300000","66200000","36600000","36111438.0362754","93657173.8894275","176079305.167838","71493084.9022885","124715059.362711","91737797.8735437","148592891.516803","277163532.15608","289107930.363199","180438262.377928","145598372.792209","138887528.267335","144809077.11062","301558812.574186","478503778.558875","512957114.723619","195131563.790095","221322966.990082","347310374.011091","218838690.586277","550244879.772275","319911356.167586","409680881.115919","583873906.97559","697464725.119216","828724932.128519","537823949.743103","376979175.320149","453774151.89043","232054898.386218","298239905.544189","539747049.997825","1352814059.67805","1626651259.35718","1752904040.26241","2090294866.51141","1984027597.67966","1769805537.49439","3386234835.02409","4763206128.84547","5483389037.24248","5367514328.20187","5249274626.3869","5224823271.19552","5444785886.29529","5544731696.16504","6650870659.64987","5934707914.02725","7135247340.92838","7352692438.70727","9405468799.67781","4696186862.278","3044370594.58702","4472457558.56406","",
"Ghana","GHA","Bank liquid reserves to bank assets ratio (%)","FD.RES.LIQU.AS.ZS","","","","","","","","","","","","","","","","","","","","","","","","","","","","","","","","","","","","","","","","","","12.1757906118716","8.99503357473677","29.861631729152","25.4125644855761","18.4566837585525","19.7613614357618","18.4520392348989","31.9202162362993","19.0355620714299","23.3267089828733","25.2473973668711","26.0915392040431","24.8730325648722","22.0011209145567","23.0248902001164","29.427228338147","28.1584267436378","29.7204413954779","34.9391194438088","33.3989728313245","35.3671493675933","48.0909545773674","66.1096615612393","70.7494270101695","",
"Ghana","GHA","Commercial bank branches (per 100,000 adults)","FB.CBK.BRCH.P5","","","","","","","","","","","","","","","","","","","","","","","","","","","","","","","","","","","","","","","","","","","","","3.10483085535148","3.26948289209431","3.63805581376285","4.60730811361845","4.80978770131507","5.14159085450574","5.41934835680443","5.44021009585942","5.73652546884428","5.90137016041048","6.12908833291384","7.21766471197254","7.2128141698279","8.68441931408017","8.81735050118331","8.57609547286785","6.34529476035698","11.8689213043578","6.10792435459053","5.84657351945728","5.89352036974995","",
"Ghana","GHA","Terrestrial and marine protected areas (% of total territorial area)","ER.PTD.TOTL.ZS","","","","","","","","","","","","","","","","","","","","","","","","","","","","","","","","","","","","","","","","","","","","","","","","","","","","","","7.8","7.8","7.8","7.8","7.8","7.8","7.8","7.7","7.7","7.7","7.7","7.7","7.9",
"Ghana","GHA","Renewable internal freshwater resources, total (billion cubic meters)","ER.H2O.INTR.K3","","30.3","30.3","30.3","30.3","30.3","30.3","30.3","30.3","30.3","30.3","30.3","30.3","30.3","30.3","30.3","30.3","30.3","30.3","30.3","30.3","30.3","30.3","30.3","30.3","30.3","30.3","30.3","30.3","30.3","30.3","30.3","30.3","30.3","30.3","30.3","30.3","30.3","30.3","30.3","30.3","30.3","30.3","30.3","30.3","30.3","30.3","30.3","30.3","30.3","30.3","30.3","30.3","30.3","30.3","30.3","30.3","30.3","30.3","30.3","30.3","30.3","30.3","","","",
"Ghana","GHA","Annual freshwater withdrawals, industry (% of total freshwater withdrawal)","ER.H2O.FWIN.ZS","","","","","","","","","","","13","12.662673","12.36974141","12.11298208","11.88608458","11.68412571","11.50320807","11.34020619","11.19258439","11.05826397","10.93552465","10.82293055","10.71927374","10.62353073","10.53482855","10.4524181","10.37565287","10.30397203","10.23688663","10.17396849","10.11484099","10.0591716","10.00666556","9.957060682","9.91012299","9.865642994","9.82343259","9.78332239","9.745159453","9.708805337","9.67413442","9.414096371","9.167671894","8.933819208","8.711600183","8.500167767","8.298755187","8.106666667","7.923269391","7.747986543","7.580291243","7.402357066","7.22158875","7.102139987","6.98041809","6.604216271","6.486412672","6.486412672","6.486412672","6.486412672","6.486412672","6.486412672","6.486412672","","","",
"Ghana","GHA","Total fisheries production (metric tons)","ER.FSH.PROD.MT","33800","36500","45700","59800","76600","76500","85700","99000","74100","131000","171611","232784","281331","221832","219327","261590","246820","272171","274887","237252","231855","240816","244492","251856","270013","276573","320177","382200","362477","362005","396232","362948","423855","373084","335937","353394","477294","447527","447341","499670","459346","456353","381182","394485","421393.403","382791.88","380913","334995","348112.142","311738","361658.651","368852.31","383796.586","322397.75","362130.173","388935.9","375343.57","425593.76","436637.369","370504.22","421285.51","482706.52","536976.73","501034.63","617968.661","",
"Ghana","GHA","Population in urban agglomerations of more than 1 million","EN.URB.MCTY","613626","643385","674633","707399","741805","777783","815560","855172","896768","940264","979993","1009184","1039295","1070225","1102128","1134991","1168889","1203712","1239630","1276631","1314799","1354007","1394452","1436114","1483998","1544986","1608712","1675218","1744730","1817089","1892729","1971699","2054270","2140257","2230179","2324097","2422338","2524683","2631752","2743626","2854965","2954597","3058596","3167029","3280271","3398071","3521143","3649576","3783823","3923594","4069744","4222391","4382081","4548947","4723348","4905658","5096273","5295610","5504107","5680794","5862067","6047002","6235728","6428311","6624646","6824611",
"Ghana","GHA","Population living in areas where elevation is below 5 meters (% of total population)","EN.POP.EL5M.ZS","","","","","","","","","","","","","","","","","","","","","","","","","","","","","","","2.46076140524035","","","","","","","","","","2.36247668158555","","","","","","","","","","","","","","","2.1287841350265","","","","","","","","","","",
"Ghana","GHA","Mammal species, threatened","EN.MAM.THRD.NO","","","","","","","","","","","","","","","","","","","","","","","","","","","","","","","","","","","","","","","","","","","","","","","","","","","","","","","","","","","21","","","","23","","","",
"Ghana","GHA","Nitrous oxide (N2O) emissions from Waste (Mt CO2e)","EN.GHG.N2O.WA.MT.CE.AR5","","","","","","","","","","","0.0733","0.0779","0.0787","0.0779","0.0816","0.0756","0.0772","0.0719","0.0698","0.0713","0.0696","0.0699","0.0686","0.0731","0.0858","0.0888","0.0916","0.101","0.1016","0.1045","0.1075","0.1155","0.1243","0.1274","0.1335","0.1397","0.145","0.1509","0.1544","0.158","0.1672","0.1738","0.1823","0.1929","0.2026","0.2151","0.2227","0.2347","0.2452","0.2572","0.2678","0.277","0.285","0.2874","0.2886","0.2884","0.2932","0.3041","0.3182","0.3311","0.3479","0.361","0.3684","0.3813","0.3946","",
"Ghana","GHA","Nitrous oxide (N2O) emissions from Industrial Processes (Mt CO2e)","EN.GHG.N2O.IP.MT.CE.AR5","","","","","","","","","","","0.0692","0.0699","0.0728","0.0769","0.0818","0.0848","0.0865","0.0894","0.091","0.0891","0.092","0.0969","0.3321","0.3087","0.1923","0.2539","0.3171","0.2501","0.1858","0.3138","0.3398","0.3286","0.2876","0.3105","0.3943","0.4001","0.3971","0.2639","0.4","0.383","0.3633","0.4163","0.3831","0.4006","0.3486","0.4756","0.4376","0.4001","0.4235","0.4019","0.4202","0.4958","0.452","0.5045","0.487","0.5179","0.5136","0.5147","0.5017","0.485","0.5815","0.4721","0.5546","0.4656","0.5253","",
"Ghana","GHA","Nitrous oxide (N2O) emissions from Agriculture (Mt CO2e)","EN.GHG.N2O.AG.MT.CE.AR5","","","","","","","","","","","0.5675","0.5665","0.6005","0.5848","0.6413","0.6227","0.6081","0.5909","0.5897","0.5967","0.6116","0.6261","0.6446","0.6586","0.6976","0.7157","0.7229","0.7564","0.7734","0.822","0.7708","0.8256","0.8006","0.8209","0.8187","0.8334","0.8904","0.9229","0.9487","0.9726","0.998","1.0163","1.0506","1.0806","1.1114","1.123","1.1768","1.2038","1.2511","1.2961","1.3339","1.3925","1.4524","1.507","1.5712","1.6396","1.718","1.8063","1.8587","1.9259","2.0476","2.0776","2.1494","2.2367","2.2863","",
"Ghana","GHA","Net official flows from UN agencies, UNFPA (current US$)","DT.NFL.UNFP.CD","","","","","","","","","","","","","","","","","","100000.001490116","","","100000.001490116","19999.9995529652","59999.9986588955","379999.995231628","430000.007152557","310000.002384186","140000.000596046","219999.998807907","439999.997615814","1100000.02384186","1330000.04291534","1450000.04768372","1299999.95231628","1039999.96185303","2339999.91416931","2329999.92370605","720000.028610229","1919999.95708466","4710000.03814697","3299999.95231628","1799999.95231628","2789999.96185303","3380000.11444092","3980000.01907349","2279999.97138977","2670000.07629395","1230000.01907349","2220000.02861023","3190000.05722046","3019999.98092651","4139999.8664856","3119999.88555908","2561489.10522461","3055219.88868713","3956130.027771","3357117.89131165","2593755.96046448","1562530.99441528","2248519.89746094","3236296.89216614","3842410.08758545","3946297.88398743","3778300.04692078","3475069.99969482","","",
"Ghana","GHA","Net official flows from UN agencies, UNCOVID (current US$)","DT.NFL.UNCV.CD","","","","","","","","","","","","","","","","","","","","","","","","","","","","","","","","","","","","","","","","","","","","","","","","","","","","","","","","","","","","","","-1339.9999588728","-6529.00012210011","","","",
"Ghana","GHA","Net official flows from UN agencies, UNCDF (current US$)","DT.NFL.UNCD.CD","","","","","","","","","","","","","","","","","","","","","","","","","","","","","","","","","","","","","","","","","","","","","","","","","","","","","","","","","","","","","","","","","","",
"Ghana","GHA","Net financial flows, RDB nonconcessional (NFL, current US$)","DT.NFL.RDBN.CD","","","","","","","","","","","","","","","","","1072158.9","9268210.5","4290696.7","1644782.9","1447362.5","3455722.1","4093501","1824996.4","-174295.5","1671624.2","8408028.5","16869235.9","6377038.9","27284598.2","34580512.3","18235895.4","15634189.9","2975712.5","-531295.3","-5307296.8","-9403211.5","-12720575.7","-15030381.1","-14486859.1","-13521120.5","-8547609.7","-5369774.1","-635754.4","-2411234.4","-3357993.8","-13689975.4","-11281275.8","-4061660.7","-2040704.3","0","","","","","","","","","","17060893.5","11997692.9","-1211119","-1458115.6","18061547.4","",
"Ghana","GHA","PNG, commercial banks and other creditors (NFL, current US$)","DT.NFL.PNGC.CD","","","","","","","","","","","","","","","","","","","","","","","","","","8165000","-2500000","-99000","2333000","1000000","0","1000000","1000000","2000000","-5000000","-5000000","-6000000","-4000000","-4000000","-3000000","-3000000","-2000000","-2000000","-2000000","-1000000","750000000","1601742000","1640436000","1315905000","987076000","3261039000","1265296000","421307000","1575987000","-1590021000","557388000","2803642000","-3317727000","975671000","-6364432000","2881980000","2402979000","-3200978000","-2437547000","-1235121000","",
"Ghana","GHA","PPG, bonds (NFL, current US$)","DT.NFL.PBND.CD","","","","","","","","","","","","","","","","","","","","","","","","","","","","","","","","","","","","","","","","","","","","","","","","","","","","","","1000000000","1000000000","1000000000","750000000","","1228079000","2716802000","2520558000","2904414000","-15993000","","-165735000","",
"Ghana","GHA","Net financial flows, multilateral (NFL, current US$)","DT.NFL.MLAT.CD","","","","","","","","","","","2562000","4591000","7088000","1488000","5341000","7937000","16761000","41124000","51313000","38743000","46544000","43431000","33936000","28510000","54221000","88658000","197128000","237050000","234016000","186352000","245053000","226159000","204036000","211060000","173072000","210555000","242979000","239339000","239895000","193511000","155462000","196409000","127707000","239279000","310453000","362179000","294009000","249699000","389011000","404827000","435364000","538907000","403342000","349228000","335805000","596218000","282126000","398167000","110301000","146476000","357407000","388448000","1090856000","484613000","865733000","",
"Ghana","GHA","Net financial flows, IMF concessional (NFL, current US$)","DT.NFL.IMFC.CD","","","","","","","","","","","","","","","","","","","","34059796","28988901.1","280799.5","","","-1142148","-7195606","-11417267.2","40829864.9","102939980.6","165608691","-3618117.3","-448883.6","","","","","","","","","","","","","","","","","","","","","","","","","","","","","","","","","","",
"Ghana","GHA","Net official flows from UN agencies, FAO (current US$)","DT.NFL.FAOG.CD","","","","","","","","","","","","","","","","","","","","","","","","","","","","","","","","","","","","","","","","","","","","","","","","","","","","","","681541.979312897","","","","","1009716.03393555","827030.003070831","145546.00417614","737079.977989197","437052.994966507","390946.000814438","","",
"Ghana","GHA","Net financial flows, bilateral (NFL, current US$)","DT.NFL.BLAT.CD","","","","","","","","","","","26757560.3","21958162.4","29669709.2","20907284.4","-4388416.3","3768469.5","2674229.3","29289805.6","1380805.4","62165363.6","138171956.5","35183075.1","23591551.6","33698312.8","-10423895.5","4837746.2","24378604.9","20866440.9","67375619.7","119740110.7","69052205.3","127565511","104476573.7","88065474.2","71264514.8","101363936.6","172191690.8","93107345.3","58095678.6","-16578152.1","25056729.3","112427056","51017981.3","-1758645.1","-5399494.9","-4615448","25980047.4","137798941.9","159794022.2","290248862.2","494458206.5","410730205.6","752827192","743476489.2","678310243.5","145807352.5","-150696730.9","-225114629.9","-269725867.9","-143814992.2","-117855583","203087517","49617146","-10858955.1","65252278.6","",
"Ghana","GHA","IBRD loans and IDA credits (DOD, current US$)","DT.DOD.MWBG.CD","","","","","","","","","","","53337000","57928000","65976000","69890000","75231000","83167000","94456000","121789000","156615000","187388000","213314000","239408000","255795000","268702302.5","289104285.2","377328005.5","579901716","850779358","1003640113.6","1143984953.8","1422586099.2","1624515769.3","1718100000","1914578000","2163668000","2434099000","2574008000","2647136000","2989663000","3117494000","3139493000","3177794000","3476012000","3953756000","4311761000","4233520000","815204000","1086767000","1329664000","1581025000","1868390000","2267331000","2523402000","2832215000","2946418000","3284863000","3414976000","3944951000","3925733000","3989482000","4477163000","4663478000","4746742000","5393107000","6372715000","",
"Ghana","GHA","Short-term debt (% of exports of goods, services and primary income)","DT.DOD.DSTC.XP.ZS","","","","","","","","","","","","","","","","0.649009177373924","0.343647696071704","21.9805692555115","36.7745556458187","17.4950987895705","10.7809350671832","34.4076377478044","29.1154175246904","19.4343139865997","39.67176787641","28.1594043786982","23.4898995190934","13.41651740426","8.15818622092417","22.8987806823266","33.7336804700675","36.7245463785701","36.8237039989336","39.4117718575826","41.9615935971639","38.9352605766218","37.3475328457979","40.2862109476288","28.2007320942777","28.8602413696098","21.5662189483777","18.9941298418412","24.6431790492051","23.5596993211592","15.9528613368526","19.5301466407502","22.8007517700403","20.0289779514169","15.7419531184945","19.537375183437","22.0428306871226","18.3939149350215","15.4612625268669","22.1384059887319","19.9197620259212","19.6000812949561","15.7631838954401","16.0645636857923","15.8024752980615","17.7973893847195","22.672609374344","20.7662605450949","17.5721430953081","14.9081630381335","9.0549142581656","",
"Ghana","GHA","External debt stocks, private nonguaranteed (PNG) (DOD, current US$)","DT.DOD.DPNG.CD","","","","","","","","","","","10000000","10000000","9000000","8000000","6000000","10000000","10000000","10000000","10000000","8500000","10000000","10000000","16000000","21000000","32000000","40165000","37665000","29666000","32000000","33000000","33000000","34000000","35000000","37000000","32000000","27000000","271000000","267000000","263000000","260000000","257000000","255000000","253000000","1000000","0","750000000","2351742000","3992178000","5308083000","6295159000","9556198000","10821494000","11242801000","12818788000","11481956000","12039344000","14842986000","12560339000","12888659000","6868354000","9596215000","11421457000","8220479000","5782932000","4547811000","",
"Ghana","GHA","External debt stocks, total (DOD, current US$)","DT.DOD.DECT.CD","","","","","","","","","","","572138164.6","542386913.4","601807880.4","756428483.1","730055396.5","720589134.4","710690900.3","1066624519.4","1278646090.2","1281964511.1","1398364945.5","1538834501.5","1484226949.7","1666180356","1963074302.9","2256468113.8","2766891477.4","3313222736.3","3131102815.6","3402456463.2","3880932790.8","4380166480.7","4508061699","4886542112","5469152460.4","5935777124.3","6442990348.8","6347327632.8","6969089358.3","7103705178.5","6743341663.2","6860995876.9","7640294825.3","8301000837.7","7243731089.5","8091993817.5","6059739098.4","8311291215.1","10058853977.2","12962573037","17984659771.3","21317880741.9","23151628039.4","28508533533.3","28517251145.9","31306595150.8","34860777089.7","33725981614.6","35100516069.1","32685329069.8","40295305085.6","46584318739.8","43607006146.1","41700706280.4","37414621429.7","",
"Ghana","GHA","Net ODA provided to the least developed countries (% of GNI)","DC.ODA.TLDC.GN.ZS","","","","","","","","","","","","","","","","","","","","","","","","","","","","","","","","","","","","","","","","","","","","","","","","","","","","","","","","","","","","","","","","","","",
"Ghana","GHA","Net bilateral aid flows from DAC donors, Sweden (current US$)","DC.DAC.SWEL.CD","9999.99977648258","9999.99977648258","9999.99977648258","","","","","","","","","","","","70000.0002980232","","","","","500000","430000.007152557","219999.998807907","109999.999403954","","9999.99977648258","","","","509999.990463257","6469999.79019165","1980000.01907349","2529999.97138977","2130000.11444092","3619999.88555908","430000.007152557","1169999.95708466","3849999.90463257","3759999.99046326","649999.976158142","579999.983310699","5929999.82833862","2009999.99046326","1350000.02384186","419999.986886978","460000.00834465","26680000.3051758","759999.990463257","1649999.97615814","1340000.0333786","1289999.96185303","319999.992847443","70000.0002980232","370000.004768372","415363.997220993","810908.973217011","843640.983104706","636856.019496918","1578701.97296143","938049.018383026","871174.991130829","1838979.95948792","4345933.91418457","3366094.11239624","3562181.94961548","","",
"Ghana","GHA","Net bilateral aid flows from DAC donors, Poland (current US$)","DC.DAC.POLL.CD","","","","","","","","","","","","","","","","","","","","","","","","","","","","","","","","","","","","","","","","","","","","","","19999.9995529652","50000.0007450581","19999.9995529652","230000.004172325","129999.995231628","159999.996423721","119999.997317791","19999.9995529652","50000.0007450581","39999.9991059303","24422.999471426","22207.9996019602","5063.99990990758","87722.0034599304","341670.006513596","489715.993404388","540651.023387909","331856.995820999","338243.991136551","","",
"Ghana","GHA","Unemployment, female (% of female labor force) (national estimate)","SL.UEM.TOTL.FE.NE.ZS","","","","","","","","","","","","","","","","","","","","","","","","","","","","","","0.7","","3.515","5.5","","","","","","8.7","10.7","10.733","","","","","","5.156","","","","5.833","","","2.36","","6.596","","3.477","","","","3.594","3.123","3.696","4.278","",
"Ghana","GHA","Share of youth not in education, employment or training, male (% of male youth population)  (modeled ILO estimate)","SL.UEM.NEET.MA.ME.ZS","","","","","","","","","","","","","","","","","","","","","","","","","","","","","","","","","","","","","","","","","","","","","","23.026","22.624","21.211","19.503","18.389","16.9","17.26","17.71","17.968","21.074","24.586","22.894","20.769","20.304","19.618","19.175","18.415","25.333","25.12","25.14","25.161",
"Ghana","GHA","Unemployment with intermediate education, male (% of male labor force with intermediate education)","SL.UEM.INTM.MA.ZS","","","","","","","","","","","","","","","","","","","","","","","","","","","","","","","","7.292","","","","","","","","","12.716","","","","","","12.716","","","","8.93","","","4.804","","13.412","","5.923","","","","3.591","5.32","5.761","7.745","",
"Ghana","GHA","Unemployment with basic education, female (% of female labor force with basic education)","SL.UEM.BASC.FE.ZS","","","","","","","","","","","","","","","","","","","","","","","","","","","","","","","","5.362","","","","","","","","","11.353","","","","","","6.945","","","","6.493","","","2.802","","4.846","","3.145","","","","3.504","2.521","3.705","4.214","",
"Ghana","GHA","Unemployment, youth total (% of total labor force ages 15-24) (modeled ILO estimate)","SL.UEM.1524.ZS","","","","","","","","","","","","","","","","","","","","","","","","","","","","","","","","5.556","7.487","8.312","9.308","10.212","11.148","12.014","12.898","15.871","16.422","15.376","14.261","13.052","11.854","10.671","9.494","9.996","10.264","10.811","11.059","8.808","6.664","4.718","9.307","14.238","10.616","6.375","6.107","5.875","6.319","5.985","5.402","5.352","5.347","5.826",
"Ghana","GHA","Unemployment, youth female (% of female labor force ages 15-24) (modeled ILO estimate)","SL.UEM.1524.FE.ZS","","","","","","","","","","","","","","","","","","","","","","","","","","","","","","","","5.786","9.115","9.784","10.655","11.423","12.23","12.966","13.723","16.699","16.596","15.561","14.458","13.261","12.073","10.898","9.729","10.455","10.951","11.739","12.223","9.741","7.365","5.194","9.276","13.618","10.168","6.151","5.919","5.719","6.336","5.923","5.334","5.286","5.276","5.736",
"Ghana","GHA","Part time employment, total (% of total employment)","SL.TLF.PART.ZS","","","","","","","","","","","","","","","","","","","","","","","","","","","","","","","","43.869","","","","","","","","","","","","","","","49.984","","","","","","","45.115","","49.553","","13.791","","","","","43.448","46.859","43.336","",
"Ghana","GHA","Labor force with intermediate education, male (% of male working-age population with intermediate education)","SL.TLF.INTM.MA.ZS","","","","","","","","","","","","","","","","","","","","","","","","","","","","","","","","75.393","","","","","","","","","75.688","","","","","","73.079","","","","65.318","","","74.509","","74.38","","65.625","","","","53.191","67.647","73.893","74.362","",
"Ghana","GHA","Labor force participation rate, male (% of male population ages 15+) (modeled ILO estimate)","SL.TLF.CACT.MA.ZS","","","","","","","","","","","","","","","","","","","","","","","","","","","","","","","76.207","76.144","76.149","76.153","76.159","76.167","76.175","76.182","76.186","76.191","76.196","76.199","76.202","76.205","76.208","76.212","76.215","76.219","76.223","76.227","76.232","76.237","76.242","76.247","74.91","73.527","72.185","70.806","69.11","67.418","65.331","63.986","62.754","62.665","62.438","61.841",
"Ghana","GHA","Labor force participation rate, female (% of female population ages 15+) (modeled ILO estimate)","SL.TLF.CACT.FE.ZS","","","","","","","","","","","","","","","","","","","","","","","","","","","","","","","70.054","70.074","69.943","69.811","69.681","69.553","69.424","69.293","69.161","69.028","68.895","68.76","68.625","68.489","68.354","68.218","68.083","67.947","67.811","67.675","67.539","67.404","67.268","67.132","66.096","65.049","64.013","62.967","61.516","60.063","57.957","56.85","55.507","55.53","55.733","55.265",
"Ghana","GHA","Labor force with basic education, female (% of female working-age population with basic education)","SL.TLF.BASC.FE.ZS","","","","","","","","","","","","","","","","","","","","","","","","","","","","","","","","70.912","","","","","","","","","67.271","","","","","","65.186","","","","65.551","","","72.988","","65.501","","74.442","","","","56.223","59.318","61.116","58.761","",
"Ghana","GHA","Labor force participation rate, total (% of total population ages 15-64) (modeled ILO estimate)","SL.TLF.ACTI.ZS","","","","","","","","","","","","","","","","","","","","","","","","","","","","","","","74","74.004","73.967","73.93","73.893","73.859","73.828","73.797","73.764","73.732","73.699","73.662","73.624","73.589","73.553","73.513","73.47","73.428","73.385","73.338","73.291","73.243","73.194","73.146","71.977","70.779","69.607","68.41","66.879","65.351","63.256","62.068","60.867","60.877","60.928","60.432",
"Ghana","GHA","Labor force participation rate for ages 15-24, total (%) (national estimate)","SL.TLF.ACTI.1524.NE.ZS","63.891","","","","","","","","","","54.867","","","","","","","","","","","","","","","","","","","41.7","","59.152","46.7","","","","","","68.139","68.1","53.676","","","","","","31.679","","","","44.273","","","53.908","","43.427","","46.358","","","","26.412","38.322","38.823","34.93","",
"Ghana","GHA","Labor force participation rate for ages 15-24, female (%) (national estimate)","SL.TLF.ACTI.1524.FE.NE.ZS","52.955","","","","","","","","","","50.275","","","","","","","","","","","","","","","","","","","46","","60.847","53.1","","","","","","65.806","65.8","54.559","","","","","","29.268","","","","45.592","","","52.204","","40.903","","46.75","","","","24.862","37.562","38.175","35.049","",
"Ghana","GHA","Children in employment, work only, male (% of male children in employment, ages 7-14)","SL.TLF.0714.WK.MA.ZS","","","","","","","","","","","","","","","","","","","","","","","","","","","","","","","","","","","","","","","","","","","","","","","17.7","","","","","","12.69271","","","","","","","","","","","","","",
"Ghana","GHA","Children in employment, study and work (% of children in employment, ages 7-14)","SL.TLF.0714.SW.ZS","","","","","","","","","","","","","","","","","","","","","","","","","","","","","","","","","","","","","","","","","","","","28.8","","","81.3","","","","","","88.01696","","","","","","","","","","","","","",
"Ghana","GHA","Children in employment, study and work, female (% of female children in employment, ages 7-14)","SL.TLF.0714.SW.FE.ZS","","","","","","","","","","","","","","","","","","","","","","","","","","","","","","","","","","","","","","","","","","","","","","","80.4","","","","","","88.75694","","","","","","","","","","","","","",
"Ghana","GHA","Employment in services (% of total employment) (modeled ILO estimate)","SL.SRV.EMPL.ZS","","","","","","","","","","","","","","","","","","","","","","","","","","","","","","","","19.2495592579111","19.6417306283315","19.8670680295562","20.2297826208925","20.6601707826735","21.023029166447","21.573428414536","21.977340339603","22.3898650369239","22.8109376605318","23.1927214685089","23.5900222805842","23.9744750700066","24.3625958167959","24.8565811487867","25.288312668557","27.8001838342598","30.3707066336509","33.0893271352197","35.9961542608735","36.7766163934906","37.4947416108468","38.2417948146852","38.6940595630741","39.222717893752","39.847907649739","40.4779009698499","43.3304443727721","46.2626006908497","47.3757103048859","49.650798741002","45.9717484467524","46.3573976923314","46.9338792969459","47.1708185731584",
"Ghana","GHA","Child employment in services, male (% of male economically active children ages 7-14)","SL.SRV.0714.MA.ZS","","","","","","","","","","","","","","","","","","","","","","","","","","","","","","","","","","","","","","","","","","","","7.5","","","","","","","","","11.8","","","","","","","","","","","","","",
"Ghana","GHA","Children in employment, self-employed, female (% of female children in employment, ages 7-14)","SL.SLF.0714.FE.ZS","","","","","","","","","","","","","","","","","","","","","","","","","","","","","","","","","","","","","","","","","","","","","","","","","","","","","1.56","","","","","","","","","","","","","",
"Ghana","GHA","Employment in industry (% of total employment) (modeled ILO estimate)","SL.IND.EMPL.ZS","","","","","","","","","","","","","","","","","","","","","","","","","","","","","","","","8.97060315413509","9.34616946846964","9.87285400045694","10.2599544570808","10.7156534556209","11.2218021842108","11.7492435801961","12.2972612560314","12.8474176752041","13.1861383167653","13.2337801052361","13.3185345042149","13.4533679623063","13.6187674699143","13.8328701043065","13.9837851395757","14.1155381057343","14.6197913582504","14.799811459931","15.162636394906","16.1467365081222","16.7450211838908","17.4178603849357","17.4107440768339","17.3511410388323","17.2913039101303","17.5036745834888","16.7729964266253","16.079355392756","15.2083269307954","14.3801881829934","17.7080076701949","17.6354156979607","17.8796669428501","18.2555979894244",
"Ghana","GHA","Contributing family workers, total (% of total employment) (modeled ILO estimate)","SL.FAM.WORK.ZS","","","","","","","","","","","","","","","","","","","","","","","","","","","","","","","","3.58685416155192","4.32207747034909","5.07485896103428","5.80983569868169","6.49217070831322","7.2321403714118","7.93108002526896","7.89351982117342","7.81466983319068","7.7813576837","8.33018827599077","8.89299593200623","9.4498509074575","9.97879442758699","10.4724441827194","10.9228740845518","11.4030270168945","11.8032405787023","12.2388802284905","12.7773418540459","12.1789795902888","11.5649909565846","10.9864371201208","10.5341473036944","10.1432436290309","9.03188530270724","7.86761159140663","6.70510377903996","5.52297407642","4.86750033223415","3.74100870511353","3.52309834805993","3.34469670007216","3.10858123927989","2.8042238609265",
"Ghana","GHA","Children in employment, unpaid family workers, male (% of male children in employment, ages 7-14)","SL.FAM.0714.MA.ZS","","","","","","","","","","","","","","","","","","","","","","","","","","","","","","","","","","","","","","","","","","","","","","","75.52","","","","","","96.7","","","","","","","","","","","","","",
"Ghana","GHA","Wage and salaried workers, female (% of female employment) (modeled ILO estimate)","SL.EMP.WORK.FE.ZS","","","","","","","","","","","","","","","","","","","","","","","","","","","","","","","","5.87318476476606","6.30846566799537","6.8595352501346","7.35210005238462","7.85469777073561","8.37436773523599","8.9258210931249","9.71143849290387","10.5634222586263","11.4569149092321","11.7301070623627","11.9944720253581","12.2530266664071","12.5136237283821","12.7823417143805","13.0580427225431","13.2936795092704","13.5495323239871","13.7812293579114","14.003257688287","14.4514580387062","14.888424256076","15.3083979872646","15.7364803832725","16.1130027862584","17.7255337324088","19.4296661932468","21.1704529740327","22.915052670853","23.3844990465258","25.0585274864503","25.3554423817915","25.627025900585","25.9262693610146","26.3350110006363",
"Ghana","GHA","Employment to population ratio, 15+, total (%) (modeled ILO estimate)","SL.EMP.TOTL.SP.ZS","","","","","","","","","","","","","","","","","","","","","","","","","","","","","","","","70.506","69.561","69.113","68.566","68.082","67.581","67.124","66.658","65.222","64.906","65.459","66.055","66.707","67.349","67.969","68.571","68.361","68.271","68.053","67.977","68.756","69.474","70.094","67.363","64.54","64.488","64.603","63.191","61.758","59.656","58.456","57.404","57.397","57.391","56.781",
"Ghana","GHA","Employment to population ratio, 15+, female (%) (modeled ILO estimate)","SL.EMP.TOTL.SP.FE.ZS","","","","","","","","","","","","","","","","","","","","","","","","","","","","","","","","67.609","65.994","65.54","64.982","64.495","63.99","63.528","63.055","61.59","61.494","61.954","62.452","63.002","63.54","64.058","64.557","64.251","64.061","63.748","63.573","64.3","64.966","65.534","63.184","60.775","60.692","60.772","59.452","58.111","56.019","54.92","53.751","53.797","54","53.484",
"Ghana","GHA","Self-employed, male (% of male employment) (modeled ILO estimate)","SL.EMP.SELF.MA.ZS","","","","","","","","","","","","","","","","","","","","","","","","","","","","","","","","82.3310149588145","81.8970292834868","81.2791969550194","80.8260658697959","80.3944924198698","79.9644511869754","79.5314681958071","78.8716497207885","78.1952213810569","77.4635374133971","77.0536628884687","76.6363497745892","76.1995734544369","75.7333274838087","75.2298210602682","74.6880154446322","74.1898735688868","73.5972900631409","73.0565421433174","72.5907353882563","71.8848433958702","71.2304204262591","70.625077687529","70.0783901981256","69.577309470456","68.3133346646201","67.0000575559097","65.7398532356632","64.5312130985227","64.4357469263903","63.1379239158381","62.8437559154019","62.570832748614","62.2309356238428","61.8423341965618",
"Ghana","GHA","Employers, female (% of female employment) (modeled ILO estimate)","SL.EMP.MPYR.FE.ZS","","","","","","","","","","","","","","","","","","","","","","","","","","","","","","","","1.79593752612619","2.25725697569757","2.88952236827057","3.40731017310664","3.88823870856408","4.43122369949142","4.97407390498891","5.00057596814676","5.00616571571297","5.00058712878218","4.89255932986158","4.80646626327955","4.72248300190606","4.63001824806583","4.5528494638527","4.48238118346029","4.35932465189329","4.22839198621209","4.08613036848636","3.99405362387182","4.19049345516226","4.24218689392757","4.21119191898747","4.26191850486859","4.29646975131162","4.54572238648527","4.94795898340639","5.33622826544364","5.68383074869523","6.41394970454508","6.77928134018442","6.86456348678089","6.82232626425343","6.834463511739","6.83868118094725",
"Ghana","GHA","Employment to population ratio, ages 15-24, male (%) (national estimate)","SL.EMP.1524.SP.MA.NE.ZS","","","","","","","","","","","","","","","","","","","","","","","","","","","","","","","","54.417","","","","","","","","","43.966","","","","","","37.751","","","","38.452","","","53.425","","39.158","","43.043","","","","27.739","37.121","37.281","31.655","",
"Ghana","GHA","Employment in agriculture, male (% of male employment) (modeled ILO estimate)","SL.AGR.EMPL.MA.ZS","","","","","","","","","","","","","","","","","","","","","","","","","","","","","","","","76.8392432513081","76.2118029420651","75.4955034667928","74.8885496511081","74.2308255709244","73.5499168155489","72.6966615727568","71.9516584415591","71.1723111876187","66.6030172246607","66.1936371831079","65.7367815753001","65.2642212793342","64.7543912564231","64.1133118891839","63.5553391643328","60.8219110500826","57.7193541669","54.7603759762695","51.4284847008751","49.659464462167","48.3499293629144","46.9499976865037","46.4678653980699","45.9917294692203","45.4881287067201","44.6429409511342","42.6954307821656","40.7848398457152","40.6922633967565","39.2076793406056","41.6959323049833","41.4037586786791","40.5870200796752","40.0232796021304",
"Ghana","GHA","Child employment in agriculture, female (% of female economically active children ages 7-14)","SL.AGR.0714.FE.ZS","","","","","","","","","","","","","","","","","","","","","","","","","","","","","","","","","","","","","","","","","","","","67.9","","","","","","","","","71.19","","","","","","","","","","","","","",
"Ghana","GHA","Annualized average growth rate in per capita real survey mean consumption or income, bottom 40% of population (%)","SI.SPR.PC40.ZG","","","","","","","","","","","","","","","","","","","","","","","","","","","","","","","","","","","","","","","","","","","","","","","","","","","","","","","","","-0.19","","","","","","","","","",
"Ghana","GHA","Poverty gap at $8.30 a day (2021 PPP) (%)","SI.POV.UMIC.GP","","","","","","","","","","","","","","","","","","","","","","","","","","","","72.5","72","","","74.1","","","","","","","66","","","","","","","63","","","","","","","50.6","","","","49","","","","","","","","","",
"Ghana","GHA","Multidimensional poverty headcount ratio (World Bank) (% of population)","SI.POV.MPWB","","","","","","","","","","","","","","","","","","","","","","","","","","","","","","","","","","","","","","","","","","","","","","","","","","","","","46.3","","","","44.1","","","","","","","","","",
"Ghana","GHA","Gini index","SI.POV.GINI","","","","","","","","","","","","","","","","","","","","","","","","","","","","35.3","36","","","38.4","","","","","","","40.1","","","","","","","42.8","","","","","","","42.4","","","","43.5","","","","","","","","","",
"Ghana","GHA","Income share held by lowest 10%","SI.DST.FRST.10","","","","","","","","","","","","","","","","","","","","","","","","","","","","2.8","2.9","","","2.6","","","","","","","2.2","","","","","","","1.9","","","","","","","2","","","","1.6","","","","","","","","","",
"Ghana","GHA","Income share held by fourth 20%","SI.DST.04TH.20","","","","","","","","","","","","","","","","","","","","","","","","","","","","22.3","22.1","","","21.7","","","","","","","22.7","","","","","","","21.7","","","","","","","21.9","","","","22.3","","","","","","","","","",
"Ghana","GHA","UHC service coverage sub-index on non-communicable diseases","SH_UHC_SCI_NCD","","","","","","","","","","","","","","","","","","","","","","","","","","","","","","","","","","","","","","","","","67","68","69","69","70","70","71","71","72","73","73","74","74","75","75","76","76","77","77","77","77","77","77","77","","",
"Ghana","GHA","Proportion of population pushed into poverty (based on the societal poverty line) due to out-of-pocket health expenditure (%)","SH_UHC_FH40_PUSHED","","","","","","","","","","","","","","","","","","","","","","","","","","","","","","","","0.72","","","","","","","1.67","","","","","","","0.95","","","","","","","0.58","","","","0.42","","","","","","","","","",
"Ghana","GHA","Proportion of population facing financial hardship due to out-of-pocket health expenditure (%)","SH_UHC_FH40","","","","","","","","","","","","","","","","","","","","","","","","","","","","","","","","54.39","","","","","","","66.84","","","","","","","42.28","","","","","","","24.62","","","","21.14","","","","","","","","","",
"Ghana","GHA","Out-of-pocket expenditure per capita, PPP (current international $)","SH.XPD.OOPC.PP.CD","","","","","","","","","","","","","","","","","","","","","","","","","","","","","","","","","","","","","","","","","16.6276645121932","17.0099675639331","17.4408736047372","22.5699167256935","23.5583505100545","25.2043838636746","44.6319077608764","52.5698341134363","58.153563089588","56.516126681492","63.3574569061179","66.0045346747542","72.504690088215","93.0945267463919","99.8287820422522","84.4389291291871","64.2601871431412","31.4821075378649","45.0452904449615","56.607187660592","63.6717237323125","67.5896782252305","66.3107634668429","62.5481260710659","","",
"Ghana","GHA","Domestic general government health expenditure per capita (current US$)","SH.XPD.GHED.PC.CD","","","","","","","","","","","","","","","","","","","","","","","","","","","","","","","","","","","","","","","","","4.59614791","5.4701222","4.77714885","8.32432277","9.45951182","20.67171981","22.20413707","25.29703945","27.98314076","30.60202202","40.31735702","48.36866992","41.26768981","42.62643601","27.52356634","27.44006111","24.8789485","32.82320018","30.11186253","43.11295258","55.53292191","51.34003029","45.63646943","44.42064925","","",
"Ghana","GHA","External health expenditure per capita, PPP (current international $)","SH.XPD.EHEX.PP.CD","","","","","","","","","","","","","","","","","","","","","","","","","","","","","","","","","","","","","","","","","1.11092661124356","3.84788611968999","11.6614516400209","9.67901740928418","16.8452840624933","21.1423484815787","21.6484869646876","18.0708698208199","17.1757607261896","22.0980222792056","24.9449105214914","24.0069033143666","16.9430104664512","39.6582245250413","34.7680414457149","58.7996869747813","21.7421209664204","20.3728301739748","10.5777290599628","17.0008663577868","48.1342014490232","37.742752086939","41.8825910590475","20.0068919694079","","",
"Ghana","GHA","Current health expenditure per capita (current US$)","SH.XPD.CHEX.PC.CD","","","","","","","","","","","","","","","","","","","","","","","","","","","","","","","","","","","","","","","","","10.46035767","12.15051079","14.30371571","18.96423721","23.57214928","38.51657486","49.34616852","57.34096527","63.45487595","62.44382095","80.6833725","91.70959473","81.96895599","105.34784698","78.46701813","78.21643066","64.86400604","54.10602188","53.37788773","71.14958191","97.37677765","94.40388489","82.32108307","70.25730896","","",
"Ghana","GHA","Tuberculosis case detection rate (%, all forms)","SH.TBS.DTEC.ZS","","","","","","","","","","","","","","","","","","","","","","","","","","","","","","","","","","","","","","","","","26","28","27","27","26","27","27","28","30","32","31","33","32","33","32","31","31","31","31","33","28","30","38","44","46","",
"Ghana","GHA","Prevalence of severe wasting, weight for height, female (% of children under 5)","SH.SVR.WAST.FE.ZS","","","","","","","","","","","","","","","","","","","","","","","","","","","","","1.4","","","","","3.7","","","","2","1.7","","","","","2.6","","","1.5","","2.4","","","0.9","","","0.6","","","1","","","","","0.9","","","",
"Ghana","GHA","Mortality rate attributed to unsafe water, unsafe sanitation and lack of hygiene (per 100,000 population)","SH.STA.WASH.P5","","","","","","","","","","","","","","","","","","","","","","","","","","","","","","","","","","","","","","","","","","","","","","","","","","","","","","","","","","","","25.2","","","","","","",
"Ghana","GHA","Suicide mortality rate, female (per 100,000 female population)","SH.STA.SUIC.FE.P5","","","","","","","","","","","","","","","","","","","","","","","","","","","","","","","","","","","","","","","","","1.23","1.29","1.36","1.38","1.44","1.46","1.49","1.51","1.65","1.79","1.86","2.01","2.08","2.19","2.28","2.35","2.44","2.52","2.34","2.25","2.13","2.34","","","","",
"Ghana","GHA","Prevalence of stunting, height for age, female (modeled estimate, % of children under 5)","SH.STA.STNT.ME.FE.ZS","","","","","","","","","","","","","","","","","","","","","","","","","","","","","","","","","","","","","","","","","30.3","29.8","29.3","28.7","27.9","27.2","26.4","25.4","24.3","23.2","22.1","21","20","19.1","18.4","17.7","17.1","16.5","15.8","15.2","14.6","14.2","14","13.9","13.8","",
"Ghana","GHA","People using safely managed sanitation services, urban (% of urban population)","SH.STA.SMSS.UR.ZS","","","","","","","","","","","","","","","","","","","","","","","","","","","","","","","","","","","","","","","","","6.25675433100668","6.28194923435382","6.86118440320953","7.43265020938036","7.9963466528663","8.55227373366736","9.10043145178354","9.64081980721483","10.173438799961","10.6982884300225","11.2153686973991","11.7246796020909","12.2262211440978","12.7199933234198","13.2059961400569","13.6842295940091","14.1546936852763","14.6173884138588","15.0723137797564","15.519469782969","15.9588564234968","16.3904737013397","16.8143216164978","17.2304001689708","17.6387093587591","",
"Ghana","GHA","Mortality rate attributed to unintentional poisoning (per 100,000 population)","SH.STA.POIS.P5","","","","","","","","","","","","","","","","","","","","","","","","","","","","","","","","","","","","","","","","","0.87","0.85","0.9","1.1","1.13","1.09","0.99","1.01","1.14","1.03","0.96","0.98","1.06","1.1","1.12","0.96","0.96","0.95","0.9","0.9","0.85","0.87","","","","",
"Ghana","GHA","Prevalence of overweight, weight for height, female (modeled estimate, % of children under 5)","SH.STA.OWGH.ME.FE.ZS","","","","","","","","","","","","","","","","","","","","","","","","","","","","","","","","","","","","","","","","","3.1","3.2","3.2","3.1","3.1","3","3","2.9","2.8","2.7","2.6","2.5","2.4","2.3","2.2","2.1","2","1.9","1.9","1.8","1.8","1.7","1.7","1.7","1.7","",
"Ghana","GHA","Diarrhea treatment (% of children under 5 receiving oral rehydration and continued feeding)","SH.STA.ORCF.ZS","","","","","","","","","","","","","","","","","","","","","","","","","","","","","39.5","","","","","","","","","","24.4","","","","","39.9","","","29","","44.6","","","43.9","","","41.5","","","","38.7","","","","","","","",
"Ghana","GHA","Maternal mortality ratio (national estimate, per 100,000 live births)","SH.STA.MMRT.NE","","","","","","","","","","","","","","","","","","","","","","","","","","","","","","","","","","","","","","","","","","","","","","","","","","","","","","","","","","","","","","","","","","",
"Ghana","GHA","Prevalence of underweight, weight for age, female (% of children under 5)","SH.STA.MALN.FE.ZS","","","","","","","","","","","","","","","","","","","","","","","","","","","","","22.1","","","","","23.5","","","","21.3","19.7","","","","","17","","","12.6","","12.8","","","11.3","","","11.7","","","11","","","","","10.1","","","",
"Ghana","GHA","Female genital mutilation prevalence (%)","SH.STA.FGMS.ZS","","","","","","","","","","","","","","","","","","","","","","","","","","","","","","","","","","","","","","","","","","","","5.4","","","","","","","","","","","","","","","2.4","","","","","","","",
"Ghana","GHA","Exclusive breastfeeding (% of children under 6 months)","SH.STA.BFED.ZS","","","","","","","","","","","","","","","","","","","","","","","","","","","","","2.2","","","","","","7.4","","","","31","31.5","","","","52.95799","","","54.94305","","62.10077","","","45.65849","","","52.0858","","","","42.90453","","","","","","","",
"Ghana","GHA","ARI treatment (% of children under 5 taken to a health provider)","SH.STA.ARIC.ZS","","","","","","","","","","","","","","","","","","","","","","","","","","","","","","","","","","","","","","","","","","","","44","","","34","","51","","","41.3","","","55.9","","","","55.5","","","","","","","",
"Ghana","GHA","Mortality rate attributed to household and ambient air pollution, age-standardized, female (per 100,000 female population)","SH.STA.AIRP.FE.P5","","","","","","","","","","","","","","","","","","","","","","","","","","","","","","","","","","","","","","","","","","","","","","","","","","","","","","","","","","","","159.9","","","","","","",
"Ghana","GHA","Prevalence of current tobacco use, males (% of male adults)","SH.PRV.SMOK.MA","","","","","","","","","","","","","","","","","","","","","","","","","","","","","","","","","","","","","","","","","13.7","","","","","11.5","","10.7","","","9.7","","","","","8.2","","","","","6.9","","6.4","6.2","6","",
"Ghana","GHA","Lifetime risk of maternal death (%)","SH.MMR.RISK.ZS","","","","","","","","","","","","","","","","","","","","","","","","","","5.27004244498757","5.06271271104037","4.83482237994034","4.55705455943177","4.31073057423084","4.11007761856813","3.92847453642533","3.72539687805803","3.53599131013532","3.30108009595131","3.02654373169751","2.76091234729074","2.5561812281973","2.38521244648072","2.23205635975018","2.16062685195049","2.07343260023911","1.9228011294951","1.77986342855913","1.71577417151548","1.6582848673125","1.60596198819451","1.53933239478264","1.52568514631306","1.46837518964694","1.44759127490757","1.42249839292727","1.39461583486318","1.33551302174857","1.22604947374157","1.18467146082795","1.09618586495885","1.01797315841988","0.959082553891053","0.887835683530389","0.848569615784383","0.87046728428489","0.775197810640793","0.750389173051613","","",
"Ghana","GHA","Use of insecticide-treated bed nets (% of under-5 population)","SH.MLR.NETS.ZS","","","","","","","","","","","","","","","","","","","","","","","","","","","","","","","","","","","","","","","","","","","","3.9","","","22","","38.7","","","39","","","46.6","","52.2","","48.6","54.1","","","","","","",
"Ghana","GHA","Nurses and midwives (per 1,000 people)","SH.MED.NUMW.P3","","","","","","","","","","","","","","","","","","","","","","","","","","","","","","","","","","","","","","","","","","","","","0.901","","","","0.942","1.159","1.032","","","","1.483","1.943","2.053","2.271","4.423","2.638","3.528","3.453","4.467","4.11","","",
"Ghana","GHA","Immunization, DPT (% of children ages 12-23 months)","SH.IMM.IDPT","","","","","","","","","","","","","","","","","","","","","7","22","23","23","19","22","35","42","47","51","58","60","62","66","70","70","71","71","76","79","88","79","78","80","80","84","84","94","93","94","94","91","92","90","98","89","93","99","97","97","94","98","99","95","95","",
"Ghana","GHA","Incidence of HIV, ages 15-24 (per 1,000 uninfected population ages 15-24)","SH.HIV.INCD.YG.P3","","","","","","","","","","","","","","","","","","","","","","","","","","","","","","","3","3.5","3.5","3.5","3.5","3.1","2.9","2.6","2.4","2.3","2.1","2","1.8","1.7","1.6","1.5","1.5","1.4","1.3","1.3","1.2","1.2","1.1","1.1","1.1","1.1","1.1","1","1","0.99","0.99","0.9","0.86","0.81","0.76","",
"Ghana","GHA","Children (ages 0-14) newly infected with HIV","SH.HIV.INCD.14","","","","","","","","","","","","","","","","","","","","","","","","","","","","","","","4400","5300","6000","6700","7100","7300","7500","7600","7800","7900","8000","7900","7800","7600","7400","7200","6900","5800","5200","5500","4900","4200","3900","4400","4000","4100","3700","3300","3000","2500","2300","2000","1900","1800","1200","",
"Ghana","GHA","Prevalence of HIV, female (% ages 15-24)","SH.HIV.1524.FE.ZS","","","","","","","","","","","","","","","","","","","","","","","","","","","","","","","1.3","1.6","1.8","2","2.1","2.1","2.1","2","2","1.9","1.7","1.6","1.5","1.4","1.4","1.3","1.3","1.2","1.2","1.2","1.2","1.1","1.1","1.1","1.1","1.1","1.1","1.1","1","1","1","1","1","0.9","0.9","",
"Ghana","GHA","People using safely managed drinking water services, rural (% of rural population)","SH.H2O.SMDW.RU.ZS","","","","","","","","","","","","","","","","","","","","","","","","","","","","","","","","","","","","","","","","","0.406247684270391","0.412147694155597","0.969262498020679","1.54193616132652","2.13016868407328","2.73396006626066","3.35331030788896","3.98821940895786","4.63868736946754","5.30471418941812","5.98629986880932","6.68344440764129","7.39614780591419","8.12441006362769","8.86823118078195","9.62761115737712","10.4025499934129","11.1930476888895","11.999104243807","12.8207196581651","13.6578939319639","14.5106270652037","15.378919057884","16.2627699100052","17.1621796215673","",
"Ghana","GHA","Demand for family planning satisfied by modern methods (% of married women with demand for family planning)","SH.FPL.SATM.ZS","","","","","","","","","","","","","","","","","","","","","","","","","","","","","","","","","","17.7","","","","","23.5","","","","","31.3","","","","","28","","","","","","39.2","","","","","","","","46.5","","","",
"Ghana","GHA","Mortality from CVD, cancer, diabetes or CRD between exact ages 30 and 70, female (%)","SH.DYN.NCOM.FE.ZS","","","","","","","","","","","","","","","","","","","","","","","","","","","","","","","","","","","","","","","","","23.8","24.4","24.3","24.4","24","23.7","23.6","23.6","23.3","23.2","22.8","22.4","21.9","21.4","21","20.7","20.5","20.1","19.9","19.6","19.5","19.7","","","","",
"Ghana","GHA","Prevalence of HIV, total (% of population ages 15-49)","SH.DYN.AIDS.ZS","","","","","","","","","","","","","","","","","","","","","","","","","","","","","","","1.3","1.6","1.9","2.1","2.3","2.4","2.5","2.6","2.6","2.6","2.6","2.5","2.4","2.4","2.3","2.2","2.1","2.1","2","2","1.9","1.9","1.9","1.9","1.8","1.8","1.8","1.7","1.7","1.7","1.6","1.6","1.6","1.5","1.5","",
"Ghana","GHA","Probability of dying among adolescents ages 10-14 years (per 1,000)","SH.DYN.1014","","","","","","","","","","","","","","","","","","","","","","","","","","","","","","","8.9","8.7","8.6","8.4","8.2","8.1","7.9","7.8","7.6","7.4","7.3","7.1","6.9","6.8","6.6","6.5","6.3","6.2","6","5.9","5.8","5.6","5.5","5.4","5.3","5.2","5.1","5.1","5","4.9","4.8","4.8","4.7","4.6","4.5","",
"Ghana","GHA","Cause of death, by non-communicable diseases (% of total)","SH.DTH.NCOM.ZS","","","","","","","","","","","","","","","","","","","","","","","","","","","","","","","","","","","","","","","","","29.7226348201144","","","","","","","","","","38.3071104646713","","","","","43.574639554118","","","","47.2607359033066","47.2521402358517","46.7923674926638","","","","",
"Ghana","GHA","Cause of death, by communicable diseases and maternal, prenatal and nutrition conditions (% of total)","SH.DTH.COMM.ZS","","","","","","","","","","","","","","","","","","","","","","","","","","","","","","","","","","","","","","","","","64.8564947132949","","","","","","","","","","54.9498601623797","","","","","48.953599665203","","","","45.0562793406133","44.1714629092787","43.1552099248308","","","","",
"Ghana","GHA","Number of deaths ages 5-9 years","SH.DTH.0509","","","","","","","","","","","","","","","","","","","","","","","","","","","","","","","7348","7362","7341","7260","7163","7071","6967","6851","6728","6592","6435","6263","6098","5946","5820","5729","5674","5631","5582","5514","5447","5378","5300","5226","5163","5100","5054","5031","5013","4989","4950","4881","4775","4640","4492","",
"Ghana","GHA","Prevalence of anemia among children (% of children ages 6-59 months)","SH.ANM.CHLD.ZS","","","","","","","","","","","","","","","","","","","","","","","","","","","","","","","","","","","","","","","","","76.4","76.2","76","75.7","75.3","74.8","74.2","73.5","72.6","71.7","70.5","69.4","68.4","67.5","66.5","65.4","64.1","62.6","61","59.5","","","","","","",
"Ghana","GHA","Total alcohol consumption per capita, female (liters of pure alcohol, projected estimates, female 15+ years of age)","SH.ALC.PCAP.FE.LI","","","","","","","","","","","","","","","","","","","","","","","","","","","","","","","","","","","","","","","","","2.16","2.16","2.14","2.11","2.06","2.05","1.91","1.94","1.95","2.17","2.17","2.11","2","2","2","1.96","1.83","1.77","1.75","1.75","1.63","","","","","",
"Ghana","GHA","Women who believe a husband is justified in beating his wife when she goes out without telling him (%)","SG.VAW.GOES.ZS","","","","","","","","","","","","","","","","","","","","","","","","","","","","","","","","","","","","","","","","","","","","34","","","","","22.3","","","","","","16.5","","","","","","","","9.8","","","",
"Ghana","GHA","Proportion of time spent on unpaid domestic and care work, male (% of 24 hour day)","SG.TIM.UWRK.MA","","","","","","","","","","","","","","","","","","","","","","","","","","","","","","","","","","","","","","","","","","","","","","","","","","","","","","","","","","","","","","","","","","",
"Ghana","GHA","Women participating in the three decisions (own health care, major household purchases, and visiting family) (% of women age 15-49)","SG.DMK.ALLD.FN.ZS","","","","","","","","","","","","","","","","","","","","","","","","","","","","","","","","","","","","","","","","","","","","39.7","","","","","49.2","","","","","","61.6","","","","","","","","55.6","","","",
"Ghana","GHA","Government expenditure per student, tertiary (% of GDP per capita)","SE.XPD.TERT.PC.ZS","","","","","","","","","","","","","","","","","","","","","","","","","","","","","","","","","","","","","","","","","","","","","","298.91431","216.88525","235.53867","184.35349","150.87295","","94.90392","133.37936","67.09234","55.54285","","","","","","","","","","","",
"Ghana","GHA","Government expenditure per student, primary (% of GDP per capita)","SE.XPD.PRIM.PC.ZS","","","","","","","","","","","","","","","","","","","","","","","","","","","","","","","","","","","","","","","","","","17.96058","","","23.75687","21.80533","13.87324","12.88503","12.94008","11.6387","","24.35381","17.22794","7.27847","6.44452","","","","","","","","","","","",
"Ghana","GHA","Current education expenditure, primary (% of total expenditure in primary public institutions)","SE.XPD.CPRM.ZS","","","","","","","","","","","","","","","","","","","","","","","","","","","","","","","","","","","","","","","","","","99.9940872192383","","","86.1145172119141","81.3457794189453","78.4870223999023","85.5967407226562","91.2130432128906","93.4485321044922","93.5351486206055","","95.9753570556641","93.1173400878906","93.0768432617188","","","","","","","","","","","",
"Ghana","GHA","School enrollment, tertiary (% gross)","SE.TER.ENRR","","","","","","","","","","","","0.74235999584198","0.766690015792847","0.821160018444061","0.929270029067993","0.961629986763","1.04252004623413","","","","","","1.35178005695343","","","","","","","","","0.910929977893829","1.05234003067017","1.25375998020172","1.28396999835968","","","","","","","","","","","5.35099983215332","4.7728099822998","5.92381000518799","7.91365003585815","8.29780006408691","","11.2824466895305","11.4938894891938","13.4205396326832","15.0809451652103","15.5618871637579","15.606270735823","16.2065694246062","15.9045597520982","17.3607250095097","18.6139938594155","19.2005186528071","20.44559258931","22.0958254757285","21.330810546875","",
"Ghana","GHA","Educational attainment, at least completed short-cycle tertiary, population 25+, female (%) (cumulative)","SE.TER.CUAT.ST.FE.ZS","","","","","","","","","","","","","","","","","","","","","","","","","","","","","","","","","","","","","","","","","2.28986903322334","","","","","","2.4714467455501","","","","1.71774005889893","","","4.73941225573749","","5.52455042063077","","5.80751400063276","","","","9.19256407188157","6.48365867220012","","","",
"Ghana","GHA","Educational attainment, Doctoral or equivalent, population 25+, total (%) (cumulative)","SE.TER.CUAT.DO.ZS","","","","","","","","","","","","","","","","","","","","","","","","","","","","","","","","","","","","","","","","","","","","","","","","","","","","","","","","","","","","","","0.18626754074191","0.0559459843557144","","","",
"Ghana","GHA","Educational attainment, at least Bachelor's or equivalent, population 25+, male (%) (cumulative)","SE.TER.CUAT.BA.MA.ZS","","","","","","","","","","","","","","","","","","","","","","","","","","","","","","","","","","","","","","","","","","","","","","","4.2023545000466","","","","4.29524301214386","","","8.15111564814333","","7.50256593702773","","5.3931097984314","","","","8.54524040222168","9.37862014770508","6.41714000701904","7.06575012207031","",
"Ghana","GHA","Net official flows from UN agencies, UNAIDS (current US$)","DT.NFL.UNAI.CD","","","","","","","","","","","","","","","","","","","","","","","","","","","","","","","","","","","","","","","","","","","","","","550000.011920929","289999.99165535","660000.026226044","430000.007152557","639999.985694885","800000.011920929","939999.997615814","588505.029678345","730325.996875763","576416.015625","835938.990116119","791979.014873505","743300.020694733","249109.998345375","805657.982826233","","","324932.008981705","301577.001810074","","",
"Ghana","GHA","Net financial flows, RDB concessional (NFL, current US$)","DT.NFL.RDBC.CD","","","","","","","","","","","","","","","","","","","","","","","3910193.5","4071228","5405210.3","18098254.9","15399461.7","13809484.9","18176711.8","2133131.5","5256001.7","5515246.5","29144192.6","21887056.1","18170009.1","18658986.8","17406902.1","32076657.8","13177023","14559451.1","706987","45269636.4","39143543.1","62775842","47946068.6","57291245.2","47188038.5","16543013.5","85912296.5","99638198.5","129957569.3","108971427.2","146076267.8","62140848.2","48830329.3","112102062.7","47263379.8","89941083.2","29732384.1","65248611.6","35512068.2","21741722.5","-2786242.7","-9630500.1","-13261065.6","",
"Ghana","GHA","PNG, bonds (NFL, current US$)","DT.NFL.PNGB.CD","","","","","","","","","","","","","","","","","","","","","","","","","","","","","","","","","","","","","250000000","","","","","","","-250000000","","","","","","","0","","","","253189000","","","1035080000","-647351000","344127000","-154119000","","","","","",
"Ghana","GHA","PPG, official creditors (NFL, US$)","DT.NFL.OFFT.CD","","","","","","","","","","","29319560.3","26549162.4","36757709.2","22395284.4","952583.7","11705469.5","19435388.2","70413706.9","52693705.2","100908415.8","184715625.1","78614448","57527167.1","62208047","43797199.4","93495899.6","221506155.4","257916377.5","301391574.6","306091808.9","314105619.4","353724019.5","308512079.1","299125103.6","244336921.1","311918663.3","415170965.2","332446656.8","297991045.5","176932399.2","180518879.7","308835987.1","178724788.6","237520201.2","305053294.3","357563404.3","319989393.6","387497798.7","548804976.2","695076332.4","929822253.1","949637022.6","1156169074","1092704814.2","1014114785","742025373","131429009.3","173052167.1","-159424934","2661046.4","239551298.6","591535365.1","1140472942.1","473753989","930984932.5","",
"Ghana","GHA","Net financial flows, IDA (NFL, current US$)","DT.NFL.MIDA.CD","","","","","","","","","","","3938000","3418000","6738000","2170000","7248000","9955000","12735000","22927000","11337000","3951000","4633000","11474000","14091000","16429000","48989000","61544000","167951000","192188000","203460000","166509000","199026000","196837000","167588000","201516000","171761000","234269000","233648000","225235000","244841000","198611000","178887000","158903000","88727000","190304000","218251000","290760000","257885000","230191000","256476000","239712000","308301000","411713000","253345000","300032000","296284000","474260000","235355000","322763000","75211000","87650000","308953000","315730000","305462000","509762000","843417000","",
"Ghana","GHA","Net official flows from UN agencies, ILO (current US$)","DT.NFL.ILOG.CD","","","","","","","","","","","","","","","","","","","","","","","","","","","","","","","","","","","","","","","","","","","","","","","","","","","","","362628.012895584","405557.990074158","964919.984340668","529240.012168884","346500.009298325","490709.990262985","719787.001609802","2922729.96902466","1207993.0305481","473500.01335144","301268.994808197","447104.007005692","","",
"Ghana","GHA","Net flows on external debt, private nonguaranteed (PNG) (NFL, current US$)","DT.NFL.DPNG.CD","","","","","","","","","","","","","","","","","","","","","","","","","","8165000","-2500000","-99000","2333000","1000000","0","1000000","1000000","2000000","-5000000","-5000000","244000000","-4000000","-4000000","-3000000","-3000000","-2000000","-2000000","-252000000","-1000000","750000000","1601742000","1640436000","1315905000","987076000","3261039000","1265296000","421307000","1575987000","-1336832000","557388000","2803642000","-2282647000","328320000","-6020305000","2727861000","2402979000","-3200978000","-2437547000","-1235121000","",
"Ghana","GHA","Present value of external debt (% of GNI)","DT.DOD.PVLX.GN.ZS","","","","","","","","","","","","","","","","","","","","","","","","","","","","","","","","","","","","","","","","","","","","","","","","","","","","","","","","","","","","","","","","","29.5804796159558","",
"Ghana","GHA","PPG, IDA (DOD, current US$)","DT.DOD.MIDA.CD","","","","","","","","","","","10602000","14020000","21718000","26314000","33562000","43516000","56251000","79178000","90515000","94466000","99099000","110574000","124665000","140940302.5","187699285.2","258975005.5","445983716","699700358","875801113.6","1029984953.8","1309551099.2","1521623769.3","1630878000","1837697000","2094208000","2374753000","2529833000","2617187000","2962409000","3099287000","3130098000","3172174000","3470835000","3949865000","4309295000","4233520000","815204000","1086767000","1329664000","1581025000","1868390000","2267331000","2523402000","2832215000","2946418000","3284863000","3414976000","3944951000","3925733000","3989482000","4477163000","4663478000","4746742000","5393107000","6372715000","",
"Ghana","GHA","Short-term debt (% of total reserves)","DT.DOD.DSTC.IR.ZS","","","","","","","","","","","11.9449393130918","12.3388149288604","15.6374034353848","13.2179237489102","9.02256554097419","3.94903425350563","2.7116390235837","123.513447013947","112.28015364567","50.7800814886063","39.6816627098534","106.624964509869","66.120662088392","31.8629131083607","55.5046209107245","34.480146854567","30.2946369191366","36.6554753183687","25.2016216090314","46.9603959486503","103.475911361487","61.0686443483918","100.68570038134","91.6433752595329","84.146287850634","77.2823926879822","70.2693619551185","109.676937887326","157.978517456077","134.291565421274","171.478453597023","122.021178538422","100.143800363139","51.5081035406496","31.4664407853746","40.6852621834311","52.082538396866","54.9680577920428","55.9289934940725","40.9321543175002","40.5558213721653","45.570753032473","44.693273650517","65.3346922382293","55.0371853388022","57.5369337918828","47.5787465869336","47.5080479430336","58.0225084094483","61.3591074306992","65.6115501564582","51.8494338998348","89.3888229438298","103.791772971925","58.5728956372942","",
"Ghana","GHA","External debt stocks, long-term (DOD, current US$)","DT.DOD.DLXF.CD","","","","","","","","","","","520982105","517190674.9","583681995.3","730780515.7","720912552.5","669588910.7","662772035","795457424.9","867019451.5","969561883","1162354407.7","1167436864.3","1200975790.6","1242002353.4","1205701990.9","1365332350.5","1792264304.2","2324946625","2290739632.3","2460368816.2","2816264458.4","3152584456.4","3354164182.9","3674755319.7","4188864911.4","4666092693.4","5246683702.6","5323195458.8","5914031065.4","5989170209.4","5839081309.8","6039523756.7","6554314417.6","6997114745.1","6126876425.9","6813177674","4624633943","6825762303.2","8672896936.1","10625307253.2","14955669148","17522084094","19290928884","23634967223.8","24335275278.8","26760507001.8","30703685486.8","28928183432.6","29940385173.5","26469006797","32510795922.6","38031054055.1","35830188655.2","34309389962.3","30131871934.2","",
"Ghana","GHA","Net ODA provided, total (constant 2023 US$)","DC.ODA.TOTL.KD","","","","","","","","","","","","","","","","","","","","","","","","","","","","","","","","","","","","","","","","","","","","","","","","","","","","","","","","","","","","","","","","","","",
"Ghana","GHA","Net ODA provided, to the least developed countries (current US$)","DC.ODA.TLDC.CD","","","","","","","","","","","","","","","","","","","","","","","","","","","","","","","","","","","","","","","","","","","","","","","","","","","","","","","","","","","","","","","","","","",
"Ghana","GHA","Net bilateral aid flows from DAC donors, Slovenia (current US$)","DC.DAC.SVNL.CD","","","","","","","","","","","","","","","","","","","","","","","","","","","","","","","","","","","","","","","","","","","","","","","","","9999.99977648258","19999.9995529652","","","","","","","","","","","44923.0000376701","88541.0010814667","","","","",
"Ghana","GHA","Net bilateral aid flows from DAC donors, New Zealand (current US$)","DC.DAC.NZLL.CD","","","","","","","","","","","","","9999.99977648258","9999.99977648258","19999.9995529652","9999.99977648258","","","","","","","","19999.9995529652","","","","","","9999.99977648258","29999.9993294477","9999.99977648258","29999.9993294477","","59999.9986588955","129999.995231628","90000.0035762787","170000.001788139","70000.0002980232","189999.997615814","109999.999403954","19999.9995529652","79999.9982118607","59999.9986588955","70000.0002980232","119999.997317791","170000.001788139","119999.997317791","189999.997615814","170000.001788139","159999.996423721","400000.005960464","200000.002980232","180000.007152557","109999.999403954","319999.992847443","469999.998807907","379999.995231628","219021.007418633","227426.007390022","432913.988828659","304186.999797821","75337.0001912117","24753.000587225","","",
"Ghana","GHA","Net bilateral aid flows from DAC donors, Lithuania (current US$)","DC.DAC.LTUL.CD","","","","","","","","","","","","","","","","","","","","","","","","","","","","","","","","","","","","","","","","","","","","","","","","","","","","","","","","","","","1521.00005652755","","3534.9999088794","4375.00001862645","25522.9994654655","5388.00004869699","","",
"Ghana","GHA","Net bilateral aid flows from DAC donors, Iceland (current US$)","DC.DAC.ISLL.CD","","","","","","","","","","","","","","","","","","","","","","","","","","","","","","","","","","","","","","","","","","","","","","","","","","","","","","","","","","","","","7383.99988040328","","","7249.00001659989","","",
"Ghana","GHA","Prevalence of severe wasting, weight for height, male (% of children under 5)","SH.SVR.WAST.MA.ZS","","","","","","","","","","","","","","","","","","","","","","","","","","","","","2.8","","","","","4.3","","","","2.4","3.3","","","","","3","","","2","","2.5","","","1.9","","","0.8","","","1.3","","","","","1.4","","","",
"Ghana","GHA","Prevalence of wasting, weight for height, female (% of children under 5)","SH.STA.WAST.FE.ZS","","","","","","","","","","","","","","","","","","","","","","","","","","","","","7.9","","","","","11.3","","","","7.3","8.7","","","","","8.3","","","5.2","","7.9","","","5.2","","","5.1","","","5.9","","","","","5","","","",
"Ghana","GHA","Suicide mortality rate, male (per 100,000 male population)","SH.STA.SUIC.MA.P5","","","","","","","","","","","","","","","","","","","","","","","","","","","","","","","","","","","","","","","","","5.61","6.04","6.42","6.91","7.34","7.49","7.62","7.48","7.96","8.52","8.54","8.73","8.67","8.69","8.64","8.62","8.53","8.54","8.35","8.33","8.02","8.3","","","","",
"Ghana","GHA","Prevalence of stunting, height for age, male (modeled estimate, % of children under 5)","SH.STA.STNT.ME.MA.ZS","","","","","","","","","","","","","","","","","","","","","","","","","","","","","","","","","","","","","","","","","35.2","34.8","34.3","33.6","32.9","32.1","31.2","30.2","29.1","27.9","26.7","25.5","24.4","23.4","22.6","21.8","21.1","20.4","19.6","18.9","18.3","17.7","17.4","17.3","17.3","",
"Ghana","GHA","People using safely managed sanitation services (% of population)","SH.STA.SMSS.ZS","","","","","","","","","","","","","","","","","","","","","","","","","","","","","","","","","","","","","","","","","3.68494664176414","3.74174428862524","4.37611413728829","5.01636801919185","5.66201426614635","6.31196867059946","6.96437716790494","7.61999769474276","8.27831120578133","8.93869199269448","9.60077155464894","10.2639291223638","10.9276327928064","11.5913396426526","12.2545793305552","12.9168867884606","13.5778028059884","14.2368662365624","14.8936444724687","15.5477113866954","16.1986589753178","16.8460883413345","17.4896119230472","18.128875502548","18.763531148516","",
"Ghana","GHA","Mortality rate attributed to unintentional poisoning, female (per 100,000 female population)","SH.STA.POIS.P5.FE","","","","","","","","","","","","","","","","","","","","","","","","","","","","","","","","","","","","","","","","","0.75","0.71","0.75","0.95","0.97","0.92","0.8","0.81","0.95","0.82","0.75","0.77","0.87","0.91","0.95","0.77","0.78","0.78","0.74","0.74","0.71","0.75","","","","",
"Ghana","GHA","Prevalence of overweight, weight for height, male (modeled estimate, % of children under 5)","SH.STA.OWGH.ME.MA.ZS","","","","","","","","","","","","","","","","","","","","","","","","","","","","","","","","","","","","","","","","","3.6","3.6","3.6","3.6","3.6","3.5","3.4","3.3","3.2","3.1","3","2.8","2.7","2.6","2.5","2.4","2.3","2.2","2.1","2.1","2","2","2","1.9","1.9","",
"Ghana","GHA","Diarrhea treatment (% of children under 5 who received ORS packet)","SH.STA.ORTH","","","","","","","","","","","","","","","","","","","","","","","","","","","3","36","33.5","21","","","","28.5","28.5","","","","29.2","29.2","","","","38.6","","","28.8","","44.5","","","35","","","48.6","","","","47.8","","","","","","","",
"Ghana","GHA","People practicing open defecation, rural (% of rural population)","SH.STA.ODFC.RU.ZS","","","","","","","","","","","","","","","","","","","","","","","","","","","","","","","","","","","","","","","","","30.2766766043791","30.2966241845099","30.3165717646407","30.3365193447714","30.3564669249022","30.3764145050329","30.3963620851637","30.4163096652944","30.4362572454252","30.4562048255559","30.4761524056867","30.4960999858175","30.5160475659482","30.535995146079","30.5559427262097","30.5758903063405","30.5958378864712","30.615785466602","30.6357330467327","30.6556806268635","30.6756282069943","30.695575787125","30.7155233672558","30.7354709473865","30.7554185275173","",
"Ghana","GHA","Prevalence of underweight, weight for age, male (% of children under 5)","SH.STA.MALN.MA.ZS","","","","","","","","","","","","","","","","","","","","","","","","","","","","","23.6","","","","","26.6","","","","23","20.5","","","","","21","","","15.2","","15.9","","","15.4","","","10.7","","","14.1","","","","","13.8","","","",
"Ghana","GHA","People with basic handwashing facilities including soap and water, rural (% of rural population)","SH.STA.HYGN.RU.ZS","","","","","","","","","","","","","","","","","","","","","","","","","","","","","","","","","","","","","","","","","","","","","","","","","","","","36.46538534002","36.46538534002","36.46538534002","36.46538534002","36.46538534002","35.8923369622276","35.3192885844348","34.7462402066424","34.1731918288499","33.6001434510574","33.027095073265","32.4540466954725","31.88099831768","31.3079499398875","",
"Ghana","GHA","Births attended by skilled health staff (% of total)","SH.STA.BRTC.ZS","","","","","","","","","","","","","","","","","","","","","","","","","","","","","40.1","","","","","43.8","43.8","","","","44.3","44.3","","","","47.1","","","49.7","55.2","54.7","","","67.2","","","70.8","","","78.1","78.9","","","","","","","",
"Ghana","GHA","People using at least basic sanitation services, rural (% of rural population)","SH.STA.BASS.RU.ZS","","","","","","","","","","","","","","","","","","","","","","","","","","","","","","","","","","","","","","","","","1.91599314924694","1.94505267450236","2.65790894830898","3.39089660966951","4.14401565858372","4.91726609505203","5.71064791907423","6.52416113065029","7.35780572978007","8.2115817164639","9.08548909070167","9.97952785249332","10.8936980018386","11.827999538738","12.7824324631913","13.7569967751985","14.7516924747596","15.7665195618744","16.8014780365432","17.856567898766","18.9317891485426","20.0271417858729","21.1426258107573","22.2782412231957","23.4339880231879","",
"Ghana","GHA","Mortality rate attributed to household and ambient air pollution, age-standardized, male (per 100,000 male population)","SH.STA.AIRP.MA.P5","","","","","","","","","","","","","","","","","","","","","","","","","","","","","","","","","","","","","","","","","","","","","","","","","","","","","","","","","","","","231.5","","","","","","",
"Ghana","GHA","Risk of catastrophic expenditure for surgical care (% of people at risk)","SH.SGR.CRSK.ZS","","","","","","","","","","","","","","","","","","","","","","","","","","","","","","","","","","","","","","","","","","","","53.5","49.2","37.5","31.3","28.9","24.3","11.9","14.4","11.5","19.9","9.3","13.9","","19.9","21.1","18.4","15.3","5.5","5","9.1","","","",
"Ghana","GHA","Prevalence of anemia among pregnant women (%)","SH.PRG.ANEM","","","","","","","","","","","","","","","","","","","","","","","","","","","","","","","","","","","","","","","","","54.1","53.8","53.6","53.3","53","52.6","52.2","51.7","51.1","50.5","49.9","49.2","48.6","48.1","47.5","47.1","46.7","46.3","46","45.7","45.4","45.2","45.2","45.3","","",
"Ghana","GHA","Children with fever receiving antimalarial drugs (% of children under age 5 with fever)","SH.MLR.TRET.ZS","","","","","","","","","","","","","","","","","","","","","","","","","","","","","","","","","","","","","","","61","","61","","","62.8","","","61","","43","","","52.6","","","48.5","","50.1","","","45.9","","","","","","",
"Ghana","GHA","Physicians (per 1,000 people)","SH.MED.PHYS.ZS","0.047","","","","","0.073","","","","","0.078","","","","","0.078","","","","","","","","","0.067","","","0.049","","0.043","","","","","","","0.062","","","","","","0.09","","0.148","","","0.07","0.077","0.082","0.091","0.095","0.093","0.1","0.108","0.114","0.123","0.089","0.144","0.104","0.166","0.128","0.143","0.266","","",
"Ghana","GHA","Immunization, measles (% of children ages 12-23 months)","SH.IMM.MEAS","","","","","","","","","","","","","","","","","","","","","16","23","21","16","10","21","31","51","59","65","61","63","64","66","68","70","71","73","78","81","90","78","78","80","83","83","85","95","86","93","93","91","89","89","92","89","89","95","92","92","88","94","95","90","90","",
"Ghana","GHA","Incidence of HIV, ages 15-49 (per 1,000 uninfected population ages 15-49)","SH.HIV.INCD.ZS","","","","","","","","","","","","","","","","","","","","","","","","","","","","","","","3.5","4","4","4","3.9","3.5","3.3","3","2.8","2.6","2.4","2.2","2","1.9","1.8","1.7","1.6","1.5","1.5","1.4","1.4","1.3","1.2","1.2","1.2","1.2","1.1","1.1","1.1","1.1","1","0.95","0.9","0.85","0.79","",
"Ghana","GHA","Adults (ages 15+) and children (ages 0-14) newly infected with HIV","SH.HIV.INCD.TL","","","","","","","","","","","","","","","","","","","","","","","","","","","","","","","29000","34000","35000","37000","37000","35000","34000","33000","32000","31000","30000","29000","28000","27000","26000","26000","25000","24000","23000","23000","22000","21000","21000","21000","21000","21000","20000","20000","19000","19000","19000","18000","17000","17000","15000","",
"Ghana","GHA","Prevalence of HIV, male (% ages 15-24)","SH.HIV.1524.MA.ZS","","","","","","","","","","","","","","","","","","","","","","","","","","","","","","","0.4","0.4","0.5","0.5","0.5","0.5","0.5","0.4","0.4","0.4","0.4","0.4","0.3","0.3","0.3","0.3","0.3","0.3","0.4","0.4","0.4","0.4","0.4","0.4","0.4","0.4","0.4","0.4","0.4","0.4","0.4","0.3","0.3","0.3","0.3","",
"Ghana","GHA","People using safely managed drinking water services, urban (% of urban population)","SH.H2O.SMDW.UR.ZS","","","","","","","","","","","","","","","","","","","","","","","","","","","","","","","","","","","","","","","","","32.1742500894818","32.3033610882581","33.4314362347082","34.567464969062","35.7114472913205","36.8633832014828","38.0232726995498","39.1911157855205","40.366912459396","41.5506627211752","42.742366570859","43.9420240084467","45.1496350339391","46.3651996473352","47.588717848636","48.8201896378406","50.0596150149498","51.3069939799629","52.5623265328806","53.825612673702","55.0968524024283","56.3760457190582","57.6631926235928","58.9350712638095","60.2323296496847","",
"Ghana","GHA","People using at least basic drinking water services, rural (% of rural population)","SH.H2O.BASW.RU.ZS","","","","","","","","","","","","","","","","","","","","","","","","","","","","","","","","","","","","","","","","","53.8907865914183","54.6734524032417","55.5755675675946","56.4810543680256","57.3899128045351","58.3021428771229","59.2177445857892","60.1367179305337","61.0590629113566","61.9847795282576","62.9138677812372","63.8463276702951","64.7821591954313","65.7213623566459","66.6639371539388","67.6098835873099","68.5592016567595","69.5118913622874","70.4679527038937","71.4273856815783","72.3901902953413","73.3563665451824","74.3259144311019","75.2988339530999","76.2751251111762","",
"Ghana","GHA","Mortality from CVD, cancer, diabetes or CRD between exact ages 30 and 70, male (%)","SH.DYN.NCOM.MA.ZS","","","","","","","","","","","","","","","","","","","","","","","","","","","","","","","","","","","","","","","","","25.3","25.9","26.2","26.5","26.7","26.9","27.2","27.5","28","28.5","28.4","28.6","28.4","28.3","28","27.8","27.6","27.3","26.7","26.3","26.3","24.9","","","","",
"Ghana","GHA","Mortality rate, under-5 (per 1,000 live births)","SH.DYN.MORT","209","206.9","205.2","204.1","203.2","202.8","202.7","203","203.3","203.4","202.8","201.5","199.2","195.9","191.8","187.1","182.2","177.5","173.4","170.2","168.1","166.6","164.9","162.8","159.7","155.3","150.1","144.3","138.4","132.7","127.6","123.5","120.2","117.8","116","114.4","112.5","110.3","107.4","103.9","99.9","95.8","91.9","88.2","85","82","79.1","76.2","73.1","69.8","66.5","63.3","60.3","57.5","54.9","52.5","50.3","48.2","46.1","44.1","42.2","40.3","38.6","37.2","35.9","",
"Ghana","GHA","Probability of dying among adolescents ages 15-19 years (per 1,000)","SH.DYN.1519","","","","","","","","","","","","","","","","","","","","","","","","","","","","","","","12.2","11.8","11.3","10.9","10.4","10","9.6","9.3","9.1","8.9","8.8","8.8","8.8","8.8","8.7","8.7","8.6","8.5","8.4","8.3","8.2","8.1","8","7.9","7.8","7.7","7.5","7.4","7.2","7","6.8","6.7","6.5","6.4","6.2","",
"Ghana","GHA","Number of neonatal deaths","SH.DTH.NMRT","","","","","","","23476","23986","24455","25092","25520","25833","25991","26089","26096","26044","25978","26096","26323","26730","27215","27505","27646","27827","27970","27759","27532","27214","26734","26358","26172","25947","25706","25514","25111","24814","24381","24340","24336","24467","24768","24701","24592","24481","24376","24736","24661","24432","24281","24189","24134","23908","23533","23036","22275","21694","20763","19623","18942","18325","17796","17349","16930","16603","16118","",
"Ghana","GHA","Number of infant deaths","SH.DTH.IMRT","41479","42007","42499","42935","43295","43729","44248","44964","45812","46717","47417","47754","47711","47353","46797","46063","45339","44816","44720","45073","45957","46938","47711","48441","49065","49030","48408","47515","46353","45228","44432","43915","43510","43307","43055","42791","42500","42333","42341","42314","42352","42094","41485","40915","40377","40288","40112","39395","38589","37862","37323","36827","36180","35443","34469","33475","32345","30809","29471","28453","27504","26569","25733","25022","24393","",
"Ghana","GHA","Number of deaths ages 10-14 years","SH.DTH.1014","","","","","","","","","","","","","","","","","","","","","","","","","","","","","","","3531","3553","3578","3613","3628","3650","3691","3709","3700","3678","3663","3649","3628","3600","3563","3517","3463","3411","3365","3338","3334","3350","3378","3406","3428","3446","3462","3478","3485","3494","3505","3520","3545","3564","3565","",
"Ghana","GHA","Prevalence of anemia among non-pregnant women (% of women ages 15-49)","SH.ANM.NPRG.ZS","","","","","","","","","","","","","","","","","","","","","","","","","","","","","","","","","","","","","","","","","46.4","46.1","45.8","45.6","45.5","45.2","44.9","44.5","43.9","43.1","42.3","41.5","40.7","39.9","39.2","38.4","37.8","37.1","36.6","36.1","35.7","35.5","35.3","35.3","","",
"Ghana","GHA","Total alcohol consumption per capita (liters of pure alcohol, projected estimates, 15+ years of age)","SH.ALC.PCAP.LI","","","","","","","","","","","","","","","","","","","","","","","","","","","","","","","","","","","","","","","","","5.32","5.32","5.29","5.22","5.12","5.11","4.8","4.88","4.91","5.44","5.45","5.31","5.07","5.08","5.1","5.01","4.71","4.58","4.55","4.55","4.26","","","","","",
"Ghana","GHA","Women who believe a husband is justified in beating his wife when she neglects the children (%)","SG.VAW.NEGL.ZS","","","","","","","","","","","","","","","","","","","","","","","","","","","","","","","","","","","","","","","","","","","","37.1","","","","","26.3","","","","","","20.9","","","","","","","","12.8","","","",
"Ghana","GHA","Proportion of women subjected to physical and/or sexual violence in the last 12 months (% of ever-partnered women ages 15-49)","SG.VAW.1549.ZS","","","","","","","","","","","","","","","","","","","","","","","","","","","","","","","","","","","","","","","","","","","","","","","","","19.2","","","","","","","","","","","","","","","","","",
"Ghana","GHA","Women making their own informed decisions regarding sexual relations, contraceptive use and reproductive health care (% of women age 15-49)","SG.DMK.SRCR.FN.ZS","","","","","","","","","","","","","","","","","","","","","","","","","","","","","","","","","","","","","","","","","","","","","","","","","54.1","","","","","","52","","","","","","","","51.7","","","",
"Ghana","GHA","Expenditure on tertiary education (% of government expenditure on education)","SE.XPD.TERT.ZS","","","","","","","","","","","","27.00304","25.76102","","19.78773","19.94042","16.03185","15.2477","","2.2725","","1.82328","2.16217","","","","2.09448","15.2789","11.72626","","","","","","","","","","","","","14.19508","","","19.5374","22.0727","20.30182","26.01762","25.8532","23.87346","25.9484","13.12625","18.5205","19.4198","18.26524","","","","","","","","","","","",
"Ghana","GHA","Expenditure on primary education (% of government expenditure on education)","SE.XPD.PRIM.ZS","","","","","","","","","","","","34.67673","33.15013","","38.91146","36.85681","19.39228","19.57122","","27.12056","27.97924","27.76589","32.45994","","","","33.08268","27.3269","25.7327","","","","","","","","","","","","","41.53529","","","39.70232","39.45372","36.89679","34.22735","34.57418","33.13483","30.86661","45.48806","32.30511","24.37899","21.69728","","","","","","","","","","","",
"Ghana","GHA","Current education expenditure, secondary (% of total expenditure in secondary public institutions)","SE.XPD.CSEC.ZS","","","","","","","","","","","","","","","","","","","","","","","","","","","","","","","","","","","","","","","","","","99.6174697875977","","","90.3126831054688","89.8430404663086","81.2561416625977","74.5921325683594","86.713996887207","91.0606918334961","78.4609909057617","","93.8780975341797","95.0647583007812","96.463752746582","","","","","","","","","","","",
"Ghana","GHA","School enrollment, tertiary, female (% gross)","SE.TER.ENRR.FE","","","","","","","","","","","","0.205550000071526","0.20558999478817","0.235520005226135","0.298599988222122","0.39274999499321","0.333059996366501","","","","","","0.559729993343353","","","","","","","","","0.414130002260208","0.487720012664795","0.484510004520416","0.59290999174118","","","","","","","","","","","3.7736599445343","3.24600005149841","4.09826993942261","4.8115701675415","6.24880981445312","","8.48003259649343","8.75844559025083","10.3621759839783","11.9424942782794","12.5817971122044","12.8493690342004","13.3994663540674","13.562605653899","15.6756879343967","17.4008637702892","18.3007179396347","19.8132398315937","21.6757346417755","21.5873107910156","",
"Ghana","GHA","Educational attainment, at least completed short-cycle tertiary, population 25+, male (%) (cumulative)","SE.TER.CUAT.ST.MA.ZS","","","","","","","","","","","","","","","","","","","","","","","","","","","","","","","","","","","","","","","","","4.68074672070188","","","","","","6.29608880261119","","","","4.73079013824463","","","10.218664397237","","12.9680429328231","","11.1260498629401","","","","15.9909474578154","12.6913595420725","","","",
"Ghana","GHA","Educational attainment, at least Master's or equivalent, population 25+, female (%) (cumulative)","SE.TER.CUAT.MS.FE.ZS","","","","","","","","","","","","","","","","","","","","","","","","","","","","","","","","","","","","","","","","","","","","","","","","","","","0.221145784133888","","","","","","","0.514864070353742","","","","0.894366742452504","0.512775231410953","","","",
"Ghana","GHA","Educational attainment, at least Bachelor's or equivalent, population 25+, total (%) (cumulative)","SE.TER.CUAT.BA.ZS","","","","","","","","","","","","","","","","","","","","","","","","","","","","","","","","","","","","","","","","","","","","","","","2.49016015963301","","","","2.82865051378303","","","5.4079714480272","","4.72734213529136","","3.49149990081787","","","","6.5842399597168","6.28955984115601","4.52971982955933","5.17058992385864","",
"Ghana","GHA","Educational attainment, at least Master's or equivalent, population 25+, male (%) (cumulative)","SE.TER.CUAT.MS.MA.ZS","","","","","","","","","","","","","","","","","","","","","","","","","","","","","","","","","","","","","","","","","","","","","","","0.401258733590319","","","","0.821686042533604","","","0.930767089851594","","1.3791222968071","","1.56141597211458","","","","2.1465543875456","1.59930298593746","","","",
"Ghana","GHA","Educational attainment, Doctoral or equivalent, population 25+, female (%) (cumulative)","SE.TER.CUAT.DO.FE.ZS","","","","","","","","","","","","","","","","","","","","","","","","","","","","","","","","","","","","","","","","","","","","","","","","","","","","","","","","","","","","","","0.0839040734301421","","","","",
"Ghana","GHA","Adolescents out of school (% of lower secondary school age)","SE.SEC.UNER.LO.ZS","","","","","","","","","","","","","","","","","","","","","","","","","","","","","","","","","","","","","","","","43.1733016967773","40.7722282409668","41.5430297851562","37.1158218383789","37.5978012084961","","25.5567092895508","20.2260208129883","23.2057704925537","19.9648990631104","18.9311599731445","","","","12.6038999557495","16.7282815408011","12.7481203079224","15.4871025286324","16.0173384693426","19.7089704810611","15.1511089652232","12.2922829492842","7.56565999984741","","","5.16796016693115","",
"Ghana","GHA","Secondary education, teachers, female","SE.SEC.TCHR.FE","","","","","","","","","","","","","","","4808","4988","5443","6626","6453","7088","6708","6656","7159","7497","7557","","9615","12417","12508","","9850","","","","","","","","","11602","12324","12595","12601","11585","13913","11097","25891","21614","21859","22075","27131","27807","30501","32596","34876","35824","36706","40467","42110","47578","54906","51676","","","54230","",
"Ghana","GHA","Trained teachers in upper secondary education, male (% of male teachers)","SE.SEC.TCAQ.UP.MA.ZS","","","","","","","","","","","","","","","","","","","","","","","","","","","","","","","","","","","","","","","","42.6404190063477","46.9626388549805","52.7859916687012","52.7889518737793","","","","73.145149230957","84.321533203125","78.5229187011719","83.4334411621094","81.4254593283735","81.4238755712339","77.6486350695026","80.7827727129833","80.3923943320819","81.8652083949158","85.2670524618158","90.9472563859981","87.1785162962747","84.5127648017382","","80.6722174605118","","","","",
"Ghana","GHA","Trained teachers in lower secondary education, male (% of male teachers)","SE.SEC.TCAQ.LO.MA.ZS","","","","","","","","","","","","","","","","","","","","","","","","","","","","","","","","","","","","","","","","79.2752838134766","76.4922866821289","74.7416229248047","75.4017715454102","70.0354614257812","76.3506317138672","66.8868103027344","79.2685394287109","62.8709487915039","59.8943214416504","59.3993110656738","60.8369522305566","60.8361542040332","89.3586142322097","64.4034155814485","64.2110152621102","65.9295531978288","67.3945253641386","66.8250180115274","70.0927161079079","71.1740942201864","75.5190846853606","74.0876487329476","","","","",
"Ghana","GHA","Progression to secondary school, male (%)","SE.SEC.PROG.MA.ZS","","","","","","","","","","","","92.22114","","100","","","","","","","","","","","","","","","","","","","","","","","","","","96.50351","84.88399","96.26083","90.88401","100","95.34403","95.6395","","99.86642","94.29074","","","93.00592","100","88.14497","97.94108","","92.84178","92.6668","","","","","","","","",
"Ghana","GHA","School enrollment, secondary, female (% net)","SE.SEC.NENR.FE","","","","","","","","","","","","","","","","","","","","","","","","","","","","","","","","","","","","","","","","28.82961","29.31743","28.19991","29.69717","30.71382","","33.88762","35.51335","40.95638","41.85518","40.67466","","","","51.31482","51.3943","55.00608","55.50014","55.81603","58.78122","57.88249","","","","","","",
"Ghana","GHA","School enrollment, secondary (% gross)","SE.SEC.ENRR","","","","","","","","","","","","41.2566719055176","","37.7664794921875","34.6358184814453","32.7644882202148","32.1391296386719","31.7534198760986","31.2852993011475","31.2207202911377","32.4118003845215","33.2023887634277","32.4906997680664","33.4504203796387","34.1676483154297","33.6412200927734","34.3852691650391","34.5608787536621","36.7949295043945","33.3457908630371","33.9981918334961","","","","","33.2568283081055","","","","32.4872817993164","32.5775909423828","30.9433898925781","32.267578125","33.6547889709473","36.1445503234863","38.1276893615723","39.8474884033203","43.759521484375","46.0595817565918","47.9277191162109","","55.6069297790527","56.7326017795109","68.1991424560547","63.974569978053","67.0486566518056","67.2644101341977","66.6359450193038","68.2222557975165","71.1877006008423","74.0102186341371","76.2084742091088","77.8168696801948","","75.7174682617188","",
"Ghana","GHA","Pupil-teacher ratio, secondary","SE.SEC.ENRL.TC.ZS","","","","","","","","","","","","","","","24.4764","23.58012","22.11359","21.32694","20.1388","19.29178","20.93086","21.91045","21.55949","20.81795","20.85693","21.54203","20.9166","17.16886","16.12501","17.46435","18.19238","","","","","","","","","19.61644","19.1357","18.56743","18.60132","17.68225","18.78948","18.80186","17.36505","17.68342","17.41128","18.27545","","18.66661","17.8712","17.52991","15.81591","16.61254","16.97562","15.63675","16.01642","15.17269","","","","","","",
"Ghana","GHA","Secondary education, pupils (% female)","SE.SEC.ENRL.FE.ZS","","","","","","","","","","","","37.85088","","39.02273","38.59582","38.66321","38.25084","37.99722","38.38977","38.14033","38.6299","37.95623","38.29591","37.53675","37.37987","37.62567","","40.2263","39.15037","39.14087","39.05051","","","","","41.16859","","","","43.63663","43.99517","44.67201","44.90109","45.00833","44.5126","44.51634","44.89941","45.70736","45.94317","45.8274","","46.3113","46.29761","46.62042","47.35436","47.60539","48.08399","48.24081","48.54687","48.88477","","","","","","",
"Ghana","GHA","Educational attainment, at least completed upper secondary, population 25+, male (%) (cumulative)","SE.SEC.CUAT.UP.MA.ZS","","","","","","","","","","","6.44427013397217","","","","","","","","","","","","","","","","","","","","","","","","","","","","","","22.8559264488731","","","","","","18.1422656892332","","","","27.2401103973389","","","25.6704580430723","","29.4446642575753","","21.3854694366455","","","","29.8283500671387","30.8317699432373","29.4519004821777","28.8748893737793","",
"Ghana","GHA","Educational attainment, at least completed post-secondary, population 25+, female (%) (cumulative)","SE.SEC.CUAT.PO.FE.ZS","","","","","","","","","","","0.100000001490116","","","","","","","","","","","","","","","","","","","","","","","","","","","","","","","","","","","","2.4714467455501","","","","8.0715503692627","","","4.73941225573749","","7.39826342052173","","6.99804533264905","","","","11.6354959279776","7.22416623946563","","","",
"Ghana","GHA","Lower secondary completion rate, total (% of relevant age group)","SE.SEC.CMPT.LO.ZS","","","","","","","","","","","","46.201000213623","47.035758972168","","47.932258605957","47.01123046875","","","","","","","","","","","","","","40.5513496398926","","53.9194297790527","55.1906890869141","","","","","","","48.502311706543","49.5279808044434","46.338550567627","50.5621299743652","48.4571914672852","50.0574684143066","52.8877983093262","","","61.5387687683105","69.0041809082031","","65.9816252426884","64.7573059034543","67.4225181476846","65.5363419645989","72.0748916208592","","70.1976355972722","74.4140582548184","74.750090054528","","","","","85.1122970581055","",
"Ghana","GHA","Children out of school (% of primary school age)","SE.PRM.UNER.ZS","","","","","","","","","","","","","","","","","","","","","","","","","","","","","","","","","","","","","","","","42.5304985046387","34.4790916442871","39.5224685668945","35.2796211242676","35.2729797363281","","29.2638492584229","26.8155899047852","21.6305999755859","16.5170497894287","16.9132099151611","","11.2846919322893","13.300734156805","","9.497733186379","","0.242064536944613","6.84285514537015","8.17129370301409","5.51481162263524","10.5618275440431","9.94091987609863","","","4.76691007614136","",
"Ghana","GHA","Children out of school, primary, female","SE.PRM.UNER.FE","","","","","","","","","","","","","","","","","","","","","","","","","","","","","","","","","","","","","","","","688955","571377","651689","589540","588994","","508725","459643","384252","302760","319132","","297742.003173828","299163.021240234","","208011.007080078","","","157392.008544922","193991.016845703","136729.006103516","244040.979980469","427902","","","99325","",
"Ghana","GHA","Adjusted net enrollment rate, primary (% of primary school age children)","SE.PRM.TENR","","","","","","","","","","","","","","","","","","","","","","","","","","","","","","","","","","","","","","","","59.79537","67.9238","62.47613","66.49101","65.83247","","70.60912","72.72937","78.03132","83.63321","84.10467","","92.02687","91.21756","","","","","85.74174","85.00771","86.69982","","","","","","",
"Ghana","GHA","Trained teachers in primary education, male (% of male teachers)","SE.PRM.TCAQ.MA.ZS","","","","","","","","","","","","","","","","","","","","","","","","","","","","","","","","","","","","","","","","64.0047378540039","60.4623107910156","59.3701515197754","56.6631317138672","52.1689414978027","57.6528091430664","48.9030113220215","61.1319694519043","44.5226898193359","39.5192604064941","38.0867309570312","41.5596258565436","41.5599430807542","44.1992069704475","46.0646508333023","45.5085638530829","48.3525545123632","50.2257651576865","50.6406146537318","56.5471013724201","58.3317732709308","64.6890351643657","64.1450453266646","","","88.8328018188477","",
"Ghana","GHA","Repeaters, primary, female (% of female enrollment)","SE.PRM.REPT.FE.ZS","","","","","","","","","","","","3.5292","3.92462","","3.55019","2.88243","2.40923","2.47232","2.38217","2.17237","2.38759","2.17548","","","","","","","","","","2.95237","3.07782","","","","","","","4.10518","4.84457","5.04368","6.68761","5.63675","5.55924","5.67619","5.95635","5.98684","5.97126","4.00104","","2.62715","2.72705","2.51804","2.56582","1.91065","","1.7684","1.69284","","","","","","","",
"Ghana","GHA","Persistence to grade 5, total (% of cohort)","SE.PRM.PRS5.ZS","","","","","","","","","","","","74.8266906738281","","71.4009170532227","79.3889923095703","93.2966995239258","78.4459686279297","74.3114929199219","77.6899337768555","75.2086029052734","77.665901184082","","","","","","","","","","","80.4912490844727","","","","","","","","","66.247932434082","90.5160293579102","63.286319732666","","","","","","78.4208831787109","","","","88.1182479858398","89.7566604614258","","","90.2174377441406","86.3419876098633","","","","92.4319229125977","","","","",
"Ghana","GHA","Over-age students, primary (% of enrollment)","SE.PRM.OENR.ZS","","","","","","","","","","","","","","","","","","","","","","","","","","","","","","","","","","","","","","","","21.27587","21.28135","22.40501","24.15411","20.72935","","23.88047","28.75603","27.19585","26.03889","26.70443","","21.20752","24.45797","19.08421","15.92725","16.9753","16.56565","16.7714","15.42734","","","","","","","",
"Ghana","GHA","Net intake rate in grade 1, male (% of official school-age population)","SE.PRM.NINT.MA.ZS","","","","","","","","","","","","","","","","","","","","","","","","","","","","","","","","","","","","","","","","29.67264","","","","22.81878","","27.55273","33.10149","34.65418","37.08727","36.54581","","","","","","","","","","","","","","","","",
"Ghana","GHA","School enrollment, primary (% net)","SE.PRM.NENR","","","","","","","","","","","","","","","","","","","","","","","","","","","","","","","","","","","","","","","","59.06458","62.47976","57.346","59.89725","59.57402","","63.70558","62.81248","68.15086","73.32313","72.36103","","80.58882","79.38927","84.93016","86.99201","89.28957","86.38027","85.1822","84.48045","86.15823","","","","","","",
"Ghana","GHA","School enrollment, primary, male (% gross)","SE.PRM.ENRR.MA","","","","","","","","","","","","64.9216003417969","62.9369201660156","63.7524108886719","62.5668182373047","64.1288070678711","69.2991180419922","71.1557388305664","72.5438232421875","73.9374237060547","75.2366333007812","77.0931701660156","79.1787185668945","78.0639572143555","74.6363067626953","76.3994979858398","","73.3905487060547","70.9878692626953","73.7362518310547","71.0096817016602","78.7642288208008","79.2502822875977","77.895866394043","78.7882232666016","77.3893508911133","","","","78.9127502441406","83.4527130126953","78.3417663574219","81.9014205932617","79.088981628418","83.3982696533203","89.2856979370117","92.9360427856445","97.7029266357422","102.597152709961","100.799140930176","","100.810020446777","106.24643157909","102.107854131695","100.568850119144","104.254217655692","102.132029108592","100.956277392175","99.0428449507789","100.161262304637","98.5161672260357","99.6183079362512","99.5955636413097","","101.253829956055","",
"Ghana","GHA","Primary education, pupils (% female)","SE.PRM.ENRL.FE.ZS","","","","","","","","","","","","44.42614","44.10887","43.96309","44.32345","43.66913","43.43568","43.48891","43.39999","43.77573","44.09301","44.41545","44.29998","44.3","44.30005","43.70898","","43.21943","44.39492","44.6112","44.86382","45.2051","45.6557","45.93897","46.10113","46.35843","","","","46.95156","47.1668","47.4415","47.45081","47.57545","47.42586","47.92527","48.49199","48.53507","48.55621","48.55859","","48.73102","48.91687","48.94636","48.95182","48.96308","49.28661","49.23339","49.27979","49.31331","","","","","","",
"Ghana","GHA","Educational attainment, at least completed primary, population 25+ years, male (%) (cumulative)","SE.PRM.CUAT.MA.ZS","","","","","","","","","","","","","","","","","","","","","","","","","","","","","","","","","","","","","","","","","57.1061339311697","","","","","","64.0883167385742","","","","73.3580474853516","","","70.9385035876297","","62.1531417466974","","69.3269500732422","","","","66.7802505493164","73.8617706298828","76.8675765991211","75.9077911376953","",
"Ghana","GHA","Primary completion rate, female (% of relevant age group)","SE.PRM.CMPT.FE.ZS","","","","","","","","","","","","54.6228294372559","49.0999794006348","","39.8883514404297","40.4802093505859","42.1707191467285","44.0186309814453","44.7061309814453","45.0538291931152","46.4681015014648","48.1982612609863","","","","","","","","","","50.5046310424805","55.8237991333008","","","","","","","58.1994209289551","61.4718399047852","59.0551910400391","60.3542900085449","65.6180572509766","59.146411895752","67.3350982666016","66.0671768188477","71.6722183227539","78.7082138061523","78.5041275024414","","84.3665775192974","100.251602172852","89.4486999511719","87.8663170989957","92.9072099216464","","88.0825803858208","88.6767509622316","93.7822020893026","","","93.1138641543713","","98.0999603271484","",
"Ghana","GHA","Trained teachers in preprimary education, female (% of female teachers)","SE.PRE.TCAQ.FE.ZS","","","","","","","","","","","","","","","","","","","","","","","","","","","","","","","","","","","","","","","","30.3649101257324","25.8870296478271","24.4846496582031","22.3102607727051","21.3128395080566","12.0577697753906","21.9344501495361","26.4338207244873","31.2118091583252","26.0484008789062","22.8763103485107","27.7085787323626","27.7082212549518","35.9574285958855","40.2014457319018","41.7590011199276","46.1137606141677","48.3403511915427","48.3822482398544","55.1976659944","58.8575183102402","63.4259417078575","60.8237317600932","","","87.3749313354492","",
"Ghana","GHA","Pupil-teacher ratio, preprimary","SE.PRE.ENRL.TC.ZS","","","","","","","","","","","","","","32.93774","","61.16576","","","","","","","","","","","16.75298","20.30414","20.59067","19.49301","21.34411","","","","","","","","","22.91105","25.26632","24.38304","25.18844","27.08822","27.51324","25.20614","30.07132","32.36025","35.21611","35.41945","","29.97769","36.38433","35.47984","32.53683","33.97072","32.82755","29.05177","28.79899","29.94822","","","","","","",
"Ghana","GHA","Primary school age children out-of-school (%)","SE.LPV.PRIM.SD","","","","","","","","","","","","","","","","","","","","","","","","","","","","","","","","","","","","","","","","","","","","","","","","","","","","","","","","","","","","","","","","","","",
"Ghana","GHA","Pupils below minimum reading proficiency at end of primary (%). Low GAML threshold","SE.LPV.PRIM.LD","","","","","","","","","","","","","","","","","","","","","","","","","","","","","","","","","","","","","","","","","","","","","","","","","","","","","","","","","","","","","","","","","","",
"Ghana","GHA","School enrollment, secondary (gross), gender parity index (GPI)","SE.ENR.SECO.FM.ZS","","","","","","","","","","","","0.641529977321625","","0.67535001039505","0.66390997171402","0.665840029716492","0.653550028800964","0.645410001277924","0.655170023441315","0.64749002456665","0.660640001296997","0.64206999540329","0.648580014705658","0.625989973545074","0.620530009269714","0.626330018043518","","0.697030007839203","0.665549993515015","0.664929986000061","0.662519991397858","","","","","0.725809991359711","","","","0.804239988327026","0.816969990730286","0.840919971466064","0.849259972572327","0.853489995002747","0.837140023708344","0.837930023670197","0.851740002632141","0.879859983921051","0.888159990310669","0.88401997089386","","0.901639997959137","0.901090025901794","0.912599980831146","0.939769983291626","0.949259996414185","0.967719972133636","0.973659992218018","0.985480010509491","0.998700022697449","1.00419998168945","","","","","",
"Ghana","GHA","Literacy rate, adult total (% of people ages 15 and above)","SE.ADT.LITR.ZS","","","","","","","","","","","","","","","","","","","","","","","","","","","","","","","","","","","","","","","","","57.9000015258789","","","","","","","","","","71.5","","","","","60.1981035367761","","64.4899978637695","","","","76.4899978637695","","","","",
"Ghana","GHA","Literacy rate, youth male (% of males ages 15-24)","SE.ADT.1524.LT.MA.ZS","","","","","","","","","","","","","","","","","","","","","","","","","","","","","","","","","","","","","","","","","75.9499969482422","","","84.77","","","","","","","88.3099975585938","","","","91.17","85.0868253405333","","89.7699966430664","","","","91.7399978637695","","","","",
"Ghana","GHA","Coverage of social insurance programs in richest quintile (% of population)","per_si_allsi.cov_q5_tot","","","","","","","","","","","","","","","","","","","","","","","","","","","","","","","","","","","","","","","","","","","","","","3.92375644273904","","","","","","","52.3531616656637","","","","3.56433312204518","","","","","","","","","",
"Ghana","GHA","Coverage of social insurance programs in poorest quintile (% of population)","per_si_allsi.cov_q1_tot","","","","","","","","","","","","","","","","","","","","","","","","","","","","","","","","","","","","","","","","","","","","","","2.27485385913612","","","","","","","60.5796807099874","","","","0.267590043856943","","","","","","","","","",
"Ghana","GHA","Coverage of social safety net programs in richest quintile (% of population)","per_sa_allsa.cov_q5_tot","","","","","","","","","","","","","","","","","","","","","","","","","","","","","","","","","","","","","","","","","","","","","","","","","","","","","1.44791895019226","","","","4.63700871200588","","","","","","","","","",
"Ghana","GHA","Coverage of social safety net programs in poorest quintile (% of population)","per_sa_allsa.cov_q1_tot","","","","","","","","","","","","","","","","","","","","","","","","","","","","","","","","","","","","","","","","","","","","","","","","","","","","","1.28360044545","","","","39.5109611587392","","","","","","","","","",
"Ghana","GHA","Coverage of unemployment benefits and ALMP in richest quintile (% of population)","per_lm_alllm.cov_q5_tot","","","","","","","","","","","","","","","","","","","","","","","","","","","","","","","","","","","","","","","","","","","","","","2.21556027956143","","","","","","","10.5641550873225","","","","","","","","","","","","","",
"Ghana","GHA","Coverage of unemployment benefits and ALMP in poorest quintile (% of population)","per_lm_alllm.cov_q1_tot","","","","","","","","","","","","","","","","","","","","","","","","","","","","","","","","","","","","","","","","","","","","","","0.388253019597732","","","","","","","11.7594956071411","","","","","","","","","","","","","",
"Ghana","GHA","Coverage of social protection and labor programs (% of population)","per_allsp.cov_pop_tot","","","","","","","","","","","","","","","","","","","","","","","","","","","","","","","","","","","","","","","","","","","","","","5.6778047953446","","","","","","","63.672912115772","","","","20.2477279036942","","","","","","","","","",
"Ghana","GHA","Price level index (Households and NPISHs Final consumption expenditure)","PA.NUS.PRVT.PLI","","","","","","","","","","","","","","","","","","","","","","","","","","","","","","","71.1235219268258","71.4524771401697","64.2319866044322","52.5013208748387","43.3699045436304","53.6131166556839","55.9718661248472","55.8567426632058","55.8546885210667","49.6918996499541","32.986429018763","34.5343425032705","33.6065243738067","38.9863103608446","43.1896169773214","47.9172290091636","51.2804761976269","54.1734033995644","53.864936561185","48.2795734373915","51.6788006921097","51.2231606492475","44.9555455070349","47.4599876421324","38.4051094876877","35.4979104612039","38.550361256215","39.27441467163","40.5753659661981","38.6630548645471","40.1887534838632","42.2667370195398","35.8874726562482","35.8963269855198","33.2436692674163","41.8095386015435",
"Ghana","GHA","DEC alternative conversion factor (LCU per US$)","PA.NUS.ATLS","7.13915966742473E-05","7.13915966742473E-05","7.13915966742473E-05","7.13915966742473E-05","7.13915966742473E-05","7.13915966742473E-05","7.13915966742473E-05","8.60811947925269E-05","0.000101985139685","0.000101985139685","0.000101985139685","0.00010342936280328","0.000133267478842706","0.000116437365491452","0.000161","0.000188","0.000236","0.00035","0.000573","0.000702","0.000964","0.00172","0.002142","0.004536","0.006132","0.007616","0.008916","0.0147","0.020224","0.026985","0.032616","0.036763","0.043685","0.064871","0.095568","0.119914","0.163547","0.204796","0.231166","0.266643","0.544919","0.716305","0.792417","0.866764","0.899495","0.905209","0.915107","0.932619","1.052275","1.404967","1.429983","1.520625","1.824867","1.980685","2.902126","3.712328","3.911262","4.352011","4.588022","5.216248","5.598494","5.806446","8.310938","11.021472","14.201217","12.5568333333",
"Ghana","GHA","Net secondary income (Net current transfers from abroad) (current US$)","NY.TRF.NCTR.CD","","","","","","","","-15102020.8668486","-15688560.1661369","-12746955.1349862","-9805350.10383557","-8701590.87909859","-3001482.45823811","-7729477.52812281","-3726708.07453416","24468085.106383","-4237288.13559322","-6000000","-5061082.02443281","-2564102.56410256","-3319502.0746888","-4186046.51162791","-1213818.86087768","-1807760.14109347","72700587.0841487","32602415.9663866","73003589.0533872","201598639.455782","172488132.911392","202212340.188994","202005150.84621","219620270.380546","255037198.122925","517479305.082394","472508580.277917","523762029.454442","482219178.584749","560302935.604211","742498896.896602","620867601.999677","650299769.323514","863212737.590831","838641523.339353","1113169097.93208","1713068888.65419","1681136400.54396","1792209872.72527","2048939277.45414","2223230144.21135","2098164369.69694","2323283213.85639","2582342852.44554","2367012280.89499","1913408593.49165","2031279586.06897","2586099962.07232","3129178868.61069","2774182395.21913","","","","","","","","",
"Ghana","GHA","Net primary income (Net income from abroad) (constant LCU)","NY.GSR.NFCY.KN","","","","","","","","","","","","","","","","","","","","","","","","","","","","","","","","","","","","","","","","","","","","","","","","","","","","","","","","","","","","","","","","","","",
"Ghana","GHA","Gross savings (% of GNI)","NY.GNS.ICTR.GN.ZS","","","","","","","","","","","","","","","","14.5525916794286","8.83308589316245","11.5241124313621","5.42079678605238","8.28444020253961","6.35102882587299","5.72084415225678","5.56941061860692","4.29513920108773","6.81955229401676","8.17832007430201","7.08487984739479","7.78259455645828","10.222062170381","11.6669352999261","10.7383723398835","12.0855152063537","7.04926362233381","13.082625730086","19.4743926827551","17.9961779639016","18.4781862481321","10.617003812093","18.4052036882036","9.56631053839688","15.7297773669729","21.5305603618591","19.1564445819039","21.6236779110403","23.3937006144168","19.4446395272542","17.9020345106652","6.78218077727118","4.35870323482712","11.0762947657837","4.95303091924137","4.00632005461314","5.54935008963087","15.6292562687282","19.2456291536979","21.7538368652297","19.3971875778036","16.682518732571","20.9427438153185","18.3439243151632","15.9530401116218","13.914707602437","14.5164342264333","9.72092883570966","13.2272707289549","",
"Ghana","GHA","GNI per capita, PPP (current international $)","NY.GNP.PCAP.PP.CD","","","","","","","","","","","","","","","","","","","","","","","","","","","","","","","1570","1660","1730","1800","1860","1930","2010","2080","2150","2220","2280","2370","2450","2560","2700","2890","3040","3230","3500","3610","3810","4280","4750","5070","5230","5040","4810","4920","5290","5760","5750","6240","6710","7180","7540","8080",
"Ghana","GHA","GNI per capita (current LCU)","NY.GNP.PCAP.CN","0.0123397998768893","0.0127885325396253","0.013315388677831","0.0143984188885964","0.0159049052988933","0.0183568733487377","0.0186264918996433","0.0177951581454012","0.0194437552215273","0.0224616107253271","0.0248044631900758","0.0267429097506349","0.0294442142330937","0.0357708389327135","0.04628757915961","0.0509116299998018","0.0611425502031022","0.101934856084717","0.186141201676675","0.242497039170045","0.357326850144137","0.589526932401607","0.681961676294164","1.39984877783573","2.00163941905331","2.46685711805285","3.58114019996968","5.07872149892072","7.00073951762462","9.23186022242031","12.2388508006159","15.0926657400262","17.0311442394757","22.9012667576438","30.0053080086788","43.6351030635811","62.3449980659938","75.8781230813734","90.6726795688964","105.185269200867","134.193513528763","184.937667441907","230.765688789269","303.933026259226","357.16215317717","427.955906958562","806.763300875121","973.821284318656","1239.41901561348","1466.66199969561","1777.36121636138","2220.97772960183","2674.11014582483","4418.62258109406","5363.16977295726","6203.20804230043","7186.73039058626","8326.23474783055","9618.84938711716","10937.0988176344","11694.8600200158","13415.4847808174","17251.6599133031","24934.4603242804","32178.8638869553","38398.1891157441",
"Ghana","GHA","GNI (constant LCU)","NY.GNP.MKTP.KN","","","","","","","","","","","","","","","","","","","","","","","","","","","","","","","","","","","","","","","","","","","","","","","65003576827.4371","69888816542.8856","75797296469.3931","81450833839.0207","85604765728.1442","99578815770.6031","105566491681.118","121009212327.478","118537805819.726","119810586794.071","125106708986.372","131709000458.653","142234929478.56","151867839021.378","151543030534.079","162722448250.874","169888189922.787","175520597261.906","187162764595.043","",
"Ghana","GHA","GNI (current LCU)","NY.GNP.MKTP.CN","85900","91600","97700","108200","122400","144700","150400","147200","164800","195200","221400","245400","277900","347500","462900","524100","647800","1112300","2093800","2812300","4267000","7240400","8622600","18239800","26763100","33700300","50011400","72570400","102466800","138540800","188412800","238275400","275646600","379921000","509885900","759207900","1110375700","1383937900","1694494300","2014283600","2635169700","3729650700","4783631500","6472772000","7810528400","9607369600","18588392800","23023354500","30055844200","36465124500","45278268100","57956609300","71490377300","121009250800","150391818600","178007679800","210978989900","249856599800","294698315700","341882170400","372923462600","436253655400","571877896718.393","842483401073.199","1107835069085.86","1346404547461.89",
"Ghana","GHA","Gross domestic savings (% of GDP)","NY.GDS.TOTL.ZS","17.1461449942463","9.78494623655914","12.8672745694022","12.4545454545455","15.5339805825243","8.2537517053206","7.83926218708827","7.77925531914894","10.6470588235294","11.1944027986007","12.7932713590084","9.64","12.5754884547069","14.0816909454442","9.57081545064378","13.6475487412455","8.53509040760037","10.0062707157574","4.04555417897646","6.60831975054922","4.93559227107254","4.00545259273538","3.73390706874414","3.31670633238788","4.15026555933782","6.63493155476785","5.80238681405494","3.91099195710456","5.41735318627544","5.60839788486425","5.47165204335089","7.31772926296658","1.25831512286492","6.04888820020144","12.4538520653218","11.59119934982","13.2194166879801","4.22496350985588","10.2525497224792","3.45210837811835","5.55468557223092","7.01960037509161","7.44326061151815","7.00786756492441","7.31382383141579","3.72900078962953","9.38649728209867","-0.919596088668613","-2.96336860976776","3.42083927270406","-0.68319385804906","0.387756379045372","4.51812334235601","14.8940511044066","19.7923082155634","18.851779838501","19.9651342603125","16.7709042630981","20.6606084656749","16.7216725810104","14.6990092429617","14.4390859205785","15.6204833255024","9.27054490465853","12.2220303901836","",
"Ghana","GHA","Oil rents (% of GDP)","NY.GDP.PETR.RT.ZS","","","","","","","","","","","","0","0","0","0","0","0","0","0.0707812740334974","0.378018527419526","0.346719950378841","0.211564595843056","0.0865179768335312","0.179063552344093","0.192053894376654","0.10232219163668","0.00829770523635184","0","0","0","0","0","0.070125244917298","0.105856028449236","0.0841195455913022","0.227977824150616","0.374611791074058","0.29045479328698","0.128039085702873","0.246256638723101","0.989341728951404","0.677053371360246","0.616348326370289","0.506473855028264","0.620473077410875","0.699403468222941","0.439256307347706","0.421654318546372","0.507726368620134","0.266591066260126","0.391372890188776","5.08048685091895","4.78155703124787","3.51474407100181","3.42103394358244","1.29146546233544","1.00121845985195","2.60564944915053","4.1465494257117","4.069102005933","2.25284947216201","4.05501917796431","","","","",
"Ghana","GHA","GDP per capita growth (annual %)","NY.GDP.PCAP.KD.ZG","","0.520685688130399","1.63024715880111","1.9421078355863","-0.194917692932407","-1.03407959340102","-6.53387677338354","0.615684860926422","-2.04471136962684","3.38780366072469","6.82937239126346","2.34442387239848","-5.19376048717281","-0.0430027197385101","3.79769903143396","-14.9307065571164","-6.26728026026291","-0.696657028068174","5.2300908922422","-5.44695212886333","-2.4242388246859","-6.17650794838094","-9.58926890135842","-7.39109617124427","5.8786494701893","2.85582116960212","2.90923690293133","2.41951445422532","3.12064353509851","2.49321568909531","0.725670862009096","2.6620471162506","1.32904577852237","2.2924206369743","0.846121792203618","1.68402714615945","2.18761953564251","1.74682048999631","2.18441521078265","1.882232640083","1.12706117579829","1.26692433665509","1.6652639048673","2.39760659496866","2.83982995857866","3.15861099530474","3.66950804093835","1.69171777527903","6.41466992518754","2.26068893513001","5.30617508163762","11.3370417824575","6.67974740594653","4.75796338524816","0.452244093941871","-0.208325820413904","1.04704406736222","5.78094585817396","4.01895338314475","4.39063133478864","-1.46830801654092","3.03800270044563","1.83051244958061","1.19022304482641","3.88131865617211","4.03001049809495",
"Ghana","GHA","Natural gas rents (% of GDP)","NY.GDP.NGAS.RT.ZS","","","","","","","","","","","","0","0","0","0","0","0","0","0.00076189177668979","0.00668586908178727","0.0141202393073763","0.0120972460784494","0.00583606495696708","0.0215965583769507","0.0230031217507868","0.0259642185284212","0.0284411922859789","0.029086236885933","0.0216246663434604","0.0214761467646061","0.0198569221508545","0.0130702941404352","0.0105191331166339","0.0120597201958917","0.0118627002269436","0.00989214342259157","0.00825867738687865","0.00549941209630857","0.00244791744602994","0.00184083725169293","0.00340464034265789","0.002410052736807","0.00131058431729122","0.000787539446014188","0.000475023426221951","0.000143120735300706","0.000145279902744134","7.92739903368085E-05","5.81339801429368E-05","3.64079578230191E-05","1.95888832346768E-05","1.57190646075533E-05","1.1657271689343E-05","7.10418690304822E-06","7.87670786871886E-06","0.0841913549188799","0.0451266748124126","0.0717217647016315","0.113151065000438","0.165145728819346","0.198011638333066","0.371360442634513","","","","",
"Ghana","GHA","GDP growth (annual %)","NY.GDP.MKTP.KD.ZG","","3.42967401462874","4.10915860625774","4.40597419943647","2.20932750184639","1.36899886970954","-4.25829036972007","3.07536405007809","0.368860328659636","6.00617496624768","9.72347258708628","5.2161245570606","-2.48765540214929","2.8845841948016","6.85251683220585","-12.4316290214597","-3.53018280627536","2.27410724169957","8.47593560232171","-2.51494141959301","0.471695943172108","-3.50306694696705","-6.92365041055389","-4.56373750458945","8.64756945671597","5.09161727201138","5.19916067974877","4.79489887940781","5.62816876359457","5.08587270013842","3.32881788321653","5.28182639834429","3.87941908037517","4.85000055379412","3.29999973947747","4.11241897162861","4.60246115564627","4.19635744019571","4.70039078427911","4.39999682545296","3.70000008164408","4.00000012807919","4.49999955900331","5.200000133101","5.59999999077445","5.90000381855104","6.39991260618034","4.34681910440079","9.14979893831817","4.84448705175076","7.89971194051621","14.0471235803149","9.2927894063005","7.31252501678145","2.85624016330883","2.12075933817334","3.37346574966936","8.12889488100956","6.20007768127284","6.5077747939152","0.513941670628171","5.07646643533542","3.80484978178042","3.14009100080186","5.84746854280382","5.95441714756899",
"Ghana","GHA","GDP (current US$)","NY.GDP.MKTP.CD","1217230094.97205","1302674324.88378","1382515654.47343","1540797588.57221","1731296199.52296","2053462968.0426","2126300672.22965","1747187644.9031","1666909517.65205","1962050555.7775","2215028588.45646","2417108577.52739","2112293279.98507","3006766758.43977","2894409937.8882","2810106382.97872","2765254237.28814","3189428571.42857","3662478184.99127","4020227920.22792","4445228215.76763","4222441860.46512","4035994397.7591","4057275132.27513","4412279843.44423","4504306722.68908","5735677433.82683","5074829931.97279","5197765031.64557","5251858439.874","5889106573.46088","6603185267.79643","6416103925.83267","5968922939.37198","5446383726.77047","6464382807.67884","6932991739.37767","6891443192.24985","7482069162.42008","7718109982.26093","4982850662.20851","5314872854.4405","6166197847.85031","7632723555.66221","8881417906.71432","10744568381.4456","20885037596.6963","24827339138.4906","28679383241.0729","26048720005.5233","32197655566.5347","39336668080.559","41271701060.954","62845721959.827","54678533805.9064","49436806230.4839","56144179397.8516","60385409434.8567","67259353965.6087","68352629246.1555","70008243859.8666","79514204730.3979","73919003212.1998","80547146875.9526","83288585604.0268","114209905278.717",
"Ghana","GHA","Gross value added at basic prices (GVA) (constant 2015 US$)","NY.GDP.FCST.KD","","","","","","","","","","","","","","","","","","","","","","","","","","","","","","","","","","","","","","","","","","","","","","","24714766116.6547","25789443884.9229","28148607773.8377","29512766520.9006","31843350779.1575","36316793121.4065","39691877127.8292","43145581283.7054","44363137731.8324","45292664737.5986","46787209921.9339","50679920084.1756","53787459129.7822","57298968087.5722","57729010116.1754","60870778640.187","63171077044.7764","65167965343.2382","68919674281.9933","72972246057.6129",
"Ghana","GHA","Discrepancy in expenditure estimate of GDP (current LCU)","NY.GDP.DISC.CN","0","0","0","0","0","0","0","0","0","0","0","0","-100","0","0","0","","","","","","","","","0","-100","-100","-100","100","0","100","0","0","0","0","-100","0","100","0","0","0","0","0","0","100","-5800","406582900","0","-6500","19300","1215968300","100","0","333800","0","-100","-100","100.000030517578","100","-100","0","-100","18.3929443359375","-26.8009033203125","13923941385.8601","",
"Ghana","GHA","Inflation, GDP deflator (annual %)","NY.GDP.DEFL.KD.ZG","","3.47084986522219","1.94014981856301","6.74564909494586","9.93481623446407","17.0065952727131","8.15251497850737","-3.87835660497238","12.6165172380079","11.0368168556395","2.88915449133818","5.18201257417248","15.4725593609425","20.8824921164568","24.5687337447089","29.4635236965055","28.0486497318527","67.2507824057327","73.3066945801153","37.9494781749506","51.1261350102795","75.6335657777325","27.8905790691127","123.0612136164","35.312424343661","20.6484149868503","41.7057955236849","39.201496901411","33.4028541879545","28.2943110771731","31.1665867346186","20.041359240014","11.150082868787","31.7572123690249","30.1289269685464","43.0453305777804","39.8377428094835","19.4581675889703","17.0484652451336","13.971165047912","27.230113843564","34.8179440663303","22.8185847230637","28.7044072059077","14.3501511250415","14.963718404163","84.6834718225876","16.1042405872748","19.4102710868683","15.6665686221496","16.5956447322347","13.9148221759821","15.2052787396605","54.0129117583926","23.9399587593999","13.2529666807363","15.7486203078991","10.6773082339139","10.5684824952629","8.48107029698721","9.36557496583738","12.1061016311773","28.1838728518082","40.105798183836","25.8753849206534","14.4336587700116",
"Ghana","GHA","Adjusted net savings, excluding particulate emission damage (current US$)","NY.ADJ.SVNX.CD","","","","","","","","","","","","","","","","","","","","","","","","","","","","","","","-149199088.808547","-19104531.300626","-419391988.58663","-173771179.992595","-25573791.2498329","-127578424.716705","-138603151.583078","-616063145.528619","-97616802.2003505","-396392396.012842","-216978765.913257","163675418.761159","20877691.6497518","81163002.942482","604712615.593522","429346035.988421","1073308814.14602","-1629027722.79204","-2330553512.49558","-774012873.5497","-2747805045.82489","-3851355976.08809","-3402698161.75769","2175976012.20947","1770243425.64713","3048578345.04022","3211331529.87311","1601252145.958","5166327886.8418","3635642187.91704","10313771002.3188","3366578222.8497","","","","",
"Ghana","GHA","Adjusted net national income per capita (constant 2015 US$)","NY.ADJ.NNTY.PC.KD","","","","","","","","","","","","","","","","","","","","","","","","","","","","","","","","","","","","","","","","","","","","","","","1060.48513883644","1107.59189262932","1185.74213061916","1124.47772748458","1139.26300588094","1215.01032040719","1315.8174892747","1465.84067541598","1370.79705735271","1358.92629645382","1418.07742149093","1438.96143897736","1543.22003010196","1616.33189284081","1686.48699054847","1596.23186217643","","","","",
"Ghana","GHA","Adjusted net national income (current US$)","NY.ADJ.NNTY.CD","","","","","","","","","","","","2143474165.74262","1867529942.24124","2159680104.26437","2548803452.39239","2414696403.26836","2377983738.24104","2729023613.88357","3202928032.11397","3508248840.52522","3788845487.2465","3677052338.69359","3485739594.66962","3507655583.17085","3769059178.4297","3825067193.0898","4831520093.03942","4236057303.43537","4340735043.16395","4405818028.07362","4879299249.12748","5521198870.12479","5305106325.13253","4792090932.51418","4167887014.90554","4941339500.71965","5269589626.61257","5302714338.42004","5778140943.2257","6272463494.6059","3743322635.1443","4086194304.65943","4693884175.25109","5607172374.45377","6809152134.34498","8463661516.40813","17076970524.8496","20535053279.006","23787964192.9837","21343494882.6188","26184963835.497","29976365277.5668","30922113345.812","50641289397.1637","41988434252.1085","38995841410.0269","44848951918.4748","47030490370.3145","53349589399.23","54482879880.0294","59064018705.7674","59884261177.4651","","","","",
"Ghana","GHA","Adjusted savings: natural resources depletion (% of GNI)","NY.ADJ.DRES.GN.ZS","","","","","","","","","","","","2.27626940022874","3.39948368604841","4.89675425843358","4.54854753839242","5.38675658180819","5.63362381681981","7.25145865834079","6.16502934881676","6.24375344715222","7.90529791159804","6.48230396147835","8.23646428765035","6.71455562618698","5.49339568651755","4.12948563735494","4.77378439972684","5.5587579630179","5.71699762747232","5.4778787805954","6.69587321008387","6.0055781129126","7.23634637540431","9.07989288929693","12.8926910607964","12.7157374851116","13.3166485326194","12.2175454186018","11.8420505127968","7.61805671461742","13.2010514937643","12.1918112899748","12.8784989787107","15.5781051535564","12.331144026561","11.3442678644361","7.02075690816233","8.08356549059702","8.4374426423832","9.90671511079512","8.97062514877643","12.8672479109564","12.2519368431028","8.69817778983593","10.6559337810429","9.8891438595974","8.20810576989278","9.22657805505346","8.10604872786059","7.97140422146429","7.16631562799819","10.8217990213884","","","","",
"Ghana","GHA","Adjusted savings: energy depletion (current US$)","NY.ADJ.DNGY.CD","","","","","","","","","","","","0","0","0","0","0","0","0","1251374.21852884","9868758.03445506","11560050.0767087","7605832.32508343","3075681.34534457","6782716.41178907","7766327.82259588","4952451.97918433","2015700.43857587","53538.2605417996","47227.9349137164","43094.9741556951","110165.044697613","85686.4603844499","3650164.13894168","5317443.98565452","3880902.00708804","12099558.2601409","21668017.9520559","16882319.0567952","7873092.22473133","15265438.4592788","39543622.5601335","29080004.8239262","31228070.1416208","32116788.5335853","47425280.6901359","65237103.4065197","78736478.4805709","89207421.961835","123301507.130542","59244847.6330229","63239858.3954413","1200688606.8179","902306194.874869","1109800471.78784","941802930.301389","352320647.990324","302431338.146425","918659852.173452","1642396427.71374","1766185752.65914","1040017903.28985","1973222116.75909","","","","",
"Ghana","GHA","Adjusted savings: consumption of fixed capital (current US$)","NY.ADJ.DKAP.CD","","","","","","","","","","","158062356.915318","175151243.394811","146860924.522763","167670451.735234","195574022.419922","222899387.980271","212293316.482013","218525029.954356","225896776.776917","247743925.579826","287587021.168549","259607469.624513","208192539.005945","243463929.126946","355679409.147214","417173492.568227","502364801.797263","426281955.830347","436271833.842842","446854001.066192","510661359.332822","564822454.03676","546148989.557964","530321704.404986","478011375.789424","585508009.453599","617327013.38368","629193173.798007","683067659.964343","707410222.418712","454327559.304084","485826810.628547","565544858.225963","696977108.114345","803300221.142015","945843408.30423","1809869086.53452","2156611487.08896","2364178337.60734","2039158854.73936","2637780496.59459","3233675956.5412","3453151832.72271","5119107808.48256","4399111835.67642","4186262790.54559","4683405556.78132","5102226695.25282","5710870467.99214","5820980402.16116","6640532740.96481","7567761447.87247","","","","",
"Ghana","GHA","Adjusted savings: carbon dioxide damage (current US$)","NY.ADJ.DCO2.CD","","","","","","","","","","","","","","","","","","","","","","","","","","","","","","","33808101.1838317","32791688.9833405","41259498.6495167","44730254.9664719","50667152.9027485","56715293.9454115","65101766.6367337","71191232.0280417","104426814.223033","116801629.398829","106543648.62088","120516482.087009","149735017.696074","150031980.955999","147377067.834278","163794372.598203","208697448.568349","234869620.015943","232414821.529831","276450950.937206","319790522.636584","350483548.021633","453933398.506263","505245787.65941","508091727.617664","548715073.80252","577098666.376311","636464757.445923","731858980.57016","817209609.687154","851487207.643824","959209696.759534","","","","",
"Ghana","GHA","Services, value added (constant LCU)","NV.SRV.TOTL.KN","","","","","","","","","","","","","","","","","","","","","","","","","","","","","","","","","","","","","","","","","","","","","","","26628961200","28675758400","30966610100","32685388800","35896204900","39261106300","44004283200","50523645500","53154195400","54682740400","56191069600","58127919000","59761371500","64316771400","64754396600","70819700200","75259339476.4457","79559568237.7353","84505326304.5932","91366164741.2643",
"Ghana","GHA","Services, value added (current US$)","NV.SRV.TOTL.CD","","","","","","","","","","","","","","","","","","","","","","","","","1546444879.32159","1401890756.30252","1981538806.63975","1668442176.87075","1747062895.56962","1753852140.07782","2231478415.50159","2470750482.8224","2401872496.28019","1643107089.45446","1488782856.18617","1793618760.11141","1819660403.43143","1921863708.27555","2112421376.84608","2192984252.3524","1435809725.84916","1549758831.78255","1801400020.44378","2218585451.17241","2547039171.97983","3106752142.32293","9496568270.15857","11710695900.4695","13242388824.2142","12486768372.4956","15513204212.9172","18033847727.0859","19638292982.4475","25508167881.3138","20457253716.758","20029453135.6066","24656236733.8215","26257303669.499","29377894046.7156","30855162868.0231","31635451444.6206","36037436497.2997","31619616221.4181","34726105474.2165","36352745767.325","48965897326.1029",
"Ghana","GHA","Other manufacturing (% of value added in manufacturing)","NV.MNF.OTHR.ZS.UN","","","","43.2234432234432","44.8573324485733","42.1353125892092","39.7148441991491","35.4367454600791","30.1493574157694","35.2329749103943","42.5808737913228","40.6719367588933","40.6225623119498","37.9260853964837","37.7047612215128","45.2091282125117","40.5934965951671","45.4493650276783","42.4715373595717","45.7584377557212","46.2664203437737","41.6359554644312","40.3911141607342","35.1923457723533","23.8485209929955","40.1162598941392","48.0530469948172","47.1389104594475","","","","","","47.8996133163472","94.624928133023","94.6249268177114","94.6249282685317","94.6249278209294","94.624928036456","95.4414507260147","95.4414506273834","95.441450709723","95.4414505644703","60.481328497973","93.1052398685513","93.1055261354886","93.1058025104645","93.1059166842638","93.1675564284947","92.9874387916119","92.9874388083948","92.9874388052529","92.9874388032093","51.9082779560811","51.9082779553157","51.9082779566668","","","","","","","","","","",
"Ghana","GHA","Industry (including construction), value added (% of GDP)","NV.IND.TOTL.ZS","","","","","","18.6221009549795","18.3794466403162","20.4787234042553","20.3529411764706","19.1404297851074","18.2381584772023","18.28","17.7264653641208","18.5946872322194","18.1330472103004","21.0107893242476","19.215445908673","15.8380363701514","12.0270656628228","12.2811990645596","11.8687575842434","9.16200809627406","6.24746966489688","6.62852237038003","10.5820868491763","16.6766749842588","17.1531483614363","16.3190348525469","16.5658925642792","16.7237975351641","16.7728295270022","16.9642463591578","17.3750880792044","24.8185739004674","24.8991354466859","24.2849955493634","23.5785407498214","25.6678050646903","25.2665356151711","25.4127834089738","25.4039222907651","25.2159797429519","25.2756743481642","25.2099150968066","24.716756265122","25.1254359413042","19.3820947702815","19.4928065701","19.3995645523361","18.5140921293401","18.0149428066597","23.8636600934779","27.1365335859295","34.0898222065997","33.8982030516643","31.1193795046839","27.6932546491989","29.9522176933621","31.1777436281076","31.1077243700312","29.8767542337189","28.4050146696866","31.4700505018425","29.466622381614","29.1998890155684","29.2529049080397",
"Ghana","GHA","Industry (including construction), value added (current LCU)","NV.IND.TOTL.CN","","","","","","27300","27900","30800","34600","38300","41200","45700","49900","65100","84500","111000","125400","176800","252400","346600","508600","665400","540100","1219900","2863100","5720900","8772000","12174000","17414000","23701200","32217100","41181200","48700200","96100000","129600000","188250000","267350000","362260000","437010000","522990000","689780000","959990000","1235020000","1667830000","1974570000","2443720000","3704314500","4513451800","5854516600","6775711900","8294458000","14274363500","20437979400","42434185300","53791022700","57112040400","60812890500","78713818900","96210587100","110912807400","117099169600","131144514300","193331928981.605","261589387391.045","345376076390.416","419520222801.616",
"Ghana","GHA","Manufacturing, value added (annual % growth)","NV.IND.MANF.KD.ZG","","","","","","","","","","","","","","","","","","","","","","","","","","","","","","","","","","","","","","","","","","","","","","","","-1.21585954503574","3.70047455800884","-1.30566918738792","7.60043525488594","16.9999995586554","1.95378269412512","-1.16403086145603","-2.56777691768234","3.65958161097819","7.9190738875909","9.51616449335408","4.14482975377688","6.32143214131816","1.91332599582719","8.14199992797127","-2.48196890352061","0.940041447424306","4.19999999999972","5.74389154836139",
"Ghana","GHA","Industry (including construction), value added per worker (constant 2015 US$)","NV.IND.EMPL.KD","","","","","","","","","","","","","","","","","","","","","","","","","","","","","","","","","","","","","","","","","","","","","","","5044.66252299428","5156.94620626028","5567.08995685918","5600.42248989314","5696.48785069735","7301.04114605279","7542.94321750561","7356.9456013187","7551.08886878192","7797.97416181875","7959.13506386317","8839.0780342988","10159.1167543913","11250.933330323","11708.9860986676","12264.94657138","9954.00990802499","9583.15479313617","9889.29252255014","9774.25280149258",
"Ghana","GHA","Agriculture, forestry, and fishing, value added (constant LCU)","NV.AGR.TOTL.KN","","","","","","","","","","","","","","","","","","","","","","","","","","","","","","","","","","","","","","","","","","","","","","","19466398700","19132032800","20548614400","22033363300","23195969900","23392234200","23930711700","25355886800","25584208200","26110539300","26824149300","28490958800","29880099400","31271050300","33548743200","36385909700","37899734570.7342","40123901987.804","41219334731.627","44013390876.4837",
"Ghana","GHA","Agriculture, forestry, and fishing, value added (current US$)","NV.AGR.TOTL.CD","497257403.584668","460838551.491143","523871180.114551","553286406.805475","612116860.187323","893662601.371881","920276377.901765","702824817.264877","696179857.372326","901111674.542489","1030542295.91312","1067395147.83609","985236616.916658","1472894884.52562","1480124223.60248","1339361702.12766","1398305084.74576","1792571428.57143","2223560209.42408","2410826210.82621","2574688796.6805","2241453488.37209","2314285714.28571","2423434744.26808","2172733202.87019","2022098214.28571","2740242261.10363","2567891156.46258","2578767800.63291","2571702797.85066","2641123988.22664","3005141038.54419","2873070848.1172","2204374836.21341","2058220324.79491","2506796537.51855","2700752688.82951","2465868473.99363","2694600417.01634","2761257561.60859","1757527265.5202","1873056868.2335","2167318469.94701","2789409804.74501","3370713567.05707","4024164585.19524","5917377749.26866","6776402367.95519","8434060773.08688","8073379872.97922","9027816274.73893","9308513078.50391","9133904005.059","12801574606.7648","10708120012.7079","9878784256.13254","11702857210.7928","11812418626.6992","12198526576.3765","11840883313.0633","13199202142.5762","15630483741.6898","14424286853.8771","16869044375.038","17136797174.7642","24299143484.0094",
"Ghana","GHA","External balance on goods and services (constant LCU)","NE.RSB.GNFS.KN","","","","","","","","","","","","","","","","","","","","","","","","","","","","","","","","","","","","","","","","","","","","","","","","","","","","","","-12295590400","-6262064100","-3717930300","-2206145400","3743607200","4706674000","3876898800","1272436500","-2093312400","-2703226800","409973900","211180500","",
"Ghana","GHA","Imports of goods and services (constant LCU)","NE.IMP.GNFS.KN","","","","","","","","","","","","","","","","","","","","","","","","","","","","","","","","","","","","","","","","","","","","","","","16192731400","19703211600","24556481500","21474447900","27208341900","38113349800","42986548000","43963661600","37627116500","40611824900","40167596300","43248901600","45395039900","52604300400","47984973400","50763952100","51471469000","50863986900","55705490100","",
"Ghana","GHA","Imports of goods and services (current US$)","NE.IMP.GNFS.CD","431423324.800219","474845802.296344","393603747.626173","423018974.317097","413213898.753456","549084231.563915","417416073.995017","348508173.850352","347109393.675779","399077749.226108","503014460.326765","489222776.091543","321158623.031477","492968900.126943","631055900.621118","518085106.382979","443644067.79661","368285714.285714","354799301.919721","448717948.717949","406950207.46888","224767441.860465","120354808.590103","242989417.989418","475228310.502283","612106092.436975","1154912516.82369","1328870748.29932","1250692246.83544","1278473225.86622","1522350993.37748","1685450044.88208","1845761703.10175","2173595289.11224","2002227733.13243","2128504594.95972","2779627874.55594","3651882360.98361","3496235605.58214","3830248309.53747","3350776353.91682","3444719916.79522","3383577207.45517","4320740016.89041","5361446367.12822","6631794425.3758","8325374081.93796","10136811817.0443","12757957187.9974","11019356824.751","14779077373.6471","19416125145.9104","21795097067.3479","22196190509.8489","19468106209.0343","21104358073.9633","20595796190.5901","22144229690.5959","23206913262.4037","26913986432.3936","24537944240.0045","25963543826.9813","26205330553.5428","26272099171.5081","28244066026.1723","",
"Ghana","GHA","Gross capital formation (constant 2015 US$)","NE.GDI.TOTL.KD","","","","","","","","","","","","","","","","","","","","","","","","","","","","","","","","","","","","","","","","","","","","","","","12973168750.7198","14968579044.2092","16221288104.8505","12824999660.2933","10000069427.2807","12685552870.0427","17633368918.6467","13445403635.8532","14059519715.3105","13698761612.6592","15356065098.3863","15586687319.6068","17435850537.6645","15805578224.7765","15997759056.0073","16888720772.994","17006515843.4761","12283256674.1437","13885648061.97","",
"Ghana","GHA","Patent applications, residents","IP.PAT.RESD","","","","","","","","","","","","","","","","","","","","","","","","","","","","","","","","","","","","","","","","","","","","","","","","","","","","","","","","","14","15","13","","12","","","","","",
"Ghana","GHA","Industrial design applications, nonresident, by count","IP.IDS.NRCT","","","","","","","","","","","","","","","","","","","","","","","","","","","","","","","","","","","","","","","","","","","","","","","","","","","","","","","","","156","266","92","","128","","","","","",
"Ghana","GHA","Public private partnerships investment in energy (current US$)","IE.PPN.ENGY.CD","","","","","","","","","","","","","","","","","","","","","","","","","","","","","","","","","","","","","","","","110000000","","","","","","147500000","","300000000","","140000000","","360000000","440000000","440000000","900000000","","752000000","","","1533000000","","","","","","",
"Ghana","GHA","Investment in energy with private participation (current US$)","IE.PPI.ENGY.CD","","","","","","","","","","","","","","","","","","","","","","","","","","","","","","","","","","","","","","","","110000000","","","","","","147500000","","300000000","","140000000","","360000000","440000000","440000000","900000000","","752000000","","","1533000000","","","","","","",
"Ghana","GHA","Time spent dealing with the requirements of government regulations (% of senior management time)","IC.GOV.DURS.ZS","","","","","","","","","","","","","","","","","","","","","","","","","","","","","","","","","","","","","","","","","","","","","","","","3.224319458","","","","","","4.02697897","","","","","","","","","","6.874919891","","",
"Ghana","GHA","Firms that introduced a new product/service and process, and spent on R&D","IC.FRM.NPRD.ZS","","","","","","","","","","","","","","","","","","","","","","","","","","","","","","","","","","","","","","","","","","","","","","","","","","","","","","27.05340195","","","","","","","","","","5.762691975","","",
"Ghana","GHA","Firms with at least 10% foreign ownership","IC.FRM.FO.ZS","","","","","","","","","","","","","","","","","","","","","","","","","","","","","","","","","","","","","","","","","","","","","","","","6.261640072","","","","","","15.90468693","","","","","","","","","","11.18939304","","",
"Ghana","GHA","Firms adopting energy management measures to reduce emissions (% of firms)","IC.FRM.ENGM.ZS","","","","","","","","","","","","","","","","","","","","","","","","","","","","","","","","","","","","","","","","","","","","","","","","","","","","","","","","","","","","","","","","12.35726357","","",
"Ghana","GHA","Informal payments to public officials (% of firms)","IC.FRM.CORR.ZS","","","","","","","","","","","","","","","","","","","","","","","","","","","","","","","","","","","","","","","","","","","","","","","","38.77333832","","","","","","24.33356476","","","","","","","","","","22.73820877","","",
"Ghana","GHA","Bribery incidence (% of firms experiencing at least one bribe payment request)","IC.FRM.BRIB.ZS","","","","","","","","","","","","","","","","","","","","","","","","","","","","","","","","","","","","","","","","","","","","","","","","23.00672913","","","","","","18.73570061","","","","","","","","","","16.95699501","","",
"Ghana","GHA","Firms experiencing electrical outages (% of firms)","IC.ELC.OUTG.ZS","","","","","","","","","","","","","","","","","","","","","","","","","","","","","","","","","","","","","","","","","","","","","","","","98.43184662","","","","","","89.09880066","","","","","","","","","","73.76318359","","",
"Ghana","GHA","New businesses registered (number)","IC.BUS.NREG","","","","","","","","","","","","","","","","","","","","","","","","","","","","","","","","","","","","","","","","","","","","","","","7651","9624","14485","15324","13760","15649","13154","21596","22618","18535","19234","27453","26403","25170","24895","24259","25394","48634","28529","",
"Ghana","GHA","B-READY: Utility Services Pillar 1: Quality of Regulations on Utility Services","IC.BRE.US.P1","","","","","","","","","","","","","","","","","","","","","","","","","","","","","","","","","","","","","","","","","","","","","","","","","","","","","","","","","","","","","","","","","74.4791640043259","",
"Ghana","GHA","B-READY: Taxation Pillar 1: Quality of Regulations on Taxation","IC.BRE.TX.P1","","","","","","","","","","","","","","","","","","","","","","","","","","","","","","","","","","","","","","","","","","","","","","","","","","","","","","","","","","","","","","","","","50.5","",
"Ghana","GHA","B-READY: Pillar 1: Regulatory Framework","IC.BRE.P1.RF","","","","","","","","","","","","","","","","","","","","","","","","","","","","","","","","","","","","","","","","","","","","","","","","","","","","","","","","","","","","","","","","","66.8273849487304","",
"Ghana","GHA","B-READY: Market Competition: Overall Score","IC.BRE.MC.OS","","","","","","","","","","","","","","","","","","","","","","","","","","","","","","","","","","","","","","","","","","","","","","","","","","","","","","","","","","","","","","","","","32.1922319382429","",
"Ghana","GHA","B-READY: Labor: Overall Score","IC.BRE.LB.OS","","","","","","","","","","","","","","","","","","","","","","","","","","","","","","","","","","","","","","","","","","","","","","","","","","","","","","","","","","","","","","","","","68.5712229410807","",
"Ghana","GHA","B-READY: International Trade: Overall Score","IC.BRE.IT.OS","","","","","","","","","","","","","","","","","","","","","","","","","","","","","","","","","","","","","","","","","","","","","","","","","","","","","","","","","","","","","","","","","55.9870712954883","",
"Ghana","GHA","B-READY: Financial Services: Overall Score","IC.BRE.FS.OS","","","","","","","","","","","","","","","","","","","","","","","","","","","","","","","","","","","","","","","","","","","","","","","","","","","","","","","","","","","","","","","","","59.8611107567946","",
"Ghana","GHA","B-READY: Dispute Resolution: Overall Score","IC.BRE.DR.OS","","","","","","","","","","","","","","","","","","","","","","","","","","","","","","","","","","","","","","","","","","","","","","","","","","","","","","","","","","","","","","","","","54.8471374511719","",
"Ghana","GHA","B-READY: Business Location: Overall Score","IC.BRE.BL.OS","","","","","","","","","","","","","","","","","","","","","","","","","","","","","","","","","","","","","","","","","","","","","","","","","","","","","","","","","","","","","","","","","60.3925931031505","",
"Ghana","GHA","B-READY: Business Insolvency: Overall Score","IC.BRE.BI.OS","","","","","","","","","","","","","","","","","","","","","","","","","","","","","","","","","","","","","","","","","","","","","","","","","","","","","","","","","","","","","","","","","64.9259266666667","",
"Ghana","GHA","B-READY: Business Entry: Overall Score","IC.BRE.BE.OS","","","","","","","","","","","","","","","","","","","","","","","","","","","","","","","","","","","","","","","","","","","","","","","","","","","","","","","","","","","","","","","","","40.9861108462016","",
"Ghana","GHA","Human capital index plus (HCI+): on-the-job learning pillar score, total (scale -30–87)","HD_HCIP_OTJL_TO","","","","","","","","","","","","","","","","","","","","","","","","","","","","","","","","","","","","","","","","","","","","","","","","","","","35.4724566292246","","","","","39.9966058725533","","","","","36.4793651048551","","","","","31.1744245343489",
"Ghana","GHA","Human capital index plus (HCI+): health pillar score, male (scale 0–50)","HD_HCIP_HLTH_MA","","","","","","","","","","","","","","","","","","","","","","","","","","","","","","","","","","","","","","","","","","","","","","","","","","","35.5871702528","","","","","37.1740227413177","","","","","37.7015265476704","","","","","37.8881361150742",
"Ghana","GHA","Human capital index plus (HCI+): education pillar score, female (scale 0–188)","HD_HCIP_EDUC_FE","","","","","","","","","","","","","","","","","","","","","","","","","","","","","","","","","","","","","","","","","","","","","","","","","","","55.0022087056119","","","","","65.4988645914244","","","","","75.9482076024445","","","","","76.9468005466544",
"Ghana","GHA","Voice and Accountability - Governance estimate (approx. -2.5 to +2.5)","GOV_WGI_VA_EST","","","","","","","","","","","","","","","","","","","","","","","","","","","","","","","","","","","","","-0.369178699999999","","-0.389671799999999","","-0.1709219","","-0.1315019","-0.0284494","0.1774719","0.2985231","0.539261","0.5927153","0.49634","0.5417809","0.5375983","0.5108169","0.5280831","0.4680727","0.4460775","0.3876992","0.37094","0.4517344","0.37686","0.3201061","0.2829497","0.2068363","0.1697154","0.17051","0.2043162","",
"Ghana","GHA","Regulatory Quality - Governance estimate (approx. -2.5 to +2.5)","GOV_WGI_RQ_EST","","","","","","","","","","","","","","","","","","","","","","","","","","","","","","","","","","","","","-0.642087","","-0.3021176","","-0.122600199999999","","-0.7400067","-0.6965098","-0.4937082","-0.2995163","-0.085492","-0.0650193999999999","-0.0288747","0.005539","-0.00732509999999999","-0.0260614999999999","-0.0164951","-0.0348948","-0.1382604","-0.1261719","-0.2411721","-0.1635273","-0.168820499999999","-0.1935344","-0.1601259","-0.1880837","-0.1621235","-0.159406","-0.0898549","",
"Ghana","GHA","Rule of Law - Governance estimate (approx. -2.5 to +2.5)","GOV_WGI_RL_EST","","","","","","","","","","","","","","","","","","","","","","","","","","","","","","","","","","","","","-0.2889734","","-0.4973006","","-0.1613038","","-0.0673975","-0.1615689","-0.189166399999999","-0.0514475","0.2121295","0.1996048","0.0965169999999999","0.0402315","0.0192559","0.1772023","0.1657172","0.2017795","0.1435263","0.2011809","0.2040096","0.2800282","0.1999325","0.1177125","0.1110047","0.0415219","0.0021348","-0.0029916","0.0539695","",
"Ghana","GHA","Political Stability - Governance estimate (approx. -2.5 to +2.5)","GOV_WGI_PV_EST","","","","","","","","","","","","","","","","","","","","","","","","","","","","","","","","","","","","","-0.6095455","","-0.6059312","","-0.4701511","","-0.2418341","-0.216514799999999","-0.1177496","0.0517114","-0.0780160999999999","-0.116125499999999","-0.145694","0.1366056","-0.0543989999999999","0.0898514","0.0333979","0.0303364","-0.0929878","-0.0228697","-0.128208","0.0663948999999999","-0.032042","0.0133997","0.0588855","-0.1622488","-0.1877453","-0.0688107","0.0114605","",
"Ghana","GHA","Government Effectiveness - Governance estimate (approx. -2.5 to +2.5)","GOV_WGI_GE_EST","","","","","","","","","","","","","","","","","","","","","","","","","","","","","","","","","","","","","-0.0324486","","-0.3071658","","-0.0680212999999999","","-0.224036699999999","-0.438919299999999","-0.3962772","-0.267334299999999","0.0739642","0.0561228","0.0686849","0.078926","0.0369136","0.0061563","0.0221723","-0.0886218999999999","-0.0881126","-0.085856","0.0177698","0.0366097","-0.0138733","-0.0546834","-0.0103657","-0.0445107","-0.0662946","-0.0177779","0.0595796","",
"Ghana","GHA","Control of Corruption - Governance estimate (approx. -2.5 to +2.5)","GOV_WGI_CC_EST","","","","","","","","","","","","","","","","","","","","","","","","","","","","","","","","","","","","","-0.214866199999999","","-0.5731233","","-0.0109083","","-0.3000833","-0.3194152","-0.3390642","-0.4199254","-0.1130597","-0.0943405","-0.0856728","-0.0172755","0.0661022","0.0550802","-0.0180774","-0.0209075","-0.1952286","-0.2762732","-0.246555599999999","-0.2759026","-0.140224799999999","-0.0994456","-0.0922532","-0.1554389","-0.0967234999999999","-0.1303327","-0.1934794","",
"Ghana","GHA","Droughts, floods, extreme temperatures (% of population, average 1990-2009)","EN.CLC.MDAT.ZS","","","","","","","","","","","","","","","","","","","","","","","","","","","","","","","","","","","","","","","","","","","","","","","","","","0.974438236973891","","","","","","","","","","","","","","","","",
"Ghana","GHA","PM2.5 pollution, population exposed to levels exceeding WHO Interim Target-3 value (% of total)","EN.ATM.PM25.MC.T3.ZS","","","","","","","","","","","","","","","","","","","","","","","","","","","","","","","100","","","","","100","","","","","100","","","","","100","","","","","100","100","100","100","100","100","100","100","","","","","","","","",
"Ghana","GHA","Energy use (kg of oil equivalent per capita)","EG.USE.PCAP.KG.OE","","","","","","","","","","","","","","","","","","","","","","","","","","","","","","","343.736504631431","346.842908215595","350.413755045689","358.208685416489","363.878561541399","371.979573023255","375.516649147209","383.784688131443","395.747512800287","401.340038042534","322.127334642966","313.165728366048","303.797214535662","281.217826361178","270.192103863779","261.893368449293","274.133659952501","263.025409302741","276.023736903457","274.268692555035","296.099589771501","302.776311436787","328.520151456093","323.671149524462","321.354700935333","325.604049227551","327.930479432879","351.113971311685","378.657496575592","380.421155062376","392.373098140481","382.191892428598","361.562855486466","369.331287865765","","",
"Ghana","GHA","Fossil fuel energy consumption (% of total)","EG.USE.COMM.FO.ZS","","","","","","","","","","","","","","","","","","","","","","","","","","","","","","","18.2336592273629","16.5604869091858","16.0866218774476","17.4065173821646","17.6088053351047","18.7836244895245","19.3429609762366","20.4811606126881","26.6188372969041","25.8598958049103","28.1293639543572","32.180850342065","35.92000165513","36.4653569400348","37.09842644159","37.6398689633033","42.7186495689126","46.1390644215435","40.2392555297838","45.8162917155859","48.7807883919743","49.8559007418416","51.2632964298526","53.0217178703547","52.6743906404964","52.7763309052231","0","0","0","0","0","0","0","0","","",
"Ghana","GHA","GDP per unit of energy use (PPP $ per kg of oil equivalent)","EG.GDP.PUSE.KO.PP","","","","","","","","","","","","","","","","","","","","","","","","","","","","","","","4.59843649737669","4.83678839506331","4.96167791742577","5.08266094695561","5.15353726567064","5.23368032530069","5.39478788825969","5.4633888939523","5.47482058845786","5.57797633031305","7.18715172979766","7.65505434743655","8.14719897056915","9.19030372545886","10.101496170467","11.0878496374648","11.3201212093374","12.3228429509139","12.7365467713671","13.1886706086982","13.020851937069","14.4698418923424","15.0178079537088","16.1107017605653","17.1683556256608","15.9438144157371","15.2809196766192","14.7273004524907","14.6213874122968","15.778697811376","15.4121196009479","17.2884435925538","19.9329536402558","20.4765869477074","","",
"Ghana","GHA","Renewable electricity output (% of total electricity output)","EG.ELC.RNEW.ZS","","","","","","","","","","","","","","","","","","","","","","","","","","","","","","","100","100","100","99.6515127514652","99.5417348608838","99.6893394375409","99.9698204315678","99.4917223351728","77.5303643724696","83.5866752910737","91.7001246019659","84.266446112737","69.4280214491957","66.2784767086025","87.6552409339295","83.1246317030053","66.7686832740214","53.5482946402981","74.625180201826","76.9457468184863","68.9564276581096","67.4512596812962","66.8883374689826","63.9937960449787","64.8856768424298","50.8573529411765","47.6268530283778","40.3716417910448","37.4674421467258","40.3917871474905","36.660734645318","34.867098938968","","","","",
"Ghana","GHA","Electric power transmission and distribution losses (% of output)","EG.ELC.LOSS.ZS","","","","","","","","","","","","","","","","","","","","","","","","","","","","","","","3.14630309386471","3.17564249467998","3.27173583762496","2.13844447964518","2.5531914893617","3.33551340745585","2.8519692168402","2.8608771420273","2.59109311740891","1.98900388098318","19.4794406756195","18.5647028884082","22.1641688436684","28.8337300238014","27.123695976155","24.572775486152","20.6761565836299","23.2301519059903","23.1018740989909","23.063183746372","22.6517163371693","23.5288880975697","21.1000827129859","21.3493602171384","22.4560592044403","20.8391003460208","15.7729775518848","12.4022743425729","12.5184638109306","12.1103842559507","11.4955633767908","12.387775460234","11.5422799671947","11.2452612493819","","",
"Ghana","GHA","Access to electricity (% of population)","EG.ELC.ACCS.ZS","","","","","","","","","","","","","","","","","","","","","","","","","","","","","","","","","","30.6","30.36940574646","32.4504508972168","34.5287704467773","36.6036949157715","42.6","40.7405395507813","43.7","44.8","46.8","48.3","50.8","41.2","55.1","56.9","60.5","61.1","64.2","64.1","56.5","70.7","78.3","74","79.3","79","80.4","83.5","85.4","86.3","85.1","89.5","91.9","",
"Ghana","GHA","Access to clean fuels and technologies for cooking (% of population)","EG.CFT.ACCS.ZS","","","","","","","","","","","","","","","","","","","","","","","","","","","","","","","","","","","","","","","","","6.2","6.9","7.6","8.3","9","10","10.8","11.8","12.9","14","15.3","16.3","17.5","18.8","19.9","21.4","22.7","23.9","25.3","26.9","28.3","29.9","31.5","32.8","","",
"Ghana","GHA","Multilateral debt service (TDS, current US$)","DT.TDS.MLAT.CD","","","","","","","","","","","4155000","4432000","4738000","4924000","5135000","5160000","5376000","6106791.7","8967014.5","12607621.6","13828537.1","15777681.8","22158864.1","31397733.3","23882884.4","29688302.8","36235599.6","45292192.2","52581212.1","55844154.5","58718877.1","77179507.2","85783201","82195368.7","86527029.5","113432613","97925318.2","92491611.5","91328170.5","99747888.7","106443947.8","97529692.5","64221633.4","62051646.5","65189660.5","83446299.2","71973623.3","46825354.2","41215000.2","38588758.4","47854949.2","45297557.1","57408824.1","66416003.5","78319556.2","81177124.5","92092436","112993608.2","116922095.7","135055369","170627792.6","193548909.6","236551792.2","287018251.7","290369001.1","",
"Ghana","GHA","Debt service (PPG and IMF only, % of exports of goods, services and primary income)","DT.TDS.DPPF.XP.ZS","","","","","","","","","","","","","","","","6.48542051216299","5.80880204494967","3.71584761155975","7.41414870041113","8.89483958882979","11.6108206990355","10.0196729406482","10.9748680413638","27.394087520938","18.9259527055746","20.9609229881657","25.540971953326","43.5178648052091","54.9924595598206","48.4553200894855","36.4502790999157","25.5820065148404","25.8817323291567","23.1952324349056","24.3311802271741","23.2676377311188","25.0742080900417","30.375285858718","20.5388051594747","18.92521142949","16.9559292186715","11.3433574382535","7.25771033199955","7.12912382018488","7.47068551706729","7.9316089323927","5.01980628632009","3.35920275521576","2.85698480230845","2.88511626901246","2.83521229149763","2.2004610368234","2.69646550789462","3.59564751025999","4.87131657566555","5.90278239555825","8.8439605303137","8.9763256199343","10.8926964957043","8.9666888854806","11.149661130303","12.5476513436375","7.9069568302206","2.75380930634277","3.65967888166876","",
"Ghana","GHA","Debt service on external debt, total (TDS, current US$)","DT.TDS.DECT.CD","","","","","","","","","","","51137550.4","56634922.4","32562144.2","32350035.5","32858247","58070210.7","51930975.9","37914744.1","73945122.6","103589307.9","159050865.9","118545462.7","111044616.6","145234162","132870052.7","159395839.4","227935863.6","415014373","545659709.8","453880561.6","368040248.1","301432617.8","319047133.9","308194889.1","368905573.1","405865160","482544864.2","559036281.6","582311791.2","526160036","467600895.9","312287321.7","222097579.3","502193608.3","277254091.8","352084625.5","325252901","296385009.8","313015382.2","355886881.4","467768152.1","519341105","958681739.9","862456980.1","2570910339.8","1244422207.6","4611538710.9","6357700977.6","4413150154.9","9385877852.5","2905487631.3","3309815558.8","5857919216.5","3856390448.4","2729878836.7","",
"Ghana","GHA","Net official development assistance received (constant 2023 US$)","DT.ODA.ODAT.KD","24837129.5928955","24684471.1303711","43538963.3178711","144822067.260742","167187286.376953","355084259.033203","440088409.423828","351801666.259766","474690460.205078","501891906.738281","413454681.396484","374680908.203125","339037017.822266","213761703.491211","161923889.160156","507138885.498047","249112380.981445","329966827.392578","360476104.736328","486429077.148438","488929382.324219","392494659.423828","395957611.083984","302533935.546875","608926635.742188","535340270.996094","802990600.585938","787905151.367188","999613586.425781","1233390991.21094","873606506.347656","1320553222.65625","886947814.941406","923669738.769531","731878417.96875","811093872.070313","847925415.039063","699566040.039063","969731750.488281","845776977.539063","877753295.898438","1056450683.59375","1078655273.4375","1353644775.39063","1720289550.78125","1399910400.39063","1460848022.46094","1262205200.19531","1363488769.53125","1730582153.32031","1503163696.28906","1916333618.16406","1890703857.42188","1371714477.53906","1167875244.14063","2050988037.10938","1541180053.71094","1442007446.28906","1171000732.42188","1017982666.01563","2386660400.39063","1275351318.35938","1091946166.99219","1571978515.625","","",
"Ghana","GHA","Net official aid received (constant 2023 US$)","DT.ODA.OATL.KD","","","","","","","","","","","","","","","","","","","","","","","","","","","","","","","","","","","","","","","","","","","","","","","","","","","","","","","","","","","","","","","","","","",
"Ghana","GHA","Net official flows from UN agencies, WTO-ITC (current US$)","DT.NFL.WITC.CD","","","","","","","","","","","","","","","","","","","","","","","","","","","","","","","","","","","","","","","","","","","","","","","","","","","","","","","","","","","","","866086.006164551","262535.989284515","70359.9974513054","","","",
"Ghana","GHA","Net official flows from UN agencies, UNWOMEN (current US$)","DT.NFL.UNWN.CD","","","","","","","","","","","","","","","","","","","","","","","","","","","","","","","","","","","","","","","","","","","","","","","","","","","","","","","","","","","","","","","","","","",
"Ghana","GHA","Net official flows from UN agencies, UNIDO (current US$)","DT.NFL.UNIDO.CD","","","","","","","","","","","","","","","","","","","","","","","","","","","","","","","","","","","","","","","","","","","","","","","","","","","","","","","","","","","","","","16604.9990803003","57571.9997286797","102481.998503208","","",
"Ghana","GHA","Net official flows from UN agencies, UNECE (current US$)","DT.NFL.UNEC.CD","","","","","","","","","","","","","","","","","","","","","","","","","","","","","","","","","","","","","","","","","","","","","","","","","","","","","","","","","","","","","","","","","","",
"Ghana","GHA","Net official flows from UN agencies, UNHCR (current US$)","DT.NFL.UNCR.CD","","","","","","","","","","","","","","","","","19999.9995529652","19999.9995529652","100000.001490116","150000.005960464","140000.000596046","389999.985694885","389999.985694885","159999.996423721","90000.0035762787","170000.001788139","230000.004172325","","150000.005960464","170000.001788139","209999.993443489","569999.992847443","589999.973773956","4289999.96185303","2920000.07629395","2569999.9332428","2380000.11444092","1879999.99523163","1539999.96185303","1200000.04768372","680000.007152557","790000.021457672","1470000.02861023","2529999.97138977","4610000.1335144","1700000.04768372","1200000.04768372","2380000.11444092","2480000.01907349","1899999.97615814","779999.971389771","","","56411.0018312931","","4480950.83236694","","","3015841.00723267","4154090.88134766","2985652.92358398","5242949.96261597","4797100.06713867","3989099.97940063","","",
"Ghana","GHA","Net bilateral aid flows from DAC donors, Korea, Rep. (current US$)","DC.DAC.KORL.CD","","","","","","","","","","","","","","","","","","","","","","","","","","","","","","19999.9995529652","9999.99977648258","200000.002980232","2710000.03814697","6789999.96185303","2299999.95231628","280000.001192093","1840000.0333786","4460000.03814697","189999.997615814","-360000.014305115","-360000.014305115","-29999.9993294477","-9999.99977648258","12380000.1144409","15220000.2670288","13699999.8092651","270000.010728836","1559999.94277954","2509999.99046326","2470000.02861023","6730000.01907349","5059999.94277954","23440000.5340576","9851900.10070801","15822830.2001953","39839023.5900879","23184808.7310791","45991027.8320313","17247947.6928711","22095176.6967773","17119327.545166","39736885.0708008","37790031.4331055","26923088.0737305","","",
"Ghana","GHA","Net bilateral aid flows from DAC donors, Ireland (current US$)","DC.DAC.IRLL.CD","","","","","","","","","","","","","","","","","","","","","","","9999.99977648258","39999.9991059303","19999.9995529652","19999.9995529652","100000.001490116","79999.9982118607","19999.9995529652","9999.99977648258","19999.9995529652","19999.9995529652","140000.000596046","140000.000596046","119999.997317791","529999.971389771","550000.011920929","509999.990463257","209999.993443489","569999.992847443","409999.996423721","270000.010728836","1139999.98569489","1320000.05245209","1129999.99523163","1240000.00953674","2309999.94277954","3740000.00953674","930000.007152557","2309999.94277954","1330000.04291534","600000.023841858","899999.976158142","180000.007152557","1049999.95231628","430000.007152557","403600.007295609","317456.990480423","51426.999270916","297993.004322052","193026.006221771","511174.976825714","250945.001840591","182572.00717926","","",
"Ghana","GHA","Net bilateral aid flows from DAC donors, France (current US$)","DC.DAC.FRAL.CD","","","","","","","","2799999.95231628","1700000.04768372","2700000.04768372","1299999.95231628","1100000.02384186","1129999.99523163","","","","","2000000","1299999.95231628","","3250000","2180000.0667572","2339999.91416931","1620000.00476837","1159999.9666214","1309999.94277954","1820000.05245209","7849999.90463257","15989999.7711182","10399999.6185303","11649999.6185303","23579999.9237061","43909999.8474121","23569999.6948242","27030000.6866455","23430000.3051758","15930000.3051758","12479999.5422363","4570000.17166138","3759999.99046326","3279999.97138977","4449999.80926514","10189999.5803833","18159999.8474121","74519996.6430664","37900001.5258789","23149999.6185303","41599998.4741211","42979999.5422363","49680000.3051758","33799999.2370605","36669998.1689453","47479999.5422363","54060001.373291","67559997.5585938","45764183.0444336","75324317.9321289","26998752.5939941","35750511.1694336","4520831.10809326","38823722.8393555","44598396.3012695","-7907135.96343994","3728996.03843689","","",
"Ghana","GHA","Net bilateral aid flows from DAC donors, Denmark (current US$)","DC.DAC.DNKL.CD","","19999.9995529652","","","","","","","189999.997615814","1980000.01907349","389999.985694885","250000","340000.003576279","1389999.98569489","2289999.96185303","409999.996423721","-79999.9982118607","-129999.995231628","129999.995231628","-660000.026226044","-430000.007152557","-289999.99165535","-319999.992847443","9999.99977648258","-239999.994635582","-150000.005960464","-230000.004172325","-59999.9986588955","10909999.8474121","3700000.04768372","3190000.05722046","3460000.03814697","6139999.8664856","13239999.7711182","16690000.5340576","35270000.4577637","42250000","38979999.5422363","35270000.4577637","38020000.4577637","37159999.8474121","39729999.5422363","51479999.5422363","56700000.7629395","59720001.2207031","56069999.6948242","64339996.3378906","72129997.253418","77849998.4741211","88139999.3896484","101169998.168945","71699996.9482422","88182350.1586914","80708663.9404297","47826011.6577148","38637161.2548828","50451740.2648926","16411117.5537109","40794517.5170898","7183843.13583374","7404417.03796387","7633131.980896","3346785.06851196","3845463.03749084","","",
"Ghana","GHA","Net bilateral aid flows from DAC donors, European Union institutions (current US$)","DC.DAC.CECL.CD","","","","","","","","","","","19999.9995529652","90000.0035762787","100000.001490116","19999.9995529652","","9999.99977648258","7760000.22888184","3160000.08583069","11109999.6566772","6809999.94277954","8569999.69482422","16409999.8474121","39439998.626709","13739999.7711182","46439998.626709","11470000.2670288","39419998.1689453","11770000.4577637","20420000.0762939","19549999.2370605","20100000.3814697","27120000.8392334","62049999.2370605","60880001.0681152","42360000.6103516","53840000.1525879","73699996.9482422","24590000.1525879","32509998.3215332","25629999.1607666","16409999.8474121","18139999.3896484","42439998.626709","71230003.3569336","63520000.4577637","77419998.1689453","61880001.0681152","85220001.2207031","118489997.86377","166880004.882813","105559997.558594","73199996.9482422","85599998.4741211","33249614.7155762","49022140.5029297","157338500.976563","60397270.2026367","31481220.2453613","78603515.625","41642517.0898438","129392776.489258","47921321.8688965","26334325.7904053","42759277.34375","","",
"Ghana","GHA","Net bilateral aid flows from DAC donors, Australia (current US$)","DC.DAC.AUSL.CD","","","","","","70000.0002980232","109999.999403954","129999.995231628","119999.997317791","119999.997317791","140000.000596046","159999.996423721","159999.996423721","200000.002980232","230000.004172325","259999.990463257","699999.988079071","1490000.00953674","1309999.94277954","1919999.95708466","649999.976158142","720000.028610229","519999.980926514","1769999.98092651","1909999.9666214","330000.013113022","389999.985694885","250000","670000.016689301","680000.007152557","790000.021457672","600000.023841858","400000.005960464","360000.014305115","370000.004768372","239999.994635582","170000.001788139","50000.0007450581","50000.0007450581","180000.007152557","200000.002980232","59999.9986588955","50000.0007450581","59999.9986588955","259999.990463257","200000.002980232","189999.997615814","349999.994039536","159999.996423721","469999.998807907","519999.980926514","3309999.94277954","5309999.94277954","8000000","3089999.91416931","2977052.92701721","1168846.96483612","2409755.94520569","1731731.05716705","1416360.97431183","1271605.96847534","1679636.95526123","693956.971168518","1669124.96089935","","",
"Ghana","GHA","Listed domestic companies, total","CM.MKT.LDOM.NO","","","","","","","","","","","","","","","","","","","","","","","","","","","","","","","","","","15","17","19","21","21","21","22","22","22","23","25","28","27","29","29","31","31","31","29","29","29","","","","","","33","31","30","30","30","30","31",
"Ghana","GHA","Personal remittances, received (% of GDP)","BX.TRF.PWKR.DT.GD.ZS","","","","","","","","","","","","","","","","","","","","0.0316584042311672","0.020246429036143","0.0331561693982871","0.0371655619946559","0.012323541877221","0.106520891143912","0.0932440898805532","0.0104608397303068","0.0137935654491555","0.115434229201785","0.114245272767557","0.101883026315721","0.0938940762307132","0.11377621490214","0.169209763345725","0.288264665099343","0.266221857708632","0.396654157884061","0.377279464905692","0.394275959759482","0.397765775177601","0.650165983213332","0.863785856356726","0.705783386680856","0.852907818883425","0.92745551290552","0.923113637317234","0.503964848100869","0.472719655317582","0.439705076430655","0.439390802986601","0.421931838233591","5.42658723153267","5.22269483590356","2.96597754289707","3.67206532500897","10.0784066400995","5.30764584386793","5.85639814832266","5.23431525252006","5.93056152121388","6.13064485540951","2.45987576586277","2.87894180185027","3.04707983231817","3.63485196347604","2.12143124533705",
"Ghana","GHA","Portfolio equity, net inflows (BoP, current US$)","BX.PEF.TOTL.CD.WD","","","","","","","","","","","","","","","","0","0","0","0","0","0","0","0","0","0","0","0","","","","0","0","0","0","0","0","0","0","0","0","","","","","","","","","","534537000","18140000","","","","","","","","","","","-40424552.4614335","-21373635.5606327","-9279759.10791064","-53309339.5265678","-56364659.3388269",
"Ghana","GHA","Transport services (% of service exports, BoP)","BX.GSR.TRAN.ZS","","","","","","","","","","","","","","","","63.5362318840814","61.3302397524383","56.6576271186897","62.9049972542926","37.1237554183785","33.5707591377694","24.2989084802687","34.1565105179922","79.8429319371728","73.2876712328767","70.2631578947368","53.6202808681379","40.1524777636595","44.4589308996089","44.7466007416564","44.9074074074074","48.0544747081712","37.5647668393782","54.3883897719419","54.1016949152542","54.1374501992032","53.1530612244898","52.7331716191631","20.6051258788841","20.2734074390765","19.5024511868502","19.4797939880969","20.6595783023968","19.7233355290831","19.481745952642","13.1865485442422","14.7068076615658","17.0981986495987","13.3005749092455","18.2386266676461","24.6215392946592","27.2442401452925","28.533494198782","28.3756511660436","30.1275472223434","7.44692856998532","12.7764618518202","7.1576903327633","5.98337773033081","5.04871129231699","6.79620551597017","6.15796220613385","6.37845802896621","4.60720177421971","6.43977793744576","4.95352507176879",
"Ghana","GHA","Goods exports (BoP, current US$)","BX.GSR.MRCH.CD","","","","","","","","","","","","","","","","800960926.990234","779047762.990234","889569294.556641","892790904.769531","1065700000","1103600000","710700000","607000000","439100000","565900000","632400000","749300000","826800000","881000000","808200000","896800000","997700000","986300000","1063600000","1237700000","1431200000","1570000000","1489860000","2090800000","2005500000","1936321433.4","1867114037.80784","2015190115.87","2562560896.5","2704467546.23","2802195812.49545","3726674819.51184","4172139004.47646","5269730512.96","5839700000","7960080000","12785406532.538","13552347534.8","13751918378.1093","13216778566.9649","10321186611.031","11136878169.6733","13834850000","14942720190.828","15667527637.2012","14471527062.7428","14727459381.0728","17095695297.5319","15715819894.3765","19164781853.453","31246343214.8097",
"Ghana","GHA","Communications, computer, etc. (% of service exports, BoP)","BX.GSR.CMCP.ZS","","","","","","","","","","","","","","","","29.3719806763044","32.1732405259922","37.6271186440203","31.4113124656357","58.9690308258526","64.85473289597","74.223341729639","64.1843927941428","12.8272251308901","18.0365296803653","22.1052631578947","41.0359292358198","55.2731893265565","49.9348109517601","48.7021013597033","47.5694444444444","43.7743190661479","55.8937823834197","35.798203178991","35.7966101694915","35.7901726427623","35.969387755102","35.6579745300182","13.9033794511227","13.659683625481","13.1387349134891","13.4296708451627","13.6781402054424","13.4094173855763","13.0690151072888","10.5210740806886","22.3165980808759","32.6360857495769","34.9425377181284","37.5558707358833","32.2473431259731","32.8531242601086","42.2161648532483","35.3726333134542","24.3061893469086","78.7793334887853","72.8153265682478","79.4205989406224","70.3282510516682","61.4652977550125","61.222050045298","52.3350669154936","47.5897136645035","47.6010846952241","39.3305925442226","50.0259390476049",
"Ghana","GHA","Grants, excluding technical cooperation (BoP, current US$)","BX.GRT.EXTA.CD.WD","2530000","2610000","3100000","3900000","6390000","6960000","9890000","9600000","3570000","3920000","5460000","8400000","7750000","5540000","12040000","7820000","19960000","25650000","30380000","31700000","22480000","33690000","29830000","46150000","105830000","74590000","133450000","100460000","170660000","208380000","448730000","470100000","219380000","223900000","219920000","239840000","217850000","163603400","242170987","258055987","227699320","312011067","424042333","543725667","1931070933","1029515267","5341108600","748620486","780046715","983413108","914550000","904111928","1061026249","768883050","582957646","772743789","635119986","638279160","713984788","616977874","750844785","738950252","531613451","672879927","","",
"Ghana","GHA","Portfolio investment, net (BoP, current US$)","BN.KLT.PTXL.CD","","","","","","","","","","","","","","","","","","","","","","","","","","","","","","","","","","","","","","","","","","","","","","","-65790000","-312405000","127350000","-491818481","-775488860","-117562630.373792","-1121820000","-658931000","-835933489.812345","-899999584.587175","-553701689.77094","-2536100000","-928957962.384176","-2297730000","-1561195489.83737","-2312343497.321","2057206535.7333","-2664859591.36401","312383309.38145","977305234.390227",
"Ghana","GHA","Net trade in goods and services (BoP, current US$)","BN.GSR.GNFS.CD","","","","","","","","","","","","","","","","9391356.0001329","-59043803.000175","-103391778.220753","-76832751.728887","98663332.0000005","32100000","-419800000","-106008912.000092","-157100000","-86300000","-166000000","-171720000","-295300000","-303700000","-398400000","-522300000","-554552000","-741100000","-965000000","-615500000","-537700000","-648650000","-957664000","-1119330000","-1452600000","-909624210.592011","-1175757882.44416","-757841454.6132","-962242396.544134","-1972288288.77","-2711715520.85246","-3176972981.76184","-4060700855.37747","-5495934199.0544","-3379970000","-4487950000","-4908642718.75231","-5187075383.07456","-6292080667.5828","-3985638963.27983","-4310463630.59344","-3066606286.82657","-1685930000","-705801830.22405","-1315920187.07099","-2468297849.29805","-1215544536.6765","-141740240.8012","-697637190.45861","1548721384.64429","9214902036.76386",
"Ghana","GHA","Current account balance (BoP, current US$)","BN.CAB.XOKA.CD","","","","","","","","","","","","","","","","17574111.9997209","-74043770.0003284","-79748084.3445027","-45940350.8967292","123499524.000061","30200000","-419181804.000004","-107279822.609969","-172164695.080123","-38800000","-133900000","-85320000","-97900000","-67100000","-93900000","-223200000","-252052000","-377000000","-558800000","-254600000","-143700000","-306850000","-403464000","-521730000","-964300000","-386417603.19361","-427467882.44416","-105237554.6132","101686603.45587","-590188288.77","-1104609520.85246","-1056074432.76184","-2378784231.83093","-3327428935.89148","-1897165484.24191","-2747340000","-3541315695.2523","-4911713679.07456","-5704034549.66674","-3694575338.27762","-2823640338.08023","-2832047270.61979","-2002640000","-2044594252.86237","-1863971933.06699","-2133965479.92186","-2242743796.94953","-1723247736.63879","-734496650.094511","1598500831.48759","9389161233.56501",
"Ghana","GHA","Foreign direct investment, net outflows (BoP, current US$)","BM.KLT.DINV.CD.WD","","","","","","","","","","","","","","","","0","0","0","0","0","0","0","0","0","0","0","0","","","","-14800000","-20000000","-22500000","-125000000","-233000000","","1299750","1683510","26675410","163300000","","9553620","-2042540","10749650","-978660","","","","7960000","6900000","","25345000","1090000","670000","6400000","221426854.229783","14664996.5242864","15910000","80850376.751441","587766048.318169","542413996.293504","119701590.698156","-44157893.1820898","11006012.9135947","5366458.48601679","38841192.1439065",
"Ghana","GHA","Charges for the use of intellectual property, payments (BoP, current US$)","BM.GSR.ROYL.CD","","","","","","","","","","","","","","","","","","","","2836392","3500000","3700000","3500000","300000","100000","200000","100000","100000","100000","200000","200000","500000","900000","900000","700000","","","","","","","","","","","","","","","","","","","","","","","","44881239.678217","189994769.056322","156694904.524923","237098204.235282","249876004.095553","265267332.968695","689074896.262719","638936071.086851",
