"Data Source","World Development Indicators",

"Last Updated Date","2026-07-13",

"Country Name","Country Code","Indicator Name","Indicator Code","1960","1961","1962","1963","1964","1965","1966","1967","1968","1969","1970","1971","1972","1973","1974","1975","1976","1977","1978","1979","1980","1981","1982","1983","1984","1985","1986","1987","1988","1989","1990","1991","1992","1993","1994","1995","1996","1997","1998","1999","2000","2001","2002","2003","2004","2005","2006","2007","2008","2009","2010","2011","2012","2013","2014","2015","2016","2017","2018","2019","2020","2021","2022","2023","2024","2025",
"Togo","TGO","Internally displaced persons, new displacement associated with disasters (number of cases)","VC.IDP.NWDS","","","","","","","","","","","","","","","","","","","","","","","","","","","","","","","","","","","","","","","","","","","","","","","","","2000","","50000","","","120","","5000","","50","","","","","16000","","","",
"Togo","TGO","Transport services (% of commercial service exports)","TX.VAL.TRAN.ZS.WT","","","","","","","","","","","","","","","25.9919028340081","36.520650813517","38.3036935704515","40.0298730395817","39.4563047150976","39.743414767299","46.2162162162161","38.8584126414079","35.6216260096603","33.4873031764813","34.5184564369785","35.6536646744259","31.1963027233774","28.1875495488693","30.9624373247218","22.0137627831405","26.9397869533035","29.8786919831224","29.7975708502025","36.0616460532279","29.3405865327614","33.9376770538244","9.89370086307975","11.3718570798412","17.2815027393687","23.7356668678335","23.0194135925915","23.1035543929835","27.8943697060289","29.7892193219609","38.1695283971719","55.017234403677","50.9528212394483","53.5426331195249","43.0449851401761","34.297517026413","45.139529037124","51.2622556013378","51.0642471799902","53.12191218058","50.5778363428365","46.0201785745733","43.5291543129053","39.4747321961502","37.5117006435788","37.2319255166042","37.8775954920437","","","","","",
"Togo","TGO","Computer, communications and other services (% of commercial service exports)","TX.VAL.OTHR.ZS.WT","","","","","","","","","","","","","","","37.2064777327936","26.2828535669586","17.5786593707249","14.5257654966394","14.3449546920596","10.8229834857376","9.65250965250986","9.79978452145802","10.5167025205991","14.212250841904","16.6126152388587","23.6741113557723","26.5042320359807","31.635773339877","22.4611200815839","21.2112523495494","8.57335950825498","9.13664394677046","27.9352226720646","44.8423233827625","47.7699898873663","44.3185395026755","77.707936874075","69.8081164534627","62.6324028176363","57.5558237779118","50.533796880288","53.6313278965996","47.2984554060788","48.5609015001077","44.6398881205812","29.9780380243693","31.9786500798519","24.3509135291072","36.4802060091894","34.8164857739391","27.7011927707477","23.9778571673152","16.8177678133539","15.2446013164078","18.4723123666746","27.3919678960114","30.5014176049771","32.0688706759997","32.7281732545702","31.8861309026729","39.20250868392","","","","","",
"Togo","TGO","Merchandise exports by the reporting economy, residual (% of total merchandise exports)","TX.VAL.MRCH.RS.ZS","0","0","0","0","0","0","0","0","0","0","0","0","0","0","-5.32178246314601E-16","0","0","0","0","0","0","0.00664721249144171","0","2.05956940044482E-13","-2.0853840545465E-13","3.45318532727721E-13","2.27532095712643E-13","-1.06417369499957E-13","0","0","0","0","4.37993278555214E-14","1.39173444374688E-13","-2.44263250686223E-13","9.66357616710537E-14","-7.65804040355025E-14","0.000122551610879567","-1.63407651138446E-13","0.38980956610895","0","0.13558133151681","0","0","0","0.0071546868820256","0.00623980334109559","0","0","0","0","0","0","0","0","0","0","0","-1.16274607750068E-14","0.00540169968329005","0","0","0","0","","",
"Togo","TGO","Merchandise exports to low- and middle-income economies in Latin America & the Caribbean (% of total merchandise exports)","TX.VAL.MRCH.R3.ZS","","","0.632911392405063","5.98802395209581","0.72992700729927","0.4149377593361","","","","","","","","","","","","","","","","0.257247123418794","0.0122137797148404","","0.452754055426755","","","","","1.49221790750656","1.78033518065472","7.99415105610885","0.972484309278866","3.91828727243199","0.726005630889635","5.72845483870482","12.9617206909952","8.96347663631222","5.01410281623391","8.66476156304923","5.73112479775283","1.35588514282254","0.869542332449474","1.09793932641508","1.18771719390181","1.78559291456941","0.903483162282969","0.957455575806853","0.0116525731501517","0.0349167505517253","0.707243526759998","1.25955477598886","0.000127926541232179","1.77698351647744","0.0012317863409934","0.542989081489709","","0.0158199805655595","0.0207811009713682","0.00767291493220629","0.0801808057271777","0.0121620297197921","0.0228375193533737","0.00338960580636863","","",
"Togo","TGO","Merchandise exports to high-income economies (% of total merchandise exports)","TX.VAL.MRCH.HI.ZS","100","100","87.9746835443038","89.2215568862275","95.985401459854","95.850622406639","93.7125748502994","92.8813559322034","95.7983193277311","95.8888698672014","96.4423237903901","95.2731046054665","95.0647620797354","92.7554431754544","92.5515136969863","93.3272767409873","92.636899211664","94.6717289895986","85.2221990195201","83.8677554272057","67.6589249882594","76.6689488762887","69.0894948637842","65.5074432612423","82.36336966153","88.2556296458239","88.305323316431","83.2060705912174","80.8749647960899","71.5680548558385","63.8470051758284","54.9537701614701","60.3565240515496","52.6885946642173","61.0082466474899","54.4766481427368","49.8113609210769","50.9467013486757","56.1325118910821","43.3796328884832","28.0758355309973","22.776098583959","26.9321000329052","27.9083643552531","19.8374024202177","13.6964134816162","11.3431325827173","9.14013952176889","6.82844915457648","8.55200412311394","36.2206491452564","13.2260941469118","26.4189404286354","18.4895695509138","15.5162597246294","18.3154457456875","14.6978610970637","16.7146315962481","13.6363223954348","9.88741485560369","12.9815935531339","14.1239473193979","23.9842281052882","20.733045027719","","",
"Togo","TGO","Manufactures exports (% of merchandise exports)","TX.VAL.MANF.ZS.UN","","","6.60266587285837","6.49877876547676","4.8724860959479","4.85249592084897","3.80351117651334","7.3079883474406","","10.7061982528616","5.65106220784265","17.8275569000761","5.0066776330156","7.02065167155224","3.2616603569648","5.82821902079495","8.21622838938613","5.79663037225238","7.1932339483873","9.35836062001194","10.571185815224","15.3197284247117","","24.8643441606732","","","6.15406965580249","10.4040651315928","7.21426396559602","","","6.37130100796475","","","7.99380646968154","7.29015146161746","5.8126558033185","8.04497821459791","12.1610582501451","17.7079169263315","30.8253729318135","49.6818445977556","43.2187809422004","58.014086109927","47.3384396658155","58.1122362455703","","62.1769054188132","51.6453608521473","60.2977933517657","64.8621312063333","62.7899499305506","53.7168781132544","52.0822741619249","50.283410376271","49.0181653040328","51.2979111796058","49.8786689356463","47.2538717239173","46.0734628512539","50.6554319978701","48.7167722796484","38.2935548293893","35.951006348736","39.3051866570538","",
"Togo","TGO","Food exports (% of merchandise exports)","TX.VAL.FOOD.ZS.UN","","","75.3683766620361","61.4112721052428","66.5435121670066","57.666209721059","50.3071692409426","49.4133068055547","","58.0697732197968","67.1970893839838","49.531519904546","54.5212942118209","43.7175171763914","19.1987932139988","27.6817247767758","35.768931175333","42.933102770399","39.589123843805","31.3163450867497","20.6688318007057","26.139073540971","","20.6155762911015","","","30.0936083388236","28.8734512546585","24.1241527911787","","","17.7105039735273","","","17.0654882107583","18.5460906830242","17.6711804616744","21.7053691670822","15.4098549071882","21.2600713939043","19.5804511564083","18.230963721138","23.2293137355407","15.4946796817321","23.968420529638","21.4500110855906","","15.7232992940811","15.9976796148713","16.8786022283433","18.109093677885","14.6931768394735","17.0409953975587","20.0711805951857","19.3072337913121","21.3987908733858","22.5043955113224","19.6678707209023","16.2251411354971","17.4892146454249","26.0185374258391","25.3783325546223","27.0563012532639","31.9620441511226","33.0459371924196","",
"Togo","TGO","Medium and high-tech exports (% manufactured exports)","TX.MNF.TECH.ZS.UN","","","","","","","","","","","","","","","","","","","","","","","","","","","","","","","","","","","","","","","","","","","","","","","","","","","","","","","","","","","","","","","","","","",
"Togo","TGO","Commercial service imports (current US$)","TM.VAL.SERV.CD.WT","","","","","","","","","","","","","","","33971090.3001829","59539113.0430512","54990470.0565896","82656406.330513","124654418.329026","133606526.494054","153133605.078327","135604471.452105","127587347.032027","112397841.714846","107376780.522128","124868962.403231","162142774.418988","182343870.449922","183036179.353688","174070706.276737","216708155.480919","254555977.743409","181342980.265682","110784412.457995","109136324.807988","148024106.990991","197041386.249114","167651421.566716","149012179.960765","130439441.592082","116805221.40395","128823453.252571","147869459.716199","204517203.642024","237807615.458809","248747595.658629","261319494.095246","303633017.044069","359069473.369396","375726219.483464","395665461.277697","468034616.893604","437175730.059026","470930441.03113","426590194.323942","372547585.985534","398956298.214125","428215809.52122","464046270.892243","446852839.612697","435353417.402775","","","","","",
"Togo","TGO","Merchandise imports by the reporting economy (current US$)","TM.VAL.MRCH.WL.CD","400000","600000","24100000","26200000","39500000","43400000","45100000","43400000","44400000","57181000","61354000","67866000","80068000","96211000","114200000","165558000","175365000","266715000","422970000","483870000","528046000","412365000","375648000","266680966.678958","262102500.921237","262862643.951208","272309419.333414","378224973.484822","460003000","441960000","546319000","418231000","917784033.145478","602289280.338587","665425489.755445","370410453.896845","389880587.398934","372679657.873665","421186262.524991","328446862.271366","313353958","338986235","385649248","550297815","542351964","576305267","677462658","759675760","951897871.000001","1293856820","1325436149","1794530136","1828613800","2445081886","1987247272","1877552795","1858026991","1635597657","1732809949","1790915687","2169346632","2550434077","2759939392","3050194049","","",
"Togo","TGO","Merchandise imports from low- and middle-income economies in Middle East & North Africa (% of total merchandise imports)","TM.VAL.MRCH.R4.ZS","","","3.3195020746888","2.67175572519084","2.0253164556962","1.38248847926267","2.21729490022173","0.921658986175115","1.35135135135135","2.77539742222067","3.01691821234149","1.95679721804733","1.41879402507868","1.9945744249618","1.34238178633975","1.7570881503763","0.464174721295584","0.267701479106912","0.0735276733574485","0.219067104800876","0.0996125337565288","0.114219199010585","0.2614149416475","0.154493084820458","0.221582359434069","0.415770487916405","0.27677037602596","0.33430104689012","0.641734945206879","0.581048058647841","0.702519956289274","0.560934029280469","0.760123299904238","0.383519777991274","0.516058970455524","0.72740520914094","0.442883414272698","0.95576670322302","1.16609580755776","0.56079272868135","0.724823140737223","1.49899242958936","2.70226405316367","1.12946932198886","1.55148142876459","0.733937418621579","0.838712648277066","0.752072173528348","0.722803486551762","1.98219459862645","1.81275559883647","1.98675131081778","1.6938334382033","2.08241058475536","1.95763368495393","3.2385555901239","1.87836060342785","1.77963999125489","2.93164481363444","2.58818839638652","2.18776138860966","4.04642644680284","3.51870074688944","4.26237429197738","","",
"Togo","TGO","Merchandise imports from low- and middle-income economies outside region (% of total merchandise imports)","TM.VAL.MRCH.OR.ZS","","","6.22406639004149","5.72519083969466","4.81012658227848","4.60829493087558","6.43015521064302","6.91244239631336","6.98198198198198","6.71376855948654","6.40382045180428","6.8031120148528","4.65978917919768","4.97552254939664","7.13047285464098","6.38990565239976","4.18555584067516","4.41632454117691","2.62619098281202","3.14774629549259","3.41977782238669","5.14277399876323","6.51274597495528","7.16878071492807","6.53885457735991","5.04598032076141","4.04127165913767","3.7591272983197","7.10256237459321","5.90483301656259","5.4158833941342","5.4135154974165","21.4218794722338","30.4947760604756","25.1062816997546","6.0596059398519","6.97220862026672","7.09956149570767","8.09631751514971","8.08553128056998","9.30454211783085","13.0271333878793","18.0506308156991","16.9734960695783","21.4230796073968","24.5389450865456","23.9299484754774","27.1376922701864","29.7571491259276","31.4227853279778","34.403715814152","31.9824529823332","30.1915943650868","30.7905349228046","29.9115865134271","35.2886261714947","41.7032058604793","37.3963154925209","37.6565126127401","39.553577487872","41.8258044895058","44.6347900251962","41.4117999950631","45.0893241513894","","",
"Togo","TGO","Ores and metals imports (% of merchandise imports)","TM.VAL.MMTL.ZS.UN","","","1.33046410329998","1.77332095760675","1.05249613356619","0.833351859278698","1.16479696136831","0.957512079742376","1.15670258112611","1.25415435640427","1.14767698129302","0.799236842319852","0.681458442781834","0.744400484266089","0.933083168687981","1.13910526063979","0.668500684674575","0.40627619334723","0.510426909935707","0.437763172854085","0.423975992588714","0.983297226847085","","0.406737187135602","","","0.852873520929807","0.54264696883506","0.747875910574968","","","1.26842743684189","","","0.9965436951048","1.30032799810646","1.88968600294502","1.88224113764031","1.77670476933236","1.5116492688207","1.59454770147339","1.99204911906105","1.85799225208329","2.12626586268192","2.23514731257825","2.12683272827298","","2.25745121827006","2.4770123476464","2.94121118979661","3.42107470954898","2.32129528889539","1.1763877184643","0.526309318795545","0.466268438864533","1.06441300479086","0.829077922757347","0.900911790545321","0.777309562236049","0.905570362587626","0.908852739168286","0.940395768196328","0.707302154387685","0.893682146486876","0.803913352625193","",
"Togo","TGO","Fuel imports (% of merchandise imports)","TM.VAL.FUEL.ZS.UN","","","6.21285693484895","5.97586857331123","4.49699685932959","3.50422480478841","4.14456939253955","4.53768584709422","4.60923326558222","4.65988892798357","4.37795238738019","5.49603571208697","5.59732368224006","5.16436649297106","9.65031812773882","7.48247653340252","6.88442052597733","7.18011780997895","14.3685444113126","18.3092404401386","22.7731223800293","8.41481357406592","","9.43572261077522","","","3.46208821584668","7.33298742765538","5.47505135558116","","","9.81028653233576","","","10.8383232255998","29.9261793954579","30.3202052405285","32.0623099403207","32.3001739616874","39.7346523410964","18.8148583147136","15.8341122845996","15.0475455235866","18.805303845205","22.9756805989805","28.9912366664669","","27.0348817982075","41.515508455846","17.2656840476775","15.0839291010574","14.969123217248","24.8674604608757","34.5010764659585","23.8154627634636","16.7074470312447","10.0904440393833","11.0763728314451","21.3443354726884","13.5694329785442","10.9013835608759","10.2113231350194","14.516068306727","14.3518306649228","15.1662509384785","",
"Togo","TGO","Tariff rate, most favored nation, weighted mean, primary products (%)","TM.TAX.TCOM.WM.FN.ZS","","","","","","","","","","","","","","","","","","","","","","","","","","","","","","","","","","","","","15.36","16.12","","16.92","10.64","10.46","10.12","10.07","10.07","9.74","9.93","10.05","10.05","11.05","11.27","10.91","9.7","9.67","9.67","12.56","11.88","14.4","14.54","15.81","15.81","13.35","11.49","","","",
"Togo","TGO","Bound rate, simple mean, primary products (%)","TM.TAX.TCOM.BR.ZS","","","","","","","","","","","","","","","","","","","","","","","","","","","","","","","","","","","","","80","80","","80","80","80","80","80","80","80","80","80","80","80","80","80","80","80","80","80","80","80","80","80","80","80","","","","",
"Togo","TGO","Tariff rate, most favored nation, simple mean, all products (%)","TM.TAX.MRCH.SM.FN.ZS","","","","","","","","","","","","","","","","","","","","","","","","","","","","","","","","","","","","","13.16","13.29","","13.41","12.01","11.99","11.95","11.98","11.99","12","11.99","11.94","11.94","11.94","11.94","11.92","11.92","11.92","11.92","12.16","12.16","12.17","12.17","12.17","12.17","12.17","12.12","","","",
"Togo","TGO","Tariff rate, most favored nation, weighted mean, manufactured products (%)","TM.TAX.MANF.WM.FN.ZS","","","","","","","","","","","","","","","","","","","","","","","","","","","","","","","","","","","","","11.93","12.81","","12.13","11.85","11.23","10.26","11.35","11.38","11","12.07","11.64","11.64","11.01","11.03","11.85","9.7","9.66","9.66","10.27","10.5","12.4","12.49","11.29","11.29","11.62","15.11","","","",
"Togo","TGO","Bound rate, simple mean, manufactured products (%)","TM.TAX.MANF.BR.ZS","","","","","","","","","","","","","","","","","","","","","","","","","","","","","","","","","","","","","80","80","","80","80","80","80","80","80","80","80","80","80","80","80","80","80","80","80","80","80","80","80","80","80","80","","","","",
"Togo","TGO","International tourism, expenditures (% of total imports)","ST.INT.XPND.MP.ZS","","","","","","","","","","","","","","","","","","","","","","","","","","","","","","","","","","","","5.96375528276174","2.47017494807225","2.00456562267197","2.2768885109228","2.74088304563991","2.48502879817456","3.09343126664764","3.5756242422801","3.85051185753988","3.47181160127997","3.59406791110125","3.45880033209241","4.27767286929748","4.06414544357437","5.54021878339474","4.86301663502914","3.24439066799594","2.00592162605909","2.02470925321739","2.27103343994371","2.19270816669717","2.29153865095114","2.72650452871454","2.79099054687573","2.69823046052656","","","","","","",
"Togo","TGO","International tourism, expenditures for passenger transport items (current US$)","ST.INT.TRNX.CD","","","","","","","","","","","","","","","","","","","","","","","","","","","","","","","","","","","","22000000","16000000","9000000","13000000","14000000","13000000","15000000","21000000","30000000","30000000","34000000","37000000","42000000","49000000","47000000","43000000","24000000","12000000","13000000","19000000","16000000","17000000","18000000","23000000","18000000","","","","","","",
"Togo","TGO","International tourism, number of departures","ST.INT.DPRT","","","","","","","","","","","","","","","","","","","","","","","","","","","","","","","","","","","","","","","","","","","","","","","","","","","","","","","","","191000","216000","236000","269000","","","","","","",
"Togo","TGO","Urban population","SP.URB.TOTL","178149","197428","220264","246074","274139","303577","333460","362726","390301","424900","459359","484579","507940","530037","551548","572761","593964","615508","637918","662266","689829","721508","753094","782885","813772","849733","890121","931390","974424","1018914","1064964","1112531","1161580","1165399","1187446","1268391","1343255","1409329","1465582","1523318","1583387","1645358","1709281","1775664","1843220","1913483","1993664","2083191","2177425","2275777","2375624","2469391","2556321","2641466","2725381","2808536","2891053","2972305","3058859","3158134","3261493","3357843","3447980","3556789","3683321","3814251",
"Togo","TGO","Rural population","SP.RUR.TOTL","1494961","1505289","1512695","1518998","1525271","1532011","1540029","1550038","1563222","1618516","1690119","1735247","1775923","1814473","1852744","1891035","1929524","1968476","2008583","2052083","2101579","2157932","2208558","2250192","2291971","2344806","2406219","2466224","2527121","2588004","2649057","2710105","2771001","2722575","2716737","2842059","2947881","3029465","3086053","3142436","3200335","3258786","3317849","3378448","3438100","3499671","3576000","3665252","3758713","3855169","3950164","4031191","4097397","4157382","4212263","4262966","4309831","4352081","4399347","4461791","4526561","4578333","4620636","4667061","4723237","4777375",
"Togo","TGO","Completeness of birth registration, rural (%)","SP.REG.BRTH.RU.ZS","","","","","","","","","","","","","","","","","","","","","","","","","","","","","","","","","","","","","","","","","","","","","","","69.3","","","","70.6","","","","68.7","","","76.1","","","","","","","","",
"Togo","TGO","Population, male","SP.POP.TOTL.MA.IN","823448","838005","852910","868772","885761","903686","922496","942000","962240","1006696","1059135","1094015","1125806","1155952","1185696","1215316","1245076","1275332","1306728","1340868","1379656","1423941","1463607","1496196","1529403","1572987","1624731","1675547","1727687","1780596","1834445","1889128","1944638","1898811","1894053","2014456","2117019","2193303","2243951","2297462","2353903","2411510","2470332","2531182","2591886","2653308","2725076","2807330","2894099","2984348","3074936","3159411","3236446","3309181","3378490","3445140","3509443","3570770","3636625","3715366","3796932","3868524","3932385","4011471","4107847","4205132",
"Togo","TGO","Technicians in R&D (per million people)","SP.POP.TECH.RD.P6","","","","","","","","","","","","","","","","","","","","","","","","","","","","","","","","","","","","","","","","","","","","17.44631","16.64299","22.45333","16.31129","17.5665","","","8.4713","8.58103","8.23023","","9.00813","10.419","2.43011","2.35112","3.61765","","","","","","","",
"Togo","TGO","Age dependency ratio, old (% of working-age population)","SP.POP.DPND.OL","6.76190085432679","6.62542753463157","6.49260615732898","6.36876034346813","6.25774756839407","6.15363086778038","6.05545294833101","5.96879961621762","5.89438231645959","5.8340262012352","5.78743451084544","5.75080733842792","5.72350596731725","5.70643179621612","5.69838294925918","5.69727278841855","5.70316704936632","5.71603108051162","5.73330744018014","5.75041131213273","5.76483499928547","5.77755906183602","5.80778345035519","5.85499839139432","5.89807274927068","5.90738882984535","5.8878933889637","5.86766707958386","5.84111091671422","5.80605648841192","5.76263314180744","5.71096253016229","5.65200535443899","5.79940588570041","5.86488255621014","5.65625449281688","5.49269333924357","5.45647158030336","5.52944308336072","5.59327465338667","5.65034984752546","5.70599059652022","5.76267504489648","5.8207987902028","5.88275815274016","5.9793920059144","6.1380684187275","6.32221331384195","6.48508386086072","6.60705481573621","6.68341379509324","6.64018167803613","6.51558097779418","6.42370864684268","6.36899763059519","6.35806888353888","6.38970566022536","6.44491501647951","6.47617342518129","6.45780034747044","6.44064328549907","6.47003038793054","6.56096747762256","6.5224245125711","6.34175856281456","6.19783020545389",
"Togo","TGO","Population ages 80 and above, female (% of female population)","SP.POP.80UP.FE.5Y","0.320480379256693","0.315943342985873","0.311459576160445","0.306928483766596","0.303070103431292","0.300138855802434","0.297583683581267","0.295231384764989","0.293155731668688","0.291206883247164","0.289358486274503","0.287081934711954","0.284873961190132","0.282779399255737","0.280814740229953","0.279059336152762","0.277375368816939","0.276008995509123","0.275121027874851","0.274703272412744","0.274977280019947","0.275781707854145","0.276760896208656","0.278095701619058","0.280840427826484","0.285652264003868","0.291096781603832","0.296155896463899","0.300926004223562","0.30531308279701","0.309058899954617","0.311661498168097","0.313389267197299","0.308169818159698","0.308636754836752","0.31584059878034","0.315944358100323","0.336095608445721","0.371844671974152","0.394588167337474","0.409618988081005","0.425212847132792","0.441294322544965","0.45761818181125","0.474523635828208","0.489266430083418","0.5035527113241","0.528065395651238","0.569815179884282","0.62940992144532","0.697878586905833","0.71025996574255","0.676709375197526","0.661610405806629","0.66737769705947","0.694277074379226","0.739873870359535","0.799522380552512","0.841458024833178","0.838558423258151","0.825607435703544","0.838223132165682","0.858003544290332","0.82995855786006","0.763926497053071","0.703067187599026",
"Togo","TGO","Population ages 70-74, female (% of female population)","SP.POP.7074.FE.5Y","1.12303480678199","1.10614863677155","1.08846088290438","1.07040053553498","1.05291960816505","1.0368042991645","1.0210380097435","1.00642380640403","0.993360113469225","0.981943051161355","0.972354570992798","0.964193812282879","0.95772570583806","0.953086889249924","0.950929634653622","0.950916314238114","0.952509832510959","0.955333461200181","0.9594901826726","0.965211047541941","0.971628889756211","0.979183084289306","0.989623802772148","1.00092329855077","1.00930002410647","1.01248680276673","1.01106179734615","1.00663969905915","1.00047467159153","0.994129184229287","0.987828644423719","0.98132513545328","0.974323710488681","0.981468084817584","0.982722510484397","0.966462690255793","0.952846603931619","0.948789842047979","0.956976778449736","0.972472988972644","0.99192573603219","1.01146016623379","1.03035164700209","1.04745496351598","1.06271431089218","1.08343001747199","1.11545151705625","1.15150284943149","1.18351539871777","1.208670443444","1.22269485045766","1.20873789458845","1.16721759344881","1.11870273008857","1.07474978604466","1.05036397359116","1.05213683548967","1.07070089215306","1.09624786181426","1.11679734300272","1.12281709253689","1.11155034894824","1.1050642735051","1.08677305627058","1.04961672240429","1.02669694749383",
"Togo","TGO","Population ages 65 and above, male","SP.POP.65UP.MA.IN","28070","27742","27441","27210","27036","26930","26886","26904","26986","27790","28841","29435","29988","30525","31097","31690","32332","33041","33839","34758","35838","37094","38237","39218","40234","41527","42986","44348","45713","47066","48399","49707","50991","49649","49642","52869","55314","56661","57456","59271","61675","64164","66747","69444","72213","75220","78662","82126","85108","87338","88905","90056","91296","93192","95876","99523","104088","109213","113148","114398","114445","115041","117507","120181","121980","124509",
"Togo","TGO","Population ages 65-69, female (% of female population)","SP.POP.6569.FE.5Y","1.61734901643242","1.59290029512716","1.56922902107835","1.54724980475287","1.52760904066108","1.51067386914075","1.49622552426779","1.48419183241241","1.47526132825977","1.46953854464079","1.46678613977436","1.46614307374861","1.46720020448061","1.4696788295743","1.47374398591167","1.47843778034089","1.48402862301042","1.49122800314522","1.4973420890389","1.49889113945432","1.49572906875353","1.48842424488097","1.47926229136127","1.47083606342976","1.46421457299821","1.45712255912854","1.44950164781357","1.44361482080245","1.43822109774289","1.43216804046603","1.42478866255546","1.41664787526092","1.40778684298292","1.41908933556476","1.42234581842965","1.40100591891007","1.38419413490626","1.37301758367431","1.37167827137511","1.38150194317255","1.39701763793929","1.41212067234901","1.42772382789873","1.44502577080813","1.46488071467826","1.49051794918992","1.51691563066426","1.52561292272687","1.50274207529884","1.44270097419499","1.36554970819957","1.32698984876859","1.3294230017394","1.34345196833967","1.36754408491456","1.39489659333514","1.42182996337473","1.44724447039868","1.45018514588596","1.41780452486555","1.38191716514805","1.37661727207736","1.41575782778037","1.45649287492887","1.47646550873843","1.49855442638244",
"Togo","TGO","Population ages 55-59, female (% of female population)","SP.POP.5559.FE.5Y","2.6080959252032","2.60861419755942","2.61166979148912","2.61686935177954","2.62398073660592","2.63160718616335","2.64060829049215","2.65151983386281","2.65958627312914","2.65876996681843","2.64852436343426","2.62957103812274","2.60168765586466","2.56958215789035","2.53939571490821","2.51265538895297","2.48855611493009","2.46734619490423","2.44847265285041","2.43024662864166","2.41253250391534","2.39574194142353","2.38230652771214","2.37220708695078","2.36300544298819","2.35175930219937","2.33936285339454","2.32836604404245","2.31777289952183","2.30709590094189","2.29599532235178","2.28615552663863","2.2787876714775","2.29372856824705","2.29875679682409","2.27681949471229","2.25930803172046","2.24819326900296","2.2555947868079","2.27813968885594","2.30198216410358","2.32308473686871","2.34152339822051","2.35789836476702","2.37380802057236","2.36969743963975","2.3198087034045","2.2442864317012","2.17173415593949","2.1103426621386","2.06853464876285","2.06723930023336","2.09111244290768","2.1120066757086","2.13809236689393","2.1802015353128","2.24056194872462","2.31262334772657","2.38487683500624","2.43827854522842","2.46928056822117","2.48738092639193","2.50368088815177","2.5301854367805","2.56230238266718","2.59300480064489",
"Togo","TGO","Population ages 45-49, female (% of female population)","SP.POP.4549.FE.5Y","3.97405085787054","3.95495841389966","3.92182262371456","3.88106660716278","3.84228096098068","3.80791113228644","3.77668395035505","3.74910894923998","3.72386465203645","3.69820202176094","3.67196377653637","3.64457266805885","3.61692353392237","3.58955676579791","3.56221129709001","3.53525887479175","3.50919734795981","3.4844989466268","3.46103148740011","3.43812296047564","3.41554082052597","3.39574262847312","3.37947350011081","3.36447649492706","3.34794524024005","3.33119135248207","3.31494984772157","3.29911861682421","3.288876561709","3.28917901662467","3.29957219097701","3.32566506060487","3.36126337626381","3.38403640124012","3.39510379925676","3.41966627767064","3.44604269227461","3.42909259975097","3.40471225696412","3.41630170603963","3.4416555307206","3.46717568644253","3.4926511568967","3.51774676325589","3.54178611559161","3.54849509719021","3.52620484934901","3.49677146032811","3.48128344179677","3.48560572402321","3.50874170832754","3.55420300248027","3.62072436727308","3.69528095374143","3.77266620101294","3.85375205233234","3.93849012851353","4.0250521097523","4.0763495527113","4.05310921236155","3.99566838598269","3.95137047122025","3.93445238780242","3.96657090921781","4.03495279516283","4.11255549420562",
"Togo","TGO","Population ages 35-39, female (% of female population)","SP.POP.3539.FE.5Y","5.27315567837564","5.24683362784372","5.21993068575649","5.19190003347094","5.16335577080939","5.13423085260038","5.10529520196258","5.0772381340882","5.04962260991322","5.02073848290763","4.99044795995389","4.96086820967285","4.93508085964755","4.91023163343174","4.88200775153722","4.85133922850186","4.81980769892648","4.78958134814959","4.76752049226213","4.76045554291938","4.76839787129902","4.79876660856517","4.83190079864143","4.84721979125254","4.84375198244034","4.86231708881368","4.89384778378197","4.90550304111457","4.91927764229155","4.94200913091996","4.95020954182776","4.94158803583952","4.93887400192058","4.82936793012941","4.76377149736584","4.83799094844737","4.89955232400096","4.9952527107645","5.10191170021545","5.16059675073851","5.19096278364767","5.22030109514674","5.24992793718078","5.28050892723364","5.3127907210216","5.35109567707763","5.39695027891561","5.44419748578174","5.48733924844487","5.52781130605181","5.57376958409672","5.63431204209542","5.71616775018202","5.82089924339486","5.94439015563811","6.07895736829362","6.22282903148907","6.37886240894114","6.47669119142051","6.44121562543059","6.33899439806651","6.24507701248779","6.17088508134219","6.15231915266884","6.17045291705981","6.17504549191222",
"Togo","TGO","Population ages 25-29, female (% of female population)","SP.POP.2529.FE.5Y","7.07716715588081","7.05229024230033","7.03232770865292","7.01271895570679","6.98713949543042","6.95674008640393","6.9234999626706","6.89044917199237","6.86726884983284","6.86241222316537","6.8754511195101","6.91661388989804","6.97470588641655","7.02068639419667","7.03833999263087","7.0657119056773","7.09708607240858","7.10577975979882","7.11672267113707","7.13944558428869","7.14119254572153","7.11852086466566","7.07389102055747","7.00574735454469","6.9476762627352","6.93964794221832","6.96819651006904","6.99746699603848","7.04148810107686","7.09776260703206","7.16235621099854","7.23513944602246","7.31011905270926","7.07634316544195","6.97745916930746","7.26438148200806","7.4907652164074","7.58510829697901","7.57040392012078","7.60573442801817","7.67583922917715","7.7481090284414","7.81994033941686","7.88831874595157","7.95230520622555","8.01653425589689","8.08187336795346","8.160584105405","8.26790846534183","8.39274670612516","8.48823631466459","8.49531496592063","8.44404542570799","8.37412280312133","8.27213433304656","8.1373012401961","7.97723923455345","7.80561996751932","7.63982236671158","7.52474415798152","7.50159980075778","7.56773194953747","7.6794568967393","7.71326606651491","7.67629931942405","7.65274043461589",
"Togo","TGO","Population ages 15-64, total","SP.POP.1564.TO","877416","892033","907309","923288","939811","957581","976756","996398","1016629","1062011","1115261","1149456","1180011","1208496","1236263","1263745","1291265","1319412","1349134","1382162","1420509","1465117","1503138","1532383","1563782","1610864","1670071","1728353","1789009","1851601","1916190","1982608","2050635","1980427","1970730","2135353","2274021","2359895","2404130","2471486","2553541","2638385","2725158","2814356","2903349","2986608","3062641","3134377","3204415","3273622","3344653","3427602","3522725","3624028","3733005","3849628","3972280","4099030","4211453","4287559","4339846","4386610","4444878","4545227","4678923","4819719",
"Togo","TGO","Population ages 15-64, female","SP.POP.1564.FE.IN","448656","455946","463591","471562","479789","488672","498286","508134","518293","541274","568267","585535","600952","615322","629321","643194","657068","671198","686048","702528","721654","743921","764554","782419","801373","825940","854923","884008","914245","945370","977425","1010336","1043963","1031533","1039415","1105683","1163561","1202985","1228967","1265597","1308945","1353687","1399374","1446226","1493025","1539144","1585548","1631427","1675810","1718677","1760447","1803089","1848013","1895999","1948029","2004181","2063596","2125357","2182512","2226565","2261468","2293229","2328527","2378859","2441565","2507693",
"Togo","TGO","Population ages 10-14, female (% of female population)","SP.POP.1014.FE.5Y","11.6990050161123","11.7906308690061","11.8429634679848","11.8920004462791","11.9557817545012","11.9810881401692","11.9601300955948","11.9448187201009","11.9318216208909","11.9247241299483","11.9261553474457","11.9334417588743","11.9485586189269","11.9779497694267","12.0166880437093","12.0594643085993","12.1071297828869","12.1522664908115","12.1892946123749","12.2289917159453","12.2770059635078","12.3308913300524","12.417058510965","12.5365594343349","12.6591978887803","12.7464305800862","12.7998234036787","12.8430617641833","12.8698576774466","12.8814634002109","12.8761418127589","12.8556489034439","12.8251665163438","13.0479000464014","13.1531293995911","12.9032335016226","12.683448038905","12.7135612150923","12.9948467814484","13.1650995738701","13.1577290324917","13.065536296143","12.8950792730123","12.6544790194473","12.3728635839362","12.0219026713809","11.5995356796837","11.201609730738","10.9194852531476","10.8248654578691","10.9671864483526","11.2789498053227","11.6466877673185","11.9875334809883","12.2389196983328","12.3715172395916","12.3846520599007","12.2897227633301","12.057104114763","11.7641484644357","11.6220451291642","11.7457933962886","12.061950133334","12.3039023791544","12.4015286439287","12.4606348486969",
"Togo","TGO","Population ages 0-14, total","SP.POP.0014.TO","736364","751580","766739","782973","800785","819080","837587","856897","876970","919448","969674","1004269","1036308","1067054","1097580","1128049","1158576","1189154","1220022","1252716","1289010","1329674","1371215","1410977","1449729","1488521","1527938","1567849","1608038","1647806","1687410","1726804","1766044","1792696","1817874","1854320","1892204","1950136","2014568","2056034","2085896","2115206","2144929","2175940","2207176","2247962","2319032","2415901","2523916","2641034","2757602","2845377","2901468","2942027","2966888","2977110","2974786","2961173","2974011","3055476","3168698","3265760","3332111","3382167","3430906","3473195",
"Togo","TGO","Population ages 0-14, female","SP.POP.0014.FE.IN","369749","377403","384994","393142","402084","411230","420449","430066","440054","461283","486375","503606","519543","534807","549925","564981","580032","595072","610214","626242","644049","664018","684433","703958","722967","741985","761337","780990","800834","820508","840136","859662","879073","892425","904782","922404","940967","970404","1003238","1023732","1038262","1052564","1067123","1082332","1097826","1117337","1149712","1193649","1243524","1298967","1355769","1400535","1431035","1454061","1469247","1476942","1478118","1473288","1479479","1515505","1564592","1605654","1633589","1657243","1682399","1704592",
"Togo","TGO","Women who were first married by age 18 (% of women ages 20-24)","SP.M18.2024.FE.ZS","","","","","","","","","","","","","","","","","","","","","","","","","","","","","43.6","","","","","","","","","","30.5","","","","","","","","","","","","","","","","21.8","","","24.8","","","","","","","","",
"Togo","TGO","Survival to age 65, male (% of cohort)","SP.DYN.TO65.MA.ZS","33.439294","33.688699","34.009221","34.338267","34.730112","35.165615","35.508065","35.946689","36.400702","36.731719","37.204641","37.796478","38.312613","38.843861","39.280478","39.819675","40.439348","41.699517","43.17318","44.275001","45.496352","46.473945","47.169919","47.773557","48.028445","48.219702","48.362293","48.595085","48.561082","48.33247","47.93443","47.382211","47.270397","46.857461","46.653107","46.509372","46.655753","46.549523","46.58963","46.977671","47.364596","47.583817","47.999821","48.365392","48.715054","49.130479","49.623695","50.001449","50.451052","50.833276","51.282663","51.945654","52.365597","53.045843","53.771913","54.532088","55.377567","56.130716","57.095852","57.957213","57.250296","57.364998","60.005135","60.810092","61.076382","",
"Togo","TGO","Life expectancy at birth, total (years)","SP.DYN.LE00.IN","43.536","43.746","44.001","44.274","44.6","44.917","45.228","45.615","46.022","46.354","46.782","47.232","47.692","48.138","48.593","49.046","49.509","50.163","50.902","51.515","52.146","52.781","53.273","53.772","54.101","54.372","54.624","54.831","54.911","54.742","54.566","54.263","54.084","53.858","53.731","53.708","53.829","53.855","53.963","54.318","54.587","54.757","55.044","55.312","55.608","55.931","56.154","56.395","56.663","56.94","57.24","57.624","57.953","58.356","58.776","59.23","59.677","60.145","60.608","61.061","61.14","61.337","62.292","62.74","62.935","",
"Togo","TGO","Mortality rate, infant, female (per 1,000 live births)","SP.DYN.IMRT.FE.IN","123","122.2","121.3","120.2","119.2","118","116.8","115.4","113.9","112.4","110.7","109","107.2","105.4","103.5","101.7","99.9","98","96.1","94.3","92.5","90.6","88.8","87.1","85.5","84","82.6","81.2","80.1","79.1","78.1","77.1","76.1","75","73.8","72.5","71","69.4","67.7","65.8","63.8","62","60.2","58.4","56.7","55.1","53.6","52.2","50.7","49.3","47.9","46.5","45","43.5","42.2","40.8","39.5","38.3","37.2","36.1","35","34.1","33.1","32.1","31.2","",
"Togo","TGO","Birth rate, crude (per 1,000 people)","SP.DYN.CBRT.IN","47.936","48.031","48.235","48.434","48.499","48.565","48.644","48.511","48.432","47.456","48.28","48.488","48.482","48.448","48.371","48.217","48.045","47.644","47.205","46.703","46.12","45.634","45.319","44.643","44.004","43.208","43.077","42.807","42.426","42.004","41.668","41.27","40.897","42.085","38.156","38.564","38.504","38.734","38.075","37.749","37.719","37.818","37.873","37.849","37.692","38.169","38.741","39.184","39.326","39.397","39.292","38.525","37.494","36.722","36.337","36.098","36.002","35.738","35.431","34.907","34.251","33.695","33.129","32.643","32.061","",
"Togo","TGO","Vitamin A supplementation coverage rate (% of children ages 6-59 months)","SN.ITK.VITA.ZS","","","","","","","","","","","","","","","","","","","","","","","","","","","","","","","","","","","","","","","","","0","7","18","53","94","92","15","64","64","99","99","22","64","61","","6","9","87","89","86","91","96","90","24","","",
"Togo","TGO","Prevalence of undernourishment (% of population)","SN.ITK.DEFC.ZS","","","","","","","","","","","","","","","","","","","","","","","","","","","","","","","","","","","","","","","","","","28.8","28.8","27.7","26.2","24.8","23.6","22.2","20.7","19.9","19.6","20.1","19.9","19.6","20","20.1","20.6","20.4","19.7","18.2","15.9","13.7","11.1","9.1","","",
"Togo","TGO","Refugees under the mandate of the UNRWA by country or territory of asylum","SM.POP.RRWA.EA","","","","","","","","","","","","","","","","","","","","","","","","","","","","","","","","","","","","","","","","","","","","","","","","","","","","","","","","","","","","","","","","","","",
"Togo","TGO","Prevalence of stunting, height for age (% of children under 5)","SH.STA.STNT.ZS","","","","","","","","","","","","","","","","","","","","","","","","","","","","","34.2","","","","","","","","40.2","","28.8","","","","","","","","29.9","","26.9","27","27","","26.2","","27.6","","","23.8","","","","","","","","",
"Togo","TGO","Prevalence of stunting, height for age, male (% of children under 5)","SH.STA.STNT.MA.ZS","","","","","","","","","","","","","","","","","","","","","","","","","","","","","38.3","","","","","","","","","","33.4","","","","","","","","32.4","","28.4","29.3","28.8","","29.4","","28.2","","","26.2","","","","","","","","",
"Togo","TGO","People using safely managed sanitation services, rural (% of rural population)","SH.STA.SMSS.RU.ZS","","","","","","","","","","","","","","","","","","","","","","","","","","","","","","","","","","","","","","","","","1.51297492532673","1.61537357947192","1.71777223361708","1.82017088776228","1.92238659245993","2.30450636069193","2.70177044164687","3.09700409881459","3.51225844637982","3.94753348434236","4.40282921270238","4.87814563145981","5.37348274061452","5.88884054016675","6.42421903011626","6.97961821046319","7.55503808120761","8.1504786423493","8.76593989388853","9.40142183582501","10.056924468159","10.7324477908905","11.4279918040191","11.4279918040191","11.4279918040191","",
"Togo","TGO","Prevalence of overweight, weight for height (% of children under 5)","SH.STA.OWGH.ZS","","","","","","","","","","","","","","","","","","","","","","","","","","","","","3.3","","","","","","","","","","2.6","","","","","","","","","","","1.1","0.7","","1.7","","2","","","1.5","","","","","","","","",
"Togo","TGO","Prevalence of overweight, weight for height, male (% of children under 5)","SH.STA.OWGH.MA.ZS","","","","","","","","","","","","","","","","","","","","","","","","","","","","","3.8","","","","","","","","","","3","","","","","","","","","","","1","0.7","","1.8","","1.8","","","1.4","","","","","","","","",
"Togo","TGO","People practicing open defecation (% of population)","SH.STA.ODFC.ZS","","","","","","","","","","","","","","","","","","","","","","","","","","","","","","","","","","","","","","","","","65.2075709251444","63.7667625661162","62.3312563712711","60.9017622814918","59.47835072067","58.061676727275","56.6512287041922","55.2470763586611","53.8487510945476","52.4585287110281","51.0742662619308","49.6855319091475","48.2976136183338","46.9180224152973","45.5457911314746","44.1809990161595","42.8217774915761","41.4687948422361","40.1221972443004","38.7821418392457","37.4487802392108","36.122273814733","34.8032083074598","33.4912864063483","32.1870789272304","",
"Togo","TGO","Maternal mortality ratio (modeled estimate, per 100,000 live births)","SH.STA.MMRT","","","","","","","","","","","","","","","","","","","","","","","","","","668","649","636","628","644","657","676","692","728","688","663","627","600","570","529","496","478","447","431","431","434","453","448","457","471","497","501","506","500","490","470","460","443","435","416","398","397","362","349","","",
"Togo","TGO","People with basic handwashing facilities including soap and water (% of population)","SH.STA.HYGN.ZS","","","","","","","","","","","","","","","","","","","","","","","","","","","","","","","","","","","","","","","","","","","","","7.41725225402373","7.4902680588167","7.56375913637075","7.63772603207956","7.7123255895633","8.54856998383997","9.38653502431975","10.2294687501472","11.0759880950818","11.9238474543266","12.7733793788636","13.6245955213593","14.4781755886811","15.333975064632","16.1920139894035","17.0523139388635","17.1466850875487","17.242082121058","17.3383339865729","17.4356119759817","","",
"Togo","TGO","Diabetes prevalence (% of population ages 20 to 79)","SH.STA.DIAB.ZS","","","","","","","","","","","","","","","","","","","","","","","","","","","","","","","","","","","","","","","","","","","","","","","","","","","","3.3","","","","","","","","","","","","","4.8","",
"Togo","TGO","People using at least basic sanitation services (% of population)","SH.STA.BASS.ZS","","","","","","","","","","","","","","","","","","","","","","","","","","","","","","","","","","","","","","","","","8.03359662210635","8.26404186167869","8.49612982372265","8.7296739646634","8.96468393915561","9.61445795262473","10.2925202802465","10.9986369472506","11.7327806563873","12.493855912589","13.2824677060048","14.1028173218821","14.9528006713975","15.8290583040509","16.7317561082878","17.6606158910418","18.6162879264339","19.5982705218929","20.6062840876452","21.6400439153227","22.6992561746885","23.7836212231427","24.8925910881783","25.0297462105085","25.1681056691569","",
"Togo","TGO","Pregnant women receiving prenatal care (%)","SH.STA.ANVC.ZS","","","","","","","","","","","","","","","","","","","","","","","","","","","","","66.2","","","","","","","","","","82","","72.9","","","84.8","","","84.1","","","","71.6","","","","72.7","","","77.9","","","","","","","","",
"Togo","TGO","Number of surgical procedures (per 100,000 population)","SH.SGR.PROC.P5","","","","","","","","","","","","","","","","","","","","","","","","","","","","","","","","","","","","","","","","","","","","","","","","","","","","","","","","","","","","","","","","","","",
"Togo","TGO","Prevalence of current tobacco use, females (% of female adults)","SH.PRV.SMOK.FE","","","","","","","","","","","","","","","","","","","","","","","","","","","","","","","","","","","","","","","","","4.9","","","","","3.4","","2.9","","","2.3","","","","","1.6","","","","","1.2","","1","0.9","0.9","",
"Togo","TGO","Lifetime risk of maternal death (1 in: rate varies by country)","SH.MMR.RISK","","","","","","","","","","","","","","","","","","","","","","","","","","25","26","27","28","27","27","27","27","25","29","30","32","34","37","40","43","44","48","50","50","50","47","47","47","45","43","43","44","45","46","49","50","53","54","58","61","62","69","73","","",
"Togo","TGO","Incidence of malaria (per 1,000 population at risk)","SH.MLR.INCD.P3","","","","","","","","","","","","","","","","","","","","","","","","","","","","","","","","","","","","","","","","","445.12","441.75","450.6","466.21","478.67","481.51","474.94","447.26","396.33","343.15","318.53","310.57","336.21","369.59","368.98","372.35","368.57","351.15","322.45","289.98","283.92","279.51","278.59","264.8","249.25","",
"Togo","TGO","Community health workers (per 1,000 people)","SH.MED.CMHW.P3","","","","","","","","","","","","","","","","","","","","","","","","","","","","","","","","","","","","","","","","","","","","","","","","","","","","","","","","","","","","","","","","","","",
"Togo","TGO","Immunization, HepB3 (% of one-year-old children)","SH.IMM.HEPB","","","","","","","","","","","","","","","","","","","","","","","","","","","","","","","","","","","","","","","","","","","","","","","","","24","78","83","85","84","84","84","82","82","84","82","86","85","87","86","90","90","",
"Togo","TGO","Young people (ages 15-24) newly infected with HIV","SH.HIV.INCD.YG","","","","","","","","","","","","","","","","","","","","","","","","","","","","","","","1700","2200","2800","3500","3700","4300","4600","4700","4300","3800","3500","3000","2600","2400","2200","2100","1900","1800","1800","1700","1600","1400","1200","1200","1200","1100","1000","1100","990","960","890","920","920","940","940","",
"Togo","TGO","Adults (ages 15-49) newly infected with HIV","SH.HIV.INCD","","","","","","","","","","","","","","","","","","","","","","","","","","","","","","","4100","5300","6600","8200","8600","10000","11000","11000","10000","9100","8300","7200","6400","5900","5500","5100","4700","4700","4500","4300","4200","3600","3200","3000","3000","2800","2700","2900","2600","2500","2300","2400","2400","2400","2400","",
"Togo","TGO","Children (0-14) living with HIV","SH.HIV.0014","","","","","","","","","","","","","","","","","","","","","","","","","","","","","","","1300","1800","2500","3000","3900","4900","6100","7200","8300","9400","10000","11000","12000","13000","14000","14000","14000","15000","15000","15000","14000","14000","12000","11000","10000","9800","9200","8700","8100","7500","7100","6700","6300","5900","5500","",
"Togo","TGO","People using at least basic drinking water services (% of population)","SH.H2O.BASW.ZS","","","","","","","","","","","","","","","","","","","","","","","","","","","","","","","","","","","","","","","","","45.8401052749538","47.2066551581281","48.548643782428","49.8657131320708","51.0022965045224","51.9453319211915","52.8533718752421","53.7264798079458","54.5651625096366","55.3677359070846","56.1360720615008","56.877895720393","57.5887896171643","58.2632949727303","58.9022839214157","59.5058666846818","60.0753126449292","60.6102462342239","61.1106166110229","61.5763879815796","62.0075237539343","62.4040009740747","62.7656132616006","63.7824051013865","64.7862455498292","",
"Togo","TGO","Mortality rate, neonatal (per 1,000 live births)","SH.DYN.NMRT","","","","","","57.1","56.8","56.4","56","55.5","55.1","54.8","54.4","54.1","53.7","53.1","52.5","51.7","50.9","50.1","49.4","48.8","48.3","47.8","47.4","46.8","46.2","45.6","45","44.4","43.7","43.1","42.5","41.9","41.2","40.6","39.9","39.1","38.2","37.4","36.5","35.7","34.9","34.1","33.4","32.7","32","31.3","30.6","29.9","29.3","28.7","28.2","27.7","27.2","26.7","26.3","25.8","25.3","24.8","24.3","23.9","23.5","23","22.6","",
"Togo","TGO","Mortality rate, under-5, male (per 1,000 live births)","SH.DYN.MORT.MA","272.4","269.9","267","264.1","260.8","257.4","253.6","249.4","245.2","240.8","236.3","231.3","226.5","221.6","216.5","211.5","206.6","201.7","196.9","192.2","187.5","183.2","179.2","175.3","171.6","168.2","165.1","162.5","160.1","157.9","155.9","153.8","151.7","149.4","147.1","144.4","141.3","138","134.4","130.9","127.3","123.5","119.6","116","112.5","109.1","105.9","102.7","99.8","96.8","93.9","91.1","88.3","85.6","82.9","80.3","77.8","75.3","73","70.7","68.7","66.5","64.4","62.4","60.4","",
"Togo","TGO","Women's share of population ages 15+ living with HIV (%)","SH.DYN.AIDS.FE.ZS","","","","","","","","","","","","","","","","","","","","","","","","","","","","","","","61.2318186510875","61.7181601963075","62.0550608565443","62.8214331132451","62.7647155883537","62.7363109450558","62.7196607841375","62.6994787318164","62.674025166665","62.6556804909328","62.6499084470446","62.6597914446437","62.6744246856818","62.6670488616507","62.6293071098592","62.5452726553419","62.4086023465715","62.2663150271343","62.107127017077","61.9318821318472","61.7509074125027","61.583427752093","61.6008073309959","61.9669623924984","62.548984197425","63.0908377453048","63.6007430735419","64.1676597694798","64.6914843655312","65.0313668567593","65.2801189192681","65.5174454661175","65.7727893312829","65.949466347214","66.097529896981","",
"Togo","TGO","Probability of dying among children ages 5-9 years (per 1,000)","SH.DYN.0509","","","","","","","","","","","","","","","","","","","","","","","","","","","","","","","24.9","24","23.3","22.5","21.8","21","20.3","19.6","19","18.3","17.5","16.9","16.2","15.5","14.8","14.1","13.4","12.7","12.1","11.4","10.8","10.2","9.6","9.1","8.6","8.1","7.7","7.3","7","6.7","6.5","6.2","6","5.8","5.6","",
"Togo","TGO","Number of under-five deaths","SH.DTH.MORT","19898","20068","20261","20446","20627","20803","21037","21332","21680","22111","22558","22966","23313","23558","23713","23798","23803","23737","23596","23435","23258","23125","23023","22964","22948","22962","23043","23165","23298","23420","23567","23698","23793","23840","23342","22838","22737","22567","22365","22248","22180","22079","21929","21752","21512","21381","21364","21422","21459","21478","21471","21255","20831","20342","19906","19502","19136","18758","18362","17984","17628","17265","16889","16498","16109","",
"Togo","TGO","Number of deaths ages 20-24 years","SH.DTH.2024","","","","","","","","","","","","","","","","","","","","","","","","","","","","","","","873","903","935","943","968","1025","1083","1137","1192","1243","1290","1328","1360","1384","1402","1415","1431","1446","1459","1465","1464","1460","1452","1445","1438","1435","1435","1449","1457","1474","1506","1536","1575","1609","1624","",
"Togo","TGO","Condom use, population ages 15-24, male (% of males ages 15-24)","SH.CON.1524.MA.ZS","","","","","","","","","","","","","","","","","","","","","","","","","","","","","","","","","","","","","","","37.3","","","","","","","","","","","","","","","","54","","","","","","","","","","","",
"Togo","TGO","Prevalence of anemia among women of reproductive age (% of women ages 15-49)","SH.ANM.ALLW.ZS","","","","","","","","","","","","","","","","","","","","","","","","","","","","","","","","","","","","","","","","","47.8","47.4","47","46.6","46.2","45.8","45.3","44.8","44.2","43.6","43","42.5","42","41.6","41.3","41.1","40.9","40.8","40.7","40.7","40.7","40.8","41","41.5","","",
"Togo","TGO","Women who believe a husband is justified in beating his wife when she refuses sex with him (%)","SG.VAW.REFU.ZS","","","","","","","","","","","","","","","","","","","","","","","","","","","","","","","","","","","","","","","","","","","","","","","","","","","","","","","9.6","","","","","","","","","","","",
"Togo","TGO","Women who believe a husband is justified in beating his wife when she burns the food (%)","SG.VAW.BURN.ZS","","","","","","","","","","","","","","","","","","","","","","","","","","","","","","","","","","","","","","","","","","","","","","","","","","","","","","","11.2","","","","","","","","","","","",
"Togo","TGO","Proportion of time spent on unpaid domestic and care work, female (% of 24 hour day)","SG.TIM.UWRK.FE","","","","","","","","","","","","","","","","","","","","","","","","","","","","","","","","","","","","","","","","","","","","","","","","","","","","","","","","","","","","","","","","","","",
"Togo","TGO","Government expenditure on education, total (% of GDP)","SE.XPD.TOTL.GD.ZS","","","","","","","","","","","1.49680995941162","","","","","","","","","4.72960996627808","","4.16519021987915","","","3.81927990913391","","","3.34063005447388","","","","","4.01865005493164","","","","3.12452006340027","","2.82129001617432","2.96396994590759","2.77644991874695","2.66750001907349","2.46951007843018","2.35525989532471","2.20198011398315","2.23748993873596","2.43236994743347","2.48604011535644","2.38472008705139","2.76807999610901","2.95976996421814","3.07750010490417","3.37651991844177","3.17475008964539","3.4237699508667","3.71096992492676","3.6624801158905","3.76526999473572","4.09162998199463","4.20164196626882","4.08528017372931","4.22702442483079","3.77811083266775","4.14281885166484","","",
"Togo","TGO","Expenditure on secondary education (% of government expenditure on education)","SE.XPD.SECO.ZS","","","","","","","","","","","24.64275","","","","","","","","","33.86135","","25.94933","","","26.51963","","","36.3354","","","","","30.04601","","","","25.58196","","28.6962","33.01886","29.3135","","","","","","","33.25883","35.89322","35.35058","25.57905","29.31078","14.34092","15.84563","17.49651","16.26494","16.01789","","","","","","","","","",
"Togo","TGO","Current education expenditure, total (% of total expenditure in public institutions)","SE.XPD.CTOT.ZS","","","","","","","","","","","","","","","","","","","","","","","","","","","","","","","","","","","","","","","80.7929992675781","","89.9753036499023","","","","","","","","","98.0425796508789","89.3910980224609","92.2216567993164","86.9910888671875","98.3050765991211","97.6950225830078","97.482536315918","97.5787811279297","","","","","","","","","",
"Togo","TGO","Tertiary education, academic staff (% female)","SE.TER.TCHR.FE.ZS","","","","","","","","","","","","","20.4301109313965","13.1034498214722","8.97436046600342","18.8171997070312","","","8.07174968719482","8.37003993988037","10.3092803955078","12.4579095840454","16.715539932251","","","","","","","","","9.59595966339111","9.59595966339111","9.24170970916748","9.43877983093262","8.17308044433594","8.12640953063965","10.1580095291138","","10.416669845581","9.5360803604126","8.43990039825439","8.77192974090576","7.00934982299805","9.07028961181641","8.25687980651855","10.769229888916","10.8510599136353","","","","6.77004538577912","6.70798395916879","6.59200814456605","6.29671574178936","6.00706713780919","6.41640042598509","6.57596371882086","6.49425287356322","6.52173913043478","6.54728595411304","6.09605911330049","","","","",
"Togo","TGO","Pupil-teacher ratio, tertiary","SE.TER.ENRL.TC.ZS","","","","","","","","","","","","18.45833","15.1828","10.13103","9.42949","8.7043","8.71481","","14.13004","13.93392","12.50172","15.99327","12.6305","10.84409","13.52716","","","17.28611","18.90133","","","22.64899","25.81818","21.14929","23.77551","26.85817","26.27314","","36.81748","","","","","","","","61.70549","69.15319","","","","27.06564","26.83722","19.01047","16.15861","18.02736","19.47935","19.51205","21.33152","","","","","","","",
"Togo","TGO","Educational attainment, at least Master's or equivalent, population 25+, total (%) (cumulative)","SE.TER.CUAT.MS.ZS","","","","","","","","","","","","","","","","","","","","","","","","","","","","","","","","","","","","","","","","","","","","","","","","","","","","2.40420728512859","","","","","","1.25393478185663","","1.48414484233417","","","1.13454586620476","","","",
"Togo","TGO","Educational attainment, Doctoral or equivalent, population 25+, male (%) (cumulative)","SE.TER.CUAT.DO.MA.ZS","","","","","","","","","","","","","","","","","","","","","","","","","","","","","","","","","","","","","","","","","","","","","","","","","","","","","","","","","","","","","","","","","","",
"Togo","TGO","Educational attainment, at least Bachelor's or equivalent, population 25+, female (%) (cumulative)","SE.TER.CUAT.BA.FE.ZS","","","","","","","","","","","","","","","","","","","","","","","","","","","","","","","","","","","","","","","","","","","","","","","","","","","0.450326408522461","1.43130655734385","","","","","","1.26074004173279","","2.43372180502068","","","1.84670996665955","","","",
"Togo","TGO","Secondary education, teachers (% female)","SE.SEC.TCHR.FE.ZS","","","","","","","","","","","","24.7727298736572","20.1604804992676","20.5365390777588","18.3304595947266","17.8277206420898","16.4014701843262","13.1883401870728","12.24232006073","12.7326898574829","13.6151695251465","","12.6649703979492","13.4069404602051","12.608790397644","","12.847620010376","12.1383399963379","11.934160232544","11.8471603393555","11.9261999130249","11.7764902114868","","","","11.4091196060181","","","","13.1311597824097","10.8862600326538","","","6.89622020721435","6.92718982696533","6.56158018112183","6.19860982894897","6.75464010238647","","","","","","","","","","","","","6.69639929166393","7.09793078302087","","45.4261187072716","","",
"Togo","TGO","Trained teachers in upper secondary education (% of total teachers)","SE.SEC.TCAQ.UP.ZS","","","","","","","","","","","","","","","","","","","","","","","","","","","","","","","","","","","","","","","","","","","","","","","","","","","","","","","","","","","","","","27.6963209498965","","","","",
"Togo","TGO","Trained teachers in lower secondary education (% of total teachers)","SE.SEC.TCAQ.LO.ZS","","","","","","","","","","","","","","","","","","","","","","","","","","","","","","","","","","","","","","","","","","","","","","","","","","","","","","","","","","","","","","37.9049279618244","","","","",
"Togo","TGO","Progression to secondary school (%)","SE.SEC.PROG.ZS","","","","","","","","","","","","56.26909","","","","","","","92.69874","81.27504","76.90664","64.10311","60.28116","49.96714","50.82283","67.26542","65.63369","76.2323","62.44097","78.62492","71.46838","66.5057","","","81.85041","69.91989","","","","79.18047","81.93582","","77.12861","78.88684","79.81583","79.60653","","78.11162","","84.60005","91.13909","","84.29279","80.04843","85.3212","","83.24571","81.99249","","","","","","","","",
"Togo","TGO","Tuberculosis case detection rate (%, all forms)","SH.TBS.DTEC.ZS","","","","","","","","","","","","","","","","","","","","","","","","","","","","","","","","","","","","","","","","","54","","44","43","47","50","52","43","51","51","48","52","53","50","51","55","61","58","57","62","56","59","72","71","69","",
"Togo","TGO","Prevalence of severe wasting, weight for height, female (% of children under 5)","SH.SVR.WAST.FE.ZS","","","","","","","","","","","","","","","","","","","","","","","","","","","","","1.1","","","","","","","","","","3","","","","","","","","","","0.9","0.8","0.7","","0.8","","1.4","","","0.9","","","","","","","","",
"Togo","TGO","Mortality rate attributed to unsafe water, unsafe sanitation and lack of hygiene (per 100,000 population)","SH.STA.WASH.P5","","","","","","","","","","","","","","","","","","","","","","","","","","","","","","","","","","","","","","","","","","","","","","","","","","","","","","","","","","","","42.4","","","","","","",
"Togo","TGO","Suicide mortality rate, female (per 100,000 female population)","SH.STA.SUIC.FE.P5","","","","","","","","","","","","","","","","","","","","","","","","","","","","","","","","","","","","","","","","","3.95","4.01","4.04","3.98","3.87","3.9","3.89","3.8","3.82","3.92","4","4.13","4.2","4.27","4.26","4.32","4.34","4.22","4.17","4.05","3.83","3.97","","","","",
"Togo","TGO","Prevalence of stunting, height for age, female (modeled estimate, % of children under 5)","SH.STA.STNT.ME.FE.ZS","","","","","","","","","","","","","","","","","","","","","","","","","","","","","","","","","","","","","","","","","29.4","29","28.6","28.2","27.8","27.5","27.1","26.7","26.1","25.6","25.1","24.5","24.1","23.7","23.4","23.1","22.8","22.4","22","21.6","21.2","21","21","20.9","20.8","",
"Togo","TGO","People using safely managed sanitation services, urban (% of urban population)","SH.STA.SMSS.UR.ZS","","","","","","","","","","","","","","","","","","","","","","","","","","","","","","","","","","","","","","","","","10.0499613250867","10.168642181687","10.2873230382873","10.4060038948876","10.5246847514878","10.7859567198121","11.0455555705938","11.3034813038329","11.5597339195295","11.8143134176835","12.0672197982949","12.3184530613638","12.56801320689","12.8159002348737","13.062114145315","13.3066549382135","13.5495226135694","13.7907171713829","14.0302386116538","14.268086934382","14.5042621395679","14.738764227211","14.9715931973116","14.9715931973116","14.9715931973116","",
"Togo","TGO","Mortality rate attributed to unintentional poisoning (per 100,000 population)","SH.STA.POIS.P5","","","","","","","","","","","","","","","","","","","","","","","","","","","","","","","","","","","","","","","","","1.01","1.03","1.07","1.09","1.06","1.03","1.05","1.03","1.05","1.08","1.09","1.1","1.08","1.05","1.08","1.1","1.1","1.22","1.18","1.18","1.13","1.11","","","","",
"Togo","TGO","Prevalence of overweight, weight for height, female (modeled estimate, % of children under 5)","SH.STA.OWGH.ME.FE.ZS","","","","","","","","","","","","","","","","","","","","","","","","","","","","","","","","","","","","","","","","","1.7","1.6","1.6","1.5","1.4","1.4","1.3","1.3","1.3","1.3","1.2","1.2","1.2","1.3","1.3","1.3","1.4","1.5","1.6","1.7","1.9","2.1","2.4","2.8","3.3","",
"Togo","TGO","Diarrhea treatment (% of children under 5 receiving oral rehydration and continued feeding)","SH.STA.ORCF.ZS","","","","","","","","","","","","","","","","","","","","","","","","","","","","","","","","","","","","","","","","","25","","","","","","22","","","","23.6","","","","33.4","","","25.1","","","","","","","","",
"Togo","TGO","Maternal mortality ratio (national estimate, per 100,000 live births)","SH.STA.MMRT.NE","","","","","","","","","","","","","","","","","","","","","","","","","","","","","","","","","","","","","","","","","","","","","","","","","","","","","","","","","","","","","","","","","","",
"Togo","TGO","Prevalence of underweight, weight for age, female (% of children under 5)","SH.STA.MALN.FE.ZS","","","","","","","","","","","","","","","","","","","","","","","","","","","","","17.9","","","","","","","","","","20.4","","","","","","","","","","20.5","16","13.9","","14.8","","15.1","","","14.3","","","","","","","","",
"Togo","TGO","Female genital mutilation prevalence (%)","SH.STA.FGMS.ZS","","","","","","","","","","","","","","","","","","","","","","","","","","","","","","","","","","","","","","","","","","","","","","","","","","","","","","","4.7","","","3.1","","","","","","","","",
"Togo","TGO","Exclusive breastfeeding (% of children under 6 months)","SH.STA.BFED.ZS","","","","","","","","","","","","","","","","","","","","","","","","","","","","","13.2","","","","","","","","","","10.5","","17.41139","","","","","","28.59348","","48.1","","62.08457","","","","57.17999","","","64.32957","","","","","","","","",
"Togo","TGO","ARI treatment (% of children under 5 taken to a health provider)","SH.STA.ARIC.ZS","","","","","","","","","","","","","","","","","","","","","","","","","","","","","","","","","","","","","","","","","30","","","","","","23","","","","32.1","","","","48.5","","","39","","","","","","","","",
"Togo","TGO","Mortality rate attributed to household and ambient air pollution, age-standardized, female (per 100,000 female population)","SH.STA.AIRP.FE.P5","","","","","","","","","","","","","","","","","","","","","","","","","","","","","","","","","","","","","","","","","","","","","","","","","","","","","","","","","","","","180.9","","","","","","",
"Togo","TGO","Prevalence of current tobacco use, males (% of male adults)","SH.PRV.SMOK.MA","","","","","","","","","","","","","","","","","","","","","","","","","","","","","","","","","","","","","","","","","25.7","","","","","21.2","","19.7","","","17.6","","","","","14.7","","","","","12.4","","11.6","11.2","10.8","",
"Togo","TGO","Lifetime risk of maternal death (%)","SH.MMR.RISK.ZS","","","","","","","","","","","","","","","","","","","","","","","","","","3.98847426040846","3.8434645551165","3.72716569953453","3.62876399800307","3.65277652430696","3.66311585419381","3.6997063183988","3.71447544096807","3.9604347481795","3.502534815851","3.3184465018471","3.0869929211312","2.90995210488376","2.73378200995271","2.52301045332609","2.34852948654656","2.25514528944608","2.0997713086255","2.0085883468238","1.98684061016069","2.01769932361099","2.10972579760855","2.10577835579353","2.14629776515708","2.22093827039373","2.33900888936403","2.31806848990294","2.28797364398061","2.2197706628141","2.15415514194636","2.05345761070492","1.99718342177536","1.90111043365452","1.84064661979551","1.73502818772389","1.63685413312603","1.60836452920502","1.44640612916813","1.37334172141655","","",
"Togo","TGO","Use of insecticide-treated bed nets (% of under-5 population)","SH.MLR.NETS.ZS","","","","","","","","","","","","","","","","","","","","","","","","","","","","","","","","","","","","","","","","","2","","","","","","38","","","","57.1","","","","42.8","","","69.7","","","","","","","","",
"Togo","TGO","Nurses and midwives (per 1,000 people)","SH.MED.NUMW.P3","","","","","","","","","","","","","","","","","","","","","","","","","","","","","","","","","","","","","","","","","","","","","0.34","","","0.4","0.285","","","","","","","0.288","0.303","0.401","0.392","0.444","0.484","0.386","0.494","","","",
"Togo","TGO","Immunization, DPT (% of children ages 12-23 months)","SH.IMM.IDPT","","","","","","","","","","","","","","","","","","","","","","9","14","18","11","24","37","61","54","72","77","73","69","66","62","58","50","42","42","57","64","50","59","72","71","82","84","82","81","78","83","85","84","84","84","82","82","84","82","86","85","87","86","90","90","",
"Togo","TGO","Incidence of HIV, ages 15-24 (per 1,000 uninfected population ages 15-24)","SH.HIV.INCD.YG.P3","","","","","","","","","","","","","","","","","","","","","","","","","","","","","","","2.5","3.2","3.8","4.7","5","5.5","5.6","5.5","4.8","4.2","3.7","3.1","2.7","2.4","2.2","2","1.7","1.7","1.6","1.5","1.4","1.2","1","0.93","0.9","0.82","0.78","0.81","0.7","0.67","0.6","0.61","0.59","0.58","0.56","",
"Togo","TGO","Children (ages 0-14) newly infected with HIV","SH.HIV.INCD.14","","","","","","","","","","","","","","","","","","","","","","","","","","","","","","","710","930","1200","1500","1700","2000","2300","2600","2700","2800","2900","2800","2800","2700","2700","2600","2500","2500","2200","2100","1800","1000","840","730","660","770","720","880","710","660","760","740","680","630","530","",
"Togo","TGO","Prevalence of HIV, female (% ages 15-24)","SH.HIV.1524.FE.ZS","","","","","","","","","","","","","","","","","","","","","","","","","","","","","","","0.9","1.2","1.5","1.9","2.2","2.6","2.9","3.1","3.2","3.1","3","2.8","2.5","2.3","2","1.8","1.6","1.5","1.4","1.3","1.3","1.2","1.2","1.1","1.1","1.1","1","1","1","0.9","0.9","0.9","0.8","0.8","0.8","",
"Togo","TGO","People using safely managed drinking water services, rural (% of rural population)","SH.H2O.SMDW.RU.ZS","","","","","","","","","","","","","","","","","","","","","","","","","","","","","","","","","","","","","","","","","3.62701180035169","3.85377190578706","4.08001640102777","4.30574528607383","4.53095856092523","4.75565622558198","4.97983828004407","5.20350472431151","5.4266555583843","5.64929078226243","5.87141039594591","6.09301439943473","6.3141027927289","6.53467557582842","6.75473274873328","6.97427431144348","7.19330026395903","7.41181060627993","7.62980533840623","7.84728446033782","8.06424797207475","8.29015653582946","8.51606509958416","8.74197366333887","8.96788222709357","",
"Togo","TGO","Demand for family planning satisfied by modern methods (% of married women with demand for family planning)","SH.FPL.SATM.ZS","","","","","","","","","","","","","","","","","","","","","","","","","","","","","","","","","","","","","","","11.9","","","","","","","","","","","","","","","","32.3","","","","","","","","","","","",
"Togo","TGO","Mortality from CVD, cancer, diabetes or CRD between exact ages 30 and 70, female (%)","SH.DYN.NCOM.FE.ZS","","","","","","","","","","","","","","","","","","","","","","","","","","","","","","","","","","","","","","","","","25.2","25.3","25.2","25","24.6","24.6","24.5","24.4","24.5","24.5","24.3","24.2","24.1","24","23.8","23.9","23.8","23.5","23.2","22.9","23","22.9","","","","",
"Togo","TGO","Prevalence of HIV, total (% of population ages 15-49)","SH.DYN.AIDS.ZS","","","","","","","","","","","","","","","","","","","","","","","","","","","","","","","0.9","1.1","1.5","1.8","2.2","2.6","3","3.3","3.5","3.7","3.7","3.7","3.6","3.5","3.4","3.3","3.2","3","2.9","2.8","2.7","2.7","2.6","2.5","2.4","2.3","2.2","2.2","2.1","2","1.9","1.9","1.8","1.7","1.6","",
"Togo","TGO","Probability of dying among adolescents ages 10-14 years (per 1,000)","SH.DYN.1014","","","","","","","","","","","","","","","","","","","","","","","","","","","","","","","8.7","8.6","8.5","8.4","8.4","8.3","8.2","8.1","8","7.9","7.8","7.7","7.5","7.4","7.3","7.2","7","6.9","6.7","6.6","6.5","6.3","6.2","6.1","6","5.8","5.7","5.6","5.5","5.3","5.2","5.1","5","4.9","4.7","",
"Togo","TGO","Cause of death, by non-communicable diseases (% of total)","SH.DTH.NCOM.ZS","","","","","","","","","","","","","","","","","","","","","","","","","","","","","","","","","","","","","","","","","28.8619434732612","","","","","","","","","","34.3613468242945","","","","","39.1800320773537","","","","44.1613709561536","44.4584134222301","43.4834918847341","","","","",
"Togo","TGO","Cause of death, by communicable diseases and maternal, prenatal and nutrition conditions (% of total)","SH.DTH.COMM.ZS","","","","","","","","","","","","","","","","","","","","","","","","","","","","","","","","","","","","","","","","","64.452497530975","","","","","","","","","","57.8229201080224","","","","","52.1069051421067","","","","46.116486630999","45.5910107715593","45.4491044957771","","","","",
"Togo","TGO","Number of deaths ages 5-9 years","SH.DTH.0509","","","","","","","","","","","","","","","","","","","","","","","","","","","","","","","2977","2944","2919","2790","2696","2711","2709","2685","2647","2603","2552","2502","2442","2384","2324","2267","2212","2158","2099","2035","1972","1914","1864","1817","1778","1745","1705","1663","1618","1571","1530","1492","1462","1432","1400","",
"Togo","TGO","Prevalence of anemia among children (% of children ages 6-59 months)","SH.ANM.CHLD.ZS","","","","","","","","","","","","","","","","","","","","","","","","","","","","","","","","","","","","","","","","","79.8","79.1","78.3","77.5","76.7","76","75.3","74.6","74.1","73.6","73.3","73.2","73.1","73.2","73.3","73.3","73.3","73.1","72.8","72.4","","","","","","",
"Togo","TGO","Total alcohol consumption per capita, female (liters of pure alcohol, projected estimates, female 15+ years of age)","SH.ALC.PCAP.FE.LI","","","","","","","","","","","","","","","","","","","","","","","","","","","","","","","","","","","","","","","","","0.56","0.56","0.53","0.53","0.58","0.64","0.72","0.75","0.74","0.71","0.67","0.64","0.64","0.64","0.67","0.64","0.6","0.55","0.52","0.52","0.53","","","","","",
"Togo","TGO","Women who believe a husband is justified in beating his wife when she goes out without telling him (%)","SG.VAW.GOES.ZS","","","","","","","","","","","","","","","","","","","","","","","","","","","","","","","","","","","","","","","","","","","","","","","","","","","","","","","17.8","","","","","","","","","","","",
"Togo","TGO","Proportion of time spent on unpaid domestic and care work, male (% of 24 hour day)","SG.TIM.UWRK.MA","","","","","","","","","","","","","","","","","","","","","","","","","","","","","","","","","","","","","","","","","","","","","","","","","","","","","","","","","","","","","","","","","","",
"Togo","TGO","Women participating in the three decisions (own health care, major household purchases, and visiting family) (% of women age 15-49)","SG.DMK.ALLD.FN.ZS","","","","","","","","","","","","","","","","","","","","","","","","","","","","","","","","","","","","","","","","","","","","","","","","","","","","","","","29.4","","","","","","","","","","","",
"Togo","TGO","Government expenditure per student, tertiary (% of GDP per capita)","SE.XPD.TERT.PC.ZS","","","","","","","","","","","","","","","","","","","","","","","","","","","","","","","","","","","","","","","280.73061","","","","","","","","","137.07093","","","78.65386","71.72394","89.39615","98.98592","111.34646","91.09807","81.64483","77.17135","","","","","","","","",
"Togo","TGO","Government expenditure per student, primary (% of GDP per capita)","SE.XPD.PRIM.PC.ZS","","","","","","","","","","","","","","","","","","","","","","","","","","","","","","","","","","","","","","","9.27981","7.95161","10.25412","9.96597","9.32211","8.92471","7.38837","7.43245","6.32811","8.28509","8.33318","9.90917","10.56538","10.67254","14.86801","12.76128","14.24541","16.09805","16.16121","","","","","","","","","",
"Togo","TGO","Current education expenditure, primary (% of total expenditure in primary public institutions)","SE.XPD.CPRM.ZS","","","","","","","","","","","","","","","","","","","","","","","","","","","","","","","","","","","","","","","71.3815002441406","81.6800308227539","82.521369934082","","","","","","","98.6267166137695","98.4600982666016","98.775390625","84.9986114501953","88.9265213012695","80.8445587158203","97.9318389892578","99.5867004394531","99.250617980957","99.2145309448242","","","","","","","","97.6058502197266","",
"Togo","TGO","School enrollment, tertiary (% gross)","SE.TER.ENRR","","","","","","","","","","","","0.436320006847382","0.673879981040955","0.681599974632263","0.662810027599335","0.714460015296936","1.01695001125336","1.17577004432678","1.30627000331879","1.28176999092102","1.43621003627777","1.81998002529144","1.59472000598907","1.4386899471283","1.45352005958557","","","1.91431999206543","2.10569000244141","2.13784003257752","2.16568994522095","2.39435005187988","2.63255000114441","2.21612000465393","2.38979005813599","2.71031999588013","2.69524002075195","","3.07287001609802","","","","","","","","4.9507098197937","5.5628399848938","","","8.90678270945479","9.66968081043628","10.7079137745625","10.8397865677878","10.5384945175632","10.8146472215817","12.0913340463942","12.3068653432672","12.9031599603185","13.1551472123617","14.9029897765252","","","","","",
"Togo","TGO","Educational attainment, at least completed short-cycle tertiary, population 25+, female (%) (cumulative)","SE.TER.CUAT.ST.FE.ZS","","","","","","","","","","","","","","","","","","","","","","","","","","","","","","","","","","","","","","","","","","","","","","","4.51187299462781","","","0.96356999874115","0.450326408522461","5.48592417088674","","","","","","1.96781203703358","","3.02666203722683","","","3.15576539047003","","","",
"Togo","TGO","Educational attainment, Doctoral or equivalent, population 25+, total (%) (cumulative)","SE.TER.CUAT.DO.ZS","","","","","","","","","","","","","","","","","","","","","","","","","","","","","","","","","","","","","","","","","","","","","","","","","","","","0.557576669468963","","","","","","","","","","","","","","",
"Togo","TGO","Educational attainment, at least Bachelor's or equivalent, population 25+, male (%) (cumulative)","SE.TER.CUAT.BA.MA.ZS","","","","","","","","","","","","","","","","","","","","","","","","","","","","","","","","","","","","","","","","","","","","","","","","","","","2.87153642033854","","","","","","","5.28464984893799","","8.75828348863174","","","7.48621988296509","","","",
"Togo","TGO","Changes in inventories (current LCU)","NE.GDI.STKB.CN","","","","","","","","","","","","","","","","","","","","","853362155","16317478479","6786100231","-2212509843","-12003700331","3106840237","5083920055","-847320037","5207227370","3389297154","169302014590","177427143500","170715871100","-27424313500","180965085100","245414027500","177132692000","207306444600","97650491300","157136653600","243201505900","236312884600","273587500000","305501329900","370242386800","180467352200","48939923600","51363000000","6927000000","-61336000000","-48207000000","-43159000000","-51226000000","64327000000","-30086000000","2796000000","-78776000000","-4923000000","51550000000","33981000000","8106000000","2742000000","-138833000000","82797000000","","",
"Togo","TGO","Gross fixed capital formation (annual % growth)","NE.GDI.FTOT.KD.ZG","","","","","","","","","","","","","","","","","","","","","","-12.5827651796725","-13.0682026341571","-24.6186971588797","20.8092131321433","14.3540695861144","26.7076421646584","4.26050250665084","2.53875836646735","-0.486644110610627","8.47307690379782","-28.960925063317","-12.3999980249846","-45.8000023391866","2.2000021229198","20.2000028481219","40.6071988351786","-6.16612125122195","28.4301129588454","-3.3027467990125","3.79636522653865","4.14887739419876","3.68314447942578","8.73494676774358","-7.79625781224115","8.13395128826622","9.05338672797038","-11.4571120577561","19.837525602375","9.57655598870817","11.9527232832923","0.00907952410769042","2.85352926628453","13.8745495276127","2.49379891374075","15.7195833702778","81.1876881749509","-20.6582130485886","9.13225187489026","4.23179187513199","15.3655017302469","16.9570691685959","30.6589763284116","-19.7665792446267","","",
"Togo","TGO","Gross fixed capital formation, private sector (% of GDP)","NE.GDI.FPRV.ZS","","","","","","","","","","","","","","","","","","","","","","","","","","","","","","","","","","","","","","","","","","","","","","","","","","","","","","","","","13.7625465283306","12.1836461124198","12.5532635291942","13.1130648372735","13.6632121526484","13.16308665024","18.1156317948777","13.3344636868288","","",
"Togo","TGO","Exports of goods and services (annual % growth)","NE.EXP.GNFS.KD.ZG","","","","","","","19.3747818606133","1.83255456416249","11.8250168482425","18.8507856474426","1.54736691561008","115.215125731114","-3.36887052157223","-10.4586365903856","-3.27866687561716","10.8048478481747","-17.0170580213165","32.2581005745357","48.8474400083465","-30.9444474346537","46.2712322675396","-12.7287864730576","0.0953286341545123","-11.4286590352145","0.21492131133607","3.32638152407871","10.1679173674236","3.78233727457659","8.99200028285037","-9.77091479041798","-7.91249493846507","4.49999721024301","-19.5999948269448","-3.20000482889407","-1.79999655738173","20.5999932888641","9.46780429730198","0","-1.10000043523686","-1.30000005859482","-4.10000143904524","-2.57373534730675","10.8051555405357","16.9300236324711","-5.4723852464642","-1.26889009627058","-5.87537371937394","-0.813200507091196","3.74869366021599","9.45491041010627","14.3095329027395","19.9683555948044","10.0872904385378","11.655871510148","-8.1004605222446","-1.77453741364349","6.34005891146474","-0.526229324105685","0.624028548522148","3.41346917957279","1.88394572870176","5.64730170999495","2.62264698553778","5.30184949083986","","",
"Togo","TGO","Gross national expenditure (% of GDP)","NE.DAB.TOTL.ZS","","","","109.259259258736","108.072916667192","106.206896551022","101.694915253853","99.2982456144318","97.8297161936423","98.2758620687024","101.221166891901","105.738705739033","107.305936072849","106.747787610803","82.3259372609261","118.004676539219","109.904622157403","118.661137440948","129.872881355801","127.443609022476","113.213087248075","115.658914728676","113.125695217051","108.020134228061","100.764818355568","108.729927007342","111.758301578765","109.376664890698","111.866051929127","109.29101019456","107.278701872722","108.910413005611","107.709518171244","107.763656324334","105.921956896191","110.088097945708","109.513216205696","108.246210436778","109.594988570888","107.430044236203","108.494683303817","110.375100279029","108.733282292126","108.930199810965","110.722371107476","111.089002828981","111.517467568231","112.529915622248","111.654586355859","110.487631452267","111.346591526026","114.743024055332","109.734840179774","113.925551337702","112.637855563926","115.706878138322","112.982043510938","107.60470554485","108.913640749184","108.522293777131","108.925433786934","110.108965956082","111.556671423796","110.765074111627","","",
"Togo","TGO","Gross national expenditure (current US$)","NE.DAB.TOTL.CD","","","","221037889.793731","253509003.592842","280923089.153002","310400943.885035","324919592.103344","334275890.709198","371572985.298148","363045661.348626","427869946.870358","508677267.730652","612765375.599228","651568884.314283","1028743159.76313","961315520.670152","1302773301.81148","1511753634.83581","1604981113.57206","1816885417.8626","1571835543.02416","1312639342.66035","1168115974.75457","1021926628.06293","1170591309.21504","1674384755.26539","1929380377.81573","2178265108.70626","2088152921.46992","2467051301.83783","2464389821.80334","2575115838.58995","1877183004.8207","1469838874.16543","2035650543.35161","2266382596.01269","2291375941.17239","2456736184.41101","2392012875.11801","2285818881.47393","2310701261.31596","2620688517.7353","3254816997.06665","3533772577.77607","3579188144.8071","3703392191.56794","4231083026.20669","5112492803.56008","5217102515.16743","5284940026.24469","6221870660.69027","5940541276.75916","6860288680.84338","7201292586.38044","6659460584.62463","6859329201.59725","6873169045.22336","7655774807.37126","7588901559.01541","8154192352.19244","9405142465.74367","9645695273.92409","10770021089.9076","","",
"Togo","TGO","Final consumption expenditure (annual % growth)","NE.CON.TOTL.KD.ZG","","","","","","","19.4860249526157","10.1821160440505","7.62158880684484","7.00408170069065","4.56208440678314","-33.3786026172533","9.78744284363083","6.67954874446397","9.96362138026039","-12.3703466370654","39.9873943067999","2.82297361043308","-5.67706198885237","9.68928547526696","2.97788504780337","4.81345402444522","5.89112617702341","-7.73598579019321","13.8989717519361","13.363589874069","-3.55413012108434","-4.16602002871143","13.4431684770778","3.19299606441645","-2.6862180702944","6.09577463475613","2.47017076055866","-19.9462231345095","4.92376484898671","8.84310406945833","24.4652867838834","6.91406815684428","6.85898731528374","0.858907932157834","-2.11484583217121","1.94006723497984","2.54451481445351","5.27491347187635","-1.5338258823284","-2.39128699646133","4.85277538374662","4.72339410874743","5.58199292050701","7.21342169894706","4.2183190113299","5.36969884984751","2.71747151857407","5.33046506108118","4.48375164540526","6.63109321045316","7.04759425960995","1.84024831285119","3.75068065893664","4.80051894744807","1.51489585395217","4.02352309396292","6.09608606082487","7.40759691890773","","",
"Togo","TGO","Households and NPISHs final consumption expenditure (% of GDP)","NE.CON.PRVT.ZS","","","","88.5802469140908","77.8645833333515","74.4827586199768","77.9661016945762","79.8245614040428","80.1335559265087","78.7356321843934","76.7978290367281","75.4578754583456","74.0867579912077","72.7876106198702","55.7000765109889","74.5128604833876","66.6177549526246","62.8554502369493","65.2012711863792","61.5601503760532","63.5906040267472","69.9999999998646","72.2654801633329","69.9999999998787","69.9808795410939","67.7080291969807","68.0185084377229","69.392647842267","75.0060664887652","78.1974050045767","54.9683028964288","55.5672328666457","56.6500187635402","81.6830105900022","56.087361677312","58.6852019005704","68.1287113164684","70.5842447599579","75.5732408738692","75.4655553132972","68.7668339774429","70.0448085358167","69.3991195529957","67.9394687953443","66.1174261556495","75.3253939770363","80.2061178261639","82.5806756332499","82.7417065997573","83.6755343988061","82.4107030702772","82.7467590126783","80.4296654242275","79.4002952123814","78.1830720621805","77.4936564968816","77.3440383700298","76.7898361266585","76.5748640043562","76.6763105523179","75.488035684654","75.8361083448377","74.5121037937934","75.0335545435124","","",
"Togo","TGO","Households and NPISHs Final consumption expenditure per capita (constant 2015 US$)","NE.CON.PRVT.PC.KD","","","","","","411.23375532603","485.376109112344","536.490944348946","567.997582810814","586.813598727617","574.513101441077","321.32468566403","339.16633347461","367.75267460242","398.20949949588","295.326614953973","440.441499928902","428.045286797447","379.194565213551","406.976494999565","424.875357930507","452.621454067611","473.941677339214","433.13205636259","486.363670695731","561.710680691728","499.450248153896","462.438961538273","533.855138425276","528.611981015475","493.75774173992","514.481696066016","526.269120639521","409.648595650435","435.380084762766","454.904627187695","557.358966221738","582.238500613194","592.715273675377","587.99477006025","560.144899913177","548.68214224288","559.527687475096","575.706670165027","553.159900246004","517.025014246602","525.207980181099","542.62369486636","544.66388538725","563.605412335916","563.057255712839","582.024612726983","583.967764277928","594.905691133147","610.968708412775","630.716745221476","643.818857289328","655.693232771624","674.307340961369","692.522923572122","686.031818128228","721.204474646583","742.185184293176","771.987707763592","","",
"Togo","TGO","Households and NPISHs final consumption expenditure: linked series (current LCU)","NE.CON.PRVT.CN.AD","","","","","","","","","","","","","","","","","","","","","","","","","","","","","","","344166406494","354709233900","358495108200","402904289200","432117521000","541653016700","721251981100","872084011100","999430009600","1034179161400","1028958680200","1073978557100","1160344221300","1177203658000","1112777284400","1279612131000","1391517828100","1486159000000","1689723000000","1858160000000","1935403000000","2114442000000","2223010000000","2361468000000","2468041000000","2636872000000","2782690000000","2848059000000","2989753000000","3141614000000","3252670000000.01","3592066000000","4018668000000.01","4425373999999.99","","",
"Togo","TGO","Households and NPISHs Final consumption expenditure per capita, PPP (current international $)","NE.CON.PCAP.PP.CD","","","","","","","","","","","","","","","","","","","","","","","","","","","","","","","601.600848689896","625.503087443834","624.41431110409","738.200212039434","581.330540265113","611.112645948546","766.401664616871","846.914224709772","951.930864626113","982.484203674978","967.591792046444","974.762480723116","1012.69288183182","1034.46376088379","976.008721419337","1060.23989020527","1131.49020266693","1192.98212795432","1254.82295375668","1283.64206323307","1298.30057661039","1374.84349897893","1423.78513722377","1439.91338439489","1496.17803871992","1531.90787059508","1583.53873011197","1610.32610271123","1691.48559715047","1786.46464988639","1855.19121132481","2051.13521264654","2257.80290482921","2407.62187289637","","",
"Togo","TGO","General government final consumption expenditure (constant 2015 US$)","NE.CON.GOVT.KD","","","","","","118738941.25976","135905962.449998","130183266.717534","135905962.449998","135905962.449998","157365516.67506","193129796.38745","218880731.584209","204575058.416522","217449643.048338","280395957.565232","317591315.048747","356216834.877323","368052356.533167","400566084.171939","404857583.807861","350175530.899606","341762905.784299","292338730.050556","315473454.692493","256584970.90048","351280667.130897","344753460.804145","284034712.543926","320630369.850311","338646470.870515","333341536.69086","274635680.968099","298803631.963625","278186180.178811","278464365.059689","267291149.404752","252055559.535207","348036091.218012","323377521.265988","323735217.813279","380211355.750391","323938164.069668","333554857.075844","328844812.589124","386048174.710202","416263912.824338","367138234.499915","439969375.764943","482103289.368243","539727761.486079","539776766.198299","555179454.194371","632208102.5337","647974101.327266","749832930.403214","941174363.993044","876165388.68894","862493073.979535","897531443.216898","924789891.934907","923863871.855713","1040995272.9677","1204116751.58941","","",
"Togo","TGO","Military expenditure (% of general government expenditure)","MS.MIL.XPND.ZS","","","","","","","","","","","","","","","","","","","","","","","","","","","","","","10.7647537745963","10.8661801252005","11.4825323638943","13.5160425027552","15.493726132024","11.3458056729028","10.8442303765201","","","","","","","","11.3968672846853","9.87093619853794","8.15396349971164","","","10.088759267163","8.20386115960846","7.9433792943859","5.98618720994968","6.08670446859743","5.87236976003677","5.94123849568466","5.31361334180677","5.90409038780105","8.6023198011599","7.90455880248823","14.7267929054417","9.36140779854342","10.9493016525355","15.9404333253858","11.4643062122496","8.37630733962794","",
"Togo","TGO","Armed forces personnel (% of total labor force)","MS.MIL.TOTL.TF.ZS","","","","","","","","","","","","","","","","","","","","","","","","","","","","","","","0.667016850513186","0.645630413711899","0.625216383482721","0.647191592981207","0.650723930372539","0.587356916466551","0.553043618833829","0.530433538730888","0.521112801085528","0.507313828916757","0.494487416246194","0.632197383071104","0.612147866397242","0.535243789157687","0.488202516446845","0.528667037908409","0.515134111863882","0.502783616370428","0.491210852384337","0.458172541867364","0.448036659997504","0.4372885850752","0.425956409544721","0.414463991101057","0.402689271535108","0.390691296742223","0.378704123354928","0.394650122933513","0.366981361189588","0.377817289070275","0.376906771356292","","","","","",
"Togo","TGO","Logistics performance index: Frequency with which shipments reach consignee within scheduled or expected time (1=low to 5=high)","LP.LPI.TIME.XQ","","","","","","","","","","","","","","","","","","","","","","","","","","","","","","","","","","","","","","","","","","","","","","","","2.11","","","3.02","","2.77","","2.599977","","3.241372","","2.88","","","","2.8","","","",
"Togo","TGO","Logistics performance index: Quality of trade and transport-related infrastructure (1=low to 5=high)","LP.LPI.INFR.XQ","","","","","","","","","","","","","","","","","","","","","","","","","","","","","","","","","","","","","","","","","","","","","","","","2.25","","","1.82","","2.46","","2.072934","","2.236628","","2.23","","","","2.3","","","",
"Togo","TGO","Individuals using the Internet (% of population)","IT.NET.USER.ZS","","","","","","","","","","","","","","","","","","","","","","","","","","","","","","","0","0","0","0","0","0","0.0109","0.211","0.306","0.59","0.8","0.9","1","1.2","1.5","1.799999952","2","2.200000048","2.400000095","2.599999905","3","3.5","4","4.5","5.699999809","7.119999886","11.31000042","12.3602249692905","15.5","20.72730064","29.02370071","30.33839989","35.60749817","37.57020187","39.48320007","",
"Togo","TGO","Secure Internet servers","IT.NET.SECR","","","","","","","","","","","","","","","","","","","","","","","","","","","","","","","","","","","","","","","","","","","","","","","","","","","1","2","3","6","18","22","26","35","61","159","219","223","733","851","857","",
"Togo","TGO","Fixed telephone subscriptions","IT.MLT.MAIN","1164","1164","1164","1164","1164","","1164","1164","1164","1164","3000","3000","3000","3000","3000","","4800","5800","5600","5700","5783","6120","7425","7936","8351","8390","8455","9225","9595","9869","10516","10730","15337","17298","21400","21715","24050","25132","31415","38166","42763","48384","51156","61099","65949","62831","82057","99483","140919","178713","60011","60273","61590","62537","53311","52690","33817","36111","37691","43605","46499","54469","65613","69808","78576","",
"Togo","TGO","Liner shipping connectivity index (maximum value in 2004 = 100)","IS.SHP.GCNW.XQ","","","","","","","","","","","","","","","","","","","","","","","","","","","","","","","","","","","","","","","","","","","","","","","12.8012636579","12.252566529","12.4112547388","16.0387441143","14.7757952622","13.7653922331","13.4548673918","14.915485345","20.0412759994","26.5258780484","33.1634555371","33.6902673106","33.9240085028","34.6097386822","36.572261736","36.2431858825","","","","",
"Togo","TGO","Air transport, passengers carried","IS.AIR.PSGR","","","","","","","","","","","29900","31400","27700","30000","33800","37900","43600","48900","55700","60800","64600","67600","69800","71000","71700","77500","78400","70100","69700","74000","76300","66300","66300","68200","69200","74100","75100","85500","90500","83900","77273","46364","","","","","","","","","663013","832351.156397303","745781.748091383","840948","426344.039920436","420875","475185","500686","566295","633629","320806","672184","1187471","2175165.332","","",
"Togo","TGO","Statistical performance indicators (SPI): Pillar 4 data sources score (scale 0-100)","IQ.SPI.PIL4","","","","","","","","","","","","","","","","","","","","","","","","","","","","","","","","","","","","","","","","","","","","","","","","","","","","","","","","33.6416666666667","32.0416666666667","39.925","42.675","42.675","44.25","40.0833333333333","43.2","40.6833333333333","43.5833333333333","",
"Togo","TGO","Statistical performance indicators (SPI): Overall score (scale 0-100)","IQ.SPI.OVRL","","","","","","","","","","","","","","","","","","","","","","","","","","","","","","","","","","","","","","","","","","","","","","","","","","","","","","","","","52.0383333333333","59.4466666666667","60.9291666666667","61.2104166666667","62.40875","69.7666666666667","68.2279166666667","64.4258333333333","66.5520833333333","",
"Togo","TGO","CPIA policies for social inclusion/equity cluster average (1=low to 6=high)","IQ.CPA.SOCI.XQ","","","","","","","","","","","","","","","","","","","","","","","","","","","","","","","","","","","","","","","","","","","","","","2.6","2.6","2.6","2.7","2.7","2.8","3","3","3.1","3.2","3.3","3.4","3.4","3.4","3.6","3.7","3.7","3.8","4","4","4",
"Togo","TGO","CPIA property rights and rule-based governance rating (1=low to 6=high)","IQ.CPA.PROP.XQ","","","","","","","","","","","","","","","","","","","","","","","","","","","","","","","","","","","","","","","","","","","","","","2.5","2.5","2.5","2.5","2.5","2.5","3","2.5","2.5","2.5","2.5","2.5","2.5","3","3","3.5","3.5","3.5","3.5","3.5","3.5",
"Togo","TGO","IDA resource allocation index (1=low to 6=high)","IQ.CPA.IRAI.XQ","","","","","","","","","","","","","","","","","","","","","","","","","","","","","","","","","","","","","","","","","","","","","","2.49166666666667","2.49166666666667","2.53333333333333","2.7","2.775","2.89166666666667","2.99166666666667","2.96666666666667","2.96666666666667","2.99167","2.975","3.025","3.13333333333333","3.24166666666667","3.34166666666667","3.475","3.516667","3.666667","3.766667","3.766667","3.783333",
"Togo","TGO","CPIA financial sector rating (1=low to 6=high)","IQ.CPA.FINS.XQ","","","","","","","","","","","","","","","","","","","","","","","","","","","","","","","","","","","","","","","","","","","","","","2.5","2.5","2.5","2.5","2.5","2.5","2.5","2.5","2.5","2.5","2.5","2.5","2.5","2.5","2.5","2.5","2.5","3","3","3","3",
"Togo","TGO","CPIA debt policy rating (1=low to 6=high)","IQ.CPA.DEBT.XQ","","","","","","","","","","","","","","","","","","","","","","","","","","","","","","","","","","","","","","","","","","","","","","1.5","1.5","1.5","2","2.5","3","3","2.5","2.5","2.5","2","2","2.5","3","3","3.5","3.5","3.5","3.5","3.5","4",
"Togo","TGO","WBL: Enforcement Perceptions Index (scale 0-100)","GD_WBL_OVL_ENF","","","","","","","","","","","","","","","","","","","","","","","","","","","","","","","","","","","","","","","","","","","","","","","","","","","","","","","","","","","","","","","","","","64.54",
"Togo","TGO","Expense (current LCU)","GC.XPN.TOTL.CN","","","","","","","","","","","","","","","","","","","","","","","","","","","","","","","","","","","","","","","","","","","","","156617872619","179011767260","199734170815","209558756887.42","196139776939.89","234134866245","240659216781","276180000000","345966824568.667","381589058648","364751035298.222","439811227374.333","489680975530.223","426973700871.733","532138048878.237","548862553266.728","613517336609","624130679642.889","823254196803","945345082007.424","","",
"Togo","TGO","Interest payments (% of revenue)","GC.XPN.INTP.RV.ZS","","","","","","","","","","","","","","","","","","","","","","","","","","","","","","","","","","","","","","","","","","","","","10.5336975940437","7.09034860951734","5.26655941217983","5.56260890398775","4.32528839610002","4.02306091646284","4.19114412552906","2.88363282905067","4.66332023844285","5.35871963804245","5.98285678280064","8.07359857418665","10.3948376683608","7.96432551232141","9.89769001763765","11.4953861923116","14.1380943285558","12.9541596011051","13.9523973416975","14.0042496499961","","",
"Togo","TGO","Compensation of employees (% of expense)","GC.XPN.COMP.ZS","","","","","","","","","","","","","","","","","","","","","","","","","","","","","","","","","","","","","","","","","","","","","34.8006515186108","30.7689270057877","29.7614473985319","30.6770697635586","35.2457348624324","40.290503549902","34.3330605821714","37.9028170034036","34.8036280640838","34.2339480232591","39.3107394518474","39.0295331269248","37.3072330276234","45.1234847318801","37.6299140755145","39.678734439215","38.7866015472772","39.9068477015922","30.6452353858296","31.6623797701895","","",
"Togo","TGO","Taxes on income, profits and capital gains (current LCU)","GC.TAX.YPKG.CN","","","","","","","","","","","","","","","","","","","","","","","","","","","","","","","","","","","","","","","","","","","","","43774937374","30925775469","36226300603","42580491553","42635051451","53105529735","35970043324","41380000000","41515237592.6167","57880885262","59051104962","98003532281","75992924323","86185977574.4569","101125914610","119292328093","111802662600.4","157673403331","163013908037","196742104698","","",
"Togo","TGO","Other taxes (current LCU)","GC.TAX.OTHR.CN","","","","","","","","","","","","","","","","","","","","","","","","","","","","","","","","","","","","","","","","","","","","","6626133737","9566407795","5946595952","7255921038","7851642457","8804795481","18589417408","20850000000","24726756500.8571","28231580664","35557041491","7843314437","10571987995","9098549606","6859098437.66667","12757221706","10535829184.5167","2720937095.5","3199816179","4259868062","","",
"Togo","TGO","Customs and other import duties (current LCU)","GC.TAX.IMPT.CN","","","","","","","","","","","","","","","","","","","","","","","","","","","","","","","","","","","","","","","","","","","","","32590000000","33881100223","36379495422","41184110870","49600000000","54856959010","61434183825","71750000000","76978773193","93466645452","97350053406","100567388325","97420438884","100129823789","109436267769.6","117981288915","103794869568.1","125511197771","143854035129","166389574088","","",
"Togo","TGO","Taxes on exports (% of tax revenue)","GC.TAX.EXPT.ZS","","","","","","","","","","","","","","","","","","","","","","","","","","","","","","","","","","","","","","","","","","","","","0.191478449663054","0.202581893952174","0.229468240877004","","","","0.579345270121657","0.603897886357398","0.479419200955281","0.522639865563311","0.443649954233851","0.582308820225522","0.49618909328531","0.321225980421591","0.243698024084467","0.197955124133299","0.19970696967217","0.205219841471433","0.182738155305153","0.122097527080492","","",
"Togo","TGO","Social contributions (% of revenue)","GC.REV.SOCL.ZS","","","","","","","","","","","","","","","","","","","","","","","","","","","","","","","","","","","","","","","","","","","","","","","","","","","","","","","","","","","","","","","","","","",
"Togo","TGO","Net lending (+) / net borrowing (-) (% of GDP)","GC.NLD.TOTL.GD.ZS","","","","","","","","","","","","","","","","","","","","","","","","","","","","","","","","","","","","","","","","","","","","","-0.204049284060898","-3.76797187332328","-2.34149483669881","-0.553061900453701","0.186912210765922","-0.372088165929878","-0.21176642073507","-0.751374487001026","-4.42983932153295","-2.16033121107685","-2.38552195910669","-4.56017290430268","-5.39026447358255","0.238737375955249","-0.589942308898401","1.80411953182341","-6.75660082920734","-4.7808710818584","-7.56898246719407","-6.22579191051795","","",
"Togo","TGO","Net incurrence of liabilities, total (% of GDP)","GC.LBL.TOTL.GD.ZS","","","","","","","","","","","","","","","","","","","","","","","","","","","","","","","","","","","","","","","","","","","","","","","2.12332020291238","-0.615790454094002","1.70172259815754","1.1428864676159","-0.517540526765127","2.13319912950135","4.37436432686954","0.864733159041468","2.3973831486354","4.82853239304895","5.30413411982271","-0.0499391503353031","0.675963426031845","-0.137735339896264","4.61764925067894","7.07976911218258","5.96308381028419","5.45083297130949","","",
"Togo","TGO","Net acquisition of financial assets (% of GDP)","GC.AST.TOTL.GD.ZS","","","","","","","","","","","","","","","","","","","","","","","","","","","","","","","","","","","","","","","","","","","","","","","-0.21817463378643","-1.1688523545477","1.88863480892347","0.77079830168602","-0.130361393664427","1.38182464250032","-0.055474939958421","0.80005398311439","0.0118611895287109","0.26835948874627","0.00437421746796939","0.188798225619934","0.0895184512884296","1.66638419192715","-2.1389515785284","2.29888599114093","-1.60589865690988","-0.77495893920846","","",
"Togo","TGO","Account ownership at a financial institution or with a mobile-money-service provider, young adults (% of population ages 15-24)","FX.OWN.TOTL.YG.ZS","","","","","","","","","","","","","","","","","","","","","","","","","","","","","","","","","","","","","","","","","","","","","","","","","","","","6.81264439119564","","","12.2872602895916","","","43.8808551923646","","","","42.3368219522507","","","49.0469009088821","",
"Togo","TGO","Account ownership at a financial institution or with a mobile-money-service provider, male (% of population ages 15+)","FX.OWN.TOTL.MA.ZS","","","","","","","","","","","","","","","","","","","","","","","","","","","","","","","","","","","","","","","","","","","","","","","","","","","","11.1866442660827","","","21.4943224834086","","","53.0494017243899","","","","55.2160197413269","","","69.9999828165192","",
"Togo","TGO","Domestic credit to private sector (% of GDP)","FS.AST.PRVT.GD.ZS","","","7.84608605462202","8.00915991504328","7.6726927014106","4.84418640832298","4.9207979287076","5.36676600213333","7.05396122644903","6.47987296903914","8.44796170705174","8.46776597048347","8.52918336603583","10.4232045326743","8.53307426324123","13.1881734003746","15.3354740253866","16.3978665012868","19.418720881042","21.7268491041438","19.4432270089001","17.1910823498412","18.6737789588831","16.8074177362608","16.316882682137","14.7505614924182","17.6159311852002","18.1892740747601","17.2559893858768","15.9981990761621","15.9838895181791","17.6028557341426","17.7148843128058","20.9411600696186","13.3031595077945","14.2193024302481","13.3103536021199","12.5826958403143","12.2801014151581","10.7130337704434","9.88050671150411","9.08811274800628","8.12424446619038","10.051601367961","9.35311537935271","10.1595456202613","11.2450790183166","16.1657346509353","13.6233156636954","14.1762368872065","15.7145169061165","20.0861035551256","21.8767906182223","27.247557452577","25.4754223409385","29.1751266271894","30.4171056281322","29.6398768907266","27.8062312207682","27.5921731762732","26.8935131331641","26.2154849445079","26.5747677066157","26.2933878174457","25.3652125489184","22.9996367206573",
"Togo","TGO","Risk premium on lending (lending rate minus treasury bill rate, %)","FR.INR.RISK","","","","","","","","","","","","","","","","","","","","","","","","","","","","","","","","","","","","","","","","","","","","","","","","","","","","","","","","","","","","","","","","","","",
"Togo","TGO","Deposit interest rate (%)","FR.INR.DPST","","","","","","","","","","","","","","","","","","","","","","","","","","","","","","","","","","","","","","","","","","","","","","7.6075","7.82166666666667","7.81333333333333","8.12416666666667","8.57916666666667","8.38666666666667","8.50083333333333","7.9925","7.65416666666667","7.25833333333333","6.99833333333333","6.925","","","","","","","","","",
"Togo","TGO","Broad money growth (annual %)","FM.LBL.BMNY.ZG","","","","5.97826086956522","16.1538461538462","20.3090507726269","8.07339449541285","18.3361629881155","22.8550932568149","34.1936237300012","10.3472282655992","11.2933753943218","-1.5093537414966","14.4974458594143","91.4540656026141","-7.18786923985821","45.7352005092298","16.6630268617602","35.08049419693","2.44980290707194","9.07041406783802","38.5834366811523","16.5069106096501","0.503537564876312","15.553536400292","5.23365447503987","15.5641667388274","-1.00987089581325","-11.9096934169153","1.1213024599218","9.53184374004187","3.14203539075546","-18.002944411048","-16.1872669704681","44.2897152293973","22.2742526882181","-6.34970425479864","5.26232846562475","0.0652647765594907","8.37978598391963","15.3683736657952","-9.06390585394999","-2.68468350325594","13.2657106909014","18.6763377363183","2.60286969395756","23.8808491886964","10.6044386416701","24.8819450245735","14.4024814725102","14.7367829003732","17.2726328215895","10.1293720826652","16.9426411309444","3.62229387815256","20.7785475642935","12.3877282908383","9.95699570871958","9.33494749776415","4.53167858210492","11.5850928864143","12.2797760765898","15.3624655849792","6.67641434676608","8.65532235843912","4.40232506569383",
"Togo","TGO","Claims on private sector (annual growth as % of broad money)","FM.AST.PRVT.ZG.M3","","","","10.3260869565217","11.2820512820513","-28.0353200883002","10.0917431192661","10.6960950764007","23.6298421807747","4.69461637276655","17.4571403707249","8.3596214511041","5.3500566893424","22.6347219224405","18.348623853211","27.5173952999869","26.2111889101068","29.5503627672223","14.0958442530887","11.0833949248583","11.6044187268034","-3.3636488907476","7.67326240432864","-1.65740669630906","2.58829323823447","-0.707467095835446","14.0040279667148","3.03934157771178","2.22897372833917","-1.78066794451212","1.75955209407669","7.68835163267592","-0.159170469510423","-6.51824288335207","-0.706652650123969","17.5864334451156","4.83783417356689","7.77300195306657","3.52110067066409","-7.90618956738808","0.482370409748113","-3.44633769335432","-1.565333700449","17.5688521609227","-6.77851779833866","5.17359136357647","7.47949607931005","25.7090344533069","-3.08406441711774","7.1080537056405","9.20935957163472","21.3384274120932","11.531381391214","23.5691898396362","-0.605787524186553","17.8261090601679","7.95391357809549","0.345794200830258","-0.86530077651291","2.59928267761299","1.56764450212163","4.11887234690284","8.4729587628427","4.50527936042023","3.09941104743047","-1.5086495283688",
"Togo","TGO","Claims on other sectors of the domestic economy (annual growth as % of broad money)","FM.AST.DOMO.ZG.M3","","","","","","","","","","","","","","","","","","","","","","","","","","","","","","","","","","","","","","","","","","","0.527902493117766","16.6009543649007","-1.44976551253999","11.1566877049767","1.74167127467817","14.6912679833355","13.5473905385104","13.8088994695814","5.91906131791429","13.4644398630356","13.3393725601417","23.4354017267395","0.744491505253603","18.5996523715002","7.3593421928562","1.69904820077071","3.09228947999151","4.37954164293395","0.232747942939241","5.93848574008775","10.5506741999215","2.88359472669415","3.55205322755079","-1.12891899205278",
"Togo","TGO","Total reserves (% of total external debt)","FI.RES.TOTL.DT.ZS","","","","","","","","","","","","","","","","","","","","","","","","","","","","","","","","","","","","","","","","","","","","","","","","","","","","","","","","","","","","","","","","","","",
"Togo","TGO","Depositors with commercial banks (per 1,000 adults)","FB.CBK.DPTR.P3","","","","","","","","","","","","","","","","","","","","","","","","","","","","","","","","","","","","","","","","","","","","","77.0254407398299","55.183415990831","60.3024005421519","68.409374670314","199.35032722805","184.069304715207","148.371076814958","147.051663226249","147.048157757146","157.824184895534","233.995724974422","222.726690124126","207.949516874615","219.158044884026","205.789574934066","220.276348553859","200.21234790411","174.109874415392","180.273648622537","172.452458465405","197.184452150423","",
"Togo","TGO","Automated teller machines (ATMs) (per 100,000 adults)","FB.ATM.TOTL.P5","","","","","","","","","","","","","","","","","","","","","","","","","","","","","","","","","","","","","","","","","","","","","","","","","","","","","","","4.48701410044181","5.0823258773978","5.59843469501876","5.17423114621046","5.42595381691187","5.92069745816057","6.24781642708593","6.28528848716892","6.91924104758781","6.81144107567135","6.93399084018072","",
"Togo","TGO","Terrestrial protected areas (% of total land area)","ER.LND.PTLD.ZS","","","","","","","","","","","","","","","","","","","","","","","","","","","","","","","","","","","","","","","","","","","","","","","","","","","","","","27.8","27.6","27.6","27.6","27.6","27.6","27.6","28","28","28","28","28.1","27.9",
"Togo","TGO","Annual freshwater withdrawals, total (billion cubic meters)","ER.H2O.FWTL.K3","","","","","","","","","","","","","","","","","","","","","","","","","","","","0.091","0.097051282","0.103102564","0.109153846","0.115205128","0.12125641","0.127307692","0.133358974","0.139410256","0.145461539","0.151512821","0.157564103","0.163615385","0.169666667","0.169333333","0.169","0.187","0.205","0.223","0.223","0.223","0.223","0.223","0.223","0.223","0.223","0.223","0.223","0.223","0.223","0.223","0.223","0.223","0.223","0.223","0.223","","","",
"Togo","TGO","Annual freshwater withdrawals, agriculture (% of total freshwater withdrawal)","ER.H2O.FWAG.ZS","","","","","","","","","","","","","","","","","","","","","","","","","","","","25.27472527","28.21664465","30.81323054","33.12191684","35.18807033","37.04800169","38.73111782","40.26148818","41.65900313","42.94024326","44.11914029","45.20748576","46.21532675","47.15127701","46.06299213","44.9704142","40.64171123","37.07317073","34.08071749","34.08071749","34.08071749","34.08071749","34.08071749","34.08071749","34.08071749","34.08071749","34.08071749","34.08071749","34.08071749","34.08071749","34.08071749","34.08071749","34.08071749","34.08071749","34.08071749","34.08071749","","","",
"Togo","TGO","Aquaculture production (metric tons)","ER.FSH.AQUA.MT","0","0","0","0","0","0","0","0","0","0","0","0","0","0","0","0","0","0","0","0","0","0","0","0","40","30","14","14","14","14","22","22","150","150","150","20","21","20","25","20","20","20","30","30","35","50","50","50","107","107","100","20","20","23","25","58","98","132","290","1000","730","882","1151","1568","3176","",
"Togo","TGO","Population in largest city","EN.URB.LCTY","94904","105400","112666","120432","128745","137608","147093","157233","168087","179657","191650","203192","215446","228402","242157","256740","272223","288594","305974","324401","343964","364649","387190","411746","437895","465627","495156","526559","560000","588800","619124","651010","684585","719793","756863","795842","836887","879927","925245","972896","1023073","1075688","1131087","1189340","1250679","1315000","1343976","1373590","1403899","1434791","1466407","1498719","1531789","1565495","1599990","1635246","1671279","1708106","1745744","1785310","1827878","1874394","1925517","1981615","2042734","2108740",
"Togo","TGO","Rural population living in areas where elevation is below 5 meters (% of total population)","EN.POP.EL5M.RU.ZS","","","","","","","","","","","","","","","","","","","","","","","","","","","","","","","0.312077110301502","","","","","","","","","","0.2010126934684","","","","","","","","","","","","","","","0.151361467662999","","","","","","","","","","",
"Togo","TGO","Total greenhouse gas emissions excluding LULUCF (% change from 1990)","EN.GHG.TOT.ZG.AR5","","","","","","","","","","","","","","","","","","","","","","","","","","","","","","","","-3.64750061561192","-11.6073627185422","-13.8358778625954","0.135434622014285","-1.34203398177789","19.8350160059099","17.3787244521054","29.8910366904703","45.2290076335878","45.4506279241566","45.2166953952229","50.6494705737503","61.5611918246737","62.3091603053435","67.9019945826151","67.1447919231716","69.2471066239842","84.2003201181975","127.462447672987","124.578305836001","122.275917261758","133.926372814578","130.220389066732","123.106993351391","124.085816301404","148.540999753755","140.621152425511","155.011081014528","168.671509480424","187.887835508495","199.956907165723","211.748953459739","224.584461955183","233.794016252155","",
"Togo","TGO","Nitrous oxide (N2O) emissions from Power Industry (Energy) (Mt CO2e)","EN.GHG.N2O.PI.MT.CE.AR5","","","","","","","","","","","0.0002","0.0002","0.0002","0.0001","0.0001","0.0001","0.0001","0.0001","0.0002","0.0002","0","0","0","0.0001","0.0002","0.0001","0.0001","0.0001","0.0001","0.0001","0.0001","0.0002","0.0001","0.0001","0.0002","0.0001","0.0001","0.0001","0.0003","0.0002","0.0002","0.0004","0.0001","0.0001","0.0002","0.0002","0.0003","0.0003","0.0001","0.0001","0.0002","0.0001","0.0001","0.0002","0.0005","0.0004","0.0011","0.0005","0.0004","0.0002","0.0002","0.0002","0.0002","0.0002","0.0002","",
"Togo","TGO","Nitrous oxide (N2O) emissions from Fugitive Emissions (Energy) (Mt CO2e)","EN.GHG.N2O.FE.MT.CE.AR5","","","","","","","","","","","0.005","0.0049","0.005","0.0051","0.0051","0.0052","0.0052","0.0053","0.0054","0.0055","0.0056","0.0057","0.0058","0.006","0.0061","0.0062","0.0064","0.0066","0.0068","0.0069","0.0071","0.0077","0.0084","0.0092","0.01","0.0109","0.0119","0.0129","0.0141","0.015","0.0154","0.0158","0.0161","0.0165","0.0169","0.0174","0.0178","0.0182","0.0186","0.02","0.0206","0.0212","0.0218","0.0223","0.0228","0.0234","0.0239","0.0244","0.0245","0.0251","0.0257","0.0263","0.0269","0.0275","0.0275","",
"Togo","TGO","Carbon dioxide (CO2) emissions (total) excluding LULUCF (% change from 1990)","EN.GHG.CO2.ZG.AR5","","","","","","","","","","","","","","","","","","","","","","","","","","","","","","","","-7.48245265527745","-29.4000794596742","-45.570123162495","-0.980002648655798","-2.3440603893524","49.6093232684413","12.5016554098795","38.5909151105814","79.3272414249768","65.6866640180109","49.1722950602569","58.7869156403126","90.3588928618726","82.4923851145543","73.6458747185803","61.7931399814594","61.2898953780956","110.448947159317","258.985564825851","234.392795656204","206.860018540591","197.470533704145","155.780691299166","129.731161435571","104.741093894848","181.803734604688","119.229241160111","156.429611971924","178.810753542577","220.725731691167","235.584690769434","244.907959210701","235.227122235465","247.980399947027","",
"Togo","TGO","Carbon intensity of GDP (kg CO2e per constant 2015 US$ of GDP)","EN.GHG.CO2.RT.GDP.KD","","","","","","","","","","","0.326557386171793","0.223033785018322","0.232656186847031","0.196733851071682","0.173814364012361","0.196863067756492","0.178065958667768","0.219243694926577","0.214760996338376","0.252284961204774","0.203217270003481","0.203654006863499","0.238697692842991","0.184190049809263","0.19370522132524","0.173025065340515","0.252854545935022","0.272896046975978","0.250880719052272","0.244602339159567","0.268372744602124","0.250042094432504","0.198716822464857","0.1804424601979","0.285491297910445","0.261074984611305","0.367495343129495","0.24160836125012","0.304644047486287","0.384642849364829","0.358191237401696","0.319855681458021","0.327923003972617","0.368369637722666","0.356637189210844","0.355958935822551","0.32309930248213","0.325924385701219","0.40876567666687","0.661214502769294","0.581853502963797","0.504563612300546","0.460124352435859","0.373864149040414","0.317881594472269","0.268614599228729","0.354765603249925","0.265354747221765","0.296179662864088","0.306930748006675","0.345611387455363","0.343958828149275","0.332580667887809","0.304381399887462","0.296603334918989","",
"Togo","TGO","Carbon dioxide (CO2) net fluxes from LULUCF - Organic Soil (Mt CO2e)","EN.GHG.CO2.LU.OS.MT.CE.AR5","","","","","","","","","","","","","","","","","","","","","","","","","","","","","","","","","","","","","","","","","0","0","0","0","0","0","0","0","0","0","0","0","0","0","0","0","0","0","0","0","0","","","","","",
"Togo","TGO","Carbon dioxide (CO2) net fluxes from LULUCF - Deforestation (Mt CO2e)","EN.GHG.CO2.LU.DF.MT.CE.AR5","","","","","","","","","","","","","","","","","","","","","","","","","","","","","","","","","","","","","","","","","0.1584","0.1624","0.1664","0.1704","0.1744","0.1784","0.1824","0.1864","0.1904","0.1944","0.1984","0.2024","0.2064","0.2104","0.2144","0.2184","0.2224","0.2264","0.2304","0.2304","0.2304","0.2304","0.2304","0.2304","","",
"Togo","TGO","Carbon dioxide (CO2) emissions from Building (Energy) (Mt CO2e)","EN.GHG.CO2.BU.MT.CE.AR5","","","","","","","","","","","0.0567","0.0567","0.0472","0.0378","0.0252","0.0252","0.0283","0.0346","0.0346","0.0346","0.0346","0.0315","0.0472","0.0346","0.0441","0.0283","0.0409","0.0378","0.0409","0.0472","0.0565","0.0471","0.0502","0.0219","0.0471","0.0628","0.0786","0.0754","0.0882","0.129","0.151","0.0975","0.1258","0.1981","0.1319","0.1886","0.1318","0.1318","0.1379","0.16","0.1755","0.1848","0.2004","0.216","0.2166","0.0802","0.2476","0.061","0.0877","0.123","0.1321","0.1454","0.1624","0.1553","0.1614","",
"Togo","TGO","Methane (CH4) emissions from Transport (Energy) (Mt CO2e)","EN.GHG.CH4.TR.MT.CE.AR5","","","","","","","","","","","0.0011","0.0011","0.0012","0.0013","0.0012","0.0015","0.0014","0.0017","0.0017","0.0025","0.0022","0.0019","0.0025","0.0018","0.0018","0.0017","0.0023","0.0027","0.0026","0.0026","0.0029","0.0023","0.0021","0.0012","0.0025","0.0031","0.0046","0.0031","0.0037","0.0045","0.0025","0.0022","0.0034","0.0047","0.0046","0.0047","0.0038","0.0046","0.007","0.0122","0.0098","0.0087","0.0073","0.0061","0.0035","0.0046","0.0049","0.0051","0.007","0.0064","0.0095","0.0097","0.009","0.0087","0.009","",
"Togo","TGO","Methane (CH4) emissions from Industrial Combustion (Energy) (Mt CO2e)","EN.GHG.CH4.IC.MT.CE.AR5","","","","","","","","","","","0","0","0","0","0","0","0","0","0","0","0","0","0","0","0","0","0","0","0","0","0","0.0001","0","0","0.0001","0.0001","0.0002","0.0001","0.0001","0.0003","0.0003","0.0003","0.0003","0.0003","0.0003","0.0003","0.0003","0.0007","0.0002","0.0003","0.0004","0.0004","0.0004","0.0005","0.0005","0.0002","0.0004","0.0003","0.0005","0.0008","0.0005","0.0007","0.0009","0.0012","0.0012","",
"Togo","TGO","Total greenhouse gas emissions excluding LULUCF per capita (t CO2e/capita)","EN.GHG.ALL.PC.CE.AR5","","","","","","","","","","","0.915478083516091","0.796278627243757","0.832186519068788","0.794067843600582","0.774864284371449","0.804043841292055","0.774404316565008","0.804068446244249","0.815113993911206","0.813307352886456","0.752487633481025","0.738511655044036","0.798540814383324","0.712807488896589","0.734510228309297","0.730997492908993","0.807319633290255","0.825137876168393","0.859306391892722","0.843850622609108","0.874739265071468","0.818885188126727","0.730232892850777","0.719989382645049","0.833260121259685","0.77976863847024","0.907265581887873","0.859107225971739","0.927117398473296","1.01124062691689","0.98780823802052","0.962002747064524","0.973577369194749","1.0183713508748","0.998443570925451","1.00769348147125","0.974960069404546","0.95651987851319","1.00811335585527","1.2053278564189","1.15338990177983","1.11086976519949","1.14218847267047","1.10009813427216","1.04477831379068","1.02949840076408","1.12133454725836","1.06729765471126","1.11083013797152","1.14549683887965","1.20092901256206","1.22792135658282","1.25524625288897","1.28225830967248","1.28998098865195","",
"Togo","TGO","Net official flows from UN agencies, SPRP (current US$)","DT.NFL.SPRP.CD","","","","","","","","","","","","","","","","","","","","","","","","","","","","","","","","","","","","","","","","","","","","","","","","","","","","","","","","","","","","","","355399.996042252","117738.999426365","","","",
"Togo","TGO","PPG, private creditors (NFL, US$)","DT.NFL.PRVT.CD","","","","","","","","","","","-499000","91000","725000","3228000","18607000","32702000","55244000","90282000","159583000","124439000","40928000","-7054000","-6097000","-3876000","-11828000","-13519000","-22532000","-8000000","-1849000","-2287000","-120000","","","","","","","-6065000","","","","","","","","","","","","","","","","47808000","-11961000","1603000","-10980000","-10436000","-7217000","124726000","176881000","30655000","11190000","24955000","155352000","",
"Togo","TGO","Commercial banks and other lending (PPG + PNG) (NFL, current US$)","DT.NFL.PCBO.CD","","","","","","","","","","","","","","3233000","18611000","32705000","55247000","90286000","159584000","124439000","40928000","-7054000","-6097000","-3876000","-11829000","-13519000","-22532000","-8000000","-1850000","","-120000","","","","","","","-6065000","","","","","","","","","","","","","","","","","","1604000","-10979000","-10437000","-7217000","124726000","176881000","30655000","11190000","24955000","155352000","",
"Togo","TGO","IFC, private nonguaranteed (NFL, US$)","DT.NFL.NIFC.CD","","","","","","","","","","","0","0","0","0","0","0","0","0","0","0","0","0","0","0","0","0","0","0","0","0","0","0","0","0","0","0","0","0","0","0","0","-225000","-900000","-900000","-900000","-900000","-675000","0","0","892436","-210076.01","-221474.48","23208187.5","11953523","63201910","14470621","-4451995","-8700998","-10127814","-11264743","-13899999","-15785171","-16048900","-9651768.68","31140076.53","",
"Togo","TGO","Net financial flows, IBRD (NFL, current US$)","DT.NFL.MIBR.CD","","","","","","","","","","","","","","","","","","","3500000","","","-110000","-240000","-260000","-3358000","-3753000","-3778000","-4962000","-6475000","-6698000","-7656000","-5686000","","","","","","","","","","","","","","","","","","","","","","","","","","","","","","","","","","",
"Togo","TGO","Net official flows from UN agencies, IFAD (current US$)","DT.NFL.IFAD.CD","","","","","","","","","","","","","","","","","","","","","","","","","","330000.013113022","610000.014305115","3559999.94277954","850000.023841858","1149999.97615814","3349999.90463257","1240000.00953674","1259999.99046326","620000.004768372","-180000.007152557","1139999.98569489","1009999.99046326","1519999.98092651","2009999.99046326","1529999.97138977","1720000.02861023","449999.988079071","","","400000.005960464","","","","-230000.004172325","-800000.011920929","-709999.978542328","-3700000.04768372","1980000.01907349","4579999.92370605","1950000.04768372","1781478.04737091","99422.998726368","-313378.989696503","680893.003940582","3388252.0198822","5268717.76580811","3108999.96757507","-377480.000257492","-201250.001788139","","",
"Togo","TGO","Net official flows from UN agencies, CERF (current US$)","DT.NFL.CERF.CD","","","","","","","","","","","","","","","","","","","","","","","","","","","","","","","","","","","","","","","","","","","","","","","","","","","","","","","","","","","","","","","","","","",
"Togo","TGO","Present value of external debt (% of exports of goods, services and primary income)","DT.DOD.PVLX.EX.ZS","","","","","","","","","","","","","","","","","","","","","","","","","","","","","","","","","","","","","","","","","","","","","","","","","","","","","","","","","","","","","","","","","77.9703720192988","",
"Togo","TGO","PPG, IBRD (DOD, current US$)","DT.DOD.MIBR.CD","","","","","","","","","","","","","","","","","0","0","3500000","3500000","3500000","3390000","3150000","2890000","19424000","25509000","21681000","21341000","18019000","11860000","4967000","0","","","","","","","","","","","","","","","","","","","","","","","","","","","","","","","","","","",
"Togo","TGO","External debt stocks, short-term (DOD, current US$)","DT.DOD.DSTC.CD","","","","","","","","","","","39009.6","391930.3","2458.3","58558.7","281193.6","145308.5","481057.6","40585110.7","102289262","107010409.4","120232040","113904828.8","127075877.4","71371648.8","63000000","74000000","89152246.9","101736206.4","86313028.8","163655709.3","112950042.9","132567832.3","140632431.5","97289552.9","144694978.6","84880192.8","87957621","43984468.5","51823936.4","153802439.3","132522533.8","148388131.7","199508030.9","175995561.4","195858602.1","217778697.8","231690372.2","310357096","107882290.1","46835373.3","38878095.9","5777763.5","49547011.2","87470871.2","88626483","63347116.5","58074634.8","267844000","278237000","324176000","320315000","402244000","169958000","100382000","146089000","",
"Togo","TGO","Use of IMF credit (DOD, current US$)","DT.DOD.DIMF.CD","","","","","","","","","","","0","0","0","0","0","0","8713725","9110325","8099445.4","14177105.5","32523536.8","38162489.6","36170489.5","54376080","62195642.8","74245405.1","90297933.6","85308281.8","77898535.9","75409129.1","86952979.2","79087047.3","76747000","68499434.8","81808531.5","104696464.5","89918516.5","87625689.3","94839270.9","98023289","83804474.2","70714940.3","66596087.2","58266369.7","44029386.6","29655923.3","24679682","19059395.2","65014796.8","201198294","241449926","254214016.7","254487209.7","253198365.8","226551090.7","200610830.1","171331049.8","226017223.5","266043128.4","318867134","459245443.4","641968500.7","607084347.5","595137789.5","676668509.8","",
"Togo","TGO","Net ODA provided, total (% of GNI)","DC.ODA.TOTL.GN.ZS","","","","","","","","","","","","","","","","","","","","","","","","","","","","","","","","","","","","","","","","","","","","","","","","","","","","","","","","","","","","","","","","","","",
"Togo","TGO","Net bilateral aid flows from DAC donors, United States (current US$)","DC.DAC.USAL.CD","","1000000","2000000","2000000","2000000","1309999.94277954","1399999.97615814","1720000.02861023","1409999.9666214","1000000","1000000","2000000","1000000","2000000","1000000","2000000","2000000","3000000","1000000","5000000","3000000","4000000","6000000","8000000","7000000","8000000","10000000","12000000","8000000","15000000","10000000","10000000","11000000","8000000","6000000","3000000","2000000","2000000","1519999.98092651","3849999.90463257","1929999.94754791","2299999.95231628","6650000.09536743","5500000","3549999.95231628","2980000.01907349","2039999.96185303","7440000.05722046","3000000","3779999.97138977","3980000.01907349","3640000.10490417","3380000.11444092","4090000.15258789","3269999.98092651","3042582.98873901","4974111.08016968","5026909.82818604","3954750.06103516","3966217.99468994","4489009.85717773","13725660.3240967","14110552.7877808","27817287.4450684","","",
"Togo","TGO","Net bilateral aid flows from DAC donors, Slovak Republic (current US$)","DC.DAC.SVKL.CD","","","","","","","","","","","","","","","","","","","","","","","","","","","","","","","","","","","","","","","","","","","","","","","","","","","","","","","","","","","","","","","","","","",
"Togo","TGO","Net bilateral aid flows from DAC donors, Norway (current US$)","DC.DAC.NORL.CD","","","","","","","","","","","","","","","","","","119999.997317791","180000.007152557","","","","189999.997615814","189999.997615814","159999.996423721","189999.997615814","1429999.94754791","150000.005960464","","100000.001490116","","","","","29999.9993294477","59999.9986588955","","","","9999.99977648258","59999.9986588955","39999.9991059303","219999.998807907","270000.010728836","250000","959999.978542328","70000.0002980232","29999.9993294477","50000.0007450581","79999.9982118607","90000.0035762787","259999.990463257","227304.995059967","265143.990516663","169789.999723434","643980.026245117","142049.998044968","323720.991611481","271008.998155594","342947.006225586","522759.020328522","564701.974391937","437050.998210907","219769.99938488","","",
"Togo","TGO","Imports of goods and services (BoP, current US$)","BM.GSR.GNFS.CD","","","","","","","","","","","","","","","136266572.31821","280622397.924933","240639803.555857","343023882.7546","545055643.015344","609707584.997918","690890321.656936","559898379.713044","544180150.350954","409503826.759084","375810721.879842","435571182.674178","590853340.644257","633706589.568229","704640775.868711","665948191.131798","846822689.530535","853258082.251101","750699490.639834","503519922.200705","490847793.854035","670718332.719321","769176289.105668","698405671.615721","702713370.603964","620238066.233543","603614735.210256","646531255.296778","727145758.00673","960911207.883919","1094529437.77221","1168592275.90752","1214293858.20002","1379254604.1439","1673168466.63329","1696683897.78647","1830139739.99015","2496616723.72007","2293210233.26187","2864608827.55558","2641969023.64798","2417102321.45634","2400134074.85714","2090588862.02818","2328922255.67592","2260740914.92155","2389189484.40299","","","","","",
"Togo","TGO","Cereal yield (kg per hectare)","AG.YLD.CREL.KG","","465","477.4","513.3","502.1","452.5","467.7","463.2","571.7","726.7","812.5","902.7","974.3","859","919.6","970.5","830.9","844","757.2","822.6","635.7","728","868.6","748.5","892.4","840.4","787.9","721.3","843.8","917.9","746.8","762.7","863.3","877.6","721.7","849.3","811.4","981.1","835.4","1060.8","1058.3","1150.3","1131.1","1154.7","1094.8","1132.6","1130.7","1121.6","1144.4","1242.9","1187.4","1226.3","1112.4","1012.6","1153.1","1236.2","1130.8","1137.2","1145.2","1143","1150.3","1149.5","1167.8","1173.1","","",
"Togo","TGO","Crop production index (2014-2016 = 100)","AG.PRD.CROP.XD","","26.59","27.32","29.14","30.27","30.73","31","31.39","32.73","32.76","34.98","35.06","32.66","33.1","32.61","34.37","32.53","31.64","33.07","36.52","37.61","37.75","36.88","34.11","36.7","41.85","42.02","43.29","44.3","48.1","49.78","48.25","46.57","54.46","56.08","56.2","68.49","70","69.23","69.38","63.8","71.75","71.94","70.41","73.43","69.43","72.85","75.2","81.26","87.3","88.66","99.23","96.27","89.77","102.38","97.1","100.52","105.63","111.28","112.96","112.72","115.76","119.81","","","",
"Togo","TGO","Land area (sq. km)","AG.LND.TOTL.K2","","54390","54390","54390","54390","54390","54390","54390","54390","54390","54390","54390","54390","54390","54390","54390","54390","54390","54390","54390","54390","54390","54390","54390","54390","54390","54390","54390","54390","54390","54390","54390","54390","54390","54390","54390","54390","54390","54390","54390","54390","54390","54390","54390","54390","54390","54390","54390","54390","54390","54390","54390","54390","54390","54390","54390","54390","54390","54390","54390","54390","54390","54390","54390","","",
"Togo","TGO","Forest area (sq. km)","AG.LND.FRST.K2","","","","","","","","","","","","","","","","","","","","","","","","","","","","","","","13616.6","13523.404","13430.208","13337.012","13243.816","13150.62","13057.424","12964.228","12871.032","12777.836","12684.64","12655.046","12625.452","12595.858","12566.264","12536.67","12507.076","12477.482","12447.888","12418.294","12388.7","12359.1","12329.5","12299.9","12270.3","12240.7","12211.1","12181.5","12151.9","12122.3","12092.7","12063.1","12033.5","12003.9","","",
"Togo","TGO","Rural land area where elevation is below 5 meters (% of total land area)","AG.LND.EL5M.RU.ZS","","","","","","","","","","","","","","","","","","","","","","","","","","","","","","","0.359671756400646","","","","","","","","","","0.351472153235979","","","","","","","","","","","","","","","0.348132099957343","","","","","","","","","","",
"Togo","TGO","Arable land (% of land area)","AG.LND.ARBL.ZS","","33.0943188086045","33.0943188086045","33.0943188086045","33.0943188086045","33.0943188086045","33.0943188086045","33.0943188086045","33.0943188086045","33.0943188086045","33.0943188086045","33.0943188086045","33.0943188086045","33.0943188086045","33.0943188086045","33.0943188086045","33.0943188086045","33.0943188086045","34.9328920757492","35.8521787093216","35.8521787093216","35.8521787093216","35.8521787093216","35.8521787093216","36.7714653428939","36.7714653428939","36.7714653428939","37.1391799963229","37.6907519764663","37.6907519764663","38.0584666298952","38.4261812833241","38.7938959367531","39.161610590182","39.529325243611","39.8970398970399","40.2647545504688","40.6324692038978","41.0001838573267","41.3678985107557","41.7356131641846","42.1033278176135","42.4710424710425","42.8387571244714","43.2064717779004","43.5741864313293","43.9419010847582","44.3096157381872","44.6773303916161","45.045045045045","45.2289023717595","45.2289023717595","48.7221915793344","48.7221915793344","48.7221915793344","48.7221915793344","48.7221915793344","48.7221915793344","48.7221915793344","48.7221915793344","48.7221915793344","48.7221915793344","48.7221915793344","48.7221915793344","","",
"Togo","TGO","Agricultural land (sq. km)","AG.LND.AGRI.K2","","30700","30700","30700","30700","30750","30750","30750","30750","30750","30750","28800","28800","28800","28800","28800","28800","28800","29800","30300","30350","30350","30350","30350","30850","30900","30900","31100","31400","31400","31600","31850","32050","32300","32500","32700","32900","33300","33500","33700","34000","34200","34400","34600","34800","35200","35700","35950","36350","36550","36650","36650","38500","38200","38200","38200","38200","38200","38200","38200","38200","38200","38200","38200","","",
"Togo","TGO","Intentional homicides, female (per 100,000 female)","VC.IHR.PSRC.FE.P5","","","","","","","","","","","","","","","","","","","","","","","","","","","","","","","","","","","","","","","","","","","","","","","","","","","","","","","","","","","","","","","","","","",
"Togo","TGO","Travel services (% of commercial service exports)","TX.VAL.TRVL.ZS.WT","","","","","","","","","","","","","","","36.8016194331983","37.1964956195245","44.1176470588236","45.4443614637789","46.1987405928427","49.4336017469635","42.4555984555983","50.5072724007901","53.1923529650525","51.7338672977155","48.3474838756695","35.3067002201951","41.7431030208594","39.5900184982445","46.0822639585282","50.6515021185764","50.748238020146","55.5826030509575","41.7004048582997","18.4484879880852","22.1920005579383","19.9433427762039","9.63227803087092","15.3220114689017","16.3109835637881","12.8032589016295","17.6168353690428","20.4467353951889","18.3637269556552","20.4727612029572","15.7143967057726","14.0241298612545","12.8934065010387","17.2973487049972","15.6103110421278","25.7970648279127","22.6633425514679","21.0577882277744","27.4403805593875","28.7038365728555","28.4672219870972","25.6631173333031","23.8364716454706","25.9318422983663","25.93470499088","25.9291175826063","16.0739891680557","","","","","",
"Togo","TGO","Commercial service exports (current US$)","TX.VAL.SERV.CD.WT","","","","","","","","","","","","","","","10261537.6105481","18640968.3861277","18355266.4892087","21800744.1919648","28853671.219748","34444073.7349823","61293199.7825413","81977996.256706","74974227.658924","57664546.0960993","62804854.9173847","70760340.0202985","81537737.9079436","88139026.374482","79013398.4795508","98395559.1449757","114127868.805441","87371132.1146821","93316075.2617152","54537573.5284931","51651220.2155143","63648402.6622604","101696320.692458","77680964.8537594","64971412.3296113","53844735.9851721","45765467.3717703","53241565.8307447","72328158.2123074","72076539.9423746","122037471.335685","145367272.346011","159408336.86462","197714862.841769","254244370.999881","265909948.541251","289405134.482901","464791806.375761","405358790.81745","437125463.401776","440237210.88618","442863399.517138","500617103.060871","532028177.663692","589057895.775476","576343493.130493","479011303.286542","","","","","",
"Togo","TGO","Merchandise exports by the reporting economy (current US$)","TX.VAL.MRCH.WL.CD","1000000","2500000","15800000","16700000","27400000","24100000","33400000","29500000","35700000","40889000","47784000","45294000","43544000","58927000","175002000","117778000","94376000","132482000","201126000","175735000","281076000","150439000","155562000","137466629.006023","162560664.267549","162898536.207811","170274962.671348","210038473.003043","220146000","224297000","240348000","224314000","221139347.34229","160603496.530526","213515803.265319","208168976.617277","233498290.559128","234867730.762132","250772794.282213","230019396.886246","186868501","218578765","246602255","413994097","401376946","356242005","326548753","224007051","685419426","658752594","486345632","981210602","1112357128","1287022293","959094902","793105082","849571745","867017500","1025239232","1011440902","982541885","1059461315","1345745986","1455154458","","",
"Togo","TGO","Merchandise exports to low- and middle-income economies in Middle East & North Africa (% of total merchandise exports)","TX.VAL.MRCH.R4.ZS","","","3.79746835443038","","","0.4149377593361","0.29940119760479","0.338983050847458","1.96078431372549","0.0171195186969601","0.167420056922819","1.05311961849252","1.28146242880764","2.71182989122134","4.45766334099039","0.254716500534905","","0.00754819522652134","0.695583862852142","0.823967906222437","2.42745734249811","1.09213701234387","3.10744269165992","4.63503281044259","4.09331964096968","3.73852208132925","1.85188325673682","0.345352005576326","2.26940303253296","1.83551273534644","2.95529815101436","1.57547009994918","1.67150442567981","1.88047695679699","1.37115934211806","0.917408845624262","1.42472430655174","0.864545447575664","1.37989442008254","1.42465253621023","6.40273183333343","0.918210421767183","1.18303581611612","1.16099698880489","1.15754779797443","2.38374500502825","0.622868095901135","2.29488713728033","1.55395449792811","0.393348887518764","2.12727540236241","1.98249447777573","1.66319399896901","1.74331890923975","1.91316333365309","2.88401619396003","1.57890373343337","1.36241909765374","0.8244848359451","0.782980397998577","0.434772101344056","0.246623540001553","0.413510206078371","0.438460739677712","","",
"Togo","TGO","Merchandise exports to low- and middle-income economies outside region (% of total merchandise exports)","TX.VAL.MRCH.OR.ZS","","","5.06329113924051","5.98802395209581","0.72992700729927","0.829875518672199","2.09580838323353","1.69491525423729","1.96078431372549","0.0171195186969601","0.167420056922819","1.05311961849252","1.28146242880764","2.71861795102415","4.7096604610233","0.254716500534905","0.00317877426464355","0.00754819522652134","1.8699720573173","1.36341650781005","2.43741906103687","1.35869023325069","6.57487046965197","5.36235879923115","6.94633364187548","5.38369042413642","3.6104940051215","6.13079019073569","9.00039064984147","15.1335060210346","20.1878110073726","27.1708408748451","13.6763238117115","15.9600243363407","13.311108640272","27.5544527383502","33.4436551397379","31.6482467339759","25.939379503123","30.7866322007335","29.6768565612885","13.5878693431176","12.1048301038448","14.5467018579253","16.7202737149732","15.2173245263427","16.3214302643501","23.5894096922869","18.2744435375837","16.3770981674495","23.3466336549724","15.0751337886583","8.32422390878049","14.1521412636479","21.4740158216376","19.6379822213773","14.1412378303612","14.6306860011476","16.5803734088865","17.6550755112729","16.0843954250357","14.4632819368209","19.7859053469248","30.4035824216263","","",
"Togo","TGO","Ores and metals exports (% of merchandise exports)","TX.VAL.MMTL.ZS.UN","","","11.8133488368193","24.0123034478167","26.2299598188934","33.0351636546241","42.6638533644834","38.5343283501812","","29.7332332451313","24.8782279963754","30.7465605490735","37.5687968640991","47.1481665637953","76.7065731445022","65.5058407690125","52.8885290447107","48.9382777132501","39.2316309579043","46.7219354679208","40.3578202268038","50.7837449780257","","42.0758681067757","","","48.4205906558098","46.0594422766303","50.140264197406","","","49.2761875879208","","","42.1404004546313","32.1437128683946","36.4993662979341","34.6549236565574","40.1651181127779","26.6477311835323","25.5057916123775","20.5086835969488","16.7416940474733","9.24136066925989","12.6916701690283","10.2685491438283","","12.7952856450931","18.3558829810484","19.4071524468103","13.0495189234842","14.2058822449102","17.9715547687622","19.0603278855612","19.9518236467291","12.9963915509866","14.8244197612232","8.63388209198161","11.7056150408771","8.53426798670881","12.3894738229348","14.7940324439184","28.4433162164688","26.975189515959","20.7477406306692","",
"Togo","TGO","Fuel exports (% of merchandise exports)","TX.VAL.FUEL.ZS.UN","","","0.0526643355535741","0.0113494986401406","0.0188995159496936","0.0164250961002814","0.0369417711105891","0.0159325527977281","","0.0788175474196795","0.0423621643639531","0.00754695754068911","0.0455838903936685","0.0043112810736357","0.00439556344302364","0.0220301781717496","0.00311330490577","0.0253647836072153","12.977257867488","11.3348826306556","25.9437149585998","1.32370215706769","","1.26562879740092","","","0.0112541620962177","0.0103734927010087","0.00797341947090553","","","2.34615771254024","","","0.577533278969365","0.000210312372761015","0.0191129096658626","0.00265822940682513","0.00415459077180286","0","0.646721411165284","0.409219102211552","0.533479697726589","0.346442128078205","0.366559632933694","1.24822513505645","","0.00463204022037913","7.3944656246369","0.0360564758677565","0.0996200817549501","0.717613946994863","1.8449525964001","0.995085721621672","1.39324210617526","4.63562887731634","1.90111905444501","8.28761016730883","13.029113502464","15.2883516784544","2.34573498901327","2.54671881262005","1.70661010633555","1.94652343603962","1.82642001645616","",
"Togo","TGO","Export volume index (2015 = 100)","TX.QTY.MRCH.XD.WD","","","","","","","","","","","","","","","","","","","","","","","","","","","","","","","","","","","","","","","","","","","","","","144.9","69.5","65","63.9","79.1","80.3","82.7","99.5","123","111.2","100","106.6","98.3","95.2","98.5","129.9","103.1","86.6","105.2","106.3","",
"Togo","TGO","Transport services (% of commercial service imports)","TM.VAL.TRAN.ZS.WT","","","","","","","","","","","","","","","58.1753699400757","62.9467084639499","61.6133942161341","59.7626434234501","62.9208290376482","66.2186411456316","68.2419484453239","59.0262700825013","58.5293135524493","48.579300039691","51.3565932777768","48.1434606677482","49.5805951808515","47.3440265688581","56.8519911220352","55.5213398163155","56.9167146876378","43.3298056035205","47.8916666666666","51.3356710232708","63.8687637185812","70.807730828574","60.1803625107891","61.6823193974635","71.4856102832441","73.0350514436612","72.1129273349727","71.7848436671966","70.156659745172","72.7881348072076","72.6749332163787","74.7112655518218","75.7881629065338","71.1716175023568","70.7371444628307","62.3124061659442","62.3129849366358","60.3715975291516","69.6216992579484","72.9373959811587","69.9757991655005","71.354395689915","66.6852361356369","63.7942923947526","64.9576981198297","65.2454395453294","67.7601170555952","","","","","",
"Togo","TGO","Merchandise imports from low- and middle-income economies within region (% of total merchandise imports)","TM.VAL.MRCH.WR.ZS","","","11.2033195020747","11.8320610687023","8.35443037974684","6.91244239631336","8.64745011086474","10.1382488479263","6.75675675675676","6.67179657578566","7.70446914626593","6.63808092417411","5.58275465854024","5.55549781210049","6.38353765323993","5.19515819229515","3.94833632708921","3.11118609751983","14.9358110504291","15.6506913013826","20.3438715566447","6.85218192620615","9.9630505153761","7.48791177468201","11.504112018756","10.4764001558081","5.58100570507521","12.0779449283012","9.936674326037","12.3594895465653","17.3632987320595","16.0738921792024","18.4574529107427","28.9374710999688","31.2240496448558","20.8553592695584","22.6921661490737","23.9659291558872","19.1432842995394","22.2231967719353","22.8562053139919","17.5727430348315","17.4995876045375","19.9626889305385","18.5208801050825","17.4850668161601","17.2531378105862","14.7038494422936","19.2410512282782","14.6265237447216","14.1138903704368","12.4459282415751","12.2791938352428","13.0238765344974","13.0899221584137","14.8214748869419","11.8875910882825","15.5864610657118","20.009012309751","17.8200553670174","14.0449289894765","12.4316361618313","14.7750285814972","16.4270088378236","","",
"Togo","TGO","Merchandise imports from low- and middle-income economies in South Asia (% of total merchandise imports)","TM.VAL.MRCH.R5.ZS","","","1.2448132780083","1.14503816793893","0.506329113924051","0.921658986175115","1.10864745011086","0.691244239631336","0.675675675675676","0.758993371924241","0.689441601199596","0.803053075177556","0.955437877803867","0.610117346249389","0.437828371278459","0.159460732794549","0.594759501610926","0.576645483006205","0.183700971700121","0.486907640481948","0.902383504467414","1.68564257393329","2.22282562398841","3.53868523784101","3.3147337280123","","","","1.51107710167108","1.00099556520952","0.793492446720689","0.969798986684392","2.27007260928678","1.06204814292765","2.41323002432742","1.62628175340884","1.95611044648131","1.2689501666367","1.81820451622377","1.62065518408536","1.4888639128024","2.01491868836503","1.54739210071013","1.59352967810712","1.86768292038489","2.65130354951276","1.83180089019755","2.39650492467997","2.37862198139111","2.22008003945908","3.91486002846298","2.95521178140861","3.62839775134586","2.45590453815991","3.04424098864734","4.19211641928823","3.6828874032218","4.22256443719031","5.2789730952774","5.01032335867858","7.79419409078558","7.0503380825083","6.34152599536505","8.32239011426909","","",
"Togo","TGO","Merchandise imports from low- and middle-income economies in East Asia & Pacific (% of total merchandise imports)","TM.VAL.MRCH.R1.ZS","","","1.6597510373444","1.90839694656489","2.27848101265823","2.07373271889401","2.88248337028825","5.29953917050691","4.95495495495495","3.1618894387996","2.67627212569678","4.04326172162791","2.2805615227057","2.33133425491888","4.97985989492119","4.21060897087426","3.12662161776865","3.5719775790638","2.36896233775445","2.44177155020977","2.41778178416274","3.34291222581936","3.44844109378993","2.26819465293729","2.5253151075142","4.2144393449286","3.6213441920638","3.23128354007215","3.62236768021078","3.59919449723957","2.78902985252206","3.05142373473033","16.875030461954","28.8850989594224","21.9290610273609","2.55381374618324","3.42579099829355","3.57610524765019","3.92451318626044","5.05889327486258","5.75533946183632","7.01208177376288","6.68025443679849","8.47389263211957","12.8717566513689","16.4936040745919","16.9289730800188","20.5331861582631","23.2365968806752","22.2509543212053","24.451601628982","21.8623903343577","20.5028136066785","21.1339115863051","21.7205028826428","24.7630159449125","31.7303492821004","26.8916402586899","24.933371213002","26.0524822238603","26.273976809069","27.433838079164","25.7329055869354","25.5725001580055","","",
"Togo","TGO","Merchandise imports from economies in the Arab World (% of total merchandise imports)","TM.VAL.MRCH.AL.ZS","","","3.3195020746888","2.67175572519084","2.27848101265823","1.38248847926267","2.21729490022173","0.691244239631336","1.12612612612613","2.950280687641","2.96476187371646","1.5663218695665","1.10531048608683","1.67548409225556","0.929947460595447","1.42608632624216","0.425968693867077","0.222334701835292","0.981157056055985","2.23035112736892","2.71245308173909","2.54531786160319","2.3671096345515","2.10168019180009","1.48384184984609","0.46742425525429","0.658522618820388","0.95715668162224","1.66564131103493","1.32953208435153","1.27855703352803","1.34208129000481","1.14341608698222","1.07780852203952","1.26234270107577","6.64122592596308","6.77217087740991","5.8153567592074","4.80688387182298","3.94019817030234","5.19909277801431","5.87676900803952","6.39180579965762","4.25496674014597","6.48564241209238","5.47916595737099","2.57320426360681","3.14259388768703","1.53523717672019","3.77135276838437","5.1339267494205","6.97692440423859","4.81049273498866","4.41238322600702","5.80971752366809","8.31114706417616","6.75617591176317","7.37326985544832","7.91684397236803","8.1393889761601","7.99116823668593","9.42543134785758","10.1663743346434","9.66235778004431","","",
"Togo","TGO","ICT goods imports (% total goods imports)","TM.VAL.ICTG.ZS.UN","","","","","","","","","","","","","","","","","","","","","","","","","","","","","","","","","","","","","","","","","2.85","3.79","3.09","1.85","1.92","3.89","","4.12","2.27","3.46","3.52","2.69","1.66","1.08","1.58","2.76","2.84","2.58","2.63","3.66","2.37","2.11","2.34","2.61","2.95","",
"Togo","TGO","Import unit value index (2015 = 100)","TM.UVI.MRCH.XD.WD","","","","","","","","","","","","","","","","","","","","","71.3","60.4","54.9","52.1","50.7","48.7","56.2","63.1","65.9","66.5","72","72","74.8","72","69.3","78.2","81","72.7","69.3","67.9","68.6","105.5","131.4","178.4","193","226.2","100.2","107.3","126.6","107.2","119.9","141.3","131.5","130.7","128.5","100","92.4","101.2","111.9","104.7","92.3","120.3","154.5","136.7","131.4","",
"Togo","TGO","Tariff rate, applied, simple mean, primary products (%)","TM.TAX.TCOM.SM.AR.ZS","","","","","","","","","","","","","","","","","","","","","","","","","","","","","","","","","","","","","14.03","14.65","","14.47","15.2","14.64","14.72","15.15","15.17","15.33","14.33","13.76","13.76","13.81","14.05","14.51","14.34","14.36","14.36","14.69","14.73","17.78","17.59","15.02","15.02","13.87","16.31","","","",
"Togo","TGO","Tariff rate, applied, weighted mean, all products (%)","TM.TAX.MRCH.WM.AR.ZS","","","","","","","","","","","","","","","","","","","","","","","","","","","","","","","","","","","","","13.79","14.58","","14.99","11.36","10.91","10.2","10.78","10.79","10.4","10.82","10.59","10.59","10.51","10.44","11.06","9.37","9.36","9.35","9.73","9.48","13.43","12.85","10.98","10.98","10.73","13.56","","","",
"Togo","TGO","Binding coverage, all products (%)","TM.TAX.MRCH.BC.ZS","","","","","","","","","","","","","","","","","","","","","","","","","","","","","","","","","","","","","15.37","15.37","","14.97","14.97","14.97","14.97","14.61","14.61","14.61","14.61","14.04","14.04","14.04","14.04","14.04","14.04","14.04","14.04","14.99","14.99","15.2","15.2","15.2","15.2","15.2","0","","","",
"Togo","TGO","Tariff rate, applied, simple mean, manufactured products (%)","TM.TAX.MANF.SM.AR.ZS","","","","","","","","","","","","","","","","","","","","","","","","","","","","","","","","","","","","","15.45","15.72","","15.65","14.18","14.19","14.13","14.43","14.44","14.46","14.11","13.87","13.87","13.84","13.41","13.48","12.88","12.55","12.55","11.33","11.62","12.68","12.35","11.26","11.26","10.92","12.33","","","",
"Togo","TGO","Merchandise trade (% of GDP)","TG.VAL.TOTL.GD.ZS","23.9686089599594","25.2104938610123","23.5614455205835","23.2321489765971","30.6941761032488","27.2206053789647","27.1928231287726","23.5318678778821","25.1688973883325","26.7130885765942","33.4573342149489","29.6553772507154","28.4783737918189","28.2214731471062","38.9158986667243","34.4122851518322","33.1549212930921","40.3499855371974","58.7615923655549","58.5215234343303","55.3950367888029","47.2396896643203","49.2098399534642","41.1508452673862","45.6530925190403","44.3988475741891","34.4408795130855","37.8689516007737","37.438212424368","37.526779530274","36.9184126094546","30.7587893689792","27.9823014470754","18.0832405018538","39.6350085147826","52.5658156566737","53.3943845669282","50.5003115716182","44.9668748237776","44.3730402998487","43.9044330543454","43.4679042831847","42.2371756980255","45.9507138113279","46.4036176638651","53.3844763492157","51.6425069197285","50.9047582302065","51.58503749656","51.0812594324333","56.0215603956593","62.0753853676863","68.2362903882098","71.2585961805301","60.2191535365848","58.1534969999065","54.3058638108259","45.2451550337957","45.4673765350623","44.9882151676176","46.3129225591253","46.5482846470382","51.327404994559","49.6847748547778","45.7276956329181","43.7344177884407",
"Togo","TGO","International tourism, receipts for travel items (current US$)","ST.INT.TVLR.CD","","","","","","","","","","","","","","","","","","","","","","","","","","","","","","","","","","","","13000000","10000000","12000000","11000000","7000000","8000000","11000000","13000000","15000000","19000000","20000000","21000000","34000000","40000000","68000000","66000000","98000000","111000000","125000000","125000000","114000000","119000000","138000000","153000000","149000000","","","","","","",
"Togo","TGO","International tourism, receipts (current US$)","ST.INT.RCPT.CD","","","","","","","","","","","","","","","","","","","","","","","","","","","","","","","","","","","","","","","15000000","10000000","11000000","14000000","16000000","26000000","25000000","27000000","23000000","38000000","44000000","73000000","105000000","209000000","206000000","233000000","233000000","212000000","223000000","245000000","269000000","264000000","","","","","","",
"Togo","TGO","Urban population (% of total population)","SP.URB.TOTL.IN.ZS","10.6477780013309","11.5948544772247","12.7103080800016","13.9412885167039","15.2349454943735","16.5384287200526","17.7988879007832","18.9634727436075","19.9793329555674","20.7936182437052","21.3707135644892","21.8295776253321","22.2403945683233","22.60758200235","22.9401438571081","23.2470840622931","23.5374065476009","23.8201152427271","24.1042140773674","24.3987069812176","24.7125978839733","25.0572394887706","25.4281873966399","25.8115784745194","26.2021681670453","26.5995506771182","27.0033202076388","27.4130709615079","27.8283971416261","28.2488929508941","28.6741525922127","29.1037702684825","29.5373401826042","29.9744565374785","30.4147135360062","30.8577053810879","31.3030262756242","31.750270422516","32.199032024664","32.6489052849687","33.0994844063309","33.5503635916513","34.0011370438307","34.4513989657696","34.9007435603688","35.3487650305291","35.795057579151","36.2392154091353","36.6808327233827","37.1195037247939","37.5545882975638","37.9872305648732","38.4194359598204","38.8516767884103","39.2839506458368","39.7162551272934","40.1485878279739","40.5809463430719","41.013328267781","41.445731197295","41.8781527268075","42.3105904515122","42.7332327975627","43.2496853032436","43.8148491605996","44.3949892074399",
"Togo","TGO","Rural population growth (annual %)","SP.RUR.TOTL.ZG","","0.688478679831136","0.490792188833194","0.415807872457385","0.412119223268456","0.440915225952127","0.52199959677843","0.647819934260732","0.846962914266019","3.47606041295991","4.32892606252706","2.63508257213463","2.31705213956819","2.14747796537797","2.08727159867159","2.04565148158524","2.01490421431597","1.99862989292099","2.01698590318451","2.14258764987978","2.38335921189251","2.64613887289392","2.31894581970374","1.8675732030488","1.83966001584056","2.27905231975194","2.58539665891808","2.46316001236932","2.43924741469874","2.38062121077471","2.33168053797135","2.27836519162529","2.22212472328446","-1.76305031064248","-0.214659583481532","4.50972616674871","3.65578176747075","2.72994291123289","1.85068918545933","1.8105367194999","1.82571965021265","1.80992415588953","1.79619480044713","1.80997510560413","1.75025607702149","1.77499708611415","2.15758932341766","2.46522341901911","2.51795200726556","2.53382336501794","2.43422518141892","2.03047687574456","1.6290028245144","1.45336551997131","1.31144837273814","1.19651291790663","1.09335300627555","0.975542930280213","1.08019993067967","1.40941341116561","1.44122351070474","1.13724680341356","0.919739988429312","0.999717942050537","1.19648322481404","1.13968628527556",
"Togo","TGO","Completeness of birth registration, urban (%)","SP.REG.BRTH.UR.ZS","","","","","","","","","","","","","","","","","","","","","","","","","","","","","","","","","","","","","","","","","","","","","","","92.8","","","","93.3","","","","95.1","","","93.8","","","","","","","","",
"Togo","TGO","Population, male (% of total population)","SP.POP.TOTL.MA.ZS","49.2166085911865","49.2157534105785","49.2169751275131","49.2202017821369","49.2250793315587","49.2314179434601","49.2394671118966","49.2481037911629","49.2566506767517","49.2653478293211","49.2740563057635","49.2838177406698","49.2939375085108","49.30463081838","49.3158068986629","49.3269734994293","49.3394856642869","49.3552591656914","49.3756851027073","49.3992482175284","49.4250929996618","49.4520115022365","49.4186015102382","49.329311455001","49.2443515126654","49.2398746736227","49.2889386410382","49.3154019261752","49.3407053172243","49.3661347443995","49.3924240062186","49.4195105157802","49.4494073993644","48.8380580734336","48.5134277773352","49.0081621233685","49.3346983176483","49.4121376211647","49.2998889410069","49.240958696065","49.2065174355868","49.1729035689001","49.1400063256769","49.1099533731514","49.0764808797801","49.0159341485574","48.9271166088295","48.8363544702452","48.7539036322943","48.6767947393436","48.6095329151088","48.6019713311823","48.6411657362094","48.6726721938776","48.6979441435738","48.718645628609","48.7362801567141","48.7517998095677","48.7600503391834","48.7585638966263","48.7532829125222","48.7454411293298","48.7367969921979","48.7785039853597","48.8647910357604","48.944542045941",
"Togo","TGO","Population, total","SP.POP.TOTL","1673110","1702717","1732959","1765072","1799410","1835588","1873489","1912764","1953523","2043416","2149478","2219826","2283863","2344510","2404292","2463796","2523488","2583984","2646501","2714349","2791408","2879440","2961652","3033077","3105743","3194539","3296340","3397614","3501545","3606918","3714021","3822636","3932581","3887974","3904183","4110450","4291136","4438794","4551635","4665754","4783722","4904144","5027130","5154112","5281320","5413154","5569664","5748443","5936138","6130946","6325788","6500582","6653718","6798848","6937644","7071502","7200884","7324386","7458206","7619925","7788054","7936176","8068616","8223850","8406558","8591626",
"Togo","TGO","Age dependency ratio, young (% of working-age population)","SP.POP.DPND.YG","83.9241591217849","84.2547304864282","84.5069320374867","84.8026834530504","85.2070256679269","85.5363671584962","85.7519175720446","85.9994700912687","86.2625402187032","86.5761277425563","86.9459256622441","87.3690684984897","87.8218931857415","88.2960307688234","88.7820795413274","89.2623907512987","89.7241077547986","90.1275719790331","90.4300091762568","90.6345276458187","90.7428252830499","90.7554823266674","91.2234937843365","92.0773070439962","92.7065920953176","92.4051316560554","91.4894037439127","90.7134711485443","89.884287893465","88.9935790702208","88.0606829176647","87.0976007360003","86.1218110487727","90.5206806410941","92.2436863497283","86.8390378546311","83.2096097617392","82.6365579824526","83.7961341524793","83.1901940775711","81.6864111443678","80.1704830796112","78.7084271811029","77.3157340435965","76.0217252559028","75.2680633012434","75.7200076665858","77.0775500203071","78.7637056997923","80.67620513303","82.4480745835218","83.0136346051846","82.3643060414878","81.1811332583523","79.4772040219609","77.335004836831","74.8886281933801","72.2408228288156","70.6172192827511","71.263765699784","73.0140654760561","74.4483781325443","74.9651846462378","74.4113990346357","73.3268318371557","72.0621886877638",
"Togo","TGO","Population ages 80 and above, male (% of male population)","SP.POP.80UP.MA.5Y","0.295464923103827","0.290332396584746","0.285727685218839","0.280856197022924","0.27625962308117","0.271111868502998","0.266017413625642","0.261252653927813","0.256173096109079","0.249727822500536","0.242367592422118","0.234183260741397","0.225616136350313","0.217656096446911","0.210677947804496","0.204638135266877","0.199746842763012","0.196027387378345","0.193613361005504","0.192114361741797","0.191786938193289","0.192353475319553","0.190283320590842","0.187007584567797","0.186151066788806","0.190020642255785","0.195724707659299","0.199218523861163","0.20246722930716","0.20543683126324","0.207910294394217","0.209938130184932","0.2115560839601","0.190698284347415","0.192550050077796","0.22318680576791","0.234150000543217","0.236675005687769","0.236591618979202","0.241483863498069","0.248608375111464","0.256105095977209","0.263972615826537","0.271770263853014","0.279950584246375","0.289638443784137","0.305092408431912","0.329779541414796","0.364396656783337","0.408732493663608","0.456074532933368","0.463219251942846","0.43862928656928","0.426570804075087","0.428682636325696","0.445381029508235","0.475260604033176","0.515379035894219","0.542755989413261","0.535263551424005","0.512861436549298","0.499803025650093","0.491025166660945","0.465091234611942","0.427231101839966","0.394636838986267",
"Togo","TGO","Population ages 70-74, male (% of male population)","SP.POP.7074.MA.5Y","1.07608495011221","1.03460003221938","0.989318919932936","0.945357354979212","0.908032753756374","0.87818113813869","0.854529450534203","0.836518046709129","0.822559860325906","0.810373737454008","0.799614779985554","0.790025730908626","0.781928680429843","0.775378216396528","0.770517906782177","0.767454719595562","0.765736388782693","0.765447742234963","0.766953796046308","0.769799860985571","0.773671118017825","0.778262582508685","0.783953615963848","0.790738646540961","0.796781489247765","0.800515198154848","0.802225106802295","0.802961659684867","0.802575929552054","0.800967765849188","0.798061539048595","0.79396419935547","0.788887186201236","0.792548600150305","0.793589197345586","0.784132291794906","0.776610885400651","0.765101766604979","0.756255372777748","0.761710095749135","0.774543386027377","0.787307537600922","0.799609121365064","0.810806966863702","0.821100928050076","0.834354699868994","0.851389098872839","0.864949970256436","0.869355194829202","0.862734506833653","0.845090759612558","0.823507926002663","0.799827959434516","0.773786625754227","0.752407140468079","0.745397864818266","0.757670091806592","0.784480658233378","0.814766438662221","0.832569388856979","0.832751284458084","0.81785714654995","0.808974706189755","0.805265699290859","0.796037437616348","0.793768186111637",
"Togo","TGO","Population ages 65 and above, male (% of male population)","SP.POP.65UP.MA.ZS","3.40883698788509","3.31048144104152","3.21733828891677","3.13200701680073","3.05229062918778","2.98001739542275","2.91448418204523","2.85605095541401","2.80449783837712","2.76051558762526","2.7230711854485","2.69054811862726","2.66369161294219","2.64068058189267","2.62267900035085","2.60755227447018","2.59678927230145","2.59077636254716","2.58959783520365","2.59220146949588","2.59760404042747","2.60502366319953","2.61251825114255","2.62118064745528","2.63069969131746","2.64000910369889","2.64573027781214","2.64677744044184","2.64590750523677","2.64327225266147","2.63834565767848","2.63121397808936","2.62213327107667","2.61474154089059","2.62094038551192","2.62448025670454","2.61282492032429","2.5833639948516","2.56048371822736","2.57984680486554","2.62011646189329","2.66073953663887","2.7019445159598","2.74354036967709","2.78611790796355","2.83495169049353","2.88659839211824","2.92541311495264","2.94074252470285","2.92653537724153","2.89127968842278","2.8504047115111","2.8208720306163","2.81616508737358","2.83783583790392","2.88879406932665","2.96594074900205","3.05852799256183","3.11134637197951","3.07905062381472","3.0141440510391","2.97376984090056","2.9881865585389","2.99593341195786","2.96943873518171","2.96088208408202",
"Togo","TGO","Population ages 65-69, male (% of male population)","SP.POP.6569.MA.5Y","1.430084231184","1.3909224885293","1.36122216881031","1.33752008582229","1.3170595679873","1.29868117908211","1.28282399056473","1.2692144373673","1.25831393415364","1.25022847016378","1.24460054667252","1.24065940594964","1.23822399241077","1.23681606156657","1.23598291636305","1.23523429297401","1.23494469413915","1.23552141716824","1.23682969983042","1.23785488206147","1.23806224160225","1.23755127494749","1.23796893565008","1.23920930145516","1.23930710218301","1.23599241443191","1.22980357979259","1.22288422825501","1.21549794609788","1.20886489692215","1.20292513539517","1.19732490334165","1.19225274832642","1.20396395428508","1.20804433666851","1.19029653663322","1.17703242153235","1.1613078539536","1.15024793322136","1.15444782111739","1.16555355084725","1.17656572023338","1.18826133491369","1.20125696216234","1.21590995900283","1.22895645737321","1.22895655020264","1.20698314768837","1.16077577166503","1.08864649833062","1.00863887898805","0.978631776619123","0.997915614844184","1.02777696354476","1.06769592332669","1.11420726008232","1.1620362547561","1.20444609986081","1.2157426184993","1.18335582550952","1.14400257892425","1.13353309944568","1.16766288143201","1.21304628651186","1.24590813630595","1.28129152663935",
"Togo","TGO","Population ages 55-59, male (% of male population)","SP.POP.5559.MA.5Y","2.38387852056232","2.38017672925579","2.37903178529974","2.37922032478026","2.38021317262783","2.38146878451143","2.38277455945608","2.38428874734607","2.38505986032591","2.3824471339908","2.37637317244733","2.36715218712723","2.35493504209429","2.33997605436904","2.32260208350201","2.30359840568214","2.2829128502999","2.26074465315698","2.23948671797038","2.22094941485665","2.20540482555072","2.1921554334063","2.18262142774666","2.17504925825226","2.16653164666213","2.1551354206996","2.14281625696808","2.13172176011774","2.12104391594079","2.10991151277437","2.09829130881547","2.08699463456155","2.07658186253688","2.07540402915298","2.0681575436379","2.05112447231411","2.04018008340974","2.04859976027024","2.07611485277531","2.1002306022907","2.11758938240021","2.13252277618588","2.14529868859732","2.15646286991611","2.16730211128113","2.15828693841801","2.10702380410675","2.03574214645232","1.9711488791503","1.91914615855792","1.88576282563279","1.88870647092132","1.91243728460169","1.93413415585306","1.96430949921415","2.01057141364357","2.0748591728089","2.15331707166802","2.23762417076273","2.30986664570866","2.3609061210472","2.39683145302963","2.42923823582889","2.46288705564617","2.49271698775539","2.5178044351521",
"Togo","TGO","Population ages 45-49, male (% of male population)","SP.POP.4549.MA.5Y","3.75445686916478","3.75021628749232","3.74060569110457","3.72571860050738","3.70653031686877","3.68402299028645","3.65768523657555","3.62791932059448","3.59723145992684","3.56870395829525","3.54307996619883","3.51823329661842","3.49518478316868","3.47254903317785","3.44810136831026","3.4219906592195","3.39609790888267","3.37182788481744","3.34905198327425","3.32642735899432","3.30415697826125","3.28342255753574","3.25948154115142","3.23152848958292","3.20445297936515","3.18610389024194","3.17535641284619","3.16654799895198","3.16417267711107","3.16989367605004","3.18210684975565","3.20332979025243","3.23021559796733","3.19099689226574","3.15212932267471","3.19053878565727","3.2249120107094","3.25518179658716","3.29178310934597","3.32057722826319","3.33938994087692","3.35702526632691","3.37359512810424","3.38932561941417","3.40539668797162","3.41279640358375","3.40493255967907","3.39910163749898","3.40855651447998","3.43257555754222","3.46699898794642","3.50976811817139","3.56171553611585","3.61533563742811","3.66341176087542","3.70730942719309","3.75025324531557","3.79752826421192","3.8392740521775","3.85692822725944","3.86306628614892","3.87643969638033","3.90071165463199","3.93262222262108","3.96920820079229","4.01036162479561",
"Togo","TGO","Population ages 35-39, male (% of male population)","SP.POP.3539.MA.5Y","5.21320107644927","5.19185446387551","5.17264424147917","5.15279037538042","5.12937462814461","5.10254668103744","5.07492715415568","5.04819532908705","5.02130445626871","4.99217241351908","4.96102951937194","4.92854302728939","4.8964919355555","4.86577297327225","4.83699025719915","4.81125896474662","4.78894461061012","4.77216912929339","4.7651844913402","4.77056652854718","4.78597563450599","4.81494668669559","4.82711547567072","4.80699052797895","4.76538884780532","4.76068778699379","4.78516135901882","4.7881676849411","4.79108773753579","4.80299854655408","4.80336014434884","4.78993482707366","4.78340956003122","4.50118521537952","4.312762103278","4.48299689841823","4.60964214303225","4.79158602345412","4.97631187133765","5.05875614047153","5.08984439885586","5.12210191954419","5.15639193436348","5.19267283032196","5.23171157990745","5.27484935785819","5.31331970190923","5.33870261066565","5.35320319035389","5.36247783435444","5.3730549188666","5.39470806425628","5.42965957102328","5.47041700046023","5.50858519634511","5.53370835437747","5.54583733088128","5.55261190163466","5.54508644691163","5.53105669804805","5.54753153335377","5.60777185303749","5.677012805206","5.68360085365194","5.63628586945911","5.58020533005861",
"Togo","TGO","Population ages 25-29, male (% of male population)","SP.POP.2529.MA.5Y","7.08824358065112","7.06332301119922","7.03849175176748","7.01380799565363","6.99082483875447","6.9710054155979","6.95461010129041","6.94426751592357","6.94587628865979","6.96158522533118","6.98721126202042","7.02906267281527","7.08017189462483","7.11967278918156","7.12956778128627","7.14513756093065","7.16799617051489","7.17138752889444","7.17333676174384","7.18638971173896","7.18193520703712","7.15612514844365","7.07860785033141","6.94868854080615","6.82933144501482","6.80177267835017","6.84248654084892","6.87805236140795","6.93244783343279","7.00282377361288","7.08535824186607","7.17876184144219","7.27580146022036","6.73821670508545","6.45863658514308","6.9969758584948","7.39535167138321","7.55372148763759","7.50323870708407","7.5152494361169","7.57890193436178","7.64375847498041","7.70645403128001","7.76435673136108","7.81647032315465","7.84349197303894","7.80352547965635","7.71052922171601","7.60312622339457","7.48042788575595","7.33589251938902","7.21808590272048","7.15834591400567","7.1363579084976","7.1505317464311","7.20365500386051","7.29266724092684","7.4082060731999","7.49381638194755","7.45923820156614","7.3149584980716","7.11488412634896","6.9118105170272","6.80231765354903","6.78791103952995","6.81469689893207",
"Togo","TGO","Population ages 15-64 (% of total population)","SP.POP.1564.TO.ZS","52.4422183837285","52.3887997829352","52.3560568945947","52.3088010007524","52.2288416758827","52.1675343268751","52.1356677301014","52.0920510841902","52.0408001339119","51.9723345613424","51.88520189553","51.781355835998","51.6673285569231","51.5457814212778","51.4190040144874","51.2925989002336","51.1698490343525","51.061152081437","50.978027214046","50.9205706414319","50.8886196500118","50.8820117800683","50.7533633256034","50.5223902986967","50.3513007998408","50.4255543601127","50.6644035506046","50.8696102617896","51.0919893932535","51.3347129044797","51.5934077917168","51.8649434578652","52.1447619260735","50.937249065966","50.4773982162209","51.9493729397025","52.9934497531656","53.1652291140341","52.8190419486624","52.9707738556298","53.3797950633419","53.7990931750781","54.2090218474557","54.6040908695814","54.9739269728023","55.1731578299823","54.9878951405327","54.5256689507054","53.981477519559","53.3950551839798","52.873302108765","52.7276173118038","52.9437075632","53.3035596618721","53.8079642022566","54.4386185565669","55.1637826689057","55.9641449808899","56.4673729848706","56.267732293953","55.7243953367555","55.2735977629528","55.0884810976257","55.2688461000626","55.6580112811926","56.0978678541175",
"Togo","TGO","Population ages 15-64, female (% of female population)","SP.POP.1564.FE.ZS","52.8040562011718","52.7280759374219","52.677802397591","52.6120718509428","52.5134351228589","52.4381319065739","52.3963898787898","52.3437210279738","52.2851216909013","52.2102399876534","52.1181866623622","52.0100620796919","51.8931726963118","51.7704211570482","51.6430780643642","51.5181660899654","51.3972021539222","51.2892264030266","51.206248217983","51.149414408052","51.1175821832856","51.111062254251","51.0368186782231","50.9095369127473","50.8375731123996","50.9351534825896","51.143718417405","51.3341532786781","51.5399203318417","51.7635991900662","52.0023920275679","52.2540377386595","52.5147350804324","51.8576406257305","51.7088447015865","52.7522025349309","53.5187848676037","53.5733371572911","53.2554283862089","53.439229622023","53.8700619264233","54.3074915932303","54.7315254202817","55.1378249277811","55.5144688436303","55.7691987161603","55.7391087918532","55.4697150364505","55.0883798662673","54.6201643807058","54.1534034769962","53.9657802608726","54.0786042199743","54.3318030058455","54.7329224866359","55.2669865832479","55.9021953492404","56.6215883564009","57.1101855488605","57.0247643907454","56.6624623351529","56.3772171267355","56.2958781305682","56.4730524010304","56.79759425614","57.1685040490196",
"Togo","TGO","Population ages 10-14, male (% of male population)","SP.POP.1014.MA.5Y","11.9519386773664","12.0406202826952","12.0941248197348","12.137361701344","12.1922279260433","12.2120957943356","12.1885623352296","12.169957537155","12.1531010974393","12.1420965216908","12.1397177885727","12.1433435556185","12.1558243605026","12.1836373828671","12.2215137775619","12.2649582495417","12.3137061512711","12.3595267742047","12.3960763066223","12.4353776807262","12.483256695872","12.5380194825488","12.654558224988","12.8357514657171","13.025213106029","13.1435288403528","13.1988002937102","13.2496432508309","13.277578635482","13.2830243356719","13.2676095494823","13.2363185554393","13.1957721694218","13.7378601661777","14.0445911492445","13.5617258455881","13.1857106620205","13.0903938033186","13.3051033645565","13.4746515938022","13.4924421269695","13.4222126385543","13.2755435301814","13.079739031014","12.8638373755636","12.5952961359933","12.3011982051143","12.0866802264073","12.0120286140868","12.105056112759","12.3749567470673","12.7054061658961","13.0095790258821","13.2649740222732","13.4170591003673","13.4446495643138","13.3469613269114","13.1355701991447","12.8090743477813","12.5205430635905","12.4990913716653","12.8027382019602","13.2703181402635","13.5414166025381","13.5850483233674","13.5832359126895",
"Togo","TGO","Population ages 0-14 (% of total population)","SP.POP.0014.TO.ZS","44.0116908033542","44.1400420621865","44.244497417423","44.3592669307541","44.5026425328302","44.6222136993704","44.7073348175516","44.7988878920766","44.8917161456507","44.9956347606165","45.1120690697928","45.2408882497998","45.3752260971871","45.5128790237619","45.6508610435005","45.7850000568229","45.9116904855502","46.0201765955207","46.0994346875365","46.1516186754172","46.177771217966","46.1782152085128","46.2989912386736","46.5196564412971","46.6789750471948","46.5957998947579","46.3525607188579","46.1455892282054","45.9236708367306","45.684598319119","45.4335072418815","45.1731213748837","44.9080133378054","46.1087445543617","46.5622128880742","45.1123356323517","44.0956427388925","43.9339153833226","44.2603152493555","44.0664895748897","43.6040388634624","43.1309928909102","42.6670684863928","42.2175536736493","41.7921277256443","41.527767360766","41.6368384161055","42.027049759387","42.517812085905","43.0771042511221","43.5930195574053","43.7711115712409","43.6067173270644","43.2724338005497","42.7650654890911","42.100108293825","41.311400100321","40.4289588233061","39.875688603935","40.0985049065444","40.686646497315","41.1502970700247","41.2971815736429","41.1263216133563","40.8122563360652","40.4253513828465",
"Togo","TGO","Population ages 0-14, female (% of female population)","SP.POP.0014.FE.ZS","43.5171868342941","43.6449361174588","43.7468325663315","43.8627691621109","44.0085371860122","44.1280306298302","44.211576741364","44.3018076484089","44.3924130570312","44.494463307354","44.6075225869291","44.7327304494271","44.8633744827539","44.9962517636903","45.1277165461592","45.2535082660515","45.3712887551118","45.4720999378751","45.5460398544829","45.5952098389349","45.6205157701099","45.6213298669391","45.6884443981619","45.8043270754209","45.8636461677049","45.7577061975194","45.545160381405","45.3519203096745","45.146454789504","44.9267982316371","44.6981421883754","44.4612590172888","44.2202316666021","44.8643474667486","45.0111186838662","44.0079504044382","43.2804214308614","43.215651625568","43.4738031723581","43.2265953691521","42.7300140463137","42.2269775667025","41.736711987694","41.2642507669861","40.8199643493761","40.4854836103174","40.4175226781523","40.5849418230445","40.8779769095662","41.2816317813715","41.7050360951529","41.917489407157","41.8765319237099","41.6676147036379","41.2807931323005","40.7279251216508","40.0417723164944","39.2498326946603","38.7137941077266","38.8137402492164","39.2018084137744","39.4737307911296","39.4946364201217","39.3422101857406","39.1372811204845","38.8600098392931",
"Togo","TGO","Teenage mothers (% of women ages 15-19 who have had children or are currently pregnant)","SP.MTR.1519.ZS","","","","","","","","","","","","","","","","","","","","","","","","","","","","","26.5","","","","","","","","","","19.4","","","","","","","","","","","","","","","","16.5","","","18.6","","","","","","","","",
"Togo","TGO","Wanted fertility rate (births per woman)","SP.DYN.WFRT","","","","","","","","","","","","","","","","","","","","","","","","","","","","","5","","","","","","","","","","4.2","","","","","","","","","","","","","","","","4.1","","","","","","","","","","","",
"Togo","TGO","Life expectancy at birth, male (years)","SP.DYN.LE00.MA.IN","41.988","42.207","42.469","42.742","43.057","43.394","43.699","44.055","44.426","44.746","45.141","45.598","46.023","46.458","46.842","47.282","47.757","48.542","49.429","50.114","50.862","51.481","51.959","52.383","52.63","52.835","53.008","53.216","53.284","53.256","53.14","52.944","52.968","52.844","52.832","52.856","53.027","53.085","53.213","53.53","53.842","54.071","54.402","54.702","54.992","55.307","55.661","55.955","56.282","56.571","56.887","57.308","57.608","58.029","58.47","58.923","59.414","59.858","60.4","60.887","60.781","61.051","62.084","62.536","62.696","",
"Togo","TGO","Mortality rate, infant (per 1,000 live births)","SP.DYN.IMRT.IN","134.4","133.5","132.6","131.5","130.3","129","127.6","126.1","124.4","122.7","120.8","118.9","116.9","114.9","112.8","110.7","108.6","106.5","104.3","102.2","100.2","98.3","96.3","94.5","92.8","91.2","89.8","88.5","87.4","86.4","85.4","84.5","83.5","82.5","81.3","79.9","78.3","76.6","74.7","72.8","70.8","68.8","66.7","64.8","62.9","61.1","59.4","57.7","56.1","54.5","53","51.4","49.8","48.3","46.8","45.4","44","42.6","41.4","40.2","39.1","38","37","35.9","34.8","",
"Togo","TGO","Death rate, crude (per 1,000 people)","SP.DYN.CDRT.IN","22.052","21.824","21.575","21.314","21.018","20.729","20.444","20.092","19.724","18.971","18.944","18.628","18.285","17.93","17.57","17.203","16.83","16.335","15.786","15.304","14.808","14.328","14.014","13.64","13.353","13.039","12.832","12.658","12.552","12.57","12.593","12.686","12.715","13.275","12.531","12.537","12.43","12.475","12.388","12.173","12.067","12.04","11.957","11.879","11.789","11.7","11.662","11.644","11.593","11.548","11.501","11.376","11.035","10.708","10.439","10.207","10.032","9.881","9.757","9.58","9.537","9.42","8.955","8.731","8.486","",
"Togo","TGO","Adolescent fertility rate (births per 1,000 women ages 15-19)","SP.ADO.TFRT","134.466","137.125","142.314","148.018","150.14","151.999","153.225","149.622","146.344","144.16","144.798","146.772","146.483","144.895","143.217","141.333","143.801","139.847","135.827","132.466","128.98","128.957","125.598","122.206","118.82","113.967","113.744","114.705","109.845","105.06","104.289","101.252","99.981","97.87","97.515","93.647","91.707","91.223","92.707","94.585","96.3","96.414","94.266","92.15","88.103","84.908","86.185","85.833","84.436","83.191","86.915","84.492","84.691","85.505","84.943","84.562","84.125","83.278","82.42","81.607","80.816","79.696","78.269","77.05","76.383","",
"Togo","TGO","Prevalence of moderate or severe food insecurity in the population (%)","SN.ITK.MSFI.ZS","","","","","","","","","","","","","","","","","","","","","","","","","","","","","","","","","","","","","","","","","","","","","","","","","","","","","","","","60.4","62.2","61.7","59.6","56.3","54.7","56","57","58.5","","",
"Togo","TGO","Refugees under the mandate of the UNRWA by country or territory of origin","SM.POP.RRWA.EO","","","","","","","","","","","","","","","","","","","","","","","","","","","","","","","","","","","","","","","","","","","","","","","","","","","","","","","","","","","","","","","","","","",
"Togo","TGO","Other people in need of international protection by country or territory of origin","SM.POP.OPIP.EO","","","","","","","","","","","","","","","","","","","","","","","","","","","","","","","","","","","","","","","","","","","","","","","","","","","","","","","","","","","","","","","","","","",
"Togo","TGO","Forcibly displaced people","SM.POP.FDIP","","","","","","","","","","","","","","","","","","","","","","","","","","","","","","","","","","","","","","","","","","","","","","","","","","","24195","29646","33938","31039","32483","25694","14763","13169","13029","12656","11458","11493","12176","50640","66756","58449",
"Togo","TGO","Children in employment, wage workers, male (% of male children in employment, ages 7-14)","SL.WAG.0714.MA.ZS","","","","","","","","","","","","","","","","","","","","","","","","","","","","","","","","","","","","","","","","","","","","","","","","","","","1.89","","","","","","","","","","","","","","","",
"Togo","TGO","School enrollment, secondary, male (% net)","SE.SEC.NENR.MA","","","","","","","","","","","","","","","","","","","","","","","","","","","","","","","","23.02023","","","","","","","","28.31581","31.63885","","","","","","","","","","","","","","","","","48.52573","","","","","","","","",
"Togo","TGO","School enrollment, secondary, female (% gross)","SE.SEC.ENRR.FE","","","","","","","","","","","","2.80121994018555","3.72796988487244","3.98751997947693","4.68896007537842","5.75884008407593","7.6531400680542","9.02935981750488","10.5033102035522","12.491250038147","13.83141040802","","13.8007802963257","11.9808301925659","9.70205974578857","8.16275978088379","8.2739200592041","8.05130004882812","9.50539016723633","8.51212978363037","10.1842002868652","9.61944007873535","9.27151012420654","","10.2197399139404","11.3640699386597","12.0838499069214","12.5790195465088","","16.7169094085693","19.6559391021729","21.8023300170898","25.0553398132324","27.0041999816894","28.7924709320068","30.9342098236084","32.7757911682129","29.8247108459473","","","","","","","","","","51.5055745468098","","","","56.962123807999","","59.0849653049812","","",
"Togo","TGO","Pupil-teacher ratio, upper secondary","SE.SEC.ENRL.UP.TC.ZS","","","","","","","","","","","","","","","","","","","","","","","","","","","","","","","","","","","","22.97814","","","","20.0257","","","","","","","","","","","","16.20854","","","","","","","","","","","","","","",
"Togo","TGO","Secondary education, general pupils","SE.SEC.ENRL.GC","","","","","","","","","","","","19746","24595","28320","34125","44306","59162","74567","88409","105770","119801","125122","122925","112861","95941","85745","91609","92289","108557","103835","120572","117153","120289","","126335","145717","161672","169178","186410","216484","243590","269776","309551","334864","355547","377156","402224","377118","409145","424500","460032","518288","524750","534174","539695","578929","598939","685737","711617","","","","","","","",
"Togo","TGO","Educational attainment, at least completed upper secondary, population 25+, total (%) (cumulative)","SE.SEC.CUAT.UP.ZS","","","","","","","","","","","0.367159992456436","","","","","","","","","","","","","","","","","","","","","","","","","","","","","","","","","","","","","","","8.90192031860352","7.7044535598519","9.25691032409668","","","","","","9.46590042114258","","14.2901183239008","","","10.9790802001953","","","",
"Togo","TGO","Educational attainment, at least completed post-secondary, population 25+, male (%) (cumulative)","SE.SEC.CUAT.PO.MA.ZS","","","","","","","","","","","0.340169996023178","","","","","","","","","","","","","","","","","","","","","","","","","","","","","","","","","","","","","","","4.9649600982666","3.17275261031009","10.5518302917481","","","","","","14.4963552374216","","10.1850303175065","","","10.9990591652164","","","",
"Togo","TGO","Educational attainment, at least completed lower secondary, population 25+, female (%) (cumulative)","SE.SEC.CUAT.LO.FE.ZS","","","","","","","","","","","0.378349989652634","","","","","","","","","","","","","","","","","","","","","","","","","","","","","","","","","","","","","","","","8.8601670788401","8.21014022827148","","","","","","11.4764499664307","","","","","12.5696802139282","","","",
"Togo","TGO","Lower secondary school starting age (years)","SE.SEC.AGES","","","","","","","","","","","12","12","12","12","12","12","12","12","12","12","12","12","12","12","12","12","12","12","12","12","12","12","12","12","12","12","12","12","12","12","12","12","12","12","12","12","12","12","12","12","12","12","12","12","12","12","12","12","12","12","12","12","12","12","12","12",
"Togo","TGO","Children out of school, female (% of female primary school age)","SE.PRM.UNER.FE.ZS","","","","","","","","","","","","70.4762878417969","68.2222290039062","","","","","","50.4257698059082","48.4236488342285","47.6083602905273","","49.3421096801758","49.3657417297363","55.5129013061523","56.6125717163086","59.6794090270996","53.0102500915527","51.8234100341797","51.1852798461914","49.2285804748535","46.5008697509766","","","45.3629608154297","38.1866607666016","32.7492790222168","35.1641006469727","","23.0221405029297","","23.0141296386719","18.8239707946777","21.3431091308594","18.2220993041992","18.0956001281738","14.6438503265381","18.0308303833008","16.1369209289551","","","","","","11.6570738045012","10.192418957006","13.0793504714966","11.4418625243504","11.478843608242","8.31675503425182","4.90841022905914","4.49714351999536","","","","",
"Togo","TGO","Adjusted net enrollment rate, primary, female (% of primary school age children)","SE.PRM.TENR.FE","","","","","","","","","","","","32.22932","34.52219","","","","","","53.79596","55.89836","56.81116","","54.98564","54.71833","47.77643","46.34194","42.86991","49.56997","50.44962","50.78367","52.61447","55.42146","","","52.62158","60.95711","67.47189","66.01122","","","","80.69673","","82.56632","","85.20239","","84.37692","85.89702","","","","","","88.94605","90.95703","","89.66983","92.19045","","","","","","","",
"Togo","TGO","Trained teachers in primary education (% of total teachers)","SE.PRM.TCAQ.ZS","","","","","","","","","","","","","","","","","","","","","","","","","","","","","","","","","","","","","","","","31.1247692108154","","","","","","","","","","","76.7028254288597","70.7967110859087","82.1386138613861","76.0669090909091","","73.3292024431265","","","","76.7094963816275","75.7178841309824","75.7940828402367","78.5398230088496","80.1227816756087","81.0204691874847","",
"Togo","TGO","Repeaters, primary, male (% of male enrollment)","SE.PRM.REPT.MA.ZS","","","","","","","","","","","","33.54921","31.55562","","","","28.20049","","27.24882","29.05509","30.15148","34.72679","35.9607","33.98249","35.00515","35.56768","34.13384","33.99422","30.16926","36.43358","32.92591","35.19626","36.57923","","45.77127","32.67842","23.59877","","","30.86123","26.83088","23.79411","21.9211","23.19392","23.61705","22.63991","23.72024","23.48719","22.67664","22.07637","22.01713","21.3657","19.93973","17.97802","11.26282","8.8437","7.92906","7.54035","7.6787","","","","","","","",
"Togo","TGO","Persistence to last grade of primary, female (% of cohort)","SE.PRM.PRSL.FE.ZS","","","","","","","","","","","","61.6478385925293","","","","","","","69.6142120361328","60.5302581787109","54.5057182312012","35.5654411315918","34.7656288146973","18.6741199493408","22.5130996704102","28.536979675293","48.8531188964844","40.7804794311523","38.9758987426758","48.4045715332031","48.3832397460938","35.0734214782715","","","","47.2291488647461","","","","41.6194915771484","63.1257400512695","","56.2486991882324","66.0782318115234","62.7835998535156","72.7254180908203","","61.997730255127","","67.1708221435547","47.7371597290039","64.1989974975586","60.673900604248","51.3726806640625","","","","","","","58.3372917175293","65.3473663330078","55.6115684509277","63.5280494689941","","",
"Togo","TGO","School enrollment, primary, private (% of total primary)","SE.PRM.PRIV.ZS","","","","","","","","","","","","33.9056015014648","33.3801307678223","33.5527191162109","31.9842891693115","30.0067100524902","28.5752105712891","","","","","24.1469802856445","23.6545906066894","23.0157108306885","22.6695308685303","22.4042205810547","23.3674297332764","23.2547798156738","23.4898700714111","23.7862396240234","23.8136005401611","24.943510055542","24.5986499786377","","23.8289604187012","24.8742694854736","29.012300491333","","","35.5636787414551","36.9206504821777","39.7136611938477","40.8667106628418","40.7200393676758","40.1776504516602","41.7388496398926","42.7665214538574","42.2372589111328","42.9134902954102","","33.7340393066406","30.3238506317139","28.2960605621338","28.3713893890381","27.4280204772949","","29.1660404205322","30.1708297729492","30.8587608337402","32.2629890441895","33.1475982666016","33.001220703125","33.1341896057129","33.7918586730957","32.4985694885254","",
"Togo","TGO","Net intake rate in grade 1 (% of official school-age population)","SE.PRM.NINT.ZS","","","","","","","","","","","","","","","","","","","","","","","","","","","","","","","","","","","","","","","","41.65991","41.60886","45.41223","45.27859","44.42524","43.65236","42.79595","47.78535","48.16844","","","59.03803","55.58758","56.66953","","","67.11677","","57.64346","","","","","","","","",
"Togo","TGO","School enrollment, primary, female (% net)","SE.PRM.NENR.FE","","","","","","","","","","","","32.22932","34.52219","","","","","","53.79596","55.89836","56.81116","","54.98564","54.71833","47.77643","46.34194","42.86991","49.56997","50.44962","50.78367","52.61447","55.42146","","","52.62158","60.95711","67.47189","66.01122","","","","79.09826","","80.56632","","82.69166","","82.74813","83.95373","","","","","","87.1824","88.89822","86.86441","88.03994","88.30915","","","","","","","",
"Togo","TGO","Gross intake ratio in first grade of primary education, female (% of relevant age group)","SE.PRM.GINT.FE.ZS","","","","","","","","","","","","47.29521","55.84941","","","","70.33236","","77.04602","82.28756","79.32216","74.38771","68.01157","66.09188","59.23152","61.4872","64.95399","70.42259","72.11379","71.47811","73.47172","75.65674","72.05683","","72.34016","92.81126","111.68429","","","96.11551","92.37701","99.88312","100.83475","95.52883","93.19128","98.42791","107.06721","101.19872","102.68726","131.17962","131.17466","122.6292","127.15154","128.01048","131.30621","130.25681","139.10026","141.11082","139.77626","","","","","","","",
"Togo","TGO","Pupil-teacher ratio, primary","SE.PRM.ENRL.TC.ZS","","","","","","","","","","","","58.45613","60.37813","59.48617","59.50325","58.54683","59.68668","60.56694","58.12109","55.43369","54.29058","55.07967","51.83896","48.20139","45.08388","44.42142","46.06011","50.25659","51.66419","54.61232","55.63861","58.25862","63.78768","","53.10531","54.86158","50.84948","46.37572","45.51107","41.28126","37.45983","34.33866","35.20108","35.45168","39.08429","33.59536","37.56283","39.13792","41.32555","43.50925","40.57306","40.94767","41.67781","41.08672","41.13664","44.20973","41.39676","40.12613","40.14504","","","","","","","",
"Togo","TGO","Educational attainment, at least completed primary, population 25+ years, total (%) (cumulative)","SE.PRM.CUAT.ZS","","","","","","","","","","","4.34216022491455","","","","","","","","","","","","","","","","","","","","","","","","","","","","","","","","","","","","","","","26.9442100524902","","30.4297199249268","","","","","","43.2296104431152","","","","","43.7291717529297","","","",
"Togo","TGO","Primary completion rate, male (% of relevant age group)","SE.PRM.CMPT.MA.ZS","","","","","","","","","","","","34.4332084655762","41.2011413574219","","","","57.600170135498","","67.3220520019531","65.6324615478516","67.4862899780273","62.9178886413574","58.9659881591797","57.4976997375488","50.5168609619141","43.9664497375488","43.1353912353516","41.7067108154297","47.3137817382812","39.2747802734375","46.7535209655762","46.5970993041992","47.398021697998","","38.9203796386719","54.7901382446289","63.4294509887695","","","71.8911972045898","81.1604690551758","87.1438217163086","","82.9599075317383","83.4014663696289","82.1402435302734","81.3776473999023","","74.0408706665039","72.9648818969727","76.5904516645206","77.9721255200689","80.8126038438424","82.772469820928","88.4104632249727","","96.0122868204652","94.3424511253491","89.945072314866","85.8622553994707","85.7753745137529","87.5299056360451","87.2270288977332","87.6641522372707","91.4795526338257","",
"Togo","TGO","Trained teachers in preprimary education, male (% of male teachers)","SE.PRE.TCAQ.MA.ZS","","","","","","","","","","","","","","","","","","","","","","","","","","","","","","","","","","","","","","","","","13.333330154419","22.2222194671631","22.7272701263428","36.0655708312988","","","","","","","40.5172413793103","42.0560747663551","62.015503875969","","","64.8648648648649","","","63.28125","72.5274725274725","68.9256198347107","69.1823899371069","74.6081504702194","88.1556683587141","92.578125","",
"Togo","TGO","School enrollment, preprimary (% gross)","SE.PRE.ENRR","","","","","","","","","","","","4.48067998886108","2.79702997207642","3.13267993927002","3.1117799282074","2.60723996162415","2.74494004249573","2.15988993644714","2.35341000556946","2.60682010650635","2.37315988540649","2.748379945755","3.08190989494324","3.09371995925903","2.93452000617981","2.8537700176239","2.90803003311157","2.83925008773804","2.93167996406555","2.6628201007843","2.72991991043091","2.88784003257751","","","2.64159989356995","2.51101994514465","2.53948998451233","2.53714990615845","2.50693011283875","2.62629008293152","2.15262007713318","2.33550000190735","2.60345005989075","2.65650010108948","3.03590989112854","","3.81318998336792","4.16925001144409","4.66294002532959","7.13180017471313","7.26822996139526","9.12298965454102","10.6680603027344","13.7064304351807","15.0394096374512","17.5700397491455","19.9624290466309","21.3441600799561","22.830680847168","24.9799098968506","29.7504291534424","29.1930904388428","","","","",
"Togo","TGO","Female primary school age children out-of-school (%)","SE.LPV.PRIM.SD.FE","","","","","","","","","","","","","","","","","","","","","","","","","","","","","","","","","","","","","","","","","","","","","","","","","","","","","","","7.8095474243164","","","","","7.8095474243164","","","","","","",
"Togo","TGO","Female pupils below minimum reading proficiency at end of primary (%). Low GAML threshold","SE.LPV.PRIM.LD.FE","","","","","","","","","","","","","","","","","","","","","","","","","","","","","","","","","","","","","","","","","","","","","","","","","","","","","","","82.7365417480468","","","","","79.7857208251953","","","","","","",
"Togo","TGO","School enrollment, tertiary (gross), gender parity index (GPI)","SE.ENR.TERT.FM.ZS","","","","","","","","","","","","","0.124679997563362","0.116630002856255","0.144749999046326","0.150440007448196","0.157130002975464","0.188400000333786","0.23701000213623","0.194289997220039","0.188119992613792","0.171680003404617","0.169430002570152","0.162809997797012","0.183149993419647","","","0.147359997034073","0.140320003032684","","0.1509899944067","0.161449998617172","0.134880006313324","0.139160007238388","0.137639999389648","0.153970003128052","0.177259996533394","","0.205750003457069","","","","","","","","","","","","","0.349927163656131","0.35509908357354","0.398035504489371","0.42614886720386","0.433677697152092","0.452178951101379","0.466821152153919","0.50180324330672","0.531212218518045","0.569815150227066","","","","","",
"Togo","TGO","Compulsory education, duration (years)","SE.COM.DURS","","","","","","","","","","","","","","","","","","","","","","","","","","","","","","","","","","","","","","","10","10","10","10","10","10","10","10","10","10","10","10","10","10","10","10","10","10","10","10","10","10","10","10","10","10","10","10",
"Togo","TGO","Literacy rate, youth total (% of people ages 15-24)","SE.ADT.1524.LT.ZS","","","","","","","","","","","","","","","","","","","","","","","","","","","","","","","","","","","","","","","","","74.4400024414062","","","","","","76.4499969482422","","","81.7399978637695","77.0299987792969","79.8899993896484","","","79.66","84.2900009155273","","82.5100021362305","","87.8899993896484","","","90.3600006103516","","","",
"Togo","TGO","Real effective exchange rate index (2010 = 100)","PX.REX.REER","","","","","","","","","","","","","","","","","","","","","157.512905724219","156.184069509888","149.715709338616","147.141621888115","133.612452993907","127.797285889538","137.552278111058","136.646882952174","129.680463766103","120.77657620273","124.985323791337","118.71457989032","119.861173243806","113.712011170627","78.9928623166198","108.95227677749","93.5349145489601","94.2452235823927","98.2184840886617","94.0286553208583","89.800544710743","91.4626022809702","94.8502302269536","98.2452407357201","98.9846261913652","100.653191609018","99.2718705809928","99.7207818690107","104.40806120835","105.26893397519","100","100.720060861269","96.4509369364809","98.2602763323006","99.5043581644709","93.7867125828378","94.8305502314995","95.0123990041375","96.46626981193","94.0043817759421","96.0163654005838","97.89262800687","95.5946017503166","103.397563821097","107.018790828121","107.735277322449",
"Togo","TGO","Coverage of social insurance programs in 2nd quintile (% of population)","per_si_allsi.cov_q2_tot","","","","","","","","","","","","","","","","","","","","","","","","","","","","","","","","","","","","","","","","","","","","","","","","","","","","0.766247947048407","","","","","","","0.394263050060692","","","1.11108015951064","","","","",
"Togo","TGO","Adequacy of social insurance programs (% of total welfare of beneficiary households)","per_si_allsi.adq_pop_tot","","","","","","","","","","","","","","","","","","","","","","","","","","","","","","","","","","","","","","","","","","","","","","","","","","","","28.5044892557047","","","","","","","14.7210633871655","","","21.4327877418954","","","","",
"Togo","TGO","Coverage of social safety net programs in 2nd quintile (% of population)","per_sa_allsa.cov_q2_tot","","","","","","","","","","","","","","","","","","","","","","","","","","","","","","","","","","","","","","","","","","","","","","","","","","","","","","","","","","","10.6254484304927","","","13.6499064614821","","","","",
"Togo","TGO","Adequacy of social safety net programs (% of total welfare of beneficiary households)","per_sa_allsa.adq_pop_tot","","","","","","","","","","","","","","","","","","","","","","","","","","","","","","","","","","","","","","","","","","","","","","","","","","","","","","","","","","","5.1508819963927","","","3.81784063464658","","","","",
"Togo","TGO","Coverage of unemployment benefits and ALMP in 2nd quintile (% of population)","per_lm_alllm.cov_q2_tot","","","","","","","","","","","","","","","","","","","","","","","","","","","","","","","","","","","","","","","","","","","","","","","","","","","","","","","","","","","","","","","","","","",
"Togo","TGO","Adequacy of unemployment benefits and ALMP (% of total welfare of beneficiary households)","per_lm_alllm.adq_pop_tot","","","","","","","","","","","","","","","","","","","","","","","","","","","","","","","","","","","","","","","","","","","","","","","","","","","","","","","","","","","","","","","","","","",
"Togo","TGO","PPP conversion factor, households and NPISHs Final consumption expenditure (LCU per international $)","PA.NUS.PRVT.PP","","","","","","","","","","","","","","","","","","","","","","","","","","","","","","","154.033676741742","148.347451935232","145.993227299078","140.379720429432","190.391945026717","215.630666707471","219.309932263988","231.981796060759","230.663856718679","225.604817357755","222.300186120237","224.664054338342","227.923429134845","220.791561098774","215.879831590641","222.95839328723","220.80503922678","216.711076229366","226.844927587779","236.108529309085","235.657641498868","236.586669921875","234.656490306918","241.2183621848","237.77001420443","243.413540107064","244.033991063081","241.470413208008","236.991424560547","230.785064697266","225.124298095703","220.667678833008","220.595705840094","223.504627560849","223.315956949588","218.390674232124",
"Togo","TGO","Official exchange rate (LCU per US$, period average)","PA.NUS.FCRF","245.195101398359","245.26010162116","245.013850686544","245.016350696075","245.027184079042","245.060934207708","245.678436557644","246.000937791281","247.564693756951","259.960574351236","276.403137026845","275.356456685332","252.027627462649","222.889183053227","240.704667637823","214.312900341219","238.950494267059","245.679686566576","225.655860233957","212.721644262377","211.279555414705","271.731452550327","328.60625269899","381.066036024628","436.956665788008","449.262962711607","346.305903554493","300.536562401478","297.848218819378","319.008299487903","272.264787954393","282.10690880882","264.691800750579","283.162579500018","555.204695655697","499.14842590131","511.552430272516","583.669372353396","589.951774567332","615.473349319164","710.207977031367","732.397693260228","693.713226496374","579.897426172466","527.338032291576","527.258362649626","522.425624895176","478.633718476363","446.000041432788","470.293423341398","494.794262222947","471.248625718937","510.556338454251","493.899623852237","493.757329875312","591.21169798261","592.605615063022","580.656749587858","555.446458398226","585.911013180369","575.586004510945","554.530675033104","623.759700911182","606.569750165917","606.345297609063","581.92848104034",
"Togo","TGO","Net secondary income (Net current transfers from abroad) (current LCU)","NY.TRF.NCTR.CN","","","","","","","","","","","","","","","9170000000","8810000000","8930000000","10330000000","11320000000","17660000000","18210000000","18680000000","21880000000","24820000000","31930000000","34660000000","38220000000","31270000000","37710000000","36750000000","35980000000","31200000000","23900000000","17910000000","44480000000","58720000000","43410000000","57990000000","52870000000","43940000000","48380000000","56590000000","63550000000","74200000000","89490000000","99030000000","127400000000","133720000000","145020000000","158500000000","176189000000","127657000000","123643000000","129600000000","158163000000","187264000000","202388000000","232467000000","234300000000","303524000000","347733000000","363785751400","437147000000","405924000000","405401000000","",
"Togo","TGO","Taxes less subsidies on products (current US$)","NY.TAX.NIND.CD","","","","13736818.0093418","17715086.9962249","18849817.6702452","20118579.6944809","20666263.8091242","20535720.2469266","21186178.9857411","28712726.5672097","39526092.0901521","49244288.6866526","50164212.0963762","59949181.7333597","89012783.3088909","93051235.3115286","123578096.527777","128240112.581167","136115654.911919","170311971.368929","142223725.407305","118313936.162377","119025175.434423","93725086.066086","113161351.052657","158259128.025146","184409481.07006","204667143.566167","201595072.907492","146253590.229229","121474500.293079","102667814.028739","49087965.4687705","50204758.8949068","73705370.5544491","94940115.5224695","108196816.77592","122141758.112347","107560873.606568","147386336.946198","107706921.736576","129427751.418671","178055333.013325","220687736.779812","218402778.373759","245623096.4934","285661028.168517","302784725.528758","353466563.362933","377926775.553432","407748668.958453","371917819.576652","438449412.547032","533792581.874177","520331382.211588","508766694.692895","558026751.604971","617773315.605516","692507891.125781","691912236.469335","830020809.939865","760332864.145707","892566765.817122","967198066.735895","",
"Togo","TGO","Gross savings (% of GDP)","NY.GNS.ICTR.ZS","","","","","","","","","","","","","","","39.4470561597283","14.6804489093314","20.9160728107436","22.824413114296","21.8848867019283","28.1169238045471","24.4412302903317","18.0138890618236","14.323183198366","15.8250468830444","17.6535821103791","22.3541089137409","21.1677428815136","17.9536878466958","14.5086361403037","11.6132989689504","33.1958199946417","32.1223372735209","31.5586777444655","4.23088231007426","29.881344792048","32.1801537154932","20.6719455987468","21.2758037412919","14.3278761588166","14.4521790303788","22.8526824377442","21.2339688354422","24.8508793934606","26.6645360959665","29.0696997124425","18.7800087980679","13.7106763959911","12.8795401241311","12.201995325516","10.7367978934737","11.5011166739669","14.4696881082127","12.5454992836254","12.9661069071283","15.4714151547176","17.4251728942576","13.518761302596","15.5774295855249","16.4984838674172","17.8030001622204","19.5264092635059","","","","","",
"Togo","TGO","Gross capital formation (current LCU)","NE.GDI.TOTL.CN","","","","5813559585","12273640906","15348175941","12286143019","10167840564","9179298735","12992219359","14258415181","20134964652","24003539943","27740352012","32212531140","53297947392","56429979458","104824063248","129247718536","135835525270","117906204369","113220398922","96701928292","89883212382","66655841835","132746810107","147151241603","127804105629","130039948377","103373563205","226282243084","238902462100","231798702200","38652478800","256276713800","348186754200","289676484700","323588038000","277268623700","279561753200","441370881300","449564511800","512782800100","556120624400","598556191900","426587379000","330049484900","338055000000","348923000000","321812000000","372010000000","508618000000","489116000000","657719000000","706384000000","856969000000","725219000000","624433000000","747137000000","762125000000","853607000000","1018592000000","1321268000000","1320412000000","","",
"Togo","TGO","Changes in inventories (current US$)","NE.GDI.STKB.CD","","","","","","","","","","","","","","","","","","","","","4039019.08540086","60050017.3934594","20651159.7665794","-5806106.11804826","-27471145.9167898","6915415.8986393","14680431.3650974","-2819357.58951019","17482821.9133988","10624479.5656554","621828536.233631","628935831.911866","644960933.640706","-96850062.5924868","325943001.570001","491665434.000587","346264980.111618","355177870.460539","165522836.67593","255310248.372753","342437023.767758","322656511.426231","394381264.983434","526819599.816606","702096879.672809","342274992.421505","93678260.1351149","107311704.270697","15531388.7067557","-130420705.458175","-97428373.1689678","-91584351.9085401","-100333687.366741","130243063.315229","-60932766.3044516","4729270.42793392","-132931578.787015","-8478330.78664805","92808225.2709225","57996861.7179756","14083038.7285042","4944721.94888047","-222574494.276282","136500377.738916","","",
"Togo","TGO","Gross fixed capital formation (constant 2015 US$)","NE.GDI.FTOT.KD","","","","","","","","","","","","","","","","","","","","","767434072.779769","670869645.493093","583199040.809004","439623035.118745","531105129.474601","607340329.334809","769546611.215207","802333163.875878","822702464.200719","818698831.110838","888067812.681353","630875158.939268","552646651.69068","299534472.288912","306124237.038145","367961341.638641","517380135.274435","485477848.803677","623499749.608736","602907131.586682","625795688.278561","651759184.12342","675764416.532613","734792078.592089","677505793.761124","732613785.000836","798940144.179383","707404676.586353","847736260.416568","928920198.031942","1039951458.82531","1040045881.46872","1069723895.07922","1218143266.71069","1248521310.26373","1444783658.52632","2617770110.01332","2076985583.5645","2266661138.46077","2362581520.35492","2725604024.74355","3187786584.48135","4165129318.81777","3341825731.37248","","",
"Togo","TGO","Gross fixed capital formation, private sector (current LCU)","NE.GDI.FPRV.CN","","","","","","","","","","","","","","","","","","","","","","","","","","","","","","","","","","","","","","","","","","","","","","","","","","","","","","","","","495150000000","451879372500","490123721200","537274000000","588728000000","623485000000","977032000000","786448000000","","",
"Togo","TGO","Exports of goods and services (constant 2015 US$)","NE.EXP.GNFS.KD","","","","","","182864040.295798","218293549.204613","222293897.603834","248580188.448103","295439506.934464","300011040.120409","645669137.202361","623917379.972261","558664128.576707","540347392.847107","598731106.495816","496844686.711753","657117345.450467","978102346.553823","675433980.067361","987965605.798216","862209573.408912","863031506.018792","764398577.829428","766041433.276733","791522893.980038","872004287.784168","904986430.996935","986362813.431936","889986143.407133","819566034.857003","856446483.561667","688583017.08803","666548327.290268","654550480.345758","789387835.369212","864125530.768677","864125530.768677","854620146.169229","843510083.768266","808926158.195275","788106539.728193","873262677.170958","1021106254.78955","965227386.751724","952979712.03474","896988592.482886","889694276.700265","923046189.646232","1010319379.92118","1154891364.01376","1385504178.31371","1525264008.81829","1703046821.87669","1565092186.39523","1537319039.98963","1634785972.78214","1626183249.60699","1636331097.33583","1692186755.01915","1724066635.11199","1821429879.67812","1869199555.51118","1968301702.62783","","",
"Togo","TGO","Gross national expenditure (constant LCU)","NE.DAB.TOTL.KN","","","","","","760379277793.699","823190322326.51","840623203106.937","872561721117.664","962909899375.672","1020291810294.32","776548360264.795","853069766909.784","905274137313.831","974047246756.419","1022940812185.09","1186820264602.62","1477348444286.66","1535423632157.28","1574725103648.88","1369295026682.89","1400520051897.3","1383460727427.75","1230916142302.2","1368127704048.05","1573547304206.37","1635419259706.5","1567486435760.14","1706769527398.29","1758017516296.93","1834301795638.52","1714121568500","1715500967000","1238657006500","1398644706500","1533501306400","1896833709300","1985514797700","2174480764100","2166049869200","2138024271600","2179311843900","2256492261000","2397820632400","2381624780900","2229746591100","2285333166300","2347695000000","2464218000000","2578228000000","2737746000000","2882023000000","2950353000000","3265524000000","3291400000000","3582230000000","4064877000000","4035361000000","4276387000000","4477974000000","4609688000000","4881563000000","5531476000000","5695899000000","","",
"Togo","TGO","Gross national expenditure deflator (base year varies by country)","NE.DAB.DEFL.ZS","","","","","","9.05380730650028","9.26381380693063","9.5084841979828","9.48413236475688","10.0315020754932","9.83512350668125","15.1718500296396","15.0281641277012","15.0870071626328","16.1014440008186","21.5528530387844","19.3548109520116","21.6648237765968","22.2177162987717","21.680877524394","28.0341880377618","30.4970396821081","31.1784416702589","36.1624410299363","32.6385944070699","33.4215132035858","35.4556987680372","36.9923038764802","38.0128876642755","37.8914376765225","36.6183580737424","40.558464928971","39.7325365716334","42.9132502468915","58.3465866282889","66.2595956299082","61.1215162729183","67.3581460157959","66.6529636237034","67.9679722999057","75.9302326528368","77.6553515155243","80.567805173607","78.7156459159676","78.2445955233888","84.6354868141769","84.6592964575224","86.2607365948302","92.5312614387201","95.164934986355","95.514996643224","101.735759915865","102.80061402822","103.759580391998","108.029744181807","109.907822780782","100","98.8995036627454","99.4384511972373","99.2953733094475","101.816847474276","106.839551184733","108.770172735089","114.692500692165","","",
"Togo","TGO","Final consumption expenditure (constant 2015 US$)","NE.CON.TOTL.KD","","","","","","843105185.529449","1007392872.35851","1109966783.64155","1194563887.78327","1278232118.45056","1336546146.60889","890425719.536095","977575627.900678","1042873268.4803","1146781212.42763","1004920401.28159","1406761884.61153","1446474401.37575","1364357152.95677","1496553612.40897","1541119258.66526","1615300325.64298","1710459705.96448","1578138786.16409","1797483850.25938","2037692220.06067","1965269987.0925","1883396445.81197","2136584603.11377","2204805665.40412","2145579777.20516","2276369485.03249","2332599698.45405","1867334157.7655","1959277300.63868","2132538231.34344","2654269825.41756","2837787850.21349","3032431358.89429","3058477152.37308","2993795075.78821","3051876713.13601","3129532168.22062","3294612282.16879","3244078666.26251","3166503434.9612","3320166734.17849","3476991294.10127","3671076701.98465","3935886945.3906","4101915212.67246","4322175706.66905","4439629600.48051","4676282505.17554","4885955398.94515","5209947655.67037","5577123627.58008","5679756551.04225","5892786081.47688","6175670393.85076","6269225368.60095","6521469099.11919","6919023467.8316","7431556837.0532","","",
"Togo","TGO","Households and NPISHs Final consumption expenditure, PPP (constant 2021 international $)","NE.CON.PRVT.PP.KD","","","","","","","","","","","","","","","","","","","","","","","","","","","","","","","5215478397.54017","5593308216.5258","5886016057.00372","4529713145.21003","4834311195.00393","5317966558.07005","6802102136.20168","7350244536.72664","7672721324.68224","7802453302.36444","7620828654.43545","7652792135.94662","7999771379.84932","8439000073.42484","8308622933.20108","7959720455.80884","8319480160.90555","8871250882.3446","9195353851.17746","9827397521.81946","10129851297.4447","10760426101.8371","11050683549.3124","11503217549.4199","12054990048.6609","12684749869.1987","13185159432.4864","13658650837.1807","14303032984.3193","15007927682.6627","15195293418.4935","16278170047.3603","17031276726.6379","18055995728.5774","","",
"Togo","TGO","Households and NPISHs Final consumption expenditure (constant LCU)","NE.CON.PRVT.KN","","","","","","453084583299.055","545814241277.758","615940987015.768","666009364808.574","719734430217.784","741221931662.772","428132645781.038","464941277751.208","517515365565.463","574664205857.559","436739681323.335","667121283477.785","663888061804.103","602350792651.648","663056189515.417","711869165297.513","782273265702.75","842508415357.325","788531564585.78","906654793690.083","1077050820569.87","988187948898.209","943069662507.752","1122014472568.69","1144428305736.91","1100711724902.84","1180451622200","1242226770600","955982939500","1020267482400","1122341556600","1435564104500","1551247982600","1619305781800","1646685342800","1608353982900","1615099783800","1688328755900","1781026709200","1753510988500","1679876123500","1755802375200","1872252000000","1940653000000","2074044000000","2137876000000","2270957000000","2332215000000","2427721000000","2544171000000","2677080000000","2782690000000","2882619000000","3018614000000","3167380000000","3206923000000","3435461000000","3594402000000","3810666000000","","",
"Togo","TGO","Households and NPISHs Final consumption expenditure (current LCU)","NE.CON.PRVT.CN","","","","43907673711","44753885743","48279699077","58465094365","64255103563","67785590658","77388437054","76134556534","84077082129","88513053540","93128324613","106111867286","139215403572","139234840619","169540138881","171263661483","164916161357","215616171078","258503211697","275543944796","288455970813","310119128539","327489204933","352908783844","367878116203","435014589215","476619912320","344166406494","354709233900","358495108200","402904289200","432117521000","541653016700","721251981100","872084011100","999430009600","1034179161400","1028958680200","1073978557100","1160344221300","1177203658000","1112777284400","1279612131000","1391517828100","1486159000000","1689723000000","1858160000000","1935403000000","2114442000000","2223010000000","2361468000000","2468041000000","2636872000000","2782690000000","2848059000000","2989753000000","3141614000000","3252670000000","3592066000000","4018668000000","4425374000000","","",
"Togo","TGO","General government final consumption expenditure (% of GDP)","NE.CON.GOVT.ZS","","","","8.95061728371401","8.85416666735535","8.0459770119553","7.34463276803008","6.84210526270674","6.84474123534496","6.32183908006801","10.040705563366","12.2100122099837","13.1278538815155","12.2787610619089","9.71690895163977","14.9649259547868","16.2876008803284","16.9431279622364","15.466101694858","15.1785714284281","14.8489932885458","15.0000000000677","15.4987022618366","16.2080536912609","15.7425111536233","13.5766423358494","15.378334240604","15.8763985082316","14.4382431448638","14.1334569046123","16.1698848435128","15.9177413016113","14.4302664596539","18.2444153446799","16.5707629560502","13.6787269934798","14.0219657050944","11.4715792176335","13.0557087704579","11.5644617931413","10.2303790188829","11.0097248237398","8.66509558163576","8.89557097163887","9.04078007107608","10.6522007851156","12.2875274526324","11.1647019273246","11.826952363324","12.3204542046488","13.0954636712604","12.0919635411184","11.6087018500549","12.410587297798","12.077816840506","13.0282064740467","15.480759395721","13.9788039637618","13.2027764907528","13.2450560645429","13.6268683907906","12.7682267745102","12.5462865190925","13.3435347736298","","",
"Togo","TGO","General government final consumption expenditure (current LCU)","NE.CON.GOVT.CN","","","","4436663894","5089070620","5215399592","5507581353","5507580305","5790019202","6213670128","9953987957","13604705846","15684131213","15710097313","18511273551","27959578960","34041998477","45700734892","40624686558","40662534441","50348367125","55393545364","59095622845","66790140893","69762681921","65667305000","79789300869","84167123707","83737845546","86144636005","101242550102","101609699300","91318238700","89991212900","127667210500","126251993700","148445058600","141733907500","172657239400","158479260500","153077242100","168809204100","144879267200","154135716300","152159200400","180957372100","213179667300","200925000000","241526000000","273597000000","307545000000","308988000000","320855000000","369107000000","381266000000","443310000000","556968000000","518460000000","515483000000","542682000000","587162000000","604782000000","676660000000","786983000000","","",
"Togo","TGO","Military expenditure (% of GDP)","MS.MIL.XPND.GD.ZS","","0.265562913907285","0.546875","0.839955282956159","2.15711274752153","1.89538574780328","1.33747763021569","1.3397397678252","1.35886349598518","1.28223536844524","1.36839535640664","1.40831295843521","1.47564388098909","1.69491525423729","1.49195462130839","1.85658612626656","2.49523110785033","3.07227488151659","2.71428571428571","2.24906015037594","2.19463087248322","2.37248062015504","2.25917686318131","2.09697986577181","2.18514977692798","2.50798344175044","2.84505885573501","3.50349087003222","3.12490869247626","3.09406858202039","3.12248587570621","2.85935085007728","2.93122886133033","4.0306556911723","2.58431085043988","1.85752563400778","","","","","","","","1.36569983895261","1.40604809612512","1.45744020230587","","","1.72218624355757","1.63801256321406","1.65885798813081","1.52606374846498","1.62464311756716","1.67620536115859","1.81828886251592","1.67442289494562","1.36106759176365","1.39797941282441","1.46839079223187","2.36248167773665","2.16399918335325","2.38551286600829","4.14153649480957","3.04669540490778","1.99877193389434","",
"Togo","TGO","Armed forces personnel, total","MS.MIL.TOTL.P1","","","","","","","","","","","","","","","","","","","","","","","","","","3600","","","","6000","8000","8000","8000","8000","8000","7800","7800","7750","7750","7750","7800","10300","10300","9300","8750","9750","9750","9750","9750","9300","9300","9300","9300","9300","9300","9300","9300","10000","9550","10000","10000","","","","","",
"Togo","TGO","Logistics performance index: Overall (1=low to 5=high)","LP.LPI.OVRL.XQ","","","","","","","","","","","","","","","","","","","","","","","","","","","","","","","","","","","","","","","","","","","","","","","","2.25","","","2.6","","2.58","","2.31846","","2.617778","","2.45","","","","2.5","","","",
"Togo","TGO","Logistics performance index: Efficiency of customs clearance process (1=low to 5=high)","LP.LPI.CUST.XQ","","","","","","","","","","","","","","","","","","","","","","","","","","","","","","","","","","","","","","","","","","","","","","","","2.1","","","2.4","","2.29","","2.090909","","2.490787","","2.31","","","","2.3","","","",
"Togo","TGO","Individuals using the Internet, male (% of male population)","IT.NET.USER.MA.ZS","","","","","","","","","","","","","","","","","","","","","","","","","","","","","","","","","","","","","","","","","","","","","","","","","","","","","","","","","","16.31","","","","","","","","",
"Togo","TGO","Fixed broadband subscriptions (per 100 people)","IT.NET.BBND.P2","","","","","","","","","","","","","","","","","","","","","","","","","","","","","","","","","","","","","","","","","","","","","","","","0.0194074537549949","0.0300055960201055","0.0635849487130764","0.404376324713075","0.492143829355825","0.584347876051159","0.0949153119330303","0.168753220162062","0.862199121906724","0.620529481672155","0.627393839501362","0.316705449644003","0.376920048379618","0.607931974735055","0.749325974933037","1.03723561669214","1.22815843837127","1.41538265577438","",
"Togo","TGO","Mobile cellular subscriptions (per 100 people)","IT.CEL.SETS.P2","0","","","","","0","","","","","0","","","","","0","0","0","0","0","0","0","0","0","0","0","0","0","0","0","0","0","0","0","0","0","0","0.065214314","0.158619478","0.349223553","0.97275564358778","1.80013499117555","3.05061225424761","4.38771023998378","5.83805025815816","7.41937343863111","11.7790568369439","19.2348550759298","24.3301576494957","33.384906435038","38.6520343582485","38.9697843149559","46.6464180614517","58.5138554393817","60.4368580586019","63.3574638254671","70.0588130571426","75.3357270694068","74.3997114343066","73.7224727486533","75.164019137873","70.4496733018494","72.2147547047011","75.7906769713952","80.8035554767112","",
"Togo","TGO","Rail lines (total route-km)","IS.RRS.TOTL.KM","","","","","","","","","","","","","","","","","","","","","","","","","","","","","","","","","","","","","","","","","","","","","","","","","","","","","","","","","","","","","","","","","","",
"Togo","TGO","Air transport, freight (million ton-km)","IS.AIR.GOOD.MT.K1","","","","","","","","","","","5.8000001907","7.0999999046","8","8.3000001907","10.8000001907","11.5","13.1000003815","13","14.6999998093","17.1000003815","18","21","21","18.7000007629","17.3999996185","18.3999996185","16.5","16.2999992371","15.8999996185","18","17.7000007629","16.1000003815","15.1999998093","14.1999998093","14.3999996185","15.3000001907","16.3999996185","15.3000001907","13.5","13.6999998093","12.273","7.364","","","","","","","","","53.241236679","53.4358861080055","53.7197165076087","32.362596","41.4737598035943","7.3969052656347","8.3493888","8.56582776","10.89276","14.624076","9.830464","18.343564","33.491199","58.549821333","","",
"Togo","TGO","Statistical performance indicators (SPI): Pillar 3 data products score  (scale 0-100)","IQ.SPI.PIL3","","","","","","","","","","","","","","","","","","","","","","","","","","","","","","","","","","","","","","","","","","","","","","55.30625","60.7125","62.45625","63.275","63.4","60.80625","61.78125","62.05","61.6125","63.44375","61.1125","67.85","73.275","72.1375","68.54375","76.09375","87.05","74.00625","77.5125","76.14375","",
"Togo","TGO","CPIA transparency, accountability, and corruption in the public sector rating (1=low to 6=high)","IQ.CPA.TRAN.XQ","","","","","","","","","","","","","","","","","","","","","","","","","","","","","","","","","","","","","","","","","","","","","","2","2","2","2","2","2.5","2.5","2.5","2.5","2.5","2.5","2.5","3","3","3","3","3","3","3","3","2.5",
"Togo","TGO","CPIA efficiency of revenue mobilization rating (1=low to 6=high)","IQ.CPA.REVN.XQ","","","","","","","","","","","","","","","","","","","","","","","","","","","","","","","","","","","","","","","","","","","","","","2.5","2.5","2.5","2.5","3","3","3","3","3","3","3","3","3","3","3.5","3.5","3.5","3.5","4","4","4",
"Togo","TGO","CPIA equity of public resource use rating (1=low to 6=high)","IQ.CPA.PRES.XQ","","","","","","","","","","","","","","","","","","","","","","","","","","","","","","","","","","","","","","","","","","","","","","2","2","2","2","2","2.5","3","3","3.5","3.5","3.5","3.5","3.5","3.5","4","4.5","4.5","4.5","4.5","4.5","4.5",
"Togo","TGO","CPIA building human resources rating (1=low to 6=high)","IQ.CPA.HRES.XQ","","","","","","","","","","","","","","","","","","","","","","","","","","","","","","","","","","","","","","","","","","","","","","3","3","3","3","3","3","3.5","3.5","3.5","3.5","3.5","3.5","3.5","3.5","3.5","3.5","3.5","3.5","3.5","3.5","3.5",
"Togo","TGO","CPIA quality of budgetary and financial management rating (1=low to 6=high)","IQ.CPA.FINQ.XQ","","","","","","","","","","","","","","","","","","","","","","","","","","","","","","","","","","","","","","","","","","","","","","2","2","2","2","2.5","3","3","3","2.5","2.5","2.5","2.5","2.5","2.5","3","3","3","3","3.5","3.5","3.5",
"Togo","TGO","Financial intermediary services indirectly Measured (FISIM) (current LCU)","NV.FSM.TOTL.CN","","","","","","","","","","","","","","","","","","","","","","","","","","","","","","","","","","","","","","","","","","","","","","","","","","","","","","","","","","","","","","","","","","",
"Togo","TGO","Agriculture, forestry, and fishing, value added (constant 2015 US$)","NV.AGR.TOTL.KD","","","","","","225340339.76779","239724100.961216","251110624.928023","269689260.201995","287069479.475191","266692801.914381","264894932.784364","279877916.165048","288867262.027562","293062309.249644","301453067.291728","286470026.135048","269089980.018673","315836136.122264","300254564.934903","349997034.96024","350701252.472299","319715534.421537","322532491.269013","419010531.499938","450418710.970651","457038396.555821","457946835.52495","500354931.688302","527890952.729112","543684187.386303","537492760.736744","544068689.156904","576682207.164617","576320723.534774","608277041.311115","707832016.75304","739423793.471902","719008002.377751","758444302.70738","722529090.377723","762923175.519718","765353670.749329","752877876.052677","778231036.189343","856421372.820915","811421266.029224","828614590.972912","796691100.407473","896721646.122212","940534306.640121","934925329.845773","1005174853.36091","949375597.185169","1096241348.61243","1089039682.70262","1179820239.13682","1260127985.32478","1317986953.73289","1391198848.258","1378573274.51524","1435571586.21343","1512177858.58394","1607013113.90392","1701053705.39878","1719787762.49211",
"Togo","TGO","Trade (% of GDP)","NE.TRD.GNFS.ZS","","","","43.5185185184812","53.9062500008155","48.0459770110297","49.9058380412303","46.3157894735927","50.2504173613172","55.1724137933841","59.837177746536","61.5384615384615","54.2237442922336","47.8982300887204","66.8706962508387","73.4996102885768","73.5876742483619","72.0379146923367","100.635593220425","94.7368421052632","109.605704697988","95.813953488221","118.650352243467","96.006711409192","103.186743148537","105.547445255299","99.6189439302313","92.168353755935","90.0509585051445","89.0871177015274","59.7664883098492","59.4614554308219","49.6550131360584","42.7125004415732","57.5643564343816","55.6017737303644","59.4098688003353","53.2069014922318","55.737924512227","50.108899621779","48.8080041114183","51.3941520650307","51.609565282441","55.389978417259","57.8710938708872","61.4542800128481","61.6128604620733","61.7740721086659","62.3076674472105","62.210419994299","66.7974885937104","77.732312664143","75.7132085684163","82.1477877564195","70.9156517502517","69.1281378813376","66.4450409805081","58.2088602526732","57.5737388499452","56.3398500747576","55.0659513954403","56.3775580757321","61.575092396894","59.9291777017427","","",
"Togo","TGO","External balance on goods and services (current US$)","NE.RSB.GNFS.CD","","","","-19356425.3758722","-18936817.1369916","-16417583.1346501","-5173349.06766767","2296251.53299212","7415676.75639564","6518824.30448857","-4379907.44294628","-23715655.2533649","-34092199.8602955","-38734391.6191752","139275876.756158","-156961472.85581","-86633908.7375982","-205529886.856295","-347727997.571169","-345615402.041552","-212048501.900716","-212808833.572903","-152302303.279664","-86728710.1467106","-7756558.84604356","-93986788.7907777","-176165176.395607","-165402311.978933","-231056754.480711","-177517346.092617","-167419233.261262","-201621961.339486","-184284412.72346","-135238578.258605","-82192916.6463678","-186521934.659972","-196858456.326754","-174557318.214052","-215086072.247176","-165418891.111076","-178970129.196395","-217202586.81918","-210489485.304278","-266850191.019817","-342211068.895558","-357277736.531606","-382484469.822858","-471120172.941932","-533645690.853199","-495214239.898056","-538553133.019154","-799431508.581205","-526999627.610146","-838559051.018836","-807977878.525874","-904002748.605966","-788161617.402157","-485744805.34326","-626559040.907594","-596247539.726651","-668160790.323594","-863474324.481689","-999242174.511688","-1046720513.18088","","",
"Togo","TGO","Imports of goods and services (constant 2015 US$)","NE.IMP.GNFS.KD","","","","","","337373205.675705","381205570.472693","347998792.844553","370578863.03735","431677932.380299","490120214.058704","588410740.792518","561846084.262739","490120214.058704","490120214.058704","603021894.684394","755768879.732187","1305659360.97624","1629794703.64539","1381370728.0981","1236592542.32023","1161371251.40213","1205820179.15845","939125585.243053","1034862656.86966","1231259966.86878","1443735391.25","1375541167.52196","1510648825.86564","1365442185.6374","1403611530.76423","1274479269.99124","1118992798.71045","757558138.099544","665136058.034248","862681485.087551","1262815574.1699","1262815574.1699","1356263881.62821","1239625150.01995","1177643939.24196","1210021165.54758","1287294682.07059","1454649966.49484","1416494861.20447","1305611165.11089","1235018260.13434","1286792512.73468","1372638757.12314","1460267019.07114","1621103402.77237","2042734843.94607","1983378780.88854","2387267819.52926","2217915285.49844","2441321788.5956","2415727688.20067","2113471134.89091","2227726526.38837","2297510942.67855","2400631260.50703","2626585676.7562","2930417979.93833","2968308677.78156","","",
"Togo","TGO","Gross capital formation (constant LCU)","NE.GDI.TOTL.KN","","","","","","255516347416.694","219949675359.735","175959893441.124","157240507039.157","197487003040.734","219949675359.735","243349246128.468","267684094234.618","280787343289.219","287338953005.468","421180714756.607","344431984234.427","611179765066.297","718427885784.277","678568307089.007","446451710873.385","433256097363.642","359214032867.647","285905026489.793","291769760196.219","353349299161.221","458588679495.526","439682853224.762","427353409172.164","437749691768.33","549499243988.689","351000348800","318708325500","120471742000","225402629000","256508211000","307420590900","286208573000","358619341000","334591868300","345298783900","351806276400","382485543600","424961682200","439026051900","333600972900","297171860300","265625000000","265927000000","221365000000","281463000000","293845000000","291842000000","465302000000","365623000000","462442000000","725219000000","634245000000","747706000000","779898000000","855590000000","976418000000","1388270000000","1245781000000","","",
"Togo","TGO","Gross capital formation (current US$)","NE.GDI.TOTL.CD","","","","23727231.1063028","50090935.6490013","62630039.3558445","50009040.9603184","41332527.6182484","37078383.7819782","49977652.9921033","51585576.5450303","73123270.3651471","95241701.1925443","124458045.198183","133825951.144412","248692203.745085","236157617.895529","426669638.536295","572764733.590344","638559963.696031","558057803.41122","416662839.991512","294279026.674517","235873061.072281","152545657.319255","295476861.080578","424916930.099465","425253103.244723","436598039.140869","324046626.777569","831110937.063224","846850801.871003","875730571.646985","136502778.497437","461589600.459719","697561558.974044","566269394.321908","554402977.992822","469985235.149093","454222353.663603","621467085.126812","613825679.814095","739185559.88554","958998263.254923","1135052197.22138","809067070.217339","631763583.380888","706291653.276295","782338493.103412","684279184.571969","751847845.802222","1079298637.57311","958005931.169147","1331685565.3245","1430629900.72471","1449512928.95426","1223780169.54834","1075390925.87833","1345110746.92999","1300752133.15712","1483022506.77551","1836854201.07733","2118232386.41703","2176851054.63964","","",
"Togo","TGO","Gross fixed capital formation (% of GDP)","NE.GDI.FTOT.ZS","","","","","","","","","","","","","","","","","","","","","34.5218120806286","26.2403100773761","23.5817575084893","22.3489932885393","17.7501593371858","26.802919707993","27.3816004354282","24.2674480553228","21.5239019654968","16.4040778498278","9.10055833434599","9.63046072028811","9.65241491109741","13.3961128685909","9.77518928933471","11.1348742281668","10.6307695011456","9.41153413902452","13.5820660324304","8.93353731923908","13.2439531341497","13.9082566392287","14.3060506730983","14.4638878944037","13.5656266178672","14.4880526959843","16.2029591948916","15.9304751770488","16.7467287184294","17.2536884088742","17.8931098133478","21.5932895996857","19.5498563995024","19.9517842192507","23.3300366896798","25.102844981065","22.346801163375","16.9688001917549","17.8156790638551","17.7715643840418","19.622405488233","21.4467414190339","27.0724521810265","20.9841366190449","","",
"Togo","TGO","Gross fixed capital formation (current LCU)","NE.GDI.FTOT.CN","","","","","","","","","","","","","","","","","","","","","117052842215","96902920442","89915828061","92095722225","78659542166","129639969870","142067321547","128651425666","124832721007","99984266051","56980228495","61475318600","61082831100","66076792400","75311628800","102772726700","112543792700","116281593300","179618132400","122425099700","198169375400","213251627200","239195300100","250619294500","228313805100","246120026800","281109561200","286692000000","341996000000","383148000000","420217000000","551777000000","540342000000","593392000000","736470000000","854173000000","803995000000","629356000000","695587000000","728144000000","845501000000","1015850000000","1460101000000","1237615000000","","",
"Togo","TGO","Exports of goods and services (% of GDP)","NE.EXP.GNFS.ZS","","","","16.9753086423614","22.9166666668117","20.9195402292325","24.1054613930219","23.5087719295805","26.2103505838375","28.4482758623409","29.308005426813","27.8388278388706","23.5159817349802","20.5752212389588","42.23412394776","27.7474668746789","31.8415260457189","26.658767772677","35.3813559323123","33.6466165412067","48.1963087248093","40.0775193797725","52.7623285132078","43.9932885905653","51.2109623964846","48.4087591239789","43.9303211757333","41.3958444326185","39.0924532880086","39.8980537534018","26.2431662207092","25.2755212204384","20.9734692071733","17.4744220687562","25.8206173525239","22.757328411858","24.9487642090534","22.4803455277269","23.0714679668889","21.3398045064219","20.1566604038007","20.5095258930009","21.4381414951577","23.2296007315538","23.5743613846765","25.1826385889901","25.0476964469213","24.6220782432091","25.3265405456755","25.861394271016","27.725448533842","31.4946443044053","32.9891841943212","34.1111182093587","29.138898093163","26.7106298715077","26.7314987347852","25.3020773539116","24.3300490503804","23.9067157858872","23.0702588042531","23.134296059825","25.0092104865492","24.5820517950579","","",
"Togo","TGO","Exports of goods and services (current LCU)","NE.EXP.GNFS.CN","","","","8414362558","13171712192","13560038938","18076164441","18923481049","22171536944","27961515578","29054883765","31018729329","28095052433","26325027930","80458448821","51841719322","66550573600","71906750704","92935926784","90137382848","163418852618","148002392522","201179596431","181287525281","226940546249","234142777826","227929082482","219455889666","226725494411","243182070819","164313172088","161344380600","132725218400","86193194300","198931467400","210045721700","264122794400","277749658800","305112195600","292440452300","301604268900","314467145900","358442927800","402504927400","396763990500","427797428300","434559321700","443110000000","517210000000","574297000000","651128000000","804788000000","911794000000","1014509000000","919841000000","908881000000","961748000000","938429000000","949931000000","979516000000","994064000000","1095783000000","1348824000000","1449815000000","","",
"Togo","TGO","Gross national expenditure (constant 2015 US$)","NE.DAB.TOTL.KD","","","","","","1644014811.25476","1696819650.53443","1661508686.2376","1687430340.02719","1897250209.81763","2025972924.7848","1653197869.37215","1816624752.91201","1922994201.2339","2047438002.62749","2325100859.51397","2486375358.93517","3362202149.67461","3616251463.9527","3623509066.93974","2940511024.69153","2973330769.84326","2836407143.48844","2474300969.42159","2712028895.22135","3145256795.88016","3402704778.91683","3261571396.15989","3476113218.22168","3576921169.32448","3867971468.73014","3376571334.46021","3331583005.2852","2244949831.95306","2665796226.15968","2936556828.76198","3617872009.33751","3734901492.44548","4156514749.57368","4107247028.43064","4076125512.07045","4154604722.5492","4328423576.41083","4626644088.66355","4620194889.21976","4212167374.07199","4251644527.34226","4309586239.52896","4504618258.88912","4629750023.3938","4984153974.55449","5243225539.09899","5354401079.30784","6134760032.88339","6031991584.28957","6659460584.62463","7850304516.9095","7667781703.6551","8236451912.1252","8620241246.55351","8951050909.71524","9582026996.24718","11270521199.1781","11336426347.4903","","",
"Togo","TGO","Final consumption expenditure (% of GDP)","NE.CON.TOTL.ZS","","","","97.5308641978048","86.7187500007068","82.5287356319321","85.3107344626063","86.6666666667495","86.9782971618537","85.0574712644614","86.8385345990853","87.6678876683293","87.2146118718862","85.066371681779","65.4169854631536","89.4777864381744","82.9053558329529","79.7985781991857","80.6673728812372","76.7387218044813","78.439597315293","84.9999999999323","87.7641824249072","86.2080536911396","85.7233906947172","81.2846715328301","83.3968426783269","85.2690463504986","89.444309633629","92.330861909189","71.1381877399416","71.4849741525915","71.0802852231941","99.9274259346821","72.6581246333621","72.3639288940502","82.1506770121169","82.0558239775915","88.6289496443271","87.0300171064385","78.9972129963258","81.0545333595565","78.0642151346315","76.8350397669832","75.1582062267256","85.9775947621519","92.4936452787963","93.7453775605745","94.5686589630813","95.9959886034549","95.5061667415376","94.8387225537967","92.0383672742824","91.8108825101795","90.2608889026865","90.5218629709283","92.8247977657507","90.7686400904203","89.7776404951089","89.9213666168608","89.1149040754446","88.6043351193478","87.0583903128858","88.3770893171422","","",
"Togo","TGO","Final consumption expenditure (current LCU)","NE.CON.TOTL.CN","","","","48344337605","49842956363","53495098669","63972675718","69762683868","73575609860","83602107182","86088544490","97681787975","104197184752","108838421926","124623140838","167174982532","173276839096","215240873773","211888348041","205578695798","265964538203","313896757061","334639567640","355246111706","379881810460","393156509933","432698084713","452045239910","518752434761","562764548325","445408956596","456318933100","449813346900","492895502100","559784731500","667905010400","869697039600","1013817918600","1172087249000","1192658421900","1182035922300","1242787761200","1305223488500","1331339374300","1264936484800","1460569503100","1604697495400","1687084000000","1931249000000","2131757000000","2242948000000","2423430000000","2543865000000","2730575000000","2849307000000","3080182000000","3339658000000","3366519000000","3505236000000","3684296000000","3839832000000","4196848000000","4695328000000","5212357000000","","",
"Togo","TGO","Households and NPISHs Final consumption expenditure, PPP (current international $)","NE.CON.PRVT.PP.CD","","","","","","","","","","","","","","","","","","","","","","","","","","","","","","","2234358185.6521","2391070620.17395","2455559855.97603","2870103231.20381","2269620812.68387","2511947975.5392","3288733773.49738","3759277779.15639","4332841841.01248","4584029603.23334","4628690142.632","4780375571.26339","5090938767.04317","5331742083.53626","5154614380.60637","5739241802.62421","6302020248.14673","6857789762.56413","7448802219.06726","7869940173.01052","8212774207.91507","8937282902.27943","9473464795.67824","9789752233.66641","10379950593.257","10832889570.7288","11402878705.0436","11794649962.1327","12615448029.5812","13612726647.2856","14448329334.1231","16278170047.3603","18217344642.7514","19799921139.4188","","",
"Togo","TGO","Households and NPISHs Final consumption expenditure (annual % growth)","NE.CON.PRVT.KD.ZG","","","","","","","20.4663017451418","12.8480974724738","8.12876214576777","8.06671320975371","2.98547638446114","-42.2396144133762","8.59748312418932","11.3076834280108","11.0429262771072","-24.0008901073632","52.7503251951795","-0.484652754117917","-9.26922363767599","10.0780803485845","7.36181586929612","9.89003370806387","7.70001383090384","-6.40668387254651","14.9801522741013","18.793925545386","-8.25057369388044","-4.56575962505535","18.9747181120321","1.99764207291433","-3.81994928078264","7.24439428536101","5.23317916958513","-23.0428000647372","6.7244445736262","10.0046385835888","27.9079524462117","8.05842649153534","4.38729332533477","1.69082092509825","-2.32778897726884","0.419422650220127","4.53402154062006","5.49051557500633","-1.5449358820879","-4.19928164025873","4.51975301260956","6.6322740215416","3.65340776775776","6.87351113259299","3.07765891176849","6.22491669301681","2.69745310016877","4.09507699761815","4.79667968436242","5.22405923186766","3.94496989256952","3.5910935102365","4.71775839956649","4.92828828064799","1.24844508710669","7.12639498983918","4.62648244296761","6.01668928517178","","",
"Togo","TGO","Households and NPISHs Final consumption expenditure (current US$)","NE.CON.PRVT.CD","","","","179203034.947655","182648655.59978","197010997.587237","237974056.978391","261198612.027244","273809603.311206","297692976.528048","275447512.500555","305339061.393429","351203773.148251","417823437.45681","440838427.304617","649589472.084975","582693252.850107","690086107.448517","758959512.431895","775267425.805528","1020525488.50739","951318696.614043","838523133.021452","756971085.224189","709725134.480498","728947703.024876","1019066610.66916","1224071087.24096","1460524392.8452","1494067439.04177","1264087100.73078","1257357486.05859","1354386901.46659","1422872650.13221","778303072.926458","1085154211.62522","1409927778.27289","1494140437.95329","1694087638.94303","1680298851.41298","1448813183.63452","1466387138.25113","1672656907.98195","2030020491.93438","2110178323.72083","2426916708.76352","2663571160.20103","3105002727.78526","3788616243.64739","3951065248.04622","3911530809.14265","4486892657.8048","4354093436.01176","4781271102.97213","4998489845.20392","4460114725.26716","4695686185.82866","4904892606.5184","5382612413.74232","5361930276.60328","5651058176.78802","6477668706.06392","6442654107.91583","7295738041.66792","","",
"Togo","TGO","General government final consumption expenditure (constant LCU)","NE.CON.GOVT.KN","","","","","","70267309826.6141","80426406614.7151","77039830738.1729","80426406614.7151","80426406614.7151","93125737849.063","114290317022.617","129529200935.497","121063392178.174","128682311612.816","165932670574.043","187944132699.919","210801936047.441","217805958976.46","237046927014.18","239586549915.806","207226814239.421","202248392424.633","173000162380.115","186690825669.862","151841809063.081","207880811564.484","204018142549.601","168086012356.935","189742584017.203","200404149118.115","197264796100","162523855100","176825960900","164624968900","164789593100","158177509500","149161394800","205960737000","191368292800","191579970400","225001409400","191700069900","197391034800","194603725500","228455521100","246336585300","217265000000","260365000000","285299000000","319400000000","319429000000","328544000000","374128000000","383458000000","443736000000","556968000000","518497000000","510406000000","531141000000","547272000000","546724000000","616040000000","712572000000","","",
"Togo","TGO","General government final consumption expenditure (current US$)","NE.CON.GOVT.CD","","","","18107623.7397724","20769412.3440606","21282052.209921","22417845.9463254","22388452.457852","23387903.616014","23902355.7779958","36012572.3066595","49407615.1117822","62231793.393825","70483892.944235","76904505.8610995","130461483.933072","142464649.924515","186017555.826665","180029388.813568","191153724.070504","238302125.943989","203854006.418609","179837182.967422","175271828.4581","159655836.263178","146166745.10959","230401214.496765","280056187.330046","281142676.720185","270038855.650586","371853264.043825","360181534.228217","344998365.476383","317807576.191062","229946200.779253","252934772.752344","290185423.613372","242832525.226285","292663310.318882","257491670.041427","215538612.712597","230488443.250735","208846049.867808","265798241.877349","288542056.83386","343204365.826247","408057447.986017","419788645.145138","541538066.809281","581758082.549243","621561371.299815","655679365.312356","628441909.578253","747332012.546744","772172840.451807","749832930.403214","939862846.220247","892885512.82664","928051646.698951","926219149.255008","1020111668.62891","1090619558.60242","1084808779.59123","1297431993.60008","","",
"Togo","TGO","Military expenditure (current LCU)","MS.MIL.XPND.CN","","80200000","175000000","278000000","829000000","824000000","710000000","764000000","814000000","893000000","1009000000","1152000000","1292000000","1532000000","1949000000","2382000000","3401000000","5186000000","5130000000","4786000000","5232000000","6121000000","6093000000","6249000000","6857000000","8482000000","10393000000","13047000000","12834000000","13354000000","13817000000","12950000000","13000000000","14200000000","14100000000","15400000000","","","","","","","","16756700000","16757000000","17532000000","","","25529000000","26032000000","28148000000","27849000000","32128000000","35778000000","41076000000","41388000000","48650000000","51915000000","58008000000","99945000000","94335000000","110246000000","209932000000","167787000000","118460000000","",
"Togo","TGO","Arms imports (SIPRI trend indicator values)","MS.MIL.MPRT.KD","1000000","","","","0","0","","","1000000","1000000","2000000","1000000","","4000000","","15000000","47000000","1000000","9000000","9000000","28000000","19000000","4000000","2000000","","","16000000","0","0","","","9000000","8000000","","3000000","3000000","","10000000","","","","","","","","","","","","","1000000","","","","15000000","","","","","6000000","5000000","10000000","59000000","2000000","","",
"Togo","TGO","Logistics performance index: Competence and quality of logistics services (1=low to 5=high)","LP.LPI.LOGS.XQ","","","","","","","","","","","","","","","","","","","","","","","","","","","","","","","","","","","","","","","","","","","","","","","","2.4","","","2.45","","2.29","","2.139669","","2.462016","","2.25","","","","2.4","","","",
"Togo","TGO","Lead time to import, median case (days)","LP.IMP.DURS.MD","","","","","","","","","","","","","","","","","","","","","","","","","","","","","","","","","","","","","","","","","","","","","","","","","","","","","15","","3","","3","","","","","","","","","",
"Togo","TGO","Individuals using the Internet, female (% of female population)","IT.NET.USER.FE.ZS","","","","","","","","","","","","","","","","","","","","","","","","","","","","","","","","","","","","","","","","","","","","","","","","","","","","","","","","","","8.61106","","","","","","","","",
"Togo","TGO","Fixed broadband subscriptions","IT.NET.BBND","","","","","","","","","","","","","","","","","","","","","","","","","","","","","","","","","","","","","","","","","","","","","","","","1201","1911","4166","27225","34039","41493","6915","12610","66072","48763","50550","26156","31899","52706","66528","94282","114272","134677","",
"Togo","TGO","Mobile cellular subscriptions","IT.CEL.SETS","0","","","","","0","","","","","0","","","","","0","0","0","0","0","0","0","0","0","0","0","0","0","0","0","0","0","0","0","0","0","0","2995","7500","17000","50000","95000","165138","243613","332565","433635","708000","1190319","1549542","2187334","2602283","2695335","3312239","4262993","4516114","4855206","5505424","6069905","6144507","6239183","6516510","6254789","6564132","7051820","7688649","",
"Togo","TGO","Railways, passengers carried (million passenger-km)","IS.RRS.PASG.KM","","","","","","","","","","","","","","","","","","","","","","","","","","","","","","","","","","","","","","","","","","","","","","","","","","","","","","","","","","","","","","","","","","",
"Togo","TGO","Air transport, registered carrier departures worldwide","IS.AIR.DPRT","","","","","","","","","","","1500","1400","1200","1200","1200","1300","1500","1400","1400","1500","1400","1300","1400","1400","1300","1400","1100","1000","1100","1100","500","1200","1100","1300","1300","1300","1500","1500","1500","1500","1518","716","","","","","","","","","8164","10745","10264","11484","10599.370360014","9947","10725","10485","11559","11931","6191","11293","14476","15446.666","","",
"Togo","TGO","Statistical performance indicators (SPI): Pillar 2 data services score (scale 0-100)","IQ.SPI.PIL2","","","","","","","","","","","","","","","","","","","","","","","","","","","","","","","","","","","","","","","","","","","","","","","","","","","","","","","","","45.3","59.0333333333333","59.8333333333333","59.8333333333333","61.7","61.7","63.9333333333333","63.9333333333333","68.0333333333333","",
"Togo","TGO","CPIA trade rating (1=low to 6=high)","IQ.CPA.TRAD.XQ","","","","","","","","","","","","","","","","","","","","","","","","","","","","","","","","","","","","","","","","","","","","","","4","4","4","4","4","4","4","4","4","4","4","4","4","4","4","4","4","4.5","4.5","4.5","4.5",
"Togo","TGO","CPIA public sector management and institutions cluster average (1=low to 6=high)","IQ.CPA.PUBS.XQ","","","","","","","","","","","","","","","","","","","","","","","","","","","","","","","","","","","","","","","","","","","","","","2.2","2.2","2.2","2.2","2.4","2.6","2.8","2.7","2.6","2.6","2.6","2.7","2.8","2.9","3.1","3.2","3.2","3.2","3.4","3.4","3.3",
"Togo","TGO","CPIA quality of public administration rating (1=low to 6=high)","IQ.CPA.PADM.XQ","","","","","","","","","","","","","","","","","","","","","","","","","","","","","","","","","","","","","","","","","","","","","","2","2","2","2","2","2","2.5","2.5","2.5","2.5","2.5","3","3","3","3","3","3","3","3","3","3",
"Togo","TGO","Political Stability - Governance score (0-100)","GOV_WGI_PV_SC","","","","","","","","","","","","","","","","","","","","","","","","","","","","","","","","","","","","","58.9501215","","55.8959211","","58.4722569","","61.8368573","56.7422238","54.3251261","34.2055238","49.9202323","56.3119469","59.8780042","58.7453746","59.4153542","59.3177841","54.7722968","57.2523351","60.7675952","58.8716862","61.1081459","51.6162525","50.9850122","51.3671208","52.1008968","54.4799059","52.9056229","50.2031737","52.0677499","",
"Togo","TGO","Government Effectiveness - Governance score (0-100)","GOV_WGI_GE_SC","","","","","","","","","","","","","","","","","","","","","","","","","","","","","","","","","","","","","32.4784433","","24.9006887","","24.9407784","","19.275874","19.1458129","21.1697196","18.076946","20.6076396","21.136725","22.1588505","23.200593","24.9789334","25.015037","27.5056274","26.8797516","30.1819081","30.1761041","32.7136809","32.2214828","33.052911","35.1629664","34.1733493","34.287828","32.5101273","33.4969833","35.7568956","",
"Togo","TGO","Control of Corruption - Governance score (0-100)","GOV_WGI_CC_SC","","","","","","","","","","","","","","","","","","","","","","","","","","","","","","","","","","","","","33.1403512","","31.55183","","32.3266051","","29.6148143","29.585369","29.1762005","28.9261164","26.1551414","26.8831443","26.7998484","26.9389523","31.9415362","30.6548608","31.2786624","30.7645821","31.8309648","35.0864655","34.6282963","33.0660243","32.5733271","33.5507362","34.8029666","34.6578166","35.0827066","35.9538091","34.4270752","",
"Togo","TGO","WBL: Supportive Framework Index (scale 0-100)","GD_WBL_OVL_SFR","","","","","","","","","","","","","","","","","","","","","","","","","","","","","","","","","","","","","","","","","","","","","","","","","","","","","","","","","","","","","","","","","","31.95",
"Togo","TGO","Subsidies and other transfers (current LCU)","GC.XPN.TRFT.CN","","","","","","","","","","","","","","","","","","","","","","","","","","","","","","","","","","","","","","","","","","","","","10382153103","3105871656","44700534854","55658539225","38134034430.6","41104482366","73695079276","90960000000","117837609573","104365991372","63089783178","49982671394","66368609522","37983952364","65308472314","47718626477","72881796015","115140629471","246509800243","306237210749","","",
"Togo","TGO","Other expense (current LCU)","GC.XPN.OTHR.CN","","","","","","","","","","","","","","","","","","","","","","","","","","","","","","","","","","","","","","","","","","","","","29156874604","22800000000","37609776490","24551643884","37124891192.29","29358987222","9746146489.99999","5290000000","6404187000","16549051786","20937087228","21264999998","20700712806","14149522506","27035115953","37685615071","25005060037","28956055025","30505924468","28957941827","","",
"Togo","TGO","Goods and services expense (% of expense)","GC.XPN.GSRV.ZS","","","","","","","","","","","","","","","","","","","","","","","","","","","","","","","","","","","","","","","","","","","","","28.5103396159801","48.2850356303443","23.7744364443191","25.1098677051557","20.8743568203137","24.1494492096849","24.7386677382806","23.0574263161706","23.9121762868856","27.3442832849282","29.50427937895","34.4477030960492","32.0579498529673","31.2823982786998","31.7961004727841","29.1176266191033","28.9438459644003","21.0149239007201","20.5457108642563","16.6932883669205","","",
"Togo","TGO","Taxes on income, profits and capital gains (% of total taxes)","GC.TAX.YPKG.ZS","","","","","","","","","","","","","","","","","","","","","","","","","","","","","","","","","","","","","","","","","","","","","27.9398571415694","19.9636570637666","21.2355936015486","21.7397361179627","20.1871466659607","23.1811313631424","14.5761104670513","14.1984628053802","13.2202755414891","16.0837423478348","14.2076203122621","20.9182480878333","15.2314304345797","17.7947854860396","20.141243348142","21.4349684900659","20.3999708480676","23.9986459621999","22.5478616904034","23.9617518574858","","",
"Togo","TGO","Tax revenue (current LCU)","GC.TAX.TOTL.CN","","","","","","","","","","","","","","","","","","","","","","","","","","","","","","","","","","","","","","","","","","","","","156675594840","154910372234","170592361498","195864804071","211198997840","229089464630","246773948409","291440000000","314027022071.74","359872000000","415629807555","468507361943","498921783147","484332770642.679","502083773389.933","556531390042.8","548053050825.758","657009581204.5","722968369574.4","821067282009","","",
"Togo","TGO","Taxes on international trade (current LCU)","GC.TAX.INTT.CN","","","","","","","","","","","","","","","","","","","","","","","","","","","","","","","","","","","","","","","","","","","","","34110000000","35455754627","38191881593","43792066727","53200000000","58178876520","63371555475","73510000000","78678113051","95976299370","99193994857","103924367398","101895049762","101685626480","110659836004.6","119082971319","104889369708.1","126859511792","145175174191","167392076935","","",
"Togo","TGO","Taxes on goods and services (% of revenue)","GC.TAX.GSRV.RV.ZS","","","","","","","","","","","","","","","","","","","","","","","","","","","","","","","","","","","","","","","","","","","","","42.4136437053993","48.3064009100944","45.2802128947848","45.7075491305626","43.0295629584","34.2723498406765","35.8650235098756","38.8056725568876","42.4256091561468","37.0721850700331","44.6545485368988","46.0092595228031","43.3141445558451","47.0845767550275","39.8763614992889","40.8879952680268","45.3166758437657","47.9935210353881","46.0112559437667","41.4276966962654","","",
"Togo","TGO","Revenue, excluding grants (% of GDP)","GC.REV.XGRT.GD.ZS","","","","","","","","","","","","","","","","","","","","","","","","","","","","","","","","","","","","","","","","","","","","","9.64323441346337","9.6223003897789","10.5640425519017","11.2960775793559","10.8001423272153","11.4000167908107","12.6459060336344","12.3910262405799","12.9491532410419","13.6526816245423","14.2869174863926","14.8446796796597","14.6929766202087","14.0684471149723","15.4929506425375","15.241779335802","14.0219375177317","14.4925280343861","14.2234258590487","15.6588495732138","","",
"Togo","TGO","Grants and other revenue (% of revenue)","GC.REV.GOTR.ZS","","","","","","","","","","","","","","","","","","","","","","","","","","","","","","","","","","","","","","","","","","","","","7.91620988409808","5.23135958851116","14.3891683667317","12.4332748007889","15.471994907158","27.9686666054377","31.3074197392704","27.3633576751489","21.2167775125313","24.9577640642757","16.3325218670058","16.6885764319557","17.4278961476596","20.6417182799","29.363004402415","25.4894003940087","22.5873052514613","15.672947834215","19.1779837867428","24.857659127719","","",
"Togo","TGO","Net investment in nonfinancial assets (% of GDP)","GC.NFN.TOTL.GD.ZS","","","","","","","","","","","","","","","","","","","","","","","","","","","","","","","","","","","","","","","","","","","","","1.00776113396766","2.85260106671601","2.31444797311342","1.33744798024055","2.44348402627406","4.1505165326007","5.26118114443993","5.64509217447385","6.33400185229808","5.45440179144826","6.56744983600201","8.1615975458857","8.5739979093239","4.70444831497977","5.16576577204828","3.02969741545654","8.9484922720305","7.86952585305082","8.89034010042814","8.72394404395832","","",
"Togo","TGO","Central government debt, total (% of GDP)","GC.DOD.TOTL.GD.ZS","","","","","","","","","","","","","","","","","","","","","","","","","","","","","","","","","","","","","","","","","","","","","","","","","","","","","","","","","","","","","","","","","","",
"Togo","TGO","Research and development expenditure (% of GDP)","GB.XPD.RSDV.GD.ZS","","","","","","","","","","","","","","","","","","","","","","","","","","","","","","","","","","","","","","","","","","","","","","","","","","","0.16962","","0.15973","","0.19074","","","","","","","","","","0.22229","",
"Togo","TGO","Account ownership at a financial institution or with a mobile-money-service provider, primary education or less (% of population ages 15+)","FX.OWN.TOTL.PL.ZS","","","","","","","","","","","","","","","","","","","","","","","","","","","","","","","","","","","","","","","","","","","","","","","","","","","","6.46430785117109","","","12.8459825082957","","","38.3642466556548","","","","42.2802899366706","","","48.3004244617773","",
"Togo","TGO","Account ownership at a financial institution or with a mobile-money-service provider, richest 60% (% of population ages 15+)","FX.OWN.TOTL.60.ZS","","","","","","","","","","","","","","","","","","","","","","","","","","","","","","","","","","","","","","","","","","","","","","","","","","","","12.9972629059915","","","24.9725005864367","","","52.3144543055682","","","","56.5835640526222","","","66.5981569347629","",
"Togo","TGO","Claims on other sectors of the domestic economy (% of GDP)","FS.AST.DOMO.GD.ZS","","","","","","","","","","","","","","","","","","","","","","","","","","","","","","","","","","","","","","","","","","","","","","","","","","","","","","","","","","","","","","","","","","",
"Togo","TGO","Interest rate spread (lending rate minus deposit rate, %)","FR.INR.LNDP","","","","","","","","","","","","","","","","","","","","","","","","","","","","","","","","","","","","","","","","","","","","","","1.14833333333333","-3.085","-3.06166666666666","-3.14","-3.60166666666667","-3.27333333333334","-3.24491666666666","-2.95333333333333","-2.36666666666667","-1.92","-1.84416666666666","-1.63","","","","","","","","","",
"Togo","TGO","Inflation, consumer prices (annual %)","FP.CPI.TOTL.ZG","","","","","","","","-2.31884058067624","0.296735906036536","6.01577909270214","4.48062015465095","6.4920611363943","7.7266076782348","3.61531496573167","12.8319316906201","18.0121994976676","11.6407308106915","22.4570134066177","0.442773093952961","7.53925120772942","12.3068572123795","19.7165023624807","11.1296733281827","9.35546507986147","-3.52662871020549","-1.81441438232162","4.12461526367686","0.054008850482646","-0.150910979934777","-0.839403116952551","1.01534150530809","0.387081797870757","1.39378663675938","-1.00688168855034","39.1627673796795","16.4335034524163","4.68749999999996","8.25082508250802","0.975338381088674","-0.0532136248823534","1.86260595463067","3.91959133653146","3.05981857535884","-0.930000884072214","0.393078681031669","6.78292893028314","2.22897779414027","0.945673271705214","8.69482814363902","3.71360592035809","1.44594517430864","3.5635147290396","2.57718174055848","1.82539475909162","0.19087507624975","2.58500390801595","1.28544847051417","-0.981889868943119","0.927755426457183","0.674652770077525","1.69928463299399","4.1862150652352","7.96757361617945","5.48928568141131","2.86262074089801","0.433183451279109",
"Togo","TGO","Broad money (% of GDP)","FM.LBL.BMNY.GD.ZS","","","8.04278459081032","7.86794047069742","7.88147345519048","8.40790316094276","7.8546069918937","8.65887940621975","10.1228540274984","11.6910378846332","12.7904662024377","12.6653008347072","11.6336721888648","12.4381281443446","15.9932152222216","15.1353558204462","19.717653190447","17.8244771794906","24.7246340482364","24.836283912783","21.4027088559687","27.2333173492797","30.7298299821285","28.5772209073411","30.7068712277639","29.6061927700982","31.8953378659878","30.9003904374745","24.8814193717497","23.9411714328968","25.5275706767947","25.8254328576164","21.3607459661853","22.9688599202213","21.2181788401275","21.6564578276359","17.6820370216123","15.9481958794495","14.9094328404952","15.5936126011062","16.476373040413","14.6216761361513","13.0486365456219","14.2615594235253","17.424819777661","17.7126352177805","21.4853785656598","22.9092040747066","25.2118931519205","26.5245076810789","28.777086477994","31.016051110591","31.5797942911627","34.3200096510378","33.5058710075629","37.542869029837","39.905362783897","42.5644347918769","44.2081189839648","44.035955186595","46.7243573405819","47.7241810691259","48.3521712094931","47.1677580210449","46.8369551275567","45.6090746420488",
"Togo","TGO","Net foreign assets (current LCU)","FM.AST.NFRG.CN","","","1890000000","2264000000","3012000000","4821000000","5404000000","6604000000","7060400000","10895400000","11008270954.9962","9855081570.1639","7685858665.2397","6094867634.86597","21080208039.8547","4472478026.82973","11254487718.0441","2864161756.67545","6854198606.85699","4770424529.48767","-2114762983.39772","23528396859.8319","37804155943.9607","41060407642.2041","56654449617.64","70192628760.9138","56296460989.925","59189431001.8","38297471883.6","63744551296.6401","65791295396.8201","69517259549.9001","49659541812.5001","18375343642.1791","33936599336.6062","24750718413.153","4893937401.4914","5180667135.57224","-1030733017.88386","12774513365.3254","49483899493.5198","65070064843.2256","86234836455.6822","93220305453.3838","159046967158.738","139463037474.153","215537895155.971","232326740140.123","252766424426.334","263578052661.783","287307608668.676","336664245466.942","342428464298.148","385383025806.854","306090299842.517","454736277017.238","528030738167.161","552453793534.989","637204893997","809401079720.354","1051281137297.53","1164640519028","1258439884071","1304264937476","1343965654297","1257505921689",
"Togo","TGO","Total reserves minus gold (current US$)","FI.RES.XGLD.CD","","","","","","","","","","","","","","","","","","","","","","","","","","","","","","","","","","","","","","","","","","","","","","","","","","","","","","","","","","","","","","","","","","",
"Togo","TGO","Bank liquid reserves to bank assets ratio (%)","FD.RES.LIQU.AS.ZS","","","","","","","","","","","","","","","","","","","","","","","","","","","","","","","","","","","","","","","","","","7.76293354628451","13.4823425391377","13.7894980134054","11.6549483419573","7.47648517480947","8.96762247910724","7.93384301934565","11.7605772259583","11.1958913903441","14.3249161472843","15.8419419633741","8.94977307916171","7.4179660007682","8.20690647331861","7.21637097100445","8.3429076447194","4.84607708055696","6.53190531832257","6.56190211218757","9.07498667812279","5.95956845376654","5.46302381931638","5.2816935287067","6.08282618291099","6.91411846861299",
"Togo","TGO","Commercial bank branches (per 100,000 adults)","FB.CBK.BRCH.P5","","","","","","","","","","","","","","","","","","","","","","","","","","","","","","","","","","","","","","","","","","","","","1.12055065676382","1.14877082993979","1.51423120196244","2.74132598768729","3.60093280283173","3.75986278589644","3.94101495627888","4.16069701581436","4.19818421294541","4.30140484352288","4.62437167494513","4.99316226551363","5.35974174290555","5.30094701101562","4.9326852881017","5.20061263216806","5.29409990083294","4.86541910000727","4.82138604911704","4.68398310190523","4.37936263590361","",
"Togo","TGO","Terrestrial and marine protected areas (% of total territorial area)","ER.PTD.TOTL.ZS","","","","","","","","","","","","","","","","","","","","","","","","","","","","","","","","","","","","","","","","","","","","","","","","","","","","","","21.9","21.8","21.8","21.8","21.8","21.8","21.8","22.1","22.1","22.1","22.1","22.3","22.1",
"Togo","TGO","Renewable internal freshwater resources, total (billion cubic meters)","ER.H2O.INTR.K3","","11.5","11.5","11.5","11.5","11.5","11.5","11.5","11.5","11.5","11.5","11.5","11.5","11.5","11.5","11.5","11.5","11.5","11.5","11.5","11.5","11.5","11.5","11.5","11.5","11.5","11.5","11.5","11.5","11.5","11.5","11.5","11.5","11.5","11.5","11.5","11.5","11.5","11.5","11.5","11.5","11.5","11.5","11.5","11.5","11.5","11.5","11.5","11.5","11.5","11.5","11.5","11.5","11.5","11.5","11.5","11.5","11.5","11.5","11.5","11.5","11.5","11.5","","","",
"Togo","TGO","Annual freshwater withdrawals, industry (% of total freshwater withdrawal)","ER.H2O.FWIN.ZS","","","","","","","","","","","","","","","","","","","","","","","","","","","","13.18681319","11.81505945","10.60432728","9.527836505","8.564433563","7.697187566","6.912386707","6.198807922","5.547176752","4.949762031","4.400067693","3.892595606","3.422661025","2.986247544","2.677165354","2.366863905","2.549019608","2.699186992","2.825112108","2.825112108","2.825112108","2.825112108","2.825112108","2.825112108","2.825112108","2.825112108","2.825112108","2.825112108","2.825112108","2.825112108","2.825112108","2.825112108","2.825112108","2.825112108","2.825112108","2.825112108","","","",
"Togo","TGO","Total fisheries production (metric tons)","ER.FSH.PROD.MT","3500","4000","4300","4500","5000","6000","7300","7500","10000","10000","9111","10921","10942","11333","11150","14420","12820","10847","15363","8096","9134","10325","14530","14878","14715","15574","14838","15189","15469","16458","15800","12524","10899","17114","13202","12221","15119","14310","16702","22944","22297","23183","20976","27515","28048","27756","24880","19955","22872","27132","27635","24142","19340","20038","19874","21555","31989","27047","24910","26526","18764","18866","22657.503","23804.934","23498.521","",
"Togo","TGO","Population in urban agglomerations of more than 1 million","EN.URB.MCTY","94904","105400","112666","120432","128745","137608","147093","157233","168087","179657","191650","203192","215446","228402","242157","256740","272223","288594","305974","324401","343964","364649","387190","411746","437895","465627","495156","526559","560000","588800","619124","651010","684585","719793","756863","795842","836887","879927","925245","972896","1023073","1075688","1131087","1189340","1250679","1315000","1343976","1373590","1403899","1434791","1466407","1498719","1531789","1565495","1599990","1635246","1671279","1708106","1745744","1785310","1827878","1874394","1925517","1981615","2042734","2108740",
"Togo","TGO","Population living in areas where elevation is below 5 meters (% of total population)","EN.POP.EL5M.ZS","","","","","","","","","","","","","","","","","","","","","","","","","","","","","","","1.62992032082084","","","","","","","","","","1.44255062755692","","","","","","","","","","","","","","","1.13307317742222","","","","","","","","","","",
"Togo","TGO","Mammal species, threatened","EN.MAM.THRD.NO","","","","","","","","","","","","","","","","","","","","","","","","","","","","","","","","","","","","","","","","","","","","","","","","","","","","","","","","","","","13","","","","16","","","",
"Togo","TGO","Nitrous oxide (N2O) emissions from Waste (Mt CO2e)","EN.GHG.N2O.WA.MT.CE.AR5","","","","","","","","","","","0.0154","0.0173","0.0178","0.0172","0.0172","0.0169","0.0166","0.0166","0.0178","0.0191","0.0205","0.0221","0.022","0.022","0.0238","0.0267","0.0246","0.0266","0.0286","0.0301","0.0292","0.03","0.0322","0.0335","0.035","0.0366","0.0384","0.0385","0.0388","0.0398","0.0413","0.043","0.0438","0.0449","0.0472","0.0494","0.0516","0.0533","0.0555","0.057","0.0593","0.0606","0.0632","0.0645","0.0662","0.0682","0.0703","0.0722","0.0739","0.0748","0.077","0.0794","0.082","0.084","0.086","",
"Togo","TGO","Nitrous oxide (N2O) emissions from Industrial Processes (Mt CO2e)","EN.GHG.N2O.IP.MT.CE.AR5","","","","","","","","","","","0.0215","0.0218","0.0228","0.0228","0.0228","0.0237","0.0232","0.0244","0.0249","0.0265","0.026","0.0264","0.0742","0.0688","0.0493","0.0633","0.0696","0.0646","0.0527","0.0782","0.0836","0.077","0.069","0.0653","0.094","0.0964","0.111","0.0743","0.1046","0.1001","0.0957","0.1166","0.1068","0.1113","0.0983","0.1549","0.1205","0.1012","0.1176","0.1397","0.1278","0.1615","0.1204","0.1291","0.114","0.1464","0.1321","0.129","0.1257","0.1235","0.1461","0.1354","0.1508","0.1441","0.1502","",
"Togo","TGO","Nitrous oxide (N2O) emissions from Agriculture (Mt CO2e)","EN.GHG.N2O.AG.MT.CE.AR5","","","","","","","","","","","0.1793","0.1693","0.1929","0.1956","0.2","0.2149","0.2182","0.2151","0.223","0.2151","0.1867","0.1943","0.2203","0.2039","0.2219","0.2398","0.2559","0.2716","0.3437","0.342","0.3666","0.3346","0.2971","0.2929","0.2836","0.2404","0.2823","0.3283","0.3454","0.3661","0.3813","0.3897","0.402","0.4123","0.4152","0.4451","0.4607","0.4693","0.4724","0.493","0.5006","0.507","0.6227","0.6684","0.6571","0.6805","0.7112","0.7425","0.7754","0.8137","0.851","0.8942","0.9379","0.9776","1.0155","",
"Togo","TGO","Net official flows from UN agencies, UNFPA (current US$)","DT.NFL.UNFP.CD","","","","","","","","","","","","","","","","","","79999.9982118607","","","289999.99165535","600000.023841858","259999.990463257","189999.997615814","250000","349999.994039536","259999.990463257","360000.014305115","389999.985694885","460000.00834465","889999.985694885","409999.996423721","560000.002384186","119999.997317791","330000.013113022","1129999.99523163","970000.028610229","720000.028610229","1000000","720000.028610229","490000.009536743","1240000.00953674","1100000.02384186","1129999.99523163","1289999.96185303","639999.985694885","990000.009536743","1240000.00953674","1690000.05722046","1429999.94754791","1450000.04768372","1340000.0333786","1553625.94127655","1393075.94299316","1227576.97105408","1446889.04285431","1401401.04293823","1523329.01954651","1491700.05321503","2220318.07899475","2540070.05691528","2480428.93409729","2563539.98184204","2726969.95735168","","",
"Togo","TGO","Net official flows from UN agencies, UNCOVID (current US$)","DT.NFL.UNCV.CD","","","","","","","","","","","","","","","","","","","","","","","","","","","","","","","","","","","","","","","","","","","","","","","","","","","","","","","","","","","","","","","","","","",
"Togo","TGO","Net official flows from UN agencies, UNCDF (current US$)","DT.NFL.UNCD.CD","","","","","","","","","","","","","","","","","","","","","","","","","","","","","","","","","","","","","","","","","","","","","","","","","","","","","","","","","","","","","3251.00007466972","3251.00007466972","3251.00007466972","-8960.99954843521","","",
"Togo","TGO","Net financial flows, RDB nonconcessional (NFL, current US$)","DT.NFL.RDBN.CD","","","","","","","","","","","","","1143458","229426.7","","-102019.3","729391.2","1759535.5","4795410.9","-71062.9","1491616.4","541542","1420081.6","-1059502.9","510583.2","-578209.3","-1451805.2","-344484","4007157","-2477970.8","-1832817.3","-2475702.5","-2277726.5","-1139456.2","-2070762.4","-57655.1","-2064438.3","-144489.5","-104471.9","","","-344754","","","0","0","0","0","","","","","","","","","","","","","","","","","","",
"Togo","TGO","PNG, commercial banks and other creditors (NFL, current US$)","DT.NFL.PNGC.CD","","","","","","","","","","","","","","","","","","","","","","","","","","","","","","","","","","","","","","","","","","","","","","","","","","","","","","","","","","","","","","","","","","",
"Togo","TGO","PPG, bonds (NFL, current US$)","DT.NFL.PBND.CD","","","","","","","","","","","-6000","-5000","-7000","-5000","-4000","-4000","-4000","-3000","-1000","","","","","","","","","","","","","","","","","","","","","","","","","","","","","","","","","","","","","","","","","","","","","","","",
"Togo","TGO","Net financial flows, multilateral (NFL, current US$)","DT.NFL.MLAT.CD","","","","","","","","","","","1091000","642000","1722000","429000","203000","1967000","6511000","12138000","33494000","19624000","34858000","15272000","21673000","44598000","26103000","32381000","48793000","18282000","51523000","34201000","28100000","42250000","30600000","9599000","32619000","20014000","55394000","21323000","54867000","18379000","12444000","12496000","7771000","3188000","8563000","8842000","23530000","3273000","-137710000","-25500000","29184000","17394000","14525000","97588000","58738000","58061000","74950000","54571000","40750000","101987000","139579000","88146000","100277000","183291000","304867000","",
"Togo","TGO","Net financial flows, IMF concessional (NFL, current US$)","DT.NFL.IMFC.CD","","","","","","","","","","","","","","","","","","","","","","","","","","","","","","","","","","","","","","","","","","","","","","","","","","","","","","","","","","","","","","","","","","",
"Togo","TGO","Net official flows from UN agencies, FAO (current US$)","DT.NFL.FAOG.CD","","","","","","","","","","","","","","","","","","","","","","","","","","","","","","","","","","","","","","","","","","","","","","","","","","","","","","369190.990924835","","","","","708589.971065521","413138.002157211","355562.001466751","701789.975166321","444959.998130798","760025.024414063","","",
"Togo","TGO","Net financial flows, bilateral (NFL, current US$)","DT.NFL.BLAT.CD","","","","","","","","","","","2299086.7","2934066","825347.5","12734006.9","29357817.2","18333914.3","5227817.5","24020971.1","74324741.6","48416139.4","2632725","-23562856.3","-12745763.4","9374925","469282.7","-15235129.2","-20946337.5","6966708.9","38301201","4247310.3","34234299.4","9058529.7","8588740.5","3604814.9","1255385.4","-714500.2","25060850.5","13487346.7","-1862371.2","-795042.8","1977917.8","7097161.3","1532270.2","476696.5","-2233713.2","-6845955.3","6886269.8","-1749344.2","-732622","22216644.5","36954144.9","3786533.7","98291162","24544950.3","107088429.8","100789324.2","107302872.6","49249461.7","21234231","-10248027.4","5021104.4","9847188","-19135851","-11538662.1","-35060056.4","",
"Togo","TGO","IBRD loans and IDA credits (DOD, current US$)","DT.DOD.MWBG.CD","","","","","","","","","","","1894000","2536000","3351000","3931000","4134000","6202000","10613000","16270000","26577000","34097000","46563000","54006000","64460928.2","103719048.2","142174507.8","186670192.8","244174084","288430158.8","324273109.2","351772312.5","398158134.1","443965956.8","460400000","468815000","512987000","540947000","576363000","560825000","619674000","622086000","604129000","584669000","632333000","686545000","715458000","667337000","696437000","723155000","604180000","586072000","554326000","0","13986000","14014000","27883000","30772000","38679000","50462000","66030000","165256000","265171000","287742000","360123000","575065000","796080000","",
"Togo","TGO","Short-term debt (% of exports of goods, services and primary income)","DT.DOD.DSTC.XP.ZS","","","","","","","","","","","","","","","0.119200824257481","0.0828627696217126","0.254407523384735","17.3504163639691","33.5131345325686","30.9294141698934","21.0806226932358","23.2272894693035","28.2533781788997","19.8127158435499","16.3685321175448","18.8528309992281","18.0638146321104","19.0084361669256","15.3762586510196","29.0299875029357","16.235247881451","20.0691727678144","24.2348543195012","25.910199726842","35.4323141532493","17.9265614625984","14.5999755937307","8.05562385984227","9.58450836836408","30.7447700992641","28.955636972585","32.5929167609178","36.7395966744943","24.4113244318559","24.7206673572934","25.3916613684197","26.3404142399689","31.8165773465666","8.83047046905921","3.68762300538721","2.78257812556738","0.277545523781211","2.47149202009973","3.77221936169672","4.13362755027896","3.40791573337187","3.12849294594787","14.4442805206571","14.2354512951773","16.8514680275921","15.9727192264351","","","","","",
"Togo","TGO","External debt stocks, private nonguaranteed (PNG) (DOD, current US$)","DT.DOD.DPNG.CD","","","","","","","","","","","","","","","","","","","","","","","","","","","","","","","","","","","","","","","","","","","","","","","","","","","","","","","","","","","","","","650000000","650000000","650000000","1050000000","",
"Togo","TGO","External debt stocks, total (DOD, current US$)","DT.DOD.DECT.CD","","","","","","","","","","","39801356.9","47286582.2","47049050.8","69570984.1","126779361.8","167825816.5","242230566.9","434315074.4","820147734.1","1103302010.7","1122269876.3","998488103.2","950904818.5","916720382.4","801989757.6","934737436.2","1064791560.1","1234549173.3","1221898000.1","1175991338.5","1280414838","1350918506.2","1352229618.6","1292462409.3","1454418478","1474990120.1","1487243523.2","1344663527.6","1471814621.3","1538399193.9","1445960550.9","1423397059.6","1602431667.9","1732560992.2","1839097569.1","1687525276.4","1795173984.3","1967415189.5","1638414175.4","1724528058.6","1290615124.8","636458643","760236668.9","935659568.1","1030916924","1104695218.3","1213797944.2","1634591475.6","1705711508.7","2008722642.7","2568770933.8","3544978710.2","3281657367.7","3439839395.5","4294139883.4","",
"Togo","TGO","Net ODA provided to the least developed countries (% of GNI)","DC.ODA.TLDC.GN.ZS","","","","","","","","","","","","","","","","","","","","","","","","","","","","","","","","","","","","","","","","","","","","","","","","","","","","","","","","","","","","","","","","","","",
"Togo","TGO","Net bilateral aid flows from DAC donors, Sweden (current US$)","DC.DAC.SWEL.CD","","","","","","","","","","","","","","","","","","","","","","70000.0002980232","100000.001490116","","","","","","","","29999.9993294477","2410000.08583069","","319999.992847443","1080000.04291534","189999.997615814","1519999.98092651","109999.999403954","70000.0002980232","289999.99165535","579999.983310699","270000.010728836","90000.0035762787","150000.005960464","150000.005960464","360000.014305115","660000.026226044","829999.983310699","750000","379999.995231628","340000.003576279","14229999.5422363","689999.997615814","699521.005153656","1301638.007164","1273959.04064178","1477113.96217346","1167485.95237732","1415704.96559143","733192.026615143","745625.972747803","2398061.0370636","2063786.02981567","2475662.94670105","","",
"Togo","TGO","Net bilateral aid flows from DAC donors, Poland (current US$)","DC.DAC.POLL.CD","","","","","","","","","","","","","","","","","","","","","","","","","","","","","","","","","","","","","","","","","","","","","","","9999.99977648258","9999.99977648258","39999.9991059303","9999.99977648258","","","","","","","","24276.9997566938","","4166.99983179569","8534.00025516748","7044.99986022711","3050.99994875491","3236.99996806681","","",
"Togo","TGO","Urban land area (sq. km)","AG.LND.TOTL.UR.K2","","","","","","","","","","","","","","","","","","","","","","","","","","","","","","","563.69570918782","","","","","","","","","","728.3337347472","","","","","","","","","","","","","","","895.2206285914","","","","","","","","","","",
"Togo","TGO","Agricultural irrigated land (% of total agricultural land)","AG.LND.IRIG.AG.ZS","","","","","","","","","","","","","","","","","","","","","","","","","","","","","","","","","","","","","","","","","","","","","","","","","","","","","","","","","","","","","","","","","","",
"Togo","TGO","Urban land area where elevation is below 5 meters (% of total land area)","AG.LND.EL5M.UR.ZS","","","","","","","","","","","","","","","","","","","","","","","","","","","","","","","0.0514618755552044","","","","","","","","","","0.059661478719752","","","","","","","","","","","","","","","0.0630015319992872","","","","","","","","","","",
"Togo","TGO","Permanent cropland (% of land area)","AG.LND.CROP.ZS","","1.28700128700129","1.28700128700129","1.28700128700129","1.28700128700129","1.37892995035852","1.37892995035852","1.37892995035852","1.37892995035852","1.37892995035852","1.37892995035852","1.47085861371576","1.47085861371576","1.47085861371576","1.47085861371576","1.47085861371576","1.47085861371576","1.47085861371576","1.47085861371576","1.47085861371576","1.56278727707299","1.56278727707299","1.56278727707299","1.56278727707299","1.56278727707299","1.65471594043023","1.65471594043023","1.65471594043023","1.65471594043023","1.65471594043023","1.65471594043023","1.74664460378746","1.74664460378746","1.8385732671447","1.8385732671447","1.8385732671447","1.8385732671447","2.20628792057363","2.20628792057363","2.20628792057363","2.3901452472881","2.3901452472881","2.3901452472881","2.3901452472881","2.3901452472881","2.75785990071704","3.30943188086045","3.40136054421769","3.76907519764663","3.76907519764663","3.76907519764663","3.76907519764663","3.67714653428939","3.12557455414598","3.12557455414598","3.12557455414598","3.12557455414598","3.12557455414598","3.12557455414598","3.12557455414598","3.12557455414598","3.12557455414598","3.12557455414598","3.12557455414598","","",
"Togo","TGO","Arable land (hectares)","AG.LND.ARBL.HA","","1800000","1800000","1800000","1800000","1800000","1800000","1800000","1800000","1800000","1800000","1800000","1800000","1800000","1800000","1800000","1800000","1800000","1900000","1950000","1950000","1950000","1950000","1950000","2000000","2000000","2000000","2020000","2050000","2050000","2070000","2090000","2110000","2130000","2150000","2170000","2190000","2210000","2230000","2250000","2270000","2290000","2310000","2330000","2350000","2370000","2390000","2410000","2430000","2450000","2460000","2460000","2650000","2650000","2650000","2650000","2650000","2650000","2650000","2650000","2650000","2650000","2650000","2650000","","",
"Togo","TGO","Fertilizer consumption (% of fertilizer production)","AG.CON.FERT.PT.ZS","","","","","","","","","","","","","","","","","","","","","","","","","","","","","","","","","","","","","","","","","","","","","","","","","","","","","","9.33063063063063","1.35888888888889","2.93866666666667","14.2145098039216","","","","","","","","","",
"Togo","TGO","Intentional homicides, male (per 100,000 male)","VC.IHR.PSRC.MA.P5","","","","","","","","","","","","","","","","","","","","","","","","","","","","","","","","","","","","","","","","","","","","","","","","","","","","","","","","","","","","","","","","","","",
"Togo","TGO","Battle-related deaths (number of people)","VC.BTL.DETH","","","","","","","","","","","","","","","","","","","","","","","","","","","","","","","","","","","","","","","","","","","","","","","","","","","","","","","","","","","","","","","34","29","46","",
"Togo","TGO","High-technology exports (current US$)","TX.VAL.TECH.CD","","","","","","","","","","","","","","","","","","","","","","","","","","","","","","","","","","","","","","","","","","","","","","","","","97773","255620","164313","855900","681561","938952","531884","3127071","289271","3202737","337247","198643","915082","1274941","1239758","2229077","2861089","",
"Togo","TGO","Merchandise exports to low- and middle-income economies within region (% of total merchandise exports)","TX.VAL.MRCH.WR.ZS","","","6.9620253164557","4.79041916167665","3.28467153284672","3.3195020746888","4.19161676646707","5.42372881355932","2.24089635854342","4.09401061410159","3.39025615268709","3.67377577604098","3.65377549145692","4.52593887352148","2.73882584199038","6.41800675847781","7.35992201407137","5.32072281517489","12.9078289231626","14.7688280649842","29.9036559507037","21.9657136779691","24.3356346665638","29.1301979395264","10.6902966965948","6.36067993003934","8.08418267844729","10.663139218047","10.1246445540687","13.2984391231269","15.965183816799","17.8753889636848","25.9671521367389","31.3513809994419","25.6806447122384","17.968899118913","16.7449839391853","17.4049293657376","17.9281086057951","25.4439253446744","42.2473079077142","63.5004507414067","60.96306986325","57.5449337868216","63.4423238648091","71.079107305159","72.3291973495915","67.2704507859442","74.8971073078399","75.0708977094366","40.4327171997712","71.6987720644298","65.2568356625841","67.3582891854384","63.0097244537329","62.0465720329352","71.1609010725751","68.6546824026043","69.7833041956787","72.4521079334401","70.9340110218304","71.4127707437812","56.229866547787","48.8633725506547","","",
"Togo","TGO","Merchandise exports to low- and middle-income economies in South Asia (% of total merchandise exports)","TX.VAL.MRCH.R5.ZS","","","","","","","1.79640718562874","1.35593220338983","","","","","","","","","","","","","","","","","0.648213385086027","0.752896808045474","1.75861074838469","2.37944363475065","2.41839506509317","3.54663682528077","8.23930301063458","3.20755726347887","0.498252334391854","1.04953036427561","1.082513283578","3.80454612695477","1.10811592840578","2.2121288001969","1.77847941031414","5.63631224117727","5.71129320505439","1.96944886206123","3.35838940321126","4.49815036855465","6.20899910878289","7.38161520284504","6.14540671665036","12.2234763940533","4.54732355368055","13.4962569877941","6.21637350286719","6.44171413060211","1.39938061330965","6.99462126566288","12.6296952207134","9.14233935018462","7.98162949734163","8.69505275268377","8.30416085755095","11.2618913052421","8.5731438309116","9.7271732852275","18.276646748995","24.4784453665193","","",
"Togo","TGO","Merchandise exports to low- and middle-income economies in East Asia & Pacific (% of total merchandise exports)","TX.VAL.MRCH.R1.ZS","","","0.632911392405063","","","","","","","","","","","0.00678805980280686","0.251997120032914","","0.00317877426464355","","1.17438819446516","0.539448601587618","0.0099617185387582","0.0093060974880184","0.467337781720472","0.727325988788561","1.62040339753794","0.892271534761695","","3.40599455040872","4.31259255221535","7.9564149319875","7.08389501888928","14.3936624553082","10.5340827423609","9.11172974283611","10.1314303836864","16.8009792813525","17.9490942137851","19.6080958498911","17.7628472639164","14.5198967089629","11.0326314438622","9.2503304243667","6.27133113604334","7.09913286517223","8.06830295629386","3.6663714039","8.56871653709852","7.88993691095911","12.0542884934224","2.41673492370339","12.6030160377795","5.3866056779521","4.87988611154025","3.61224100412688","5.80087506293512","6.89380212545404","4.56179825048207","4.09157912037531","7.30340633316693","5.11541256614121","6.58507774454826","3.32579033336389","1.04186645517514","4.72023046229777","","",
"Togo","TGO","Merchandise exports to economies in the Arab World (% of total merchandise exports)","TX.VAL.MRCH.AL.ZS","","","3.79746835443038","","","0.4149377593361","0.29940119760479","0.338983050847458","1.96078431372549","0.0171195186969601","0.521094927172275","1.05311961849252","1.30672423295976","2.41145824494714","3.89481263071279","0.254716500534905","","0.00754819522652134","0.695583862852142","0.823967906222437","2.42745734249811","0.529782835567905","3.10937118319384","4.64075978673226","4.09331964096968","3.76038478355925","1.8586667118897","0.345352005576326","2.26940303253296","1.83551273534644","2.95529815101436","1.61737564307177","1.71826227372571","1.95709172712151","1.43973728237386","0.96964775796083","1.44783086282108","0.9236875420911","0.884846484499135","1.51457170971473","1.0211956481633","1.16831888953165","1.30925850617222","1.16766664912133","1.61733205274824","2.7832689185544","0.732479906300546","2.84818757780977","1.77072571036234","0.444185423579524","2.42044550736296","2.2173070649312","1.74279010868171","1.76370666797766","2.96956682186598","4.91755983981956","3.69101281728714","4.68171645901034","2.14085681808946","0.96543277819706","0.651042270834083","0.385681944413421","0.609872225916489","0.734578239528714","","",
"Togo","TGO","ICT goods exports (% of total goods exports)","TX.VAL.ICTG.ZS.UN","","","","","","","","","","","","","","","","","","","","","","","","","","","","","","","","","","","","","","","","","0.04","0.05","0.02","0.02","0.03","0.07","","0.09","0.14","0.18","0.26","0.09","0.05","0.05","0.36","0.13","0.41","0.11","0.06","0.08","0.06","0.04","0.1","0.14","0.12","",
"Togo","TGO","Export unit value index (2015 = 100)","TX.UVI.MRCH.XD.WD","","","","","","","","","","","","","","","","","","","","","78.6","69.1","63.9","61.4","64.5","62.6","71.6","76.8","81.8","81.2","89.5","83.7","88.9","60.7","61.4","72.2","69.7","67.8","74.1","72.2","63.9","37.1","37.3","40.4","53.1","45.1","89.7","103.1","132","112.9","120.3","141","130.6","122.2","117.9","100","96.1","102.3","112.3","106","92","124.8","164.8","147.9","151.9","",
"Togo","TGO","Travel services (% of commercial service imports)","TM.VAL.TRVL.ZS.WT","","","","","","","","","","","","","","","20.6799559740736","18.4404388714734","22.5570776255708","18.3631260156597","17.185111450816","14.4400267407902","15.3211349446745","15.7891880156319","14.0867242284023","20.0135415937055","19.1159231867688","17.5457673042301","16.9204466527755","16.1365668509699","18.3979309206302","19.6560417792184","18.3976814345277","21.86264134128","26.4583333333333","17.7621931781958","16.3088145495354","12.492217740844","1.56254650436025","2.83895230601003","2.19315208736207","2.00293963777684","1.67438159988427","3.71595124536301","3.41492898156542","3.5143635275171","3.55966667995694","3.10565612627879","2.04878406094345","5.50819175801114","5.3189297199413","12.5447668631354","11.6236661848161","12.292128057101","7.67106278755234","9.60253411024815","9.59999995800435","10.0212803136591","9.62547538898324","9.03121543834268","9.00763596073215","9.58612155101291","5.24103086026045","","","","","",
"Togo","TGO","Import value index (2015 = 100)","TM.VAL.MRCH.XD.WD","","","","","","","","","","","","","","","","","","","","","","","","","","","","","","","","","","","","","","","","","","","","","","45.4","46.4","53","64.6","64.6","72","93.6","101.9","118.3","108.1","100","96.8","80.2","90.6","89.5","96.8","114.6","128.3","139.5","148.6","",
"Togo","TGO","Merchandise imports from low- and middle-income economies in Sub-Saharan Africa (% of total merchandise imports)","TM.VAL.MRCH.R6.ZS","","","11.2033195020747","11.8320610687023","8.35443037974684","6.91244239631336","8.64745011086474","10.1382488479263","6.75675675675676","6.67179657578566","7.70446914626593","6.63808092417411","5.58275465854024","5.55549781210049","6.38353765323993","5.19515819229515","3.94833632708921","3.11118609751983","14.9358110504291","15.6506913013826","20.3438715566447","6.85218192620615","9.9630505153761","7.48791177468201","11.504112018756","10.4764001558081","5.58100570507521","12.0779449283012","9.936674326037","12.3594895465653","17.3632987320595","16.0738921792024","18.4574529107427","28.9374710999688","31.2240496448558","20.8553592695584","22.6921661490737","23.9659291558872","19.1432842995394","22.2231967719353","22.8562053139919","17.5727430348315","17.4995876045375","19.9626889305385","18.5208801050825","17.4850668161601","17.2531378105862","14.7038494422936","19.2410512282782","14.6265237447216","14.1138903704368","12.4459282415751","12.2791938352428","13.0238765344974","13.0899221584137","14.8214748869419","11.8875910882825","15.5864610657118","20.009012309751","17.8200553670174","14.0449289894765","12.4316361618313","14.7750285814972","16.4270088378236","","",
"Togo","TGO","Merchandise imports from low- and middle-income economies in Europe & Central Asia (% of total merchandise imports)","TM.VAL.MRCH.R2.ZS","","","","","","","","","","","","","0.001248938402358","","","","","","","","","","","","0.0831735673004929","","","","0.648908811464273","0.0606389718526563","0.245827071729155","0.149199844105291","","","0.111119879142554","0.693379534549216","0.0927351358270029","0.701699180342014","1.01612251981282","0.323401055840686","1.1078235686431","1.50355633171949","6.2362584977736","4.05880986461849","2.46985756282796","1.70439861692258","2.12958438810365","1.3448362496126","2.01645046015656","1.03047677253809","1.87100699031863","2.6465776220322","2.73974329626081","2.1390486060801","1.73195401925805","1.45853800079161","2.7147618546086","2.39687357292418","2.84946603800923","4.18955697047284","3.72228199075564","4.21302706739203","3.4647999255775","4.68445324148621","","",
"Togo","TGO","Merchandise imports (current US$)","TM.VAL.MRCH.CD.WT","26000000","26000000","27000000","29000000","42000000","45000000","47000000","45000000","47000000","56000000","65000000","70000000","85000000","101000000","119000000","174000000","185000000","284000000","450000000","519000000","551000000","434000000","393000000","282000000","271000000","288000000","312000000","424000000","487000000","472000000","581000000","443000000","394000000","179000000","222000000","594000000","664000000","645000000","588000000","597000000","562000000","553000000","591000000","775000000","880000000","1060000000","1085000000","1237000000","1509000000","1509000000","1683000000","2187000000","2380000000","2769000000","2526000000","2336000000","2261000000","1874000000","2116000000","2091000000","2260000000","2676000000","2996000000","3259000000","3225000000","3400000000",
"Togo","TGO","Insurance and financial services (% of commercial service imports)","TM.VAL.INSF.ZS.WT","","","","","","","","","","","","","","","9.6245566833802","8.40125391849529","7.89193302891933","7.81011473876003","8.39347292829468","8.6379789592203","7.20467330160103","6.58380373425968","8.41482612221527","6.11239522775561","7.66427246957525","4.27280343678141","8.53947391854107","7.92321308005325","7.29497221050314","5.15937331172339","9.1369784075116","7.6853450676767","11.4833333333333","14.1664010200829","7.48601323585231","4.42303007335625","12.4765618024346","9.13002156295671","15.8230007962689","13.9134550708752","14.5004580741598","15.2813990461049","13.327289211242","11.7429320651945","11.3855109445397","13.3232815558779","12.9160562554937","11.3253376820869","10.2001311311624","9.21780151698711","10.9596318184836","10.0172301797959","9.8139880299014","9.12158047621584","10.5032028810102","10.8732856720634","10.7367018705234","10.9642031833369","11.0788278565805","10.9385980994286","12.1509971229864","","","","","",
"Togo","TGO","Agricultural raw materials imports (% of merchandise imports)","TM.VAL.AGRI.ZS.UN","","","1.44064552716124","1.7009653976173","1.22169131529218","1.07139173126293","1.12154797745481","2.28234012731764","3.06092927336404","3.00396892835639","2.25325321493589","3.25421647003185","3.25189775207877","2.91032849414885","1.6163104370486","2.23712844937361","1.46371714021133","0.991645089108318","0.703909344331639","0.87674766032227","1.36096962545026","1.64591815019451","","1.34253657038311","","","1.08701409492999","0.839015563583564","0.797752622050107","","","1.31686647185715","","","1.58912668415641","1.85205868260649","1.88791039474902","1.51052423417632","1.400057154115","1.2252536697358","1.70892914934112","1.27046923348153","1.1939815702488","0.69068692758927","0.835452583734829","0.755709166787163","","1.13403942965357","0.973265258836927","1.28006893780004","1.38674666978065","1.23606213109242","1.10715251206241","0.842023362502355","1.20194279743281","1.12512912451599","1.19477012828628","1.48769835998208","1.6319830302362","1.61094376704443","1.34821486114652","1.48035776978356","1.32293219211868","1.27031493886015","1.43413342181883","",
"Togo","TGO","Tariff rate, most favored nation, simple mean, primary products (%)","TM.TAX.TCOM.SM.FN.ZS","","","","","","","","","","","","","","","","","","","","","","","","","","","","","","","","","","","","","11.57","11.6","","11.84","11.84","11.78","11.78","11.79","11.83","11.82","11.82","11.98","11.97","11.98","11.98","11.97","11.97","11.98","11.98","13.28","13.28","13.26","13.26","13.26","13.26","13.26","13.29","","","",
"Togo","TGO","Tariff rate, most favored nation, weighted mean, all products (%)","TM.TAX.MRCH.WM.FN.ZS","","","","","","","","","","","","","","","","","","","","","","","","","","","","","","","","","","","","","13.79","14.58","","14.99","11.36","10.91","10.2","10.78","10.79","10.4","11.11","10.96","10.96","11.02","11.11","11.52","9.7","9.67","9.66","11","10.99","13.43","13.48","12.53","12.53","12.09","13.91","","","",
"Togo","TGO","Bound rate, simple mean, all products (%)","TM.TAX.MRCH.BR.ZS","","","","","","","","","","","","","","","","","","","","","","","","","","","","","","","","","","","","","80","80","","80","80","80","80","80","80","80","80","80","80","80","80","80","80","80","80","80","80","80","80","80","80","80","","","","",
"Togo","TGO","Tariff rate, most favored nation, simple mean, manufactured products (%)","TM.TAX.MANF.SM.FN.ZS","","","","","","","","","","","","","","","","","","","","","","","","","","","","","","","","","","","","","13.67","13.78","","13.85","12.06","12.04","12","12.01","12.01","12.02","12.02","11.9","11.9","11.9","11.9","11.87","11.87","11.87","11.87","11.77","11.77","11.79","11.79","11.79","11.79","11.79","11.72","","","",
"Togo","TGO","Import volume index (2015 = 100)","TM.QTY.MRCH.XD.WD","","","","","","","","","","","","","","","","","","","","","","","","","","","","","","","","","","","","","","","","","","","","","","20.1","46.3","49.4","51","60.2","60.1","66.3","77.5","90.5","84.2","100","104.7","79.3","81","85.5","104.9","95.2","83","102.1","113.1","",
"Togo","TGO","International tourism, expenditures for travel items (current US$)","ST.INT.TVLX.CD","","","","","","","","","","","","","","","","","","","","","","","","","","","","","","","","","","","","18000000","3000000","5000000","3000000","3000000","2000000","5000000","5000000","7000000","8000000","8000000","5000000","17000000","19000000","47000000","46000000","57000000","34000000","45000000","41000000","37000000","38000000","39000000","42000000","43000000","","","","","","",
"Togo","TGO","International tourism, receipts (% of total exports)","ST.INT.RCPT.XP.ZS","","","","","","","","","","","","","","","","","","","","","","","","","","","","","","","","","","","","","","","3.02227328314355","2.17360395722234","2.59035838183004","3.26080467918269","3.09678733108172","3.74606011731295","3.32296145246722","3.32788834558249","2.7650466535115","4.15701244168341","3.85867476121365","6.07628963878188","8.09158482392611","12.3685336898483","11.765093829822","11.6004988698141","12.8232362073557","14.1456967141045","14.1284120619563","15.4224279993875","15.7965073874103","15.8545530420201","","","","","","",
"Togo","TGO","Unmet need for contraception (% of married women ages 15-49)","SP.UWT.TFRT","","","","","","","","","","","","","","","","","","","","","","","","","","","","","40.1","","","","","","","","","","35","","","","","","","","","","","","37.2","","","","33.6","","","34","","","","","","","","",
"Togo","TGO","Rural population (% of total population)","SP.RUR.TOTL.ZS","89.3522219986691","88.4051455227753","87.2896919199984","86.0587114832961","84.7650545056265","83.4615712799474","82.2011120992168","81.0365272563925","80.0206670444326","79.2063817562948","78.6292864355108","78.1704223746679","77.7596054316767","77.39241799765","77.0598561428919","76.7529159377069","76.4625934523991","76.1798847572729","75.8957859226326","75.6012930187824","75.2874021160267","74.9427605112294","74.5718126033601","74.1884215254806","73.7978318329547","73.4004493228818","72.9966797923612","72.5869290384921","72.1716028583739","71.7511070491059","71.3258474077873","70.8962297315175","70.4626598173958","70.0255434625215","69.5852864639938","69.1422946189121","68.6969737243758","68.249729577484","67.800967975336","67.3510947150313","66.9005155936691","66.4496364083487","65.9988629561693","65.5486010342304","65.0992564396312","64.6512349694709","64.204942420849","63.7607845908647","63.3191672766173","62.8804962752061","62.4454117024362","62.0127694351268","61.5805640401796","61.1483232115897","60.7160493541632","60.2837448727066","59.8514121720261","59.4190536569281","58.986671732219","58.554268802705","58.1218472731925","57.6894095484878","57.2667672024373","56.7503146967564","56.1851508394004","55.6050107925601",
"Togo","TGO","Completeness of birth registration (%)","SP.REG.BRTH.ZS","","","","","","","","","","","","","","","","","","","","","","","","","","","","","","","","","","","","","","","","","","","","","","","78.1","","","","77.9","","","","78","","","82.9","","","","","","","","",
"Togo","TGO","Completeness of birth registration, female (%)","SP.REG.BRTH.FE.ZS","","","","","","","","","","","","","","","","","","","","","","","","","","","","","","","","","","","","","","","","","","","","","","","","","","","","","","","","","","81.7","","","","","","","","",
"Togo","TGO","Population, female","SP.POP.TOTL.FE.IN","849662","864712","880050","896300","913650","931902","950993","970764","991282","1036720","1090343","1125811","1158056","1188559","1218597","1248480","1278412","1308653","1339774","1373482","1411753","1455499","1498044","1536881","1576340","1621552","1671609","1722066","1773858","1826322","1879577","1933508","1987943","1989163","2010130","2095994","2174117","2245492","2307684","2368292","2429819","2492634","2556797","2622929","2689434","2759846","2844588","2941113","3042039","3146598","3250852","3341171","3417272","3489667","3559154","3626362","3691440","3753616","3821581","3904558","3991122","4067652","4136230","4212379","4298712","4386494",
"Togo","TGO","Population growth (annual %)","SP.POP.GROW","","1.75410405447791","1.76051415203075","1.83611306966138","1.92673506390907","1.99060327517322","2.04376017254146","2.07468485370934","2.10850927754161","4.49885080485206","5.06021047318232","3.22037924706","2.84394930738133","2.62081173323004","2.51790486828912","2.44477765129483","2.39388214506781","2.36903224640257","2.39059962226608","2.53137554554105","2.79939824049117","3.10497027629344","2.81513899630319","2.38303950297286","2.36753624357856","2.81898112438845","3.13699725978163","3.02606584972363","3.0130879101746","2.96493684235161","2.92614491062438","2.88251198022219","2.83557163245535","-1.14077539893679","0.416034311921291","5.14839691135018","4.30189881851522","3.38312181757761","2.51037911481296","2.47629413171843","2.49694541999729","2.48616573955035","2.47686827426846","2.49455979585183","2.43812237847062","2.465585096448","2.85028115220356","3.15943065724402","3.21297180409526","3.22903074698961","3.12855507905751","2.72570995210441","2.32840848204104","2.15773898903495","2.02090495483301","1.91106686899123","1.81308919594096","1.70055326010166","1.81055738571426","2.14516244090598","2.18244940997049","1.88405259258743","1.65504210377245","1.90565010531245","2.197364628925","2.17758924189303",
"Togo","TGO","Sex ratio at birth (male births per female births)","SP.POP.BRTH.MF","1.026","1.026","1.026","1.026","1.027","1.027","1.027","1.027","1.026","1.026","1.026","1.026","1.026","1.026","1.027","1.027","1.028","1.028","1.028","1.028","1.028","1.029","1.029","1.03","1.03","1.03","1.029","1.029","1.029","1.029","1.028","1.028","1.029","1.028","1.028","1.028","1.028","1.027","1.027","1.027","1.027","1.028","1.028","1.028","1.028","1.028","1.027","1.027","1.027","1.026","1.026","1.026","1.027","1.027","1.027","1.027","1.027","1.027","1.027","1.028","1.028","1.027","1.028","1.028","1.028","",
"Togo","TGO","Population ages 75-79, female (% of female population)","SP.POP.7579.FE.5Y","0.618481231360235","0.612226961115377","0.606556445656497","0.600803302465692","0.59399113446068","0.586005824646798","0.577606775233887","0.569036346630077","0.560788958137039","0.552897600123466","0.545883267925781","0.53934452585736","0.533307542985831","0.527950232171899","0.523552905513472","0.520152505446623","0.51759526662766","0.515950370342635","0.515683988493582","0.517007139518392","0.519779309836777","0.523806612027902","0.529223440700006","0.536280948232166","0.544362256873517","0.552125371249272","0.559580619630548","0.567457925538278","0.574115853692911","0.577718496519234","0.578002390963499","0.575223893565478","0.5695334322966","0.569184124176852","0.566630018953998","0.556585562744932","0.547854600281402","0.553197250313072","0.570355386612725","0.585823031957208","0.601279354552747","0.616697036147304","0.632275460273146","0.647901639731766","0.663596875773862","0.681994575059623","0.707483825425686","0.740093971227899","0.777373334135427","0.817454279192957","0.85534499878801","0.870682763617905","0.87163093836253","0.876645250105526","0.876640909609418","0.865716108871646","0.84224584444011","0.811191128767567","0.78820781242109","0.788386291098762","0.805437668906137","0.822636744736275","0.830756510155383","0.811607882386651","0.775162420743702","0.743099158462316",
"Togo","TGO","Population ages 65 and above, total","SP.POP.65UP.TO","59330","59101","58908","58802","58811","58926","59147","59473","59924","61958","64545","66103","67538","68962","70447","71999","73643","75418","77350","79480","81890","84648","87299","89721","92233","95160","98332","101414","104498","107505","110423","113226","115902","114853","115581","120781","124905","128767","132935","138237","144284","150546","157042","163818","170797","178581","187987","198162","207809","216290","223537","227599","229526","232797","237755","244762","253817","264179","272741","276882","279514","283815","291627","296459","296726","298718",
"Togo","TGO","Population ages 65 and above, female","SP.POP.65UP.FE.IN","31262","31362","31466","31598","31773","31998","32258","32567","32936","34167","35703","36665","37560","38433","39346","40305","41311","42380","43508","44720","46051","47553","49058","50503","51996","53630","55347","57068","58781","60439","62018","63516","64908","65205","65936","67910","69592","72102","75478","78968","82614","86382","90295","94376","98585","103360","109329","116038","122702","128953","134633","137546","138225","139605","141880","145245","149725","154972","159593","162493","165062","168765","174112","176281","174749","174208",
"Togo","TGO","Population ages 60-64, female (% of female population)","SP.POP.6064.FE.5Y","2.09071371910242","2.07155677265957","2.05533776489972","2.04250808880955","2.03382039074044","2.02950524840595","2.02798548464605","2.02881441833443","2.03191422824181","2.03651902152944","2.04119254216334","2.04714645708738","2.05456385528852","2.05988932816966","2.0585148330416","2.05017301038062","2.03518114661001","2.01390284513924","1.99033568348095","1.96901015084289","1.95112034470619","1.9358996467878","1.92584463473703","1.92005757114572","1.91481533171778","1.90669186063722","1.8966157755791","1.88738410722934","1.87827887012376","1.86911179956218","1.85972694920187","1.85031559217753","1.84109906571768","1.85560459348982","1.86077517374498","1.83731441979319","1.81995725161065","1.79755706099153","1.7823064163031","1.79340216493574","1.81787203079736","1.84290994987632","1.86796214169525","1.89227386635323","1.91486387098549","1.92231740466678","1.89574026185866","1.84457380590273","1.78587454007","1.7243384760303","1.66058005716655","1.6340977459699","1.65395087075305","1.68167908284659","1.70430950725931","1.71430761738624","1.71093123550701","1.70369052135328","1.71353165090574","1.75881623476972","1.82748109428877","1.89598323553736","1.95165646010981","1.98415194834083","2.0027161624226","2.02232124334377",
"Togo","TGO","Population ages 50-54, female (% of female population)","SP.POP.5054.FE.5Y","3.24799743898162","3.26305174439582","3.28026816658144","3.29354010933839","3.2956821539977","3.28596783781986","3.2650082597874","3.23312360161687","3.19606327967218","3.16122000154333","3.13094136432297","3.10229692195226","3.07636245570162","3.05209922267216","3.02790832408089","3.00325195437652","2.97893011016793","2.95532887633315","2.93273343116078","2.91128678788655","2.890944804084","2.87221083628364","2.85659166219417","2.84342118875827","2.83067104812414","2.81643758572035","2.80268890631721","2.79222747560198","2.78291723463772","2.77234792112234","2.76062113975645","2.74878614414836","2.73800606959053","2.74311356082935","2.7517623238298","2.75477887818381","2.77344779512786","2.78442319099779","2.78114334544938","2.79082984699522","2.81057971807777","2.82957706586687","2.84809470599347","2.86645197029733","2.88536547095039","2.88418266816337","2.84378616516698","2.78962420009024","2.74339020637145","2.70310983481207","2.68092795365646","2.70315407382621","2.75652625837218","2.81857839157719","2.88897305370883","2.95921918440575","3.02759898576165","3.09943798193529","3.15992255561245","3.18438092096468","3.18020847270517","3.16162739585392","3.14515875567848","3.16419771345361","3.20993823266132","3.25977876636786",
"Togo","TGO","Population ages 40-44, female (% of female population)","SP.POP.4044.FE.5Y","4.55781240069581","4.52682511633931","4.49963070280098","4.47417159433225","4.44776446122695","4.41977804533095","4.39151497434787","4.36336740958668","4.33539598217258","4.3073346708851","4.27947902632474","4.25097996022423","4.22293913247719","4.1951640600088","4.16643073961285","4.13687043444829","4.10947331533183","4.08656840277751","4.06576034465514","4.04344578232551","4.02025000123959","3.9973919597334","3.9717792000769","3.94864664212779","3.9377291701029","3.94480103012423","3.97419492237718","4.01279625751858","4.04429215867335","4.0602369133154","4.08379119344406","4.11076654453977","4.12456493973922","4.09609468907274","4.08963599369195","4.12129042354129","4.13087244154753","4.1459065541093","4.17812837459548","4.21746980524361","4.24768264632057","4.27519643878724","4.30014584654159","4.32295346156911","4.34429697847205","4.35955484472684","4.36660774776523","4.38068853525859","4.41204073978013","4.4568133584271","4.51346293217901","4.57396523554167","4.63071128081113","4.68798312274495","4.75121335013883","4.82199515657841","4.90236872331665","4.99715474358592","5.06732684718707","5.06479862765517","5.02437660387229","4.98643935125227","4.96909021016723","5.02020354768647","5.11823076307508","5.20962755220912",
"Togo","TGO","Population ages 30-34, female (% of female population)","SP.POP.3034.FE.5Y","6.10372124444779","6.07786176206645","6.05238338730754","6.02566105098739","5.99682591802112","5.96586336331503","5.93653160433358","5.91245658059013","5.88974681271323","5.86233505671734","5.83146771245379","5.79750952868643","5.76336550218642","5.73694700894108","5.72633938865761","5.73217031910804","5.76347844044017","5.81040199350019","5.84822514842055","5.86363709171289","5.88955716757818","5.92044377907508","5.91317745006155","5.88985093836153","5.87715848103836","5.87128874066327","5.8623757110664","5.85355032850077","5.84872069804911","5.85143255132447","5.86365974897543","5.88443388907623","5.91520984253573","5.75126321975625","5.67610055071065","5.85879539731507","6.0097501652395","6.13460212728435","6.21389237001253","6.26675257949611","6.31281589287103","6.35993892404581","6.40934732010402","6.46163125269498","6.51743080514339","6.57967872120401","6.64630519428473","6.71487290695733","6.79304242976503","6.89026688506126","7.00382545867975","7.10768769392527","7.20893742142855","7.32290502216974","7.43409810308854","7.52531049023787","7.58647032052532","7.61884007314547","7.55582571715738","7.36375282426333","7.160417546745","7.04121198175262","7.00081958691852","6.96167177739705","6.89874083213763","6.84658408286892",
"Togo","TGO","Population ages 20-24, female (% of female population)","SP.POP.2024.FE.5Y","8.23350932488448","8.20596915504816","8.17760354525311","8.15831752761352","8.16045531658732","8.18487351674318","8.24401441440684","8.32385626166607","8.38873297406792","8.41789489929779","8.45642151139595","8.49938399962338","8.51357792714687","8.52721657065404","8.55237621625525","8.55103806228374","8.51845883799589","8.49186147894056","8.46941349809744","8.45457020914726","8.45020339960319","8.45387045954686","8.43793640240206","8.4134035100961","8.41043175964576","8.46244832111459","8.55182043169186","8.63143456754852","8.70616475501421","8.78322661611698","8.86406888358391","8.94596764016492","9.02963515553514","8.82290692115226","8.78440697865312","9.13008338764329","9.38431556351383","9.37344688825433","9.19306976171781","9.17226423093098","9.23714893990046","9.27448634657154","9.27703685509644","9.27791030561636","9.31627249451","9.4203082345899","9.5618064900787","9.6517882855912","9.62393973252808","9.46266412169588","9.19780414488264","8.94692309971564","8.74852806566173","8.55434057175083","8.36704452799738","8.22548879565802","8.16646078495113","8.1978817225843","8.33354049017933","8.52472930354729","8.68041618371977","8.75524749904859","8.76810525526869","8.77480397656526","8.79235454712946","8.80646365867593",
"Togo","TGO","Population ages 15-64, male","SP.POP.1564.MA.IN","428763","436085","443716","451735","460020","468904","478473","488266","498339","520734","546997","563916","579057","593182","606939","620557","634197","648211","663081","679638","698855","721195","738591","749963","762403","784919","815151","844339","874766","906230","938766","972279","1006676","948894","931321","1029663","1110462","1156915","1175161","1205885","1244590","1284703","1325779","1368129","1410321","1447462","1477095","1502953","1528603","1554939","1584203","1624516","1674713","1728027","1784974","1845451","1908684","1973674","2028951","2060993","2078381","2093376","2116351","2166362","2237356","2312020",
"Togo","TGO","Population ages 15-19, female (% of female population)","SP.POP.1519.FE.5Y","9.63783245572945","9.71988361442885","9.82660076132038","9.9152069619547","9.96245827176709","10.0216546375048","10.0849322760525","10.1136836553477","10.1428251496547","10.1845242688479","10.1920221434906","10.1612970560778","10.1342249424898","10.1088797442954","10.0896358681336","10.0796168140459","10.0770330691514","10.0840329713071","10.1061074479726","10.1388296315496","10.1777010567713","10.2226796445755","10.263850728016","10.3046364682757","10.3645152695484","10.4485085893021","10.5394263849979","10.6263058442592","10.7118495392529","10.7914157525343","10.8623376429909","10.9250647010511","10.9769746919303","11.0051313039706","11.1107739300443","11.250890985375","11.3048193818456","11.0795763244759","10.7744387879796","10.7375695226771","10.8336053014648","10.9667123211831","11.1249739420063","11.2720550194077","11.3555863427026","11.3173706069107","11.1000257330763","10.7423278194343","10.3219583969831","9.86643352598584","9.45752067458008","9.24882324191129","9.2079003368769","9.26409310687811","9.45997279128692","9.77039799115477","10.129244955898","10.4823189159467","10.7022983419689","10.6709645496366","10.4839691695719","10.2851473036533","10.1725242551792","10.2056343932965","10.331583041618","10.490473713175",
"Togo","TGO","Population ages 05-09, female (% of female population)","SP.POP.0509.FE.5Y","13.9948591322196","13.994139089084","13.9962502130561","13.9983264531965","14.0066765172659","14.0261529645821","14.0533105921915","14.0907573828449","14.1460250463541","14.2098155721892","14.2736735137475","14.3415724308965","14.4031894830647","14.451196785351","14.4981482803585","14.550973984365","14.6076538705832","14.6712688543105","14.7406204329984","14.8064554176902","14.8637190783374","14.9106938582575","14.9729914475142","15.0493109095629","15.1083522590304","15.1071936021787","15.0571694696547","15.0014575515689","14.9200217830289","14.8035779013777","14.6600006278008","14.5168781303206","14.3943261954694","14.6129301620832","14.7353156263525","14.5023315906439","14.3401206098844","14.4393745335098","14.606939251648","14.4281195055339","14.0775917877011","13.7209875176219","13.4000079005099","13.1428643322027","12.9551794169331","12.8472385778047","12.8687880283542","13.0656659570714","13.4060411454291","13.8043054753102","14.1576731269218","14.2830163436711","14.1885983907632","14.0213378525802","13.782629242792","13.4530970708385","13.0661747177253","12.6582740482777","12.4182635406655","12.5810911247829","13.0075201910641","13.4773082849762","13.8103055197607","13.7952923989033","13.4951352870348","13.0532037659233",
"Togo","TGO","Population ages 0-14, male","SP.POP.0014.MA.IN","366618","374180","381748","389831","398703","407853","417138","426835","436913","458167","483297","500662","516767","532248","547658","563070","578545","594082","609810","626473","644963","665652","686779","707020","726764","746540","766603","786853","807206","827299","847276","867143","886967","900265","913093","931915","951240","979730","1011335","1032303","1047639","1062643","1077805","1093612","1109352","1130624","1169322","1222251","1280391","1342071","1401830","1444842","1470435","1487961","1497640","1500168","1496670","1487886","1494530","1539975","1604107","1660104","1698523","1724928","1748510","1768603",
"Togo","TGO","Population ages 00-04, female (% of female population)","SP.POP.0004.FE.5Y","17.8229696043839","17.8601661593687","17.9076188852906","17.9722191230615","18.0459694631423","18.1207895250788","18.1980309003326","18.2658194988689","18.3146672692534","18.3597306890964","18.4076937257358","18.4577162596564","18.5116263807622","18.5671052089126","18.6129622836754","18.6429898756888","18.656583323686","18.6486410072036","18.6161994485637","18.559689897647","18.4798615621855","18.3798820885483","18.2983944396827","18.2185217983696","18.0960960198942","17.9039586766259","17.6882273306736","17.5075171334897","17.3565189547303","17.2417569300485","17.1618933408953","17.0886802640589","17.0008395612953","17.2036680754669","17.1226239098964","16.6024330222319","16.2567607907026","16.0627604106361","15.8719738057724","15.6333762897481","15.4946520707921","15.4404136347334","15.4416639256069","15.4668692900189","15.4918469834173","15.6164510628492","15.9491638156387","16.3178021381701","16.5524833836779","16.6524290678377","16.5802380422117","16.355583117416","16.0412457656283","15.6588006821281","15.2593003843048","14.9032280836828","14.5909455388683","14.3018358830525","14.2384264522981","14.4684238267174","14.5721929823243","14.2506291098649","13.6223324138164","13.2429679285743","13.240617189521","13.3461712246728",
"Togo","TGO","Female headed households (% of households with a female head)","SP.HOU.FEMA.ZS","","","","","","","","","","","","","","","","","","","","","","","","","","","","","","","","","","","","","","","24.3","","","","","","","","","","","","","","","","27.5","","","27.4","","","","","","","","",
"Togo","TGO","Fertility rate, total (births per woman)","SP.DYN.TFRT.IN","6.796676","6.820639","6.856907","6.893064","6.915946","6.93729","6.956084","6.958849","6.970459","7.014899","7.034988","7.063704","7.068624","7.08101","7.089781","7.088292","7.062682","7.025358","6.982702","6.935004","6.875555","6.808608","6.724837","6.633341","6.541951","6.457372","6.381665","6.303876","6.228403","6.148569","6.067132","5.986704","5.885765","5.782153","5.672271","5.564586","5.458922","5.362601","5.287873","5.226114","5.1652","5.12801","5.09187","5.047961","4.994707","5.037823","5.076201","5.102","5.100197","5.104276","5.087324","4.984234","4.853789","4.753612","4.701602","4.661566","4.633942","4.576231","4.513072","4.450408","4.386312","4.323871","4.253183","4.192401","4.121673","",
"Togo","TGO","Mortality rate, infant, male (per 1,000 live births)","SP.DYN.IMRT.MA.IN","145.3","144.4","143.3","142.2","141","139.7","138","136.3","134.5","132.6","130.6","128.4","126.2","123.9","121.6","119.3","116.9","114.6","112.2","109.9","107.6","105.5","103.5","101.6","99.8","98.2","96.8","95.5","94.3","93.3","92.4","91.5","90.5","89.6","88.4","87","85.4","83.5","81.5","79.5","77.3","75.1","72.9","70.8","68.7","66.7","64.8","63","61.2","59.5","57.8","56.1","54.4","52.8","51.2","49.7","48.2","46.7","45.4","44.2","43","41.7","40.6","39.5","38.3","",
"Togo","TGO","Contraceptive prevalence, any modern method (% of married women ages 15-49)","SP.DYN.CONM.ZS","","","","","","","","","","","","","","","","","","","","","","","","","","","","","3.1","","","","","","","","","","7","","12.61236819","","","","","","11.24440153","","","","13.53454279","","","","17.3","","","21.4","","","","","","","","",
"Togo","TGO","Mortality rate, adult, female (per 1,000 female adults)","SP.DYN.AMRT.FE","351.779","350.656","348.626","346.411","342.886","340.744","338.265","333.917","329.405","327.118","322.712","318.765","314.06","310.035","304.497","300.413","296.667","291.762","285.492","280.182","275.287","267.647","262.651","256.313","252.903","250.692","248.464","248.067","249.406","258.081","265.403","275.24","285.111","293.971","302.147","306.164","307.902","311.336","312.821","309.472","309.035","310.561","309.806","308.964","306.8","303.973","305.44","304.968","304.244","302.447","300.17","296.872","293.348","289.234","284.86","279.587","275.071","269.182","264.881","260.027","258.678","263.945","245.151","239.833","237.169","",
"Togo","TGO","Consumption of iodized salt (% of households)","SN.ITK.SALT.ZS","","","","","","","","","","","","","","","","","","","","","","","","","","","","","","","","","","","","","","","","","","","","","","","74.7","","","","81.4","","","","77.1","","","80.5","","","","","","","","",
"Togo","TGO","International migrant stock, total","SM.POP.TOTL","","","","","","","","","","","","","","","","","","","","","","","","","","","","","","","84844","","","","","101583","","","","","137968","","","","","204219","","","","","255564","","","","","277384","","","","","279936","","","","281994","",
"Togo","TGO","Refugees under the mandate of the UNHCR by country or territory of asylum","SM.POP.RHCR.EA","","5000","5000","5000","5000","5000","0","","","200","","","","","","","100","","","","","","200","1770","1800","3050","2610","3460","3422","3401","3477","3406","3353","3280","12367","10877","12588","12682","11816","12113","12223","12257","12295","12396","11286","9288","6330","1330","9377","8534","14051","19271","23539","20613","21773","21949","12486","12425","12335","11964","10798","10683","9300","28240","47494","54167",
"Togo","TGO","Internally displaced people (IDP) by country or territory of asylum / origin","SM.POP.IDPC","","","","","","","","","","","","","","","","","","","","","","","","","","","","","","","","","","","","","","","","","","","","","","","","","","10000","10000","10000","10000","10000","10000","3000","1500","","","","","","2300","18000","18000","",
"Togo","TGO","Children in employment, wage workers (% of children in employment, ages 7-14)","SL.WAG.0714.ZS","","","","","","","","","","","","","","","","","","","","","","","","","","","","","","","","","","","","","","","","","","","","","","","","","","","2.21","","","","","","","","","","","","","","","",
"Togo","TGO","Unemployment, total (% of total labor force) (national estimate)","SL.UEM.TOTL.NE.ZS","","","","","","","","","","","","","","","","","","","","","","","","","","","","","","","","","","","","","","","","","","","","","","","4.229","","","","10.624","1.982","","","","2.204","","3.744","","2.036","","","1.965","","","",
"Togo","TGO","Prevalence of severe wasting, weight for height, male (% of children under 5)","SH.SVR.WAST.MA.ZS","","","","","","","","","","","","","","","","","","","","","","","","","","","","","2.2","","","","","","","","","","3.8","","","","","","","","","","0.6","1.2","1","","0.6","","1.6","","","1.3","","","","","","","","",
"Togo","TGO","Prevalence of wasting, weight for height, female (% of children under 5)","SH.STA.WAST.FE.ZS","","","","","","","","","","","","","","","","","","","","","","","","","","","","","6","","","","","","","","","","12.4","","","","","","","","","","5.9","5.1","4.4","","4.8","","5.6","","","5.3","","","","","","","","",
"Togo","TGO","Suicide mortality rate, male (per 100,000 male population)","SH.STA.SUIC.MA.P5","","","","","","","","","","","","","","","","","","","","","","","","","","","","","","","","","","","","","","","","","12.72","13.01","13.29","13.71","13.71","13.99","14.17","14.19","14.84","15.14","15.24","15.23","15.14","15.13","15.26","15.26","15.56","15.42","15.38","15.44","14.86","14.65","","","","",
"Togo","TGO","Prevalence of stunting, height for age, male (modeled estimate, % of children under 5)","SH.STA.STNT.ME.MA.ZS","","","","","","","","","","","","","","","","","","","","","","","","","","","","","","","","","","","","","","","","","33.9","33.5","33.2","32.7","32.3","32","31.7","31.3","30.8","30.2","29.7","29.1","28.7","28.3","28","27.7","27.3","26.8","26.4","25.9","25.5","25.3","25.3","25.2","25.1","",
"Togo","TGO","People using safely managed sanitation services (% of population)","SH.STA.SMSS.ZS","","","","","","","","","","","","","","","","","","","","","","","","","","","","","","","","","","","","","","","","","4.32224108805463","4.46840179207966","4.61505167559693","4.76210645471394","4.90944859713617","5.28870451579873","5.67624622802704","6.06085553961802","6.45658827908701","6.86280461629925","7.27950511450206","7.70784326318076","8.14668637786411","8.59461933919338","9.05143129530009","9.5167599733968","9.99047717130244","10.4721137735412","10.9612577226906","11.4574905415172","11.9603846623903","12.4695060547794","12.9843766664402","13.0045399508851","13.0248800875831","",
"Togo","TGO","Mortality rate attributed to unintentional poisoning, female (per 100,000 female population)","SH.STA.POIS.P5.FE","","","","","","","","","","","","","","","","","","","","","","","","","","","","","","","","","","","","","","","","","0.56","0.57","0.61","0.61","0.59","0.57","0.59","0.57","0.58","0.61","0.62","0.64","0.64","0.62","0.64","0.66","0.67","0.79","0.76","0.77","0.72","0.72","","","","",
"Togo","TGO","Prevalence of overweight, weight for height, male (modeled estimate, % of children under 5)","SH.STA.OWGH.ME.MA.ZS","","","","","","","","","","","","","","","","","","","","","","","","","","","","","","","","","","","","","","","","","2","1.9","1.8","1.7","1.7","1.6","1.6","1.5","1.5","1.5","1.4","1.4","1.4","1.5","1.5","1.5","1.6","1.7","1.8","2","2.2","2.5","2.8","3.3","3.8","",
"Togo","TGO","Diarrhea treatment (% of children under 5 who received ORS packet)","SH.STA.ORTH","","","","","","","","","","","","","","","","","","","","","","","","","","","9","19","","33","","","","","","","","","17.1","","12.9","","","","","","10.2","","","","11.3","","","","18.5","","","13.6","","","","","","","","",
"Togo","TGO","People practicing open defecation, rural (% of rural population)","SH.STA.ODFC.RU.ZS","","","","","","","","","","","","","","","","","","","","","","","","","","","","","","","","","","","","","","","","","85.6578104193686","84.2090923570522","82.7603742947354","81.3116562324185","79.8629381701021","78.4142201077852","76.9655020454684","75.516783983152","74.0680659208351","72.6193478585183","71.1706297962019","69.721911733885","68.2731936715682","66.8244756092517","65.3757575469349","63.927039484618","62.4783214223016","61.0296033599848","59.5808852976679","58.1321672353511","56.6834491730347","55.2347311107178","53.786013048401","52.3372949860845","50.8885769237677","",
"Togo","TGO","Prevalence of underweight, weight for age, male (% of children under 5)","SH.STA.MALN.MA.ZS","","","","","","","","","","","","","","","","","","","","","","","","","","","","","20.5","","","","","","","","","","25.2","","","","","","","","","","20.5","17.2","16.3","","18.2","","17.1","","","16.1","","","","","","","","",
"Togo","TGO","People with basic handwashing facilities including soap and water, rural (% of rural population)","SH.STA.HYGN.RU.ZS","","","","","","","","","","","","","","","","","","","","","","","","","","","","","","","","","","","","","","","","","","","","","1.91745248808638","1.91745248808638","1.91745248808638","1.91745248808638","1.91745248808638","2.63672858693667","3.35600468578696","4.07528078463747","4.79455688348776","5.51383298233805","6.23310908118856","6.95238518003885","7.67166127888913","8.39093737773965","9.11021347658993","9.82948957544022","9.82948957544022","9.82948957544022","9.82948957544022","9.82948957544022","","",
"Togo","TGO","Births attended by skilled health staff (% of total)","SH.STA.BRTC.ZS","","","","","","","","","","","","","","","","","","","","","","","","","","","","","45.7","","","","","","","","","","50.5","","35.4","","","60.8","","","52.4","","","","43.9","","","","44.6","","","69.4","","","","","","","","",
"Togo","TGO","People using at least basic sanitation services, rural (% of rural population)","SH.STA.BASS.RU.ZS","","","","","","","","","","","","","","","","","","","","","","","","","","","","","","","","","","","","","","","","","1.64622444768333","1.75764147452355","1.86905850136371","1.98047552820393","2.09189255504414","2.5082718144215","2.95549375294592","3.43355837061728","3.94246566743579","4.48221564340124","5.05280829851386","5.65424363277353","6.28652164618011","6.94964233873388","7.64360571043456","8.36841176128232","9.12406049127724","9.91055190041904","10.7278859887081","11.5760627561439","12.4550822027271","13.3649443284572","14.3056491333343","14.3056491333343","14.3056491333343","",
"Togo","TGO","Mortality rate attributed to household and ambient air pollution, age-standardized, male (per 100,000 male population)","SH.STA.AIRP.MA.P5","","","","","","","","","","","","","","","","","","","","","","","","","","","","","","","","","","","","","","","","","","","","","","","","","","","","","","","","","","","","271.9","","","","","","",
"Togo","TGO","Risk of catastrophic expenditure for surgical care (% of people at risk)","SH.SGR.CRSK.ZS","","","","","","","","","","","","","","","","","","","","","","","","","","","","","","","","","","","","","","","","","","","","80.4","","","80.1","79.6","78.9","76.8","74.6","73","71.1","69.3","67.9","66.9","70.8","69.7","70.9","70.9","67.4","64.2","72.4","","","",
"Togo","TGO","Prevalence of anemia among pregnant women (%)","SH.PRG.ANEM","","","","","","","","","","","","","","","","","","","","","","","","","","","","","","","","","","","","","","","","","55.8","55.8","55.8","55.7","55.6","55.5","55.3","55.2","54.9","54.7","54.5","54.3","54.1","53.9","53.7","53.5","53.3","53.2","53","52.8","52.7","52.5","52.5","52.6","","",
"Togo","TGO","Children with fever receiving antimalarial drugs (% of children under age 5 with fever)","SH.MLR.TRET.ZS","","","","","","","","","","","","","","","","","","","","","","","","","","","","","","","","","","","","","","","","","60","","","","","","48","","","","33.8","","","","18.3","","","31.1","","","","","","","","",
"Togo","TGO","Physicians (per 1,000 people)","SH.MED.PHYS.ZS","0.021","","","","","0.043","","","","","0.035","","","","","0.035","","","","","0.055","0.049","","","0.117","","0.085","","","","","0.088","","","0.056","0.076","","","","","","0.057","","","0.043","","","0.047","0.055","","0.0506","","","","","0.047","0.044","0.072","0.074","0.074","0.079","0.057","0.08","","","",
"Togo","TGO","Immunization, measles (% of children ages 12-23 months)","SH.IMM.MEAS","","","","","","","","","","","","","","","","","","","","","","","","","11","27","43","74","62","78","73","69","64","60","57","53","48","43","40","57","58","40","48","68","70","70","78","71","63","66","68","72","72","72","77","75","73","78","73","78","75","77","79","81","81","",
"Togo","TGO","Incidence of HIV, ages 15-49 (per 1,000 uninfected population ages 15-49)","SH.HIV.INCD.ZS","","","","","","","","","","","","","","","","","","","","","","","","","","","","","","","2.8","3.5","4.2","5.2","5.4","6","6.1","6","5.3","4.6","4.1","3.4","3","2.6","2.4","2.1","1.9","1.8","1.7","1.6","1.5","1.3","1.1","0.99","0.96","0.87","0.82","0.85","0.73","0.69","0.62","0.62","0.6","0.6","0.58","",
"Togo","TGO","Adults (ages 15+) and children (ages 0-14) newly infected with HIV","SH.HIV.INCD.TL","","","","","","","","","","","","","","","","","","","","","","","","","","","","","","","5000","6600","8200","10000","11000","13000","14000","14000","13000","12000","12000","11000","9600","9000","8500","8000","7400","7400","7000","6600","6300","4900","4300","3900","3900","3800","3600","4000","3500","3300","3200","3300","3200","3200","3100","",
"Togo","TGO","Prevalence of HIV, male (% ages 15-24)","SH.HIV.1524.MA.ZS","","","","","","","","","","","","","","","","","","","","","","","","","","","","","","","0.3","0.4","0.5","0.6","0.7","0.8","0.9","0.9","0.9","0.9","0.8","0.7","0.6","0.6","0.5","0.5","0.4","0.4","0.4","0.4","0.4","0.4","0.5","0.5","0.5","0.5","0.5","0.5","0.5","0.5","0.5","0.5","0.5","0.4","0.4","",
"Togo","TGO","People using safely managed drinking water services, urban (% of urban population)","SH.H2O.SMDW.UR.ZS","","","","","","","","","","","","","","","","","","","","","","","","","","","","","","","","","","","","","","","","","23.0733479605371","23.5978854261246","24.1255488126142","24.6563381200057","25.1902533482993","25.7272944974949","26.2674615675925","26.8107545585921","27.3571734704938","27.9067183032974","28.4593890570031","29.0151857316108","29.5741083271205","30.1361568435323","30.701331280846","31.2696316390618","31.8410579181796","32.4156101181994","32.9932882391212","33.5740922809451","34.1580222436709","34.271010943477","34.383999643283","34.496988343089","34.6099770428951","",
"Togo","TGO","People using at least basic drinking water services, rural (% of rural population)","SH.H2O.BASW.RU.ZS","","","","","","","","","","","","","","","","","","","","","","","","","","","","","","","","","","","","","","","","","26.8871599094849","28.3998668621607","29.8885954136274","31.3533455638849","32.7941173129332","34.2109106607723","35.6037256074022","36.9725621528229","38.3174202970344","39.6383000400367","40.9352013818298","42.2081243224136","43.4570688617884","44.6820349999539","45.8830227369101","47.0600320726573","48.2130630071952","49.3421155405239","50.4471896726439","51.5282854035541","52.5854027332552","53.6185416617472","54.6277021890299","56.0768298786886","57.5259575683473","",
"Togo","TGO","Mortality from CVD, cancer, diabetes or CRD between exact ages 30 and 70, male (%)","SH.DYN.NCOM.MA.ZS","","","","","","","","","","","","","","","","","","","","","","","","","","","","","","","","","","","","","","","","","31.4","31.6","31.7","32.3","31.9","32","32","32","32.7","32.5","32.1","31.7","31.3","31.1","30.7","30.4","30.2","30","29.8","29.4","29.9","27.9","","","","",
"Togo","TGO","Mortality rate, under-5 (per 1,000 live births)","SH.DYN.MORT","259.7","257","254.4","251.4","248.3","244.9","241.3","237.6","233.6","229.4","225.1","220.5","216","211.4","206.7","202.1","197.4","192.8","188.2","183.7","179.3","175.2","171.1","167.3","163.7","160.2","157.2","154.4","151.8","149.5","147.3","145.2","143.1","140.8","138.5","135.7","132.8","129.6","126.2","122.8","119.2","115.7","112.2","108.8","105.5","102.4","99.3","96.5","93.7","90.9","88.3","85.6","82.9","80.2","77.7","75.2","72.8","70.4","68.1","66","63.9","62","60","58.1","56.1","",
"Togo","TGO","Probability of dying among adolescents ages 15-19 years (per 1,000)","SH.DYN.1519","","","","","","","","","","","","","","","","","","","","","","","","","","","","","","","11.7","11.7","11.7","11.8","11.9","12","12.2","12.3","12.4","12.4","12.5","12.4","12.4","12.3","12.1","11.8","11.5","11.2","10.9","10.5","10.1","9.7","9.3","9","8.7","8.4","8.2","8","7.7","7.5","7.3","7","6.8","6.6","6.4","",
"Togo","TGO","Number of neonatal deaths","SH.DTH.NMRT","","","","","","","5245","5396","5572","5781","5966","6145","6284","6410","6514","6588","6639","6648","6645","6638","6650","6704","6775","6853","6941","7013","7089","7154","7205","7240","7280","7310","7336","7345","6866","6964","7026","7053","7076","7106","7120","7131","7124","7093","7055","7136","7224","7339","7382","7445","7463","7365","7236","7150","7116","7095","7098","7043","6979","6908","6840","6783","6720","6663","6606","",
"Togo","TGO","Number of infant deaths","SH.DTH.IMRT","10444","10577","10724","10877","11018","11167","11373","11628","11921","12269","12597","12867","13073","13200","13286","13345","13373","13359","13293","13225","13164","13153","13172","13207","13264","13325","13432","13555","13670","13777","13897","14006","14095","14161","13691","13340","13470","13514","13508","13499","13471","13428","13342","13223","13062","13012","13085","13196","13255","13266","13245","13041","12683","12322","12064","11866","11704","11510","11283","11073","10879","10680","10487","10285","10081","",
"Togo","TGO","Number of deaths ages 10-14 years","SH.DTH.1014","","","","","","","","","","","","","","","","","","","","","","","","","","","","","","","894","912","928","910","901","930","949","966","977","988","996","1003","1008","1015","1018","1019","1019","1017","1015","1017","1018","1023","1028","1035","1044","1050","1058","1068","1081","1094","1106","1114","1114","1108","1096","",
"Togo","TGO","Prevalence of anemia among non-pregnant women (% of women ages 15-49)","SH.ANM.NPRG.ZS","","","","","","","","","","","","","","","","","","","","","","","","","","","","","","","","","","","","","","","","","46.9","46.4","46","45.6","45.2","44.8","44.3","43.7","43.1","42.4","41.8","41.2","40.7","40.4","40.1","39.9","39.7","39.6","39.5","39.5","39.5","39.7","40","40.5","","",
"Togo","TGO","Total alcohol consumption per capita (liters of pure alcohol, projected estimates, 15+ years of age)","SH.ALC.PCAP.LI","","","","","","","","","","","","","","","","","","","","","","","","","","","","","","","","","","","","","","","","","1.5","1.5","1.42","1.42","1.54","1.69","1.92","1.98","1.97","1.89","1.79","1.72","1.73","1.72","1.8","1.72","1.63","1.5","1.42","1.42","1.44","","","","","",
"Togo","TGO","Women who believe a husband is justified in beating his wife when she neglects the children (%)","SG.VAW.NEGL.ZS","","","","","","","","","","","","","","","","","","","","","","","","","","","","","","","","","","","","","","","","","","","","","","","","","","","","","","","18.9","","","","","","","","","","","",
"Togo","TGO","Proportion of women subjected to physical and/or sexual violence in the last 12 months (% of ever-partnered women ages 15-49)","SG.VAW.1549.ZS","","","","","","","","","","","","","","","","","","","","","","","","","","","","","","","","","","","","","","","","","","","","","","","","","","","","","","","12.7","","","","","","","","","","","",
"Togo","TGO","Women making their own informed decisions regarding sexual relations, contraceptive use and reproductive health care (% of women age 15-49)","SG.DMK.SRCR.FN.ZS","","","","","","","","","","","","","","","","","","","","","","","","","","","","","","","","","","","","","","","","","","","","","","","","","","","","","","","29.6","","","","","","","","","","","",
"Togo","TGO","Expenditure on tertiary education (% of government expenditure on education)","SE.XPD.TERT.ZS","","","","","","","","","","","6.53689","","","","","","","","","24.77841","","27.87083","","","25.68592","","","26.53303","","","","","32.88113","","","","23.25413","","21.78398","21.99061","17.38879","","","","","","","21.43496","20.10267","14.44607","16.73141","16.02238","18.3499","22.20916","21.68921","17.32638","17.9328","17.74125","","","","","","","","",
"Togo","TGO","Expenditure on primary education (% of government expenditure on education)","SE.XPD.PRIM.ZS","","","","","","","","","","","64.18603","","","","","","","","","24.52449","","24.75178","","","36.58203","","","32.13439","","","","","32.96764","","","","48.80585","","44.64797","37.90643","48.58945","49.38875","50.27852","49.08111","42.79547","41.77848","33.62559","40.72418","44.00411","50.20335","51.67602","48.80468","63.62988","58.58388","58.94724","64.47254","64.06315","","","","","","","","","",
"Togo","TGO","Current education expenditure, secondary (% of total expenditure in secondary public institutions)","SE.XPD.CSEC.ZS","","","","","","","","","","","","","","","","","","","","","","","","","","","","","","","","","","","","","","","81.8717575073242","98.5609283447266","96.7420196533203","","","","","","","98.6059494018555","97.511848449707","96.9146194458008","95.554313659668","98.6171112060547","98.9193496704102","97.6742935180664","98.6642227172852","95.531982421875","96.9303665161133","","","","","","","","98.7764129638672","",
"Togo","TGO","School enrollment, tertiary, female (% gross)","SE.TER.ENRR.FE","","","","","","","","","","","","","0.150020003318787","0.143030002713203","0.16839000582695","0.187710002064705","0.277449995279312","0.374430000782013","0.502550005912781","0.41881000995636","0.456719994544983","0.535560011863708","0.463930010795593","0.404430001974106","0.451579988002777","","","0.493239998817444","0.519699990749359","","0.5694699883461","0.666830003261566","0.62661999464035","0.541819989681244","0.578130006790161","0.722469985485077","0.810220003128052","","1.04601001739502","","","","","","","","","","","","","4.9894838920934","5.58530089770928","6.14561144461658","6.27221427766141","6.51597758594578","7.50027166608521","7.80327832029605","8.59217237717411","9.09726573740644","10.7860283764189","","","","","",
"Togo","TGO","Educational attainment, at least completed short-cycle tertiary, population 25+, male (%) (cumulative)","SE.TER.CUAT.ST.MA.ZS","","","","","","","","","","","","","","","","","","","","","","","","","","","","","","","","","","","","","","","","","","","","","","","","","","4.56835985183716","2.87153642033854","","","","","","","6.85368473577379","","9.74237009393127","","","10.4101358019352","","","",
"Togo","TGO","Educational attainment, at least Master's or equivalent, population 25+, female (%) (cumulative)","SE.TER.CUAT.MS.FE.ZS","","","","","","","","","","","","","","","","","","","","","","","","","","","","","","","","","","","","","","","","","","","","","","","","","","","","","","","","","","","","","","","","","","",
"Togo","TGO","Educational attainment, at least Bachelor's or equivalent, population 25+, total (%) (cumulative)","SE.TER.CUAT.BA.ZS","","","","","","","","","","","","","","","","","","","","","","","","","","","","","","","","","","","","","","","","","","","","","","","","","","","1.55236583526161","5.48918169518439","","","","","","3.10193991661072","","5.28615802433264","","","4.44268989562988","","","",
"Togo","TGO","Adolescents out of school, female (% of female lower secondary school age)","SE.SEC.UNER.LO.FE.ZS","","","","","","","","","","","","","","","","","","","","","","","","","","","","","","","","62.5926208496094","","","","","","","","51.2340393066406","","52.5186080932617","","49.2781295776367","48.939998626709","48.1717300415039","","51.9548683166504","","","","","","","44.6452429505661","20.9109989357211","","27.8463592529297","14.2750233863424","16.4185121407499","21.4773184495868","22.9089463023027","28.4176732632911","29.221255195962","28.2190256228128","",
"Togo","TGO","Trained teachers in secondary education (% of total teachers)","SE.SEC.TCAQ.ZS","","","","","","","","","","","","","","","","","","","","","","","","","","","","","","","","","","","","","","","","","","","","","56.5871810913086","48.4651908874512","50.2665596008301","","","","","","","","","","","","","","","34.4565582275391","","","","",
"Togo","TGO","Trained teachers in secondary education, male (% of male teachers)","SE.SEC.TCAQ.MA.ZS","","","","","","","","","","","","","","","","","","","","","","","","","","","","","","","","","","","","","","","","","","","","","","","","","","","","","","","","","","","","","","34.0964813232422","","","","",
"Togo","TGO","Trained teachers in secondary education, female (% of female teachers)","SE.SEC.TCAQ.FE.ZS","","","","","","","","","","","","","","","","","","","","","","","","","","","","","","","","","","","","","","","","","","","","","","","","","","","","","","","","","","","","","","39.1695213317871","","","","",
"Togo","TGO","School enrollment, secondary, private (% of total secondary)","SE.SEC.PRIV.ZS","","","","","","","","","","","","","","","","","","","","","","","","","","","","","","","","","","","","","","","","17.7194900512695","","","","","","29.1989498138428","31.3274307250977","","","","","23.2709407806396","","","","","","27.011100769043","","","","30.8537101745606","","30.7717094421387","","",
"Togo","TGO","School enrollment, secondary, male (% gross)","SE.SEC.ENRR.MA","","","","","","","","","","","","9.81509971618652","11.4619703292847","13.0110301971435","15.2034101486206","19.2466602325439","24.7593402862549","30.7703609466553","35.348819732666","40.2847213745117","43.7469787597656","","40.9055595397949","36.1122589111328","29.8929500579834","25.9056301116943","26.6959896087646","26.1357192993164","29.097770690918","27.0969696044922","29.6441802978516","28.2768402099609","28.1255798339844","","29.555549621582","31.86203956604","33.9014892578125","34.2043685913086","","41.2122917175293","43.4084892272949","46.9055595397949","51.722541809082","53.9817199707031","54.9728889465332","57.3091583251953","59.0696182250977","55.4879302978516","","","","","","","","","","69.8502123410748","","","","69.0386104398508","","67.6578300306738","","",
"Togo","TGO","Secondary education, vocational pupils","SE.SEC.ENRL.VO","","","","","","","","","","","","2257","2660","2968","3421","4109","5242","6602","7656","7960","8093","","7441","6245","6048","5462","5511","6201","6833","6483","7132","8392","7542","","8224","7631","7809","9076","","15464","15087","18571","19756","20101","19838","27314","27840","31846","","","","27573","","","","","","42212","","","","","","","","",
"Togo","TGO","Secondary education, general pupils (% female)","SE.SEC.ENRL.GC.FE.ZS","","","","","","","","","","","","20.75863","23.63895","22.79661","23.05348","22.62673","23.25817","22.80902","22.81216","23.40078","23.81867","24.02935","25.03884","24.90497","24.66516","23.97458","23.54572","23.45567","24.33192","23.73092","25.39893","25.27037","24.7612","","25.67222","26.06216","26.15604","26.61694","28.50598","28.88989","30.92574","31.37603","32.38206","33.0797","34.05148","34.56421","35.09885","34.27256","34.58285","34.62992","34.93822","36.34871","37.19771","38.16753","38.7328","39.95447","40.65823","42.04819","42.72158","","","","","","","",
"Togo","TGO","Secondary education, duration (years)","SE.SEC.DURS","","","","","","","","","","","7","7","7","7","7","7","7","7","7","7","7","7","7","7","7","7","7","7","7","7","7","7","7","7","7","7","7","7","7","7","7","7","7","7","7","7","7","7","7","7","7","7","7","7","7","7","7","7","7","7","7","7","7","7","7","7",
"Togo","TGO","Educational attainment, at least completed post-secondary, population 25+, total (%) (cumulative)","SE.SEC.CUAT.PO.ZS","","","","","","","","","","","0.151120007038117","","","","","","","","","","","","","","","","","","","","","","","","","","","","","","","","","","","","","","","2.94945001602173","1.75173387736582","5.43935012817383","","","","","","8.56658768439255","","6.37852441650194","","","6.76612726541786","","","",
"Togo","TGO","Educational attainment, at least completed lower secondary, population 25+, male (%) (cumulative)","SE.SEC.CUAT.LO.MA.ZS","","","","","","","","","","","1.97887003421783","","","","","","","","","","","","","","","","","","","","","","","","","","","","","","","","","","","","","","","","27.527253306845","31.4386291503906","","","","","","32.5235710144043","","","","","32.2920799255371","","","",
"Togo","TGO","Lower secondary completion rate, female (% of relevant age group)","SE.SEC.CMPT.LO.FE.ZS","","","","","","","","","","","","","","","2.79501008987427","3.20003008842468","3.76272010803223","4.90024995803833","6.24812984466553","7.88037014007568","8.62026023864746","8.71002960205078","8.87024021148682","7.30749988555908","5.12080001831055","4.73724985122681","4.58466005325317","4.59300994873047","4.19235992431641","4.86445999145508","5.86703014373779","5.80873012542725","5.71956014633179","","6.00684976577759","8.22134971618652","7.95904016494751","","","11.3027200698853","13.4458703994751","16.3180408477783","18.3001708984375","20.4244403839111","22.7711391448975","25.9167804718018","26.492790222168","21.5898208618164","23.0220603942871","","23.5689580931479","27.5414277699476","","28.8075015826124","28.3380809402828","31.4381437521017","33.8371177717227","38.2567868111695","40.7925808744297","44.5010639489305","46.9469546407827","51.1892931898429","58.3731570920183","53.8142417882766","54.3675724774809","",
"Togo","TGO","Children out of school, primary, male","SE.PRM.UNER.MA","","","","","","","","","","","","65124","67384","","","","","","45734","46414","49092","","62094","75233","95363","104085","121998","90625","91951","92528","92485","87626","","","85126","60926","35611","52556","","8392","","26123","10759","27948","18814","24786","12935","36766","33056","","","","","","37962","32092","75879.906","45416","52342","53035","26260","18194","","","","",
"Togo","TGO","Adjusted net enrollment rate, primary, male (% of primary school age children)","SE.PRM.TENR.MA","","","","","","","","","","","","70.64646","70.36263","","","","","","87.16564","87.46991","87.13663","","83.6713","79.13413","72.08842","69.80282","64.35187","75.82939","75.65176","75.74408","76.24196","78.49331","","","73.94212","83.50066","92.43562","89.62625","","","","99.87226","","99.70027","","99.68112","","96.25005","96.72775","","","","","","95.35523","97.13257","","95.54365","97.17986","","","","","","","",
"Togo","TGO","Primary education, teachers","SE.PRM.TCHR","","","","","","","","","","","","3909","4271","4881","5238","5627","6080","6528","7251","8264","8920","9201","9619","10214","10145","10225","10049","10168","10217","10426","10739","11105","10230","","12487","13892","16217","18535","19512","23107","24424","27523","27770","27504","25198","29668","28003","26103","25538","28153","31712","31743","32825","34375","34354","33891","36194","37985","38582","40626","41685","42250","41132","38768","36787","",
"Togo","TGO","Repeaters, primary, total (% of total enrollment)","SE.PRM.REPT.ZS","","","","","","","","","","","","33.89641","31.60795","","","","28.81081","","27.79995","29.80655","30.86612","35.50124","36.77831","34.88094","35.82435","36.56334","34.82753","34.70917","30.90614","37.08947","33.61171","35.77737","37.02287","","45.95537","33.07909","24.21692","","","31.16567","26.95244","24.00553","22.47369","23.6758","23.83601","22.92278","23.79082","23.73071","22.84332","22.36464","22.12897","21.54467","19.98708","17.92848","11.19977","8.8242","7.90809","7.72607","7.56026","","","","","","","",
"Togo","TGO","Persistence to last grade of primary, male (% of cohort)","SE.PRM.PRSL.MA.ZS","","","","","","","","","","","","75.6249465942383","","","","","","","79.0029296875","75.4583587646484","64.8157424926758","51.3877105712891","49.7054100036621","32.7929382324219","43.1885986328125","50.3884315490723","72.5561828613281","62.8005104064941","57.008918762207","65.5262985229492","67.9197082519531","46.8963394165039","","","","70.9745025634766","","","","48.7230186462402","76.1087417602539","","68.3049468994141","76.2545318603516","75.2929382324219","87.5619964599609","","75.9128875732422","","54.6054191589355","55.3765106201172","69.6424865722656","63.9109802246094","54.1749114990234","","","","","","","60.8088302612305","65.0664672851562","54.8977584838867","61.7420501708984","","",
"Togo","TGO","Persistence to grade 5, female (% of cohort)","SE.PRM.PRS5.FE.ZS","","","","","","","","","","","","69.6705017089844","","","","","","","75.2183380126953","67.2210998535156","63.4174690246582","45.2272911071777","46.018798828125","29.4328308105469","35.6230316162109","40.0804901123047","62.7789688110352","51.1200790405273","52.6703796386719","60.4673194885254","59.4810981750488","44.9780807495117","","","","59.6599807739258","","","","49.5107688903809","69.2638626098633","","64.7154083251953","73.6021423339844","70.7174224853516","79.7063903808594","","71.3318862915039","","76.8320465087891","58.1400604248047","73.4888763427734","70.2725524902344","60.4555702209473","","","","","","","74.0777130126953","81.1056213378906","70.4653091430664","75.0552215576172","","",
"Togo","TGO","Over-age students, primary, female (% of female enrollment)","SE.PRM.OENR.FE.ZS","","","","","","","","","","","","18.11574","21.20845","","","","","","22.77904","25.49171","27.87623","","29.03444","26.4835","27.10401","24.74669","28.33295","21.979","21.95048","25.03172","25.16838","25.71721","","","26.65616","24.94994","22.40079","25.08368","","21.56493","","18.662","16.95173","16.61865","15.75522","15.05869","14.32856","14.46682","13.35327","","","","","","","19.58851","19.58863","18.66853","18.40013","","","","","","","",
"Togo","TGO","School enrollment, primary, male (% net)","SE.PRM.NENR.MA","","","","","","","","","","","","70.64646","70.36263","","","","","","87.16564","87.46991","87.13663","","83.6713","79.13413","72.08842","69.80282","64.35187","75.82939","75.65176","75.74408","76.24196","78.49331","","","73.94212","83.50066","92.43562","89.62625","","","","97.04146","","96.42449","","96.107","","93.96773","94.00056","","","","","","93.43842","95.03442","92.84897","93.7767","93.13954","","","","","","","",
"Togo","TGO","Gross intake ratio in first grade of primary education, male (% of relevant age group)","SE.PRM.GINT.MA.ZS","","","","","","","","","","","","93.51003","103.43968","","","","112.7596","","111.63041","118.79568","110.80853","103.21488","93.31766","93.32581","85.04722","90.64724","96.39733","106.15483","99.55177","99.68476","100.71656","100.7323","93.1466","","94.38004","117.64034","139.07586","","","109.28698","105.11222","115.7678","114.16978","106.31225","102.29867","105.75537","113.24457","107.92583","105.99745","136.66857","136.96117","129.31564","132.84909","134.06075","138.83235","138.47147","146.68173","146.97223","143.5291","","","","","","","",
"Togo","TGO","School enrollment, primary (% gross)","SE.PRM.ENRR","","","","","","","","","","","","61.1597290039062","66.7045211791992","72.7819595336914","75.8359069824219","77.9132690429688","83.4515686035156","88.4311599731445","91.6286697387695","96.7850570678711","99.1478881835938","100.217918395996","95.0487365722656","90.3457107543945","80.9340286254883","77.6474761962891","76.709342956543","82.2796020507812","82.6368789672852","86.8178634643555","88.8214797973633","93.8582382202148","92.4719924926758","","96.0042037963867","105.588981628418","110.238662719727","111.314659118652","112.366470336914","118.031967163086","110.808746337891","112.105476379395","113.691993713379","111.294708251953","110.338851928711","109.478187561035","113.06999206543","107.236228942871","107.988212585449","121.990951538086","124.709514209282","122.784071157596","125.758046516929","126.10501578594","122.304207926362","125.602691931749","121.476913528699","119.405694248485","117.836324490464","117.747746676497","119.266830948762","116.971385859009","118.42316752898","116.335465545392","114.272773524266","",
"Togo","TGO","Primary education, duration (years)","SE.PRM.DURS","","","","","","","","","","","6","6","6","6","6","6","6","6","6","6","6","6","6","6","6","6","6","6","6","6","6","6","6","6","6","6","6","6","6","6","6","6","6","6","6","6","6","6","6","6","6","6","6","6","6","6","6","6","6","6","6","6","6","6","6","6",
"Togo","TGO","Primary completion rate, total (% of relevant age group)","SE.PRM.CMPT.ZS","","","","","","","","","","","","23.0747509002686","27.968620300293","","","","39.1793594360352","","47.5585403442383","47.2907485961914","48.9110794067383","45.6610412597656","43.4580612182617","42.5261001586914","36.9401206970215","31.2694301605225","31.1608009338379","29.9851303100586","34.9428291320801","28.4714298248291","34.3056602478027","34.4143981933594","35.2130508422852","","29.1149406433106","40.7760391235352","47.0239486694336","","","56.0234985351562","64.9317169189453","71.3146591186523","","70.5561981201172","71.8916397094727","71.0247802734375","70.7124710083008","","64.1695709228516","63.7249298095703","68.0704185431298","69.7415237140377","73.2405916294769","76.7207985267205","83.0191862165141","","92.9958056836299","90.8908436459446","87.8468202323446","84.3248682319118","84.5138601764403","85.5383633896721","85.7062307406517","87.3158245775118","91.2193185348845","",
"Togo","TGO","Trained teachers in preprimary education (% of total teachers)","SE.PRE.TCAQ.ZS","","","","","","","","","","","","","","","","","","","","","","","","","","","","","","","","","","","","","","","","","37.9928283691406","38.2352905273438","38.3977890014648","35.9826583862305","","","","","","","52.0656136087485","53.7396121883656","50.1485148514852","55.668016194332","","62.8731343283582","","","63.4106262552492","68.777707409753","64.3853645696236","65.1034482758621","72.7762112278903","79.4526498696785","82.7441860465116","",
"Togo","TGO","School enrollment, preprimary, female (% gross)","SE.PRE.ENRR.FE","","","","","","","","","","","","3.77975988388062","2.63067007064819","3.06767988204956","2.89581990242004","2.39421010017395","2.66045999526978","2.03892993927002","2.20104002952576","2.52236008644104","2.26769995689392","2.70040011405945","2.99186992645264","3.02463006973267","2.90005993843079","2.84724998474121","2.81890988349915","2.73227000236511","2.85467004776001","2.67576003074646","2.60593008995056","2.84718990325928","","","2.6219699382782","2.45517992973328","2.48313999176025","2.46586990356445","2.44910001754761","2.61420011520386","2.2019100189209","2.32344007492065","2.63193011283875","2.63343000411987","3.03694009780884","","3.81346011161804","4.19182014465332","4.73333978652954","7.27801990509033","7.35999011993408","9.22698020935059","10.8493099212646","13.9732398986816","15.2706098556519","17.8179702758789","","21.758150100708","23.1605491638184","25.3545398712158","30.2681407928467","29.7833995819092","","","","",
"Togo","TGO","Male primary school age children out-of-school (%)","SE.LPV.PRIM.SD.MA","","","","","","","","","","","","","","","","","","","","","","","","","","","","","","","","","","","","","","","","","","","","","","","","","","","","","","","2.82013702392578","","","","","2.82013702392578","","","","","","",
"Togo","TGO","Male pupils below minimum reading proficiency at end of primary (%). Low GAML threshold","SE.LPV.PRIM.LD.MA","","","","","","","","","","","","","","","","","","","","","","","","","","","","","","","","","","","","","","","","","","","","","","","","","","","","","","","85.4616241455078","","","","","81.4942474365234","","","","","","",
"Togo","TGO","Learning poverty: Share of Children at the End-of-Primary age below minimum reading proficiency adjusted by Out-of-School Children (%)","SE.LPV.PRIM","","","","","","","","","","","","","","","","","","","","","","","","","","","","","","","","","","","","","","","","","","","","","","","","","","","","","","","85.0435714721679","","","","","81.6579208374023","","","","","","",
"Togo","TGO","School enrollment, primary (gross), gender parity index (GPI)","SE.ENR.PRIM.FM.ZS","","","","","","","","","","","","0.446260005235672","0.460260003805161","0.47205001115799","0.487870007753372","0.50330001115799","0.527530014514923","0.551540017127991","0.579869985580444","0.605549991130829","0.621320009231567","0.637139976024628","0.643509984016418","0.647650003433228","0.636380016803741","0.622829973697662","0.615520000457764","0.614480018615723","0.623769998550415","0.628170013427734","0.642449975013733","0.648320019245148","0.660860002040863","","0.661930024623871","0.676069974899292","0.687590003013611","0.704990029335022","0.725750029087067","0.7535600066185","0.777419984340668","0.792360007762909","0.812699973583221","0.824819982051849","0.838110029697418","0.849500000476837","0.86040997505188","0.865920007228851","0.878400027751923","0.853659987449646","0.902419984340668","0.910229980945587","0.923669993877411","0.935750007629395","0.942430019378662","0.951550006866455","0.951659977436066","0.953949987888336","0.964450001716614","0.966359972953796","0.971189975738525","0.964990019798279","","","","",
"Togo","TGO","Literacy rate, adult female (% of females ages 15 and above)","SE.ADT.LITR.FE.ZS","","","","","","","","","","","","","","","","","","","","","","","","","","","","","","","","","","","","","","","","","38.4500007629395","","","","","","44.3800010681152","","","43.6100006103516","45.3800010681152","47.9799995422363","","","","51.2400016784668","","49.5452787346616","","55.0499992370605","","","63.6599998474121","","","",
"Togo","TGO","Literacy rate, youth female (% of females ages 15-24)","SE.ADT.1524.LT.FE.ZS","","","","","","","","","","","","","","","","","","","","","","","","","","","","","","","","","","","","","","","","","63.5499992370605","","","","","","67.9199981689453","","","74.5599975585938","69.1600036621094","72.7099990844727","","","67.68","78.370002746582","","74.7399978637695","","84.0100021362305","","","87.6500015258789","","","",
"Togo","TGO","Coverage of social insurance programs in 3rd quintile (% of population)","per_si_allsi.cov_q3_tot","","","","","","","","","","","","","","","","","","","","","","","","","","","","","","","","","","","","","","","","","","","","","","","","","","","","1.77329612059774","","","","","","","2.04147050887883","","","4.01787125840795","","","","",
"Togo","TGO","Benefit incidence of social insurance programs to poorest quintile (% of total social insurance benefits)","per_si_allsi.ben_q1_tot","","","","","","","","","","","","","","","","","","","","","","","","","","","","","","","","","","","","","","","","","","","","","","","","","","","","0","","","","","","","2.13522139414387","","","0.114911515229233","","","","",
"Togo","TGO","Coverage of social safety net programs in 3rd quintile (% of population)","per_sa_allsa.cov_q3_tot","","","","","","","","","","","","","","","","","","","","","","","","","","","","","","","","","","","","","","","","","","","","","","","","","","","","","","","","","","","8.75757688845673","","","13.7311754157905","","","","",
"Togo","TGO","Benefit incidence of social safety net programs to poorest quintile (% of total safety net benefits)","per_sa_allsa.ben_q1_tot","","","","","","","","","","","","","","","","","","","","","","","","","","","","","","","","","","","","","","","","","","","","","","","","","","","","","","","","","","","0.893159262636951","","","0.0299310330489947","","","","",
"Togo","TGO","Coverage of unemployment benefits and ALMP in 3rd quintile (% of population)","per_lm_alllm.cov_q3_tot","","","","","","","","","","","","","","","","","","","","","","","","","","","","","","","","","","","","","","","","","","","","","","","","","","","","","","","","","","","","","","","","","","",
"Togo","TGO","Benefit incidence of unemployment benefits and ALMP to poorest quintile (% of total U/ALMP benefits)","per_lm_alllm.ben_q1_tot","","","","","","","","","","","","","","","","","","","","","","","","","","","","","","","","","","","","","","","","","","","","","","","","","","","","","","","","","","","","","","","","","","",
"Togo","TGO","Adequacy of social protection and labor programs (% of total welfare of beneficiary households)","per_allsp.adq_pop_tot","","","","","","","","","","","","","","","","","","","","","","","","","","","","","","","","","","","","","","","","","","","","","","","","","","","","28.5044892557047","","","","","","","10.8078864580957","","","13.2715381111261","","","","",
"Togo","TGO","Government Effectiveness - Governance score (0-100)","GOV_WGI_GE_SC","","","","","","","","","","","","","","","","","","","","","","","","","","","","","","","","","","","","","32.4784433","","24.9006887","","24.9407784","","19.275874","19.1458129","21.1697196","18.076946","20.6076396","21.136725","22.1588505","23.200593","24.9789334","25.015037","27.5056274","26.8797516","30.1819081","30.1761041","32.7136809","32.2214828","33.052911","35.1629664","34.1733493","34.287828","32.5101273","33.4969833","35.7568956","",
"Togo","TGO","Control of Corruption - Governance score (0-100)","GOV_WGI_CC_SC","","","","","","","","","","","","","","","","","","","","","","","","","","","","","","","","","","","","","33.1403512","","31.55183","","32.3266051","","29.6148143","29.585369","29.1762005","28.9261164","26.1551414","26.8831443","26.7998484","26.9389523","31.9415362","30.6548608","31.2786624","30.7645821","31.8309648","35.0864655","34.6282963","33.0660243","32.5733271","33.5507362","34.8029666","34.6578166","35.0827066","35.9538091","34.4270752","",
"Togo","TGO","Primary government expenditures as a proportion of original approved budget (%)","GF.XPD.BUDG.ZS","","","","","","","","","","","","","","","","","","","","","","","","","","","","","","","","","","","","","","","","","","","","","","89.2686","85.6501","86.1644","","","86.6363","80.1267","75.6166","76.6994","83.0975","102.607","","","","","","","","","","",
"Togo","TGO","Subsidies and other transfers (% of expense)","GC.XPN.TRFT.ZS","","","","","","","","","","","","","","","","","","","","","","","","","","","","","","","","","","","","","","","","","","","","","6.62897083799394","1.73500977256371","22.3800137310521","26.5598727782591","19.4422748029772","17.5558997364314","30.622171991469","32.9350423636759","34.0603783960828","27.3503626497512","17.2966700770068","11.3645737723423","13.5534384300179","8.89608710945191","12.2728439456025","8.6940940300969","11.8793376594422","18.4481604937095","29.9433396392376","32.3942247733188","","",
"Togo","TGO","Other expense (% of expense)","GC.XPN.OTHR.ZS","","","","","","","","","","","","","","","","","","","","","","","","","","","","","","","","","","","","","","","","","","","","","18.6165691797699","12.7365928782128","18.8299159510544","11.7158758949833","18.9277727197923","12.5393486638075","4.04977071743277","1.91541748135274","1.85109858668802","4.33687796097577","5.740103578015","4.83502891114257","4.22738759323566","3.31390961014965","5.08047037981795","6.86612975264977","4.07568923401686","4.63942183415305","3.70552917755728","3.06321388645809","","",
"Togo","TGO","Interest payments (current LCU)","GC.XPN.INTP.CN","","","","","","","","","","","","","","","","","","","","","","","","","","","","","","","","","","","","","","","","","","","","","17922517463","11590000000","10494405789","12442161113.42","10807028672","12794999455","15056432300","11570000000","18587822650.6667","25698222309","29720671266.2222","45402421509.3333","62808269416.2231","48607199627.7333","70352221380","85860847859.4444","100092442910","99802527994.8889","124806858705","153021998825.424","","",
"Togo","TGO","Compensation of employees (current LCU)","GC.XPN.COMP.CN","","","","","","","","","","","","","","","","","","","","","","","","","","","","","","","","","","","","","","","","","","","","","54504040066","55080000000","59443780184","64286486046","69130905740","94334116596","82625674694","104680000000","120409006848","130633000000","143386329134","171656268684","182686422633","192665412722","200243090556","217781714947","237962524774","249070879784","252288186434","299318750004","","",
"Togo","TGO","Tax revenue (% of GDP)","GC.TAX.TOTL.GD.ZS","","","","","","","","","","","","","","","","","","","","","","","","","","","","","","","","","","","","","","","","","","","","","9.30912880542097","9.11892325570286","9.83282482642317","10.8835244768274","10.3419113744916","10.3162178596308","10.507793254332","11.4052385672697","11.3616620345372","12.1000763248412","13.1664000700405","13.7687186077561","13.8673821156382","13.05865998156","12.859589627012","13.583073444107","12.7192270527961","13.8708614440327","13.4049128202074","13.9214440832607","","",
"Togo","TGO","Taxes on international trade (% of revenue)","GC.TAX.INTT.RV.ZS","","","","","","","","","","","","","","","","","","","","","","","","","","","","","","","","","","","","","","","","","","","","","20.0476537782482","21.6905660499515","19.1663842161794","19.5784428508077","21.2921932250168","18.2928623885064","17.640256148509","18.3211624255415","19.7387958669846","20.0134497256855","19.9680370482672","18.4801514226562","16.8637428053693","16.6612649034193","15.5684743522188","15.943294043413","14.8156620008695","16.4660995636904","16.2294102702372","15.319368802021","","",
"Togo","TGO","Taxes on goods and services (% value added of industry and services)","GC.TAX.GSRV.VA.ZS","","","","","","","","","","","","","","","","","","","","","","","","","","","","","","","","","","","","","","","","","","","","","5.51982806242819","6.12500038349884","6.87527901727553","7.5271067124268","7.24100728947918","6.89716621396477","7.7314418536076","8.39102952057958","8.47961865476261","8.12408463930505","9.71775868640875","10.5554244661117","10.211703888924","10.9205427912655","10.1444554005066","10.5607220920405","10.39155361717","11.1947726742785","10.9039459408434","10.9784609192428","","",
"Togo","TGO","Taxes on exports (current LCU)","GC.TAX.EXPT.CN","","","","","","","","","","","","","","","","","","","","","","","","","","","","","","","","","","","","","","","","","","","","","300000000","313820366","391455291","","","","1429673198","1760000000","1505505840","1880834537","1843941451","2728159692","2475595472","1555802691","1223568235","1101682404","1094500140","1348314021","1321139062","1002502847","","",
"Togo","TGO","Social contributions (current LCU)","GC.REV.SOCL.CN","","","","","","","","","","","","","","","","","","","","","","","","","","","","","","","","","","","","","","","","","","","","","","","","","","","","","","","","","","","","","","","","","","",
"Togo","TGO","Net lending (+) / net borrowing (-) (current LCU)","GC.NLD.TOTL.CN","","","","","","","","","","","","","","","","","","","","","","","","","","","","","","","","","","","","","","","","","","","","","-3434214267","-64009522736","-40623232965","-9953150838.42","3817057618.11","-8262861437","-4973302626","-19200000000","-122437126378.927","-64251058648","-75304869023.222","-155168729804.333","-193931366451.711","8854532924.178","-23033430235.744","73919143188.072","-291132132659.342","-226451552411.389","-408218612611.6","-367188490773.674","","",
"Togo","TGO","Net incurrence of liabilities, total (current LCU)","GC.LBL.TOTL.CN","","","","","","","","","","","","","","","","","","","","","","","","","","","","","","","","","","","","","","","","","","","","","","","36838061699","-11082042117.58","34752000313.89","25379771207","-12154361640","54510000000","120903843015.926","25718288303","75679296649.2221","164300182026.333","190832561693.711","-1852193646.17756","26391998303.1771","-5643350195.07249","198967810620.342","335341547328.389","321607535817.6","321482497481.674","","",
"Togo","TGO","Net acquisition of financial assets (current LCU)","GC.AST.TOTL.CN","","","","","","","","","","","","","","","","","","","","","","","","","","","","","","","","","","","","","","","","","","","","","","","-3785171266","-21035192956","38569057932","17116909770","-3061517776.00001","35310000000","-1533281850.99999","23794645528","374427626","9131452222","157375946","7002339278","3495116338.43334","68275792993","-92164322039","108889424667","-86611076793.9999","-45705993292.0001","","",
"Togo","TGO","Account ownership at a financial institution or with a mobile-money-service provider, secondary education or more (% of population ages 15+)","FX.OWN.TOTL.SO.ZS","","","","","","","","","","","","","","","","","","","","","","","","","","","","","","","","","","","","","","","","","","","","","","","","","","","","20.3783658388125","","","32.7500786731602","","","56.1022381251861","","","","61.9083851929624","","","72.5910238637625","",
"Togo","TGO","Account ownership at a financial institution or with a mobile-money-service provider, female (% of population ages 15+)","FX.OWN.TOTL.FE.ZS","","","","","","","","","","","","","","","","","","","","","","","","","","","","","","","","","","","","","","","","","","","","","","","","","","","","9.21766924099931","","","15.1125772794958","","","37.5931543657929","","","","44.2989014704426","","","45.3494825153525","",
"Togo","TGO","Domestic credit provided by financial sector (% of GDP)","FS.AST.DOMS.GD.ZS","","","","","","","","","","","","","","","","","","","","","","","","","","","","","","","","","","","","","","","","","","","","","","","","","","","","","","","","","","","","","","","","","","",
"Togo","TGO","Real interest rate (%)","FR.INR.RINR","","","","","","","","","","","","","","","","","","","","","","","","","","","","","","","","","","","","","","","","","","","","","","2.71985272969826","5.27225318540164","-0.202055170376248","-3.74980031782193","1.804021576419","5.21151497265106","2.36951484385564","3.23221628610636","3.54454457364396","4.83525153938626","2.88785435794475","3.78210934053472","","","","","","","","","",
"Togo","TGO","Wholesale price index (2010 = 100)","FP.WPI.TOTL","","","","","","","","","","","","","","","","","","","","","","","","","","","","","","","","","","","","","","","","","","","","","","","","","","","","","","","","","","","","","","","","","","",
"Togo","TGO","Broad money to total reserves ratio","FM.LBL.BMNY.IR.ZS","","","","","","","","","","","","","","","","","","","","","","","","","","","","","","","","","","","","","","","","","","","","","","","","","","","","","","","","","","","","","","","","","","",
"Togo","TGO","Monetary Sector credit to private sector (% GDP)","FM.AST.PRVT.GD.ZS","","","7.84608605462202","8.00915991504328","7.6726927014106","4.84418640832298","4.9207979287076","5.36676600213333","7.05396122644903","6.47987296903914","8.44796170705174","8.46776597048347","8.52918336603583","10.4232045326743","8.53307426324123","13.1881734003746","15.3354740253866","16.3978665012868","19.418720881042","21.7268491041438","19.4432270089001","17.1910823498412","18.6737789588831","16.8074177362608","16.316882682137","14.7505614924182","17.6159311852002","18.1892740747601","17.2559893858768","15.9981990761621","15.9838895181791","17.6028557341426","17.7148843128058","20.9411600696186","13.3031595077945","14.2193024302481","13.3103536021199","12.5826958403143","12.2801014151581","10.7130337704434","9.88050671150411","9.08811274800628","8.12424446619038","10.051601367961","9.35311537935271","10.1595456202613","11.2450790183166","16.1657346509353","13.6233156636954","14.1762368872065","15.7145169061165","20.0861035551256","21.8767906182223","27.247557452577","25.4754223409385","29.1751266271894","30.4171056281322","29.6398768907266","27.8062312207682","27.5921731762732","26.8935131331641","26.2154849445079","26.5747677066157","26.2933878174457","25.3652125489184","22.9996367206573",
"Togo","TGO","Claims on central government (annual growth as % of broad money)","FM.AST.CGOV.ZG.M3","","","","0.271739130434783","-4.74358974358974","4.92273730684327","-4.36697247706422","-7.69100169779287","-2.59827833572453","-0.68083615555296","-17.8348272561135","8.61829652996845","9.77891156462585","2.99302108065328","-3.96506220937539","12.7445188394381","-0.848716316571186","1.68158986678314","8.99579849411373","-3.41678984971668","0.859697903362469","13.5069587984223","-1.56607338176841","-2.37260072884485","-7.83875816273608","-4.17080035568098","8.92332896644385","-2.80923217301713","0.810485955829523","-14.9331210058667","6.94240475317546","-2.53796626097163","-4.40891281837885","7.72089720068651","19.0854470685743","14.9470308785693","3.84371205628839","-0.675025962537021","7.31802876014687","0.00684681047673581","-0.336133745946905","-3.57825892435226","-6.41218643268687","-8.61661582745684","-3.27686412842682","-1.74061816555596","-0.223075286101894","-4.38041242595932","3.87813265138813","3.91487736140056","9.58241384264798","0.653302958399213","2.85055218684958","-4.19766737918724","1.34565153696325","-2.07604233625421","-2.2494737822882","9.35356977049731","2.70403944774546","-9.52344923445784","-1.62367607698039","-0.332115425553938","7.82888548983838","1.21067259979523","8.46335237372666","6.74601233405952",
"Togo","TGO","Total reserves (includes gold, current US$)","FI.RES.TOTL.CD","","","","","","","","","","","","","","","","","","","","","","","","","","","","","","","","","","","","","","","","","","","","","","","","","","","","","","","","","","","","","","","","","","",
"Togo","TGO","Borrowers from commercial banks (per 1,000 adults)","FB.CBK.BRWR.P3","","","","","","","","","","","","","","","","","","","","","","","","","","","","","","","","","","","","","","","","","","","","","","","","","","","","","","","","","","","","32.876072801376","33.3469902944745","32.1318335473865","29.6758151546836","36.6158758422677","37.2452627287391","",
"Togo","TGO","Bank nonperforming loans to total gross loans (%)","FB.AST.NPER.ZS","","","","","","","","","","","","","","","","","","","","","","","","","","","","","","","","","","","","","","","","","","","","","","","","","","","","","","","","","","","","","","","","","","",
"Togo","TGO","Renewable internal freshwater resources per capita (cubic meters)","ER.H2O.INTR.PC","","6753.91154255229","6636.04851586218","6515.31495599046","6390.9837113276","6265.02243422816","6138.27996855066","6012.24197025875","5886.80041135938","5627.83104370329","5350.13617259632","5180.58622612763","5035.32830121597","4905.07611398544","4783.11286649043","4667.59423263939","4557.18434167311","4450.49195351055","4345.36015667479","4236.7433222478","4119.78471079828","3993.83213402606","3882.9680192001","3791.52919625845","3702.81765104196","3599.89344315408","3488.7177900338","3384.72822398307","3284.26451752012","3188.31756086498","3096.37452238423","3008.39525395565","2924.28814562243","2957.83870982676","2945.55864824984","2797.74720529382","2679.94302674164","2590.79380570488","2526.56463007249","2464.76775243616","2403.98585034833","2344.95561304888","2287.58754995395","2231.22819216967","2177.48593154742","2124.45461555315","2064.75650954887","2000.54171190355","1937.2864983934","1875.730107556","1817.95532825318","1769.07236921248","1728.35698777736","1691.46302432412","1657.62325077505","1626.24573958969","1597.02614290134","1570.09747984336","1541.92576606224","1509.20120604862","1476.62047541016","1449.06060551076","1425.27541278455","","","",
"Togo","TGO","Level of water stress: freshwater withdrawal as a proportion of available freshwater resources","ER.H2O.FWST.ZS","","","","","","","","","","","","","","","","","","","","","","","","","","","","1.384030418","1.476065126","1.568099834","1.660134542","1.75216925","1.844203958","1.936238666","2.028273374","2.120308082","2.21234279","2.304377498","2.396412206","2.488446914","2.580481622","2.575411914","2.570342205","2.844106464","3.117870722","3.391634981","3.391634981","3.391634981","3.391634981","3.391634981","3.391634981","3.391634981","3.391634981","3.391634981","3.391634981","3.391634981","3.391634981","3.391634981","3.391634981","3.391634981","3.391634981","3.391634981","3.391634981","","","",
"Togo","TGO","Water productivity, total (constant 2015 US$ GDP per cubic meter of total freshwater withdrawal)","ER.GDP.FWTL.M3.KD","","","","","","","","","","","","","","","","","","","","","","","","","","","","27.9299685958769","27.9280330907275","27.3562190982189","25.7766823721498","24.2517812616996","22.1242899960652","17.8915694000338","19.6386784816696","20.2601729090218","21.1330952512994","23.2060935772731","21.8016445405059","21.5163666511843","20.5864062253197","20.7967808691385","21.635184083656","20.8666247944946","18.8481499486532","16.5182554392562","16.9560110289185","16.7567546866072","17.4329924829215","18.3837549392155","19.4600013534016","20.5932070928889","21.8911380947055","23.1661328568548","24.4711361151007","25.8092279642093","26.8970621135597","27.9750728538741","29.3165288841594","30.7587533546251","31.4228352429542","33.0365955736424","35.1160632426051","","","",
"Togo","TGO","Population in urban agglomerations of more than 1 million (% of total population)","EN.URB.MCTY.TL.ZS","5.67231084626833","6.19010675291314","6.50136558337503","6.82306444156386","7.15484519925976","7.49667136634147","7.85128709055671","8.22019862356255","8.60430104994924","8.79199340711828","8.91611823893987","9.1535102300811","9.43340296681544","9.74199299640437","10.0718631513976","10.4205055938073","10.787568635159","11.1685676072298","11.5614541615514","11.9513371346131","12.3222402457828","12.6638860333954","13.0734468465573","13.5751911342838","14.0995246548088","14.5757181239609","15.0213873568867","15.4979052947156","15.9929402592284","16.3241859116287","16.6699111286662","17.0303947328493","17.4080330449646","18.5133182474986","19.3859509146984","19.3614324465691","19.5026911288759","19.823560183239","20.3277503578384","20.8518494545576","21.3865479641166","21.934266204255","22.4996568618675","23.0755559832615","23.681181977233","24.2926766908904","24.1302886493692","23.8949920874226","23.6500398070261","23.4024406673946","23.1814123394587","23.0551510618588","23.0215497560913","23.0258861501243","23.0624402174571","23.1244507885312","23.2093587398436","23.3208080513507","23.407023083031","23.4294956971361","23.4702789682763","23.618352213963","23.8642785825971","24.0959526255951","24.2992911010666","24.5441316928833",
"Togo","TGO","Population living in slums (% of urban population)","EN.POP.SLUM.UR.ZS","","","","","","","","","","","","","","","","","","","","","","","","","","","","","","","","","","","","","","","","","69.27204","","66.02873","","62.78541","","59.54209","","56.29878","","53.05546","","49.81214","","46.56882","","43.32551","","40.08219","","38.5","","38.46053","","","",
"Togo","TGO","Population density (people per sq. km of land area)","EN.POP.DNST","","31.3056995771281","31.861720904578","32.4521419378562","33.0834712263284","33.748630262916","34.4454679168965","35.1675675675676","35.9169516455231","37.5697003125575","39.5197278911565","40.8131274131274","41.9904945762089","43.1055341055341","44.2046699760986","45.2986946129803","46.3961757676043","47.5084390512962","48.657859900717","49.9052950910094","51.3220812649384","52.9406140834712","54.4521419378562","55.7653428939143","57.1013605442177","58.7339400625115","60.6056260341975","62.4676227247656","64.3784703070417","66.3158301158301","68.2849972421401","70.2819635962493","72.3033829748115","71.4832505975363","71.7812649384078","75.5736348593491","78.8956793528222","81.6104798676227","83.6851443280015","85.7833057547343","87.9522338665196","90.1662805662806","92.4274682846111","94.7621253906968","97.1009376723662","99.5248023533738","102.402353373782","105.689336275051","109.140246368818","112.721934179077","116.304247104247","119.51796286082","122.333480419195","125.001801801802","127.553667953668","130.014745357602","132.3935282221","134.664202978489","137.124581724582","140.097904026475","143.189078874793","145.912410369553","148.34741680456","151.201507630079","","",
"Togo","TGO","Nitrous oxide (N2O) emissions (total) excluding LULUCF (% change from 1990)","EN.GHG.N2O.ZG.AR5","","","","","","","","","","","","","","","","","","","","","","","","","","","","","","","","-7.28296756651777","-15.6535249563022","-16.8964847543212","-12.2353855117499","-19.4406680908914","-7.30238881336183","-5.80695280637018","3.82598562827732","8.31229364925228","10.7787919984463","16.7216935327248","17.8675470965236","21.5770052437366","20.1786754709652","37.6772188774519","34.6280831229365","33.2880170906972","38.0656438143329","49.8737618955137","49.2911244901923","57.6616818799767","72.4995144688289","82.3072441250728","77.2965624393086","89.2600504952418","93.455039813556","99.4367838415226","106.447853952224","113.827927752962","126.801320644785","134.045445717615","146.416779957273","158.360846766362","167.391726548844","",
"Togo","TGO","Nitrous oxide (N2O) emissions (total) excluding LULUCF (Mt CO2e)","EN.GHG.N2O.MT.CE.AR5","","","","","","","","","","","0.2369","0.2294","0.255","0.2576","0.2623","0.279","0.2807","0.2796","0.2897","0.2856","0.259","0.2694","0.3442","0.3212","0.3218","0.3579","0.3809","0.396","0.4586","0.4848","0.5149","0.4774","0.4343","0.4279","0.4519","0.4148","0.4773","0.485","0.5346","0.5577","0.5704","0.601","0.6069","0.626","0.6188","0.7089","0.6932","0.6863","0.7109","0.7717","0.7687","0.8118","0.8882","0.9387","0.9129","0.9745","0.9961","1.0269","1.063","1.101","1.1678","1.2051","1.2688","1.3303","1.3768","",
"Togo","TGO","Nitrous oxide (N2O) emissions from Building (Energy) (Mt CO2e)","EN.GHG.N2O.BU.MT.CE.AR5","","","","","","","","","","","0.0138","0.0138","0.0141","0.0145","0.0146","0.0149","0.0153","0.0157","0.016","0.0165","0.0169","0.0174","0.0179","0.0184","0.019","0.0196","0.0202","0.0213","0.022","0.0226","0.0239","0.0243","0.0249","0.0252","0.0256","0.0262","0.0267","0.0268","0.0271","0.0312","0.0321","0.0327","0.0336","0.0345","0.0352","0.0364","0.0369","0.0377","0.0389","0.0418","0.043","0.0442","0.0455","0.0467","0.0478","0.0484","0.0502","0.0507","0.0511","0.0524","0.0536","0.0549","0.0562","0.0823","0.0823","",
"Togo","TGO","Carbon dioxide (CO2) emissions from Waste (Mt CO2e)","EN.GHG.CO2.WA.MT.CE.AR5","","","","","","","","","","","0","0","0","0","0","0","0","0","0","0","0","0","0","0","0","0","0.0001","0.0001","0.0001","0.0001","0.0001","0.0001","0.0001","0.0001","0.0001","0.0001","0.0001","0.0001","0.0001","0.0001","0.0001","0.0001","0.0001","0.0001","0.0001","0.0001","0.0001","0.0001","0.0001","0.0001","0.0001","0.0002","0.0002","0.0002","0.0002","0.0002","0.0002","0.0002","0.0002","0.0002","0.0002","0.0002","0.0002","0.0002","0.0002","",
"Togo","TGO","Carbon dioxide (CO2) emissions from Power Industry (Energy) (Mt CO2e)","EN.GHG.CO2.PI.MT.CE.AR5","","","","","","","","","","","0.0802","0.0802","0.0995","0.0674","0.0642","0.0481","0.0481","0.0642","0.0738","0.077","0.016","0.0193","0.0225","0.0385","0.1155","0.0385","0.0353","0.0385","0.0481","0.0385","0.0674","0.0963","0.0417","0.0642","0.1059","0.0578","0.0513","0.0545","0.138","0.0863","0.0992","0.1856","0.0525","0.0397","0.0844","0.0685","0.1051","0.0866","0.027","0.0379","0.0699","0.02","0.0567","0.0855","0.2531","0.1917","0.5406","0.3065","0.2354","0.2394","0.2641","0.2993","0.3466","0.3424","0.3716","",
"Togo","TGO","Carbon dioxide (CO2) net fluxes from LULUCF - Other Land (Mt CO2e)","EN.GHG.CO2.LU.OL.MT.CE.AR5","","","","","","","","","","","","","","","","","","","","","","","","","","","","","","","","","","","","","","","","","-0.4025","-0.3693","-0.336","-0.3027","-0.2694","-0.2361","-0.2028","-0.1695","-0.1362","-0.1029","-0.0696","-0.0363","-0.003","0.0303","0.0636","0.0969","0.1302","0.1635","0.1968","0.1968","0.1968","0.1968","0.1968","0.1968","","",
"Togo","TGO","Net official flows from UN agencies, UNDP (current US$)","DT.NFL.UNDP.CD","","","","","","","","","1070000.05245209","1110000.01430511","1519999.98092651","2140000.10490417","1830000.04291534","2160000.08583069","2180000.0667572","1779999.97138977","1450000.04768372","1250000","2220000.02861023","2000000","3049999.95231628","3329999.92370605","2650000.09536743","1960000.03814697","3130000.11444092","3309999.94277954","4380000.11444092","3890000.10490417","6760000.22888184","6900000.09536743","6699999.80926514","5639999.8664856","4670000.07629395","2900000.09536743","1690000.05722046","2789999.96185303","3140000.10490417","3380000.11444092","2500000","3769999.98092651","2809999.94277954","2250000","1620000.00476837","2730000.01907349","2069999.9332428","1649999.97615814","5099999.90463257","4599999.90463257","5570000.17166138","6780000.20980835","5840000.15258789","4579999.92370605","4709887.98141479","4609371.18530273","5624405.86090088","4978053.09295654","4695254.80270386","4245943.06945801","4830159.18731689","5073197.84164429","7988843.91784668","5778313.15994263","7121179.10385132","","","",
"Togo","TGO","Net official flows from UN agencies, UNICEF (current US$)","DT.NFL.UNCF.CD","","","","","","","","","","","129999.995231628","109999.999403954","280000.001192093","150000.005960464","90000.0035762787","310000.002384186","140000.000596046","109999.999403954","189999.997615814","400000.005960464","270000.010728836","189999.997615814","159999.996423721","270000.010728836","230000.004172325","430000.007152557","560000.002384186","620000.004768372","709999.978542328","879999.995231628","1169999.95708466","1820000.05245209","2220000.02861023","1990000.00953674","1379999.99523163","1320000.05245209","1629999.99523163","1559999.94277954","1659999.9666214","1250000","1169999.95708466","1620000.00476837","1580000.04291534","1730000.01907349","1610000.01430511","1720000.02861023","2210000.03814697","4030000.20980835","4250000","4449999.80926514","3529999.97138977","4590000.15258789","3905754.08935547","3769016.98112488","3660357.95211792","4641665.93551636","4577403.06854248","6214990.13900757","5160981.17828369","5975999.83215332","6328999.9961853","5539000.03433228","5583000.18310547","7031000.1373291","","",
"Togo","TGO","Net official flows from UN agencies, SDGFUND (current US$)","DT.NFL.SDGF.CD","","","","","","","","","","","","","","","","","","","","","","","","","","","","","","","","","","","","","","","","","","","","","","","","","","","","","","","","","","","","","","500010.013580322","250000","","","",
"Togo","TGO","PPG, other private creditors (NFL, current US$)","DT.NFL.PROP.CD","","","","","","","","","","","-493000","96000","732000","2085000","18846000","32953000","43939000","71350000","138574000","92992000","43084000","-4326000","-5297000","-2111000","-4570000","-4379000","-11150000","-4441000","-6000","-2287000","","","","","","","","","","","","","","","","","","","","","","","","47808000","-11961000","-9986000","-9958000","-10168000","","","","","","","","",
"Togo","TGO","PPG, commercial banks (NFL, current US$)","DT.NFL.PCBK.CD","","","","","","","","","","","","","","1148000","-235000","-248000","11308000","18936000","21010000","31447000","-2156000","-2728000","-800000","-1765000","-7259000","-9140000","-11382000","-3559000","-1844000","","-120000","","","","","","","-6065000","","","","","","","","","","","","","","","","","","11590000","-1021000","-269000","-7217000","124726000","176881000","30655000","11190000","24955000","155352000","",
"Togo","TGO","Net financial flows, others (NFL, current US$)","DT.NFL.MOTH.CD","","","","","","","","","","","","","","","","","","20513.3","18110097.7","9735196.6","10852666.3","3744019.2","3566443.6","4000465.7","675544.7","3286300.4","2877451.3","2599406.9","4024366.3","-2456808.3","-1250633","2756903.7","-1304689.3","4107587","1775633","-1851037.1","380317.7","-8142673.1","12282030.7","889366.3","282261","5755682.9","1243449.7","3326764.6","8719700.8","8841689.3","23529721.6","3272705.2","-6298194.8","-2307247.1","53213165.7","13107409.7","1498137.2","97751880.4","35321093.2","45784050.4","60322300","44739936.6","21669742","-1860295.5","43477785.6","41278961.7","9864611.3","-12445100.6","38899917.2","",
"Togo","TGO","Net financial flows, IMF nonconcessional (NFL, current US$)","DT.NFL.IMFN.CD","","","","","","","","","","","0","0","0","0","0","0","8659087.5","0","-1606819.6","3960140.9","22298086.4","8567250.3","0","20423096.6","11824567.2","4097136.3","7512942","-17930194.5","-3019146.1","-649938.5","5074867.6","-7980000.5","742338.7","-8302949.7","8834393.7","21837599.2","-11469101.7","3319129.1","3272547.3","-9451417","-9362297.5","-10250940.8","-9431814.9","-13671871.2","-16094655.8","-11230738.7","-6391794.2","-6650198.3","47658198.5","41299968.5","43641670.2","13875564.1","0","-1775018.6","-12225438","-16232643.9","-24078593.7","43346670.7","46139925.1","54302916.5","122966038.1","-1253617.9","-3368383","-16789007.5","99944545.1","",
"Togo","TGO","Net official flows from UN agencies, IAEA (current US$)","DT.NFL.IAEA.CD","","","","","","","","","","","","","","","","","","","","","","","","","","","","","","","","","","","","","","","","","","","","","","","","","","","","","","","29999.9993294477","30727.0009070635","110642.001032829","290452.003479004","264623.999595642","259485.989809036","357592.99993515","306614.011526108","255266.010761261","325578.00412178","","",
"Togo","TGO","Portfolio investment, bonds (PPG + PNG) (NFL, current US$)","DT.NFL.BOND.CD","","","","","","","","","","","-6000","-5000","-7000","-5000","-4000","-4000","-4000","-3000","-1000","","","","","","","","","","","","","","","","","","","","","","","","","","","","","","","","","","","","","","","","","","","","","","","",
"Togo","TGO","Present value of external debt (current US$)","DT.DOD.PVLX.CD","","","","","","","","","","","","","","","","","","","","","","","","","","","","","","","","","","","","","","","","","","","","","","","","","","","","","","","","","","","","","","","","","1935804540.5","",
"Togo","TGO","Short-term debt (% of total external debt)","DT.DOD.DSTC.ZS","","","","","","","","","","","0.098","0.8288","0.0052","0.0841","0.2217","0.0865","0.1985","9.3446","12.472","9.6991","10.7132","11.4077","13.3636","7.7855","7.8554","7.9166","8.3727","8.2407","7.0638","13.9164","8.8213","9.8131","10.4","7.5274","9.9486","5.7546","5.9141","3.271","3.521","9.9975","9.165","10.4249","12.4503","10.1581","10.6497","12.9052","12.9062","15.7748","6.5845","2.7158","3.0123","0.9077","6.5173","9.3485","8.5968","5.7343","4.7845","16.3859","16.312","16.1384","12.4695","11.3468","5.179","2.9182","3.402","",
"Togo","TGO","External debt stocks, public and publicly guaranteed (PPG) (DOD, current US$)","DT.DOD.DPPG.CD","","","","","","","","","","","39762347.3","46894651.9","47046592.5","69512425.4","126498168.2","167680508","233035784.3","384619638.7","709759026.7","982114495.8","969514299.5","846420784.8","787658451.6","790972653.6","676794114.8","786492031.1","885341379.6","1047504685.1","1057686435.4","936926500.1","1080511815.9","1139263626.6","1134850187.1","1126673421.6","1227914967.9","1285413462.8","1309367385.7","1213053369.8","1325151414","1286573465.6","1229633542.9","1204293987.6","1336327549.8","1498299061.1","1599209580.4","1440090655.3","1538803930.1","1637998698.3","1465517088.5","1476494391.3","1010287102.9","376466862.8","456202448","594990331.1","715739350.3","840737271.7","984392259.6","1140730252.1","1161431380.3","1365679508.7","1789210490.4","1850766209.5","1854615020.2","2094319606","2421382373.6","",
"Togo","TGO","External debt stocks (% of GNI)","DT.DOD.DECT.GN.ZS","","","","","","","","","","","11.2380537142946","11.820335719346","10.0892184492626","12.3951625781117","16.0105213452505","19.3586582590025","27.8186844509286","40.0413940405336","71.7193224357284","89.1552743293879","71.7155831766156","75.00425616579","85.0559004296356","88.2951771954924","82.2253241768288","89.9970483538095","73.1195583053906","71.9100770727602","64.3922410791622","62.8605686150296","56.4756734468348","60.4760563604793","57.2107044707719","73.807486816998","108.312707925008","81.2445956564275","72.7950047993466","64.4000937306728","66.3484877158113","70.3048372984895","69.594210337696","68.9582569121999","67.0796226312522","58.4416325468716","58.2582486025764","52.9440745837239","54.6794994897202","52.7500816057006","35.9008861999965","36.6704338298948","27.3267687487826","11.2522214691311","14.0277478412149","15.4731478649007","16.0093279906592","18.7626675363985","19.8502415715083","25.5707759681039","24.1991584437359","28.6354005954264","34.5123945153137","42.3995466501444","40.1159249857034","37.4241788914175","43.1643453395059","",
"Togo","TGO","Net ODA provided, total (current US$)","DC.ODA.TOTL.CD","","","","","","","","","","","","","","","","","","","","","","","","","","","","","","","","","","","","","","","","","","","","","","","","","","","","","","","","","","","","","","","","","","",
"Togo","TGO","Net bilateral aid flows from DAC donors, Total (current US$)","DC.DAC.TOTL.CD","29999.9993294478","2530000.01609325","3960000.02697111","5899999.9947846","13919999.724254","12429999.9792129","11149999.9724329","13139999.9260902","14150000.1307577","14739999.756217","13500000.083819","15139999.6038526","17989999.8866022","22459999.717772","33010000.4933774","33589999.5211512","32779999.71807","49309999.3169308","80670001.8718838","86539997.7657943","59760000.186041","44389999.1083891","53580000.8028746","65589999.4615465","73450001.4502555","62660000.0653417","107029999.775812","89369999.8892844","138260000.554845","115479998.303577","195350001.592189","138329999.204725","169530000.403523","81759997.4870682","72940001.2213736","133559996.861964","106000000.584871","80500002.0638108","71210001.4127791","50350001.0222196","55050000.5409122","32909999.6201694","43050000.699237","50830001.3095141","57680000.0369548","66909999.9312311","65260000.5455315","96259997.8297949","215079999.61637","408310003.630817","301650002.708659","373209997.866303","141981345.904991","116696209.562011","115175859.91323","115302981.331974","99488408.1555356","159366842.843127","145196138.137951","132609251.162619","155162360.076094","183974017.663859","163715278.455289","236138704.658952","","",
"Togo","TGO","Net bilateral aid flows from DAC donors, Portugal (current US$)","DC.DAC.PRTL.CD","","","","","","","","","","","","","","","","","","","","","","","","","","","","","","","","","","","","","","","","","","","","","","","","","","","","","","","","","","","","50402.9989242554","","","","","","",
"Togo","TGO","Surface area (sq. km)","AG.SRF.TOTL.K2","","56790","56790","56790","56790","56790","56790","56790","56790","56790","56790","56790","56790","56790","56790","56790","56790","56790","56790","56790","56790","56790","56790","56790","56790","56790","56790","56790","56790","56790","56790","56790","56790","56790","56790","56790","56790","56790","56790","56790","56790","56790","56790","56790","56790","56790","56790","56790","56790","56790","56790","56790","56790","56790","56790","56790","56790","56790","56790","56790","56790","56790","56790","56790","","",
"Togo","TGO","Cereal production (metric tons)","AG.PRD.CREL.MT","","173900","185530","219642","227500","237487","302968","247238","245000","234000","322580","347790","283040","279204","245207","265210","233970","258250","270183","315228","295620","290838","308260","291452","439756","370644","366002","368225","503770","565807","483958","464877","494785","633126","572507","591264","686596","748221","624267","759376","740520","814714","801479","807299","799023","833289","885517","877647","935210","1061456","1045866","1057893","1268350","1213807","1310851","1249728","1263762","1301069","1339107","1372361","1355508","1403574","1439850","1514448.12","","",
"Togo","TGO","Average precipitation in depth (mm per year)","AG.LND.PRCP.MM","","1168","1168","1168","1168","1168","1168","1168","1168","1168","1168","1168","1168","1168","1168","1168","1168","1168","1168","1168","1168","1168","1168","1168","1168","1168","1168","1168","1168","1168","1168","1168","1168","1168","1168","1168","1168","1168","1168","1168","1168","1168","1168","1168","1168","1168","1168","1168","1168","1168","1168","1168","1168","1168","1168","1168","1168","1168","1168","1168","1168","1168","1168","","","",
"Togo","TGO","Land area where elevation is below 5 meters (% of total land area)","AG.LND.EL5M.ZS","","","","","","","","","","","","","","","","","","","","","","","","","","","","","","","0.41113363195585","","","","","","","","","","0.411133631955731","","","","","","","","","","","","","","","0.41113363195663","","","","","","","","","","",
"Togo","TGO","Rural land area where elevation is below 5 meters (sq. km)","AG.LND.EL5M.RU.K2","","","","","","","","","","","","","","","","","","","","","","","","","","","","","","","205.34981743","","","","","","","","","","200.66836279","","","","","","","","","","","","","","","198.761403684","","","","","","","","","","",
"Togo","TGO","Arable land (hectares per person)","AG.LND.ARBL.HA.PC","","1.0571339805734","1.03868585465669","1.01978842789416","1.00032788525128","0.980612207096582","0.960774255947059","0.941046569257891","0.921412238299728","0.880877902492689","0.837412618319424","0.810874365828673","0.788138342799021","0.767751043928156","0.748661144320241","0.730579966847905","0.713298418696661","0.696598740549477","0.717929069363662","0.718404302468106","0.698572190091882","0.677215014030506","0.658416316299147","0.642911472409042","0.643968287137732","0.626068424896362","0.60673352870153","0.59453487064746","0.585455848775326","0.568352260849845","0.557347414029161","0.546743137458026","0.536543303240289","0.547843169733131","0.550691399455405","0.527922733520661","0.510354367701233","0.497882983531112","0.489933836961883","0.4822371689549","0.474525902633974","0.466952030772343","0.459506716555967","0.452066233717855","0.444964516446646","0.43782238598791","0.429110265897548","0.41924395875544","0.409357060095301","0.399612066392364","0.388884357174158","0.378427654631539","0.398273566748696","0.389771914300776","0.381974053439467","0.374743583470669","0.368010372059875","0.361805071442166","0.355313328701299","0.347772451828594","0.340264718246689","0.333913965617698","0.328433029902526","0.322233503772564","","",
"Togo","TGO","Fertilizer consumption (kilograms per hectare of arable land)","AG.CON.FERT.ZS","","","","","","","0.0277777777777778","0.0555555555555556","0.111111111111111","0.141111111111111","0.242222222222222","0.275","0.310555555555556","0.356666666666667","1.19","1.27277777777778","1.57611111111111","0.508333333333333","0.947894736842105","1.56102564102564","1.36051282051282","1.13538461538462","1.42974358974359","1.56974358974359","3.45","4.9","5.55","5.38514851485149","5.9419512195122","6.09756097560976","5.55555555555556","5.61913875598086","5.79620853080569","4.63145539906103","5.19255813953488","7.57281105990783","8.04200913242009","7.60633484162896","7.71300448430493","7.51111111111111","8.73920704845815","8.38427947598253","5.75584415584416","7.85836909871245","3.67106382978723","0.288607594936709","0.0138075313807531","0","0.000411522633744856","2.90897959183673","9.83780487804878","10.2040650406504","5.02301886792453","11.7249056603774","1.84603773584906","3.32679245283019","13.6781132075472","5.77924528301887","15.3569811320755","2.67622641509434","2.67622641509434","2.06490566037736","13.2966037735849","17.3615094339623","","",
"Togo","TGO","Other people in need of international protection by country or territory of asylum","SM.POP.OPIP.EA","","","","","","","","","","","","","","","","","","","","","","","","","","","","","","","","","","","","","","","","","","","","","","","","","","","","","","","","","","","","","","","","","","",
"Togo","TGO","Asylum-seekers by country or territory of origin","SM.POP.ASYS.EO","","","","","","","","","","","","","","","","","","","","","","","","","","","","","","","","","","","","","","","","","1277","1965","2778","5721","5456","7466","6588","1301","1119","959","1023","2974","3018","1508","1691","2128","2645","3762","3546","3380","3330","2984","2889","8192","5251","5334",
"Togo","TGO","Children in employment, wage workers, female (% of female children in employment, ages 7-14)","SL.WAG.0714.FE.ZS","","","","","","","","","","","","","","","","","","","","","","","","","","","","","","","","","","","","","","","","","","","","","","","","","","","2.63","","","","","","","","","","","","","","","",
"Togo","TGO","Unemployment, male (% of male labor force) (national estimate)","SL.UEM.TOTL.MA.NE.ZS","","","","","","","","","","","","","","","","","","","","","","","","","","","","","","","","","","","","","","","","","","","","","","","4.297","","","","9.893","2.317","","","","2.705","","4.735","","2.275","","","1.813","","","",
"Togo","TGO","Share of youth not in education, employment or training, total (% of youth population)  (modeled ILO estimate)","SL.UEM.NEET.ME.ZS","","","","","","","","","","","","","","","","","","","","","","","","","","","","","","","","","","","","","","","","","","","","","","12.954","12.884","12.795","12.406","12.007","11.574","11.185","11.003","10.93","10.92","10.877","11.087","11.4","10.883","10.398","11.275","12.168","13.02","13.056","13.076","13.097",
"Togo","TGO","Share of youth not in education, employment or training, female (% of female youth population) (modeled ILO estimate)","SL.UEM.NEET.FE.ME.ZS","","","","","","","","","","","","","","","","","","","","","","","","","","","","","","","","","","","","","","","","","","","","","","18.376","18.308","18.127","17.589","17.046","16.467","15.947","15.828","15.758","15.764","15.769","15.894","16.122","15.608","15.119","15.346","15.544","15.647","15.648","15.699","15.749",
"Togo","TGO","Unemployment with basic education (% of total labor force with basic education)","SL.UEM.BASC.ZS","","","","","","","","","","","","","","","","","","","","","","","","","","","","","","","","","","","","","","","","","","","","","","","3.667","","","","8.079","0.873","","","","","","4.775","","1.325","","","1.738","","","",
"Togo","TGO","Unemployment with advanced education, male (% of male labor force with advanced education)","SL.UEM.ADVN.MA.ZS","","","","","","","","","","","","","","","","","","","","","","","","","","","","","","","","","","","","","","","","","","","","","","","10.607","","","","15.37","5.917","","","","7.013","","12.005","","9.947","","","4.687","","","",
"Togo","TGO","Unemployment, youth male (% of male labor force ages 15-24) (modeled ILO estimate)","SL.UEM.1524.MA.ZS","","","","","","","","","","","","","","","","","","","","","","","","","","","","","","","","6.504","6.646","6.91","6.649","6.463","6.094","6.115","6.289","6.404","6.662","6.622","6.61","6.5","6.539","6.685","6.761","6.245","5.607","5.063","4.48","3.967","3.946","3.943","3.948","3.963","8.07","12.063","7.87","3.539","3.806","3.721","3.201","3.181","3.186","3.306",
"Togo","TGO","Labor force, total","SL.TLF.TOTL.IN","","","","","","","","","","","","","","","","","","","","","","","","","","","","","","","1199370","1239099","1279557","1236110","1229400","1327983","1410377","1461069","1487202","1527654","1577391","1629238","1682600","1737526","1792289","1844261","1892711","1939204","1984891","2029803","2075723","2126742","2183322","2243862","2309473","2380396","2455743","2533890","2602312","2646782","2653176","2695442","2744142","2804353","2880204","2960760",
"Togo","TGO","Part time employment, female (% of total female employment)","SL.TLF.PART.FE.ZS","","","","","","","","","","","","","","","","","","","","","","","","","","","","","","","","","","","","","","","","","","","","","","","","","","","","32.712","","","","38.29","","36.345","","56.345","","","53.668","","","",
"Togo","TGO","Labor force participation rate, total (% of total population ages 15+) (modeled ILO estimate)","SL.TLF.CACT.ZS","","","","","","","","","","","","","","","","","","","","","","","","","","","","","","","59.181","59.122","59.06","58.995","58.927","58.861","58.792","58.709","58.619","58.537","58.469","58.418","58.379","58.342","58.302","58.267","58.226","58.19","58.17","58.162","58.173","58.184","58.187","58.179","58.162","58.138","58.109","58.074","58.033","57.987","57.436","57.713","57.936","57.921","57.886","57.845",
"Togo","TGO","Ratio of female to male labor force participation rate (%) (modeled ILO estimate)","SL.TLF.CACT.FM.ZS","","","","","","","","","","","","","","","","","","","","","","","","","","","","","","","84.3525459578836","84.7393631129764","85.1498168383481","85.5811980582219","86.0427343688402","86.4949987338567","86.9737218391535","87.5506751364638","88.1933972857647","88.783420089926","89.2758921927072","89.6518155563488","89.9422717294089","90.220491175464","90.5243384514864","90.7867816750413","91.1010483831274","91.3736128236745","91.5294969712931","91.5865226269679","91.5027731604154","91.4189844893663","91.3987336567716","91.4572947002978","91.5887080835365","91.7748346555392","92.0019165000743","92.2768736652153","92.600152676823","92.9613791037822","92.9609407811844","93.1646247573141","94.3274069104327","95.1971688574317","95.6876003719043","95.9282532477431",
"Togo","TGO","Labor force with basic education (% of total working-age population with basic education)","SL.TLF.BASC.ZS","","","","","","","","","","","","","","","","","","","","","","","","","","","","","","","","","","","","","","","","","","","","","","","85.883","","","","59.924","85.535","","","","83.188","","49.994","","71.435","","","66.745","","","",
"Togo","TGO","Labor force with advanced education, male (% of male working-age population with advanced education)","SL.TLF.ADVN.MA.ZS","","","","","","","","","","","","","","","","","","","","","","","","","","","","","","","","","","","","","","","","","","","","","","","69.789","","","","87.4","68.96","","","","71.159","","82.797","","87.82","","","85.783","","","",
"Togo","TGO","Labor force participation rate, female (% of female population ages 15-64) (modeled ILO estimate)","SL.TLF.ACTI.FE.ZS","","","","","","","","","","","","","","","","","","","","","","","","","","","","","","","55.191","55.255","55.313","55.353","55.472","55.563","55.665","55.799","55.91","56.023","56.109","56.177","56.237","56.3","56.352","56.387","56.448","56.493","56.526","56.544","56.537","56.533","56.545","56.573","56.615","56.668","56.73","56.801","56.884","56.975","56.443","56.79","57.436","57.73","57.881","57.924",
"Togo","TGO","Labor force participation rate for ages 15-24, male (%) (national estimate)","SL.TLF.ACTI.1524.MA.NE.ZS","","","","","","","","","","","","","","","","","","","","","71.096","","","","","","","","","","","","","","","","","","","","","","","","","","62.949","","","","31.975","64.842","","","","55.065","","22.353","","46.366","","","35.113","","","",
"Togo","TGO","Children in employment, work only (% of children in employment, ages 7-14)","SL.TLF.0714.WK.ZS","","","","","","","","","","","","","","","","","","","","","","","","","","","","","","","","","","","","","","","","","","","","","","","29.76352","","","","11.4699577472654","","","","14.9204710853764","","","","","","","","","","","",
"Togo","TGO","Children in employment, work only, female (% of female children in employment, ages 7-14)","SL.TLF.0714.WK.FE.ZS","","","","","","","","","","","","","","","","","","","","","","","","","","","","","","","","","","","","","","","","","","","","","","","","","","","13.7901804436622","","","","19.3245026547974","","","","","","","","","","","",
"Togo","TGO","Children in employment, study and work, male (% of male children in employment, ages 7-14)","SL.TLF.0714.SW.MA.ZS","","","","","","","","","","","","","","","","","","","","","","","","","","","","","","","","","","","","","","","","","","","","","","","","","","","90.2677568648303","","","","88.4614406909937","","","","","","","","","","","",
"Togo","TGO","Children in employment, male (% of male children ages 7-14)","SL.TLF.0714.MA.ZS","","","","","","","","","","","","","","","","","","","","","","","","","","","","","","","","","","","","","","","","","","","","","","","39.84446","","","","50.3","","","","37.0804016326208","","","","","","","","","","","",
"Togo","TGO","Employment in services, female (% of female employment) (modeled ILO estimate)","SL.SRV.EMPL.FE.ZS","","","","","","","","","","","","","","","","","","","","","","","","","","","","","","","","46.1124063280599","45.3514095267908","43.83944080056","45.3921629858098","45.6091496919196","46.0372755333332","47.1309100173867","46.9538609779962","46.9315350307802","46.5352431774801","46.3720435246384","46.4899109635952","47.0875378581697","46.6363681596541","45.5634783853579","45.6332817944507","45.2591624870697","45.7844845494548","45.4454912516824","46.5185643633571","47.6130863489542","48.8585819750482","50.0484292507518","51.1177269884539","52.2899288458152","53.1279043515513","54.2195304695305","47.7340848866476","41.9324208256428","41.3743677801611","41.8009809078532","43.0040616468327","44.0404193861909","44.7597382342469","45.5020226673486",
"Togo","TGO","Children in employment, self-employed (% of children in employment, ages 7-14)","SL.SLF.0714.ZS","","","","","","","","","","","","","","","","","","","","","","","","","","","","","","","","","","","","","","","","","","","","","","","","","","","8.32","","","","","","","","","","","","","","","",
"Togo","TGO","Child employment in manufacturing, male (% of male economically active children ages 7-14)","SL.MNF.0714.MA.ZS","","","","","","","","","","","","","","","","","","","","","","","","","","","","","","","","","","","","","","","","","","","","","","","1.06","","","","3.78","","","","","","","","","","","","","","","",
"Togo","TGO","Employment in industry, female (% of female employment) (modeled ILO estimate)","SL.IND.EMPL.FE.ZS","","","","","","","","","","","","","","","","","","","","","","","","","","","","","","","","6.65661948376353","6.71064160052409","6.45302413605372","6.67518620475397","6.92545321394804","7.02416556047787","7.20163284047608","7.15870075069121","7.2413260605553","7.52550388669963","7.57665711660356","7.77476040633935","7.97975780076019","7.98643465202327","7.98907567189573","8.39054434249457","11.3297300193285","13.4768472916197","18.034031916939","19.8671404150767","21.0213206289364","20.3807137037181","19.7899021359577","19.1741185985317","18.4924247859179","17.7754890878152","17.0971216283716","17.8893760254291","18.006615376181","19.1102176521685","20.0265310356534","21.4650518510962","21.2003757829081","20.9497673158298","20.8855026351329",
"Togo","TGO","Contributing family workers, female (% of female employment) (modeled ILO estimate)","SL.FAM.WORK.FE.ZS","","","","","","","","","","","","","","","","","","","","","","","","","","","","","","","","33.3630308076603","33.3102056161627","33.1856155860317","32.8868582922169","32.7343261130709","32.5933378598627","32.4851820846714","32.2868947746641","32.1891096779597","32.0599063534617","31.9716897699363","31.9248674511832","31.8812311872229","31.8621708175395","31.7946402515238","31.6430930595611","31.4690682349256","31.3514518214736","31.212363007114","31.0416437528778","30.8415999652661","30.6179388868705","30.3668161226863","30.1229955970741","29.8305441240731","29.4319856211413","28.9156156343656","28.4246474452671","27.9655708046271","27.0603055975315","25.2571547524993","23.6161408180742","23.2926970993689","22.9864233434053","22.4074794288147",
"Togo","TGO","Wage and salaried workers, total (% of total employment) (modeled ILO estimate)","SL.EMP.WORK.ZS","","","","","","","","","","","","","","","","","","","","","","","","","","","","","","","","16.4363472847519","16.3883774079674","16.1190613174601","16.1053096486192","16.1867500743432","16.3218414441463","16.5991283990254","16.7262010557703","16.8615112389751","16.9400587007171","16.9512455308942","16.9992582811452","17.0986771739686","17.14201000626","17.1027815575456","17.1080905220336","17.089576460204","17.076243884522","17.1310637621479","17.2570789478868","17.4410853659119","17.6385690457074","17.914781387373","18.2140833128538","18.4785318983106","18.8119532041042","19.2049096962269","19.6279250948132","19.9729646840181","19.604402201378","21.128726314117","22.4500831704161","22.7015201854629","22.9503754564034","23.3777452813113",
"Togo","TGO","Vulnerable employment, male (% of male employment) (modeled ILO estimate)","SL.EMP.VULN.MA.ZS","","","","","","","","","","","","","","","","","","","","","","","","","","","","","","","","74.2223922416625","74.3092028198411","74.7327119874147","74.7432673312292","74.6242957660684","74.4264374405038","73.999628562537","73.8252290242128","73.6216932974039","73.508388813682","73.502993675397","73.44410423032","73.3126181997853","73.282008774487","73.3863025622599","73.4125581857751","73.4774203312681","73.5363402483674","73.486255836465","73.349433340628","73.1275976585991","72.8999125073759","72.5454327569801","72.1549080110792","71.8265213332568","71.4123304925327","70.9489053232989","70.50075112669","70.1411378667292","70.8459051004183","68.9202112447315","67.4692651832438","67.1267896159505","66.8147411426292","66.3699411081706",
"Togo","TGO","Employment to population ratio, 15+, male (%) (modeled ILO estimate)","SL.EMP.TOTL.SP.MA.ZS","","","","","","","","","","","","","","","","","","","","","","","","","","","","","","","","61.461","61.151","60.731","60.713","60.635","60.66","60.375","59.963","59.615","59.206","59.069","58.949","58.909","58.749","58.528","58.335","58.426","58.66","58.865","59.158","59.404","59.36","59.274","59.154","59.007","58.317","57.6","58.171","58.742","58.095","58.323","58.532","58.271","58.086","57.881",
"Togo","TGO","Female share of employment in senior and middle management (%)","SL.EMP.SMGT.FE.ZS","","","","","","","","","","","","","","","","","","","","","","","","","","","","","","","","","","","","","","","","","","","","","","","","","","","","","","","","","","29.525","","","","","","","","",
"Togo","TGO","Employers, total (% of total employment) (modeled ILO estimate)","SL.EMP.MPYR.ZS","","","","","","","","","","","","","","","","","","","","","","","","","","","","","","","","1.28855933884606","1.28515560684631","1.27789359601568","1.27931464910452","1.28257216662905","1.28107317039733","1.2796759221885","1.26924708193801","1.26905100842177","1.27604466095797","1.2774751190635","1.28110915848365","1.28024388562636","1.2735338372714","1.26783962532831","1.26627352327863","1.26769037125289","1.25956278541484","1.26247130537001","1.26342945050064","1.26759774377155","1.25762738693776","1.26662711121711","1.27679822252183","1.2706867377487","1.27068891135542","1.27434786485339","1.28390863207069","1.28289229289268","1.36282876653928","1.49581614202309","1.58551908124392","1.5876093631715","1.59025114627108","1.5940828864655",
"Togo","TGO","Employment to population ratio, ages 15-24, total (%) (national estimate)","SL.EMP.1524.SP.NE.ZS","","","","","","","","","","","","","","","","","","","","","","","","","","","","","","","","","","","","","","","","","","","","","","","61.281","","","","33.628","62.909","","","","52.748","","22.772","","44.232","","","35.608","","","",
"Togo","TGO","Employment to population ratio, ages 15-24, female (%) (national estimate)","SL.EMP.1524.SP.FE.NE.ZS","","","","","","","","","","","","","","","","","","","","","","","","","","","","","","","","","","","","","","","","","","","","","","","63.56","","","","41.568","63.226","","","","52.407","","25.778","","43.688","","","37.07","","","",
"Togo","TGO","Child employment in agriculture (% of economically active children ages 7-14)","SL.AGR.0714.ZS","","","","","","","","","","","","","","","","","","","","","","","","","","","","","","","","","","","","","","","","","","","","","","","82.91","","","","72.16","","","","","","","","","","","","","","","",
"Togo","TGO","Annualized average growth rate in per capita real survey mean consumption or income, total population (%)","SI.SPR.PCAP.ZG","","","","","","","","","","","","","","","","","","","","","","","","","","","","","","","","","","","","","","","","","","","","","","","","","","","","","","","","","","","","","","-2.59","","","","",
"Togo","TGO","Average transaction cost of sending remittances from a specific country (%)","SI.RMT.COST.OB.ZS","","","","","","","","","","","","","","","","","","","","","","","","","","","","","","","","","","","","","","","","","","","","","","","","","","","","","","","","","","","","","","","","","","",
"Togo","TGO","Poverty headcount ratio at societal poverty line (% of population)","SI.POV.SOPO","","","","","","","","","","","","","","","","","","","","","","","","","","","","","","","","","","","","","","","","","","","","","","","67.6","","","","","65.5","","","","61.7","","","40","","","38.9","","","","",
"Togo","TGO","Poverty gap at $4.20 a day (2021 PPP) (%)","SI.POV.LMIC.GP","","","","","","","","","","","","","","","","","","","","","","","","","","","","","","","","","","","","","","","","","","","","","","","43","","","","","43.2","","","","40.1","","","21.5","","","20.4","","","","",
"Togo","TGO","Poverty headcount ratio at $3.00 a day (2021 PPP) (% of population)","SI.POV.DDAY","","","","","","","","","","","","","","","","","","","","","","","","","","","","","","","","","","","","","","","","","","","","","","","67.6","","","","","65.5","","","","61.7","","","35.3","","","34.7","","","","",
"Togo","TGO","Income share held by highest 10%","SI.DST.10TH.10","","","","","","","","","","","","","","","","","","","","","","","","","","","","","","","","","","","","","","","","","","","","","","","32.6","","","","","34.5","","","","31.5","","","33","","","29.6","","","","",
"Togo","TGO","Income share held by second 20%","SI.DST.02ND.20","","","","","","","","","","","","","","","","","","","","","","","","","","","","","","","","","","","","","","","","","","","","","","","9.7","","","","","8.7","","","","9.5","","","9.8","","","11","","","","",
"Togo","TGO","UHC service coverage sub-index on service capacity and access","SH_UHC_SCI_CAPACITY","","","","","","","","","","","","","","","","","","","","","","","","","","","","","","","","","","","","","","","","","15","15","15","15","14","14","15","14","13","13","13","17","20","21","23","24","24","26","21","22","21","21","20","21","","",
"Togo","TGO","Proportion of population facing impoverishing out-of-pocket health expenditure, based on the societal poverty line (%)","SH_UHC_FH40_IMPOV","","","","","","","","","","","","","","","","","","","","","","","","","","","","","","","","","","","","","","","","","","","","","","","34.97","","","","","39.51","","","","62.44","","","27.58","","","26.16","","","","",
"Togo","TGO","Domestic private health expenditure per capita (current US$)","SH.XPD.PVTD.PC.CD","","","","","","","","","","","","","","","","","","","","","","","","","","","","","","","","","","","","","","","","","11.48170084","11.31881809","12.58630275","14.89880092","15.10431763","16.93508504","18.08072504","16.49834724","19.66338211","20.36577865","20.83519761","23.43330873","22.9037197","25.13559961","27.13508317","34.31165667","35.56756497","35.48547027","38.66903853","37.03492653","37.01554605","38.95639792","38.33061288","41.06209972","","",
"Togo","TGO","Out-of-pocket expenditure (% of current health expenditure)","SH.XPD.OOPC.CH.ZS","","","","","","","","","","","","","","","","","","","","","","","","","","","","","","","","","","","","","","","","","81.61845398","80.52862549","79.71882629","78.04129791","75.16048431","74.84999084","73.64611053","67.00376129","66.34605408","65.38478851","62.2700119","62.1470108","59.24895859","57.86953354","57.30480576","66.96256256","63.4018898","61.4656601","64.66403961","66.20977783","64.32513428","69.00460052","64.16651154","64.34121704","","",
"Togo","TGO","Domestic general government health expenditure (% of GDP)","SH.XPD.GHED.GD.ZS","","","","","","","","","","","","","","","","","","","","","","","","","","","","","","","","","","","","","","","","","0.29096901","0.32503283","0.34117612","0.37685171","0.44411397","0.50362611","0.56445849","0.59498978","0.60018307","0.68256968","1.12349021","1.03214419","1.16667867","0.96069103","0.99828738","0.92438984","0.97535449","1.04958856","1.03169048","0.89146012","0.91246384","0.55793744","0.66535133","0.6805678","","",
"Togo","TGO","GNI per capita, PPP (constant 2021 international $)","NY.GNP.PCAP.PP.KD","","","","","","","","","","","","","","","","","","","","","","","","","","","","","","","2673.37755319199","2429.97811143462","2307.95365670144","1812.04379784816","1965.3832331632","2015.0352172472","2324.19260464535","2573.74510484979","2484.00741444483","2440.34737732176","2332.91765371088","2287.18914626902","2345.68970766478","2436.12236146568","2324.79483065995","2116.00735903082","2089.10363484339","2014.44965282731","2070.68177957078","2123.31448311498","2155.27698650913","2335.658329864","2328.95504349905","2415.80797005825","2514.97968229617","2664.56782926314","2647.69385492265","2696.0444067167","2777.55727326973","2857.90765727291","2874.77283950165","2958.54108406877","3106.58688231032","3229.70841015549","","",
"Togo","TGO","GNI per capita (constant 2015 US$)","NY.GNP.PCAP.KD","","","","","","681.354877677817","769.22234188459","784.715800793141","809.389240781076","855.719265255336","835.072256681928","681.29291477267","701.666692129067","705.553691612046","927.514712642104","698.875060752092","796.327140918285","890.234488595201","879.229420509854","840.427800403461","872.960511181695","820.343150636774","787.771299426996","710.538604259493","802.382062420625","813.433390825864","821.438011859985","791.314893759768","808.305503174619","818.356037777831","836.539885933962","760.376554270991","722.193274351637","567.015650351867","614.997856821157","630.534706471306","727.274684436966","805.363400266236","777.283132589226","763.621252907773","730.004882998456","715.695747966756","734.001450017201","762.299182151962","727.463129978809","662.130402286633","653.711823947003","630.351474592051","647.947349456657","664.416910879693","674.418457018051","730.862481624501","728.764922899801","755.942504753181","786.974819191642","833.783191339233","828.503071981161","843.632683971187","869.139281049855","894.282119923664","899.559488098257","925.771826745072","972.097574870743","1010.62414540196","","",
"Togo","TGO","GNI, PPP (current international $)","NY.GNP.MKTP.PP.CD","","","","","","","","","","","","","","","","","","","","","","","","","","","","","","","4376623866.86216","4498977587.20335","4424692099.43741","3910559657.92291","4420677209.87179","4938662673.9219","5503561531.44581","6397922378.96674","6341595275.06364","6545449790.09478","6664310683.45214","6869171517.07974","7280798302.13034","7931735567.86449","8040397265.23014","7906918888.53614","8361094130.97359","8515355964.35322","9072895308.84014","9619549225.87473","10297132412.3426","11658914623.5181","11695828981.2396","12549576359.1171","13571212886.4674","14756251021.0889","15298589692.7168","16010179982.2271","17118411210.8192","18803220802.6754","20787235774.4537","23479502746.4005","26708086848.557","29465335173.9885","32139162734.9563","35124181916.2657",
"Togo","TGO","GNI: linked series (current LCU)","NY.GNP.MKTP.CN.AD","","","","","","","","","","","","","","","","","","","","","","","","","","","","","","","617277941357","630172446800","625624341500","495853476200","745526526300","906200579700","1045130830600","1218692196300","1308695462700","1346768928500","1475600790200","1511773599500","1657176948500","1719164260100","1664701765000","1680569207700","1715167292100","1785155000000","2035416000000","2211683000000","2336861000000","2665519000000","2766969000000","2986604000000","3179537000000","3485843000000","3623649000000","3711803000000","3915095000000","4110204000000","4333464000000.01","4746956000000","5400145000000.02","5915871160095.42","6467591672886.79","6934066900453.66",
"Togo","TGO","Gross domestic income (constant LCU)","NY.GDY.TOTL.KN","","","","","","773589016554.054","877945576939.72","920863632072.042","974381689765.382","1075127491660.96","1103602623584.48","909456223772.31","965628317238.863","1009205009342.59","1352743264279.43","1066396617912.9","1226315632687.05","1326699886011.61","1345990615960.65","1379093968975.63","1512621658750.98","1456115421581.44","1480187280899.08","1360197620608.93","1566946781268.7","1644444833279.99","1677423115364.89","1655470197152.62","1730969455366.88","1823304027700.23","1855441352518.62","1729365992318.26","1688052465274.01","1284357190002.34","1505876390907.58","1583347135118.74","1876282367709.93","2147107383485.04","2124295736353.37","2159263549369.46","2109232591571.07","2123973931688.27","2220445127263.67","2361305714865.41","2325699235320.8","2185014783573.94","2240754377652.03","2222415412052.58","2344851461534.18","2479174427148.15","2603966475391.81","2762461086079.87","2936691919245.94","3099503044112.26","3267544884645.42","3457158529628.54","3597808000000","3746478037400.86","3923110876862.84","4120491821008.02","4212712798666.52","4428611406866.23","4782991971347.96","5051318786624.51","","",
"Togo","TGO","Total natural resources rents (% of GDP)","NY.GDP.TOTL.RT.ZS","","","","","","","","","","","6.38800580954129","4.97557071631962","4.87646389201072","6.78043653276118","21.3653539059003","15.4888874494839","11.0659830829157","23.1063597566266","9.99923874965317","9.29110311279225","9.92010964421417","11.0159333630954","14.8722804110022","11.0888374694251","9.56439313923457","7.87100479290926","7.15321880449411","5.59683136135332","5.59521461306537","5.85673980592305","6.11169329304312","6.29687124613528","6.23238965823591","7.36144125463647","11.1059991161753","12.6268567305943","11.2517302304362","10.6753886502018","10.3801458110484","6.80166561450354","7.14401583181283","6.64861942296073","6.84815672076429","9.30157253117212","6.31025984592111","6.87103075962386","8.39328796217993","10.5484843902413","15.1545627268664","14.6752963580582","11.3076284343152","17.924810571738","20.9936889901917","15.5653200902369","13.3950715961836","12.7280087175611","9.003109569313","7.77733835842081","4.87362329556752","4.32587635811955","4.73168572169493","7.86417419787513","","","","",
"Togo","TGO","GDP per capita (constant LCU)","NY.GDP.PCAP.KN","269529.232513104","297072.173990745","302902.782463982","312260.578218906","350060.034307912","396212.272382474","424721.180342665","438881.896162308","451312.963072869","478189.772312637","466069.724182336","451299.614742777","472093.094716715","477529.014052403","488159.821045031","487996.110788393","466678.240837682","487468.611459281","528524.49735821","488683.399128115","544461.574070505","510317.880689648","478377.888666866","441823.195763906","455457.153007509","467397.009685905","460148.636680075","448710.338909011","464312.300535621","469048.276045089","454412.199005606","438410.333392978","409189.655521399","351405.054792033","402376.504713022","412170.378085124","429701.909797312","475132.466498783","452696.755429642","452584.328878033","437965.002564948","430728.523978904","436270.108113377","454117.497698925","438842.197253717","408175.499071336","407218.810757705","389917.582900274","392826.784013444","401088.184433528","411491.975387098","423745.289267946","440085.52812127","455775.890268469","471818.81918415","488198.546786807","499634.211577356","510896.749570544","525788.775477642","539947.046722901","539696.437646683","556822.958563419","582156.716839666","606566.754014239","632110.906746852","657523.96577784",
"Togo","TGO","GDP per capita (current US$)","NY.GDP.PCAP.CD","102.238985564471","104.830748893841","107.761209503061","114.616211257053","130.360610675638","144.098515583253","162.919341838376","171.069637256","174.910439992564","185.029288995797","166.861793379275","182.2883269979","207.562328319841","244.840492887662","329.182274184227","353.836797732978","346.61611702864","424.884142466883","439.835706566761","463.966023357797","574.920225193386","471.976047235317","391.787096992045","356.531424888936","326.546681169977","337.014048169162","454.510025928692","519.18142138477","556.09976573928","529.714170208593","619.184841877398","591.939138361428","607.946006940374","448.033969931112","355.429579368426","449.85596910209","482.27462715388","476.890484883584","492.493381462559","477.217016566667","440.420399069497","426.883605884489","479.438373869587","579.728195854724","604.311329116751","595.200212014134","596.249203137762","654.083697666439","771.351190404751","770.172869777254","750.323421086121","834.14671980279","813.611525037432","885.698522723929","921.539748631461","813.894676975085","843.114204338675","872.076408845752","942.480774393154","917.718016777619","961.219781201934","1076.29520076949","1071.61539220759","1182.32951436696","1266.08777721447","1383.89974929887",
"Togo","TGO","GDP (constant LCU)","NY.GDP.MKTP.KN","450952054210","505829840881","524918102996","551162403318","629901526334","727282492638","795710459439","839477491231","881650253561","977140631780","1001806618596","1001806618596","1078195951579","1119571548736","1173678752460","1202322865776","1177656940615","1259611092513","1398740610783","1326457295740","1519814393553","1469429718373","1416788830726","1340083773138","1414532864753","1493117975925","1516806357034","1524544529422","1625810414379","1691818669736","1687696449763","1675883123200","1609171464700","1366253716500","1570951509300","1694205730600","1843909334400","2109015141500","2060510396400","2111647142800","2095102818000","2112354706500","2193186548600","2340572444300","2317666073200","2209516835500","2268071950400","2241419000000","2331874000000","2459050000000","2603011000000","2754591000000","2928205000000","3098751000000","3273311000000","3452297000000","3597808000000","3742005000000","3921441000000","4114356000000","4203185000000","4419045000000","4697199000000","4988314000000","5313877000000","5649200000000",
"Togo","TGO","GDP (current LCU)","NY.GDP.MKTP.CN","41942355344","43778216527","45755297291","49568244886","57476562292","64819966354","74987838425","80495404463","84590768342","98288963849","99136339515","111422540879","119472164716","127945297036","190505783713","186834061488","209005603263","269730211528","262669206239","267894344555","339069229453","369290302425","381294006728","412079958305","443148372202","483678536825","518842285651","530139903350","579972540328","609508604911","626117941357","638342446800","632824341500","493253476200","770436526300","922980579700","1058660830600","1235522196300","1322465462700","1370398928500","1496300790200","1533273599500","1671986948500","1732724260100","1683031765000","1698779207700","1734927292100","1799645000000","2042166000000","2220673000000","2348485000000","2555317000000","2763918000000","2974130000000","3156746000000","3402694000000","3597808000000","3708901000000","3904353000000","4097242000000","4308855000000","4736617000000","5393309000000","5897860000000","6453600000000","6919100000000",
"Togo","TGO","Gross value added at basic prices (GVA) (constant LCU)","NY.GDP.FCST.KN","","","","","","","","","","","","","","","","","","","","","","","","","","","","","","","1707010621968.47","1698151319400","1661016870200","1466548198200","1642648617500","1695205430300","1847998164400","1892171522900","1842750020400","1900549609000","1886533511000","1916831161200","1993159153600","2122599004300","2092822639200","2009680056400","2066652712800","2073274455200","2169784982500","2273538366000","2396151213000","2545633601200","2714749541600","2870445888900","3009163742300","3144090308100","3296310000000","3429263000000","3597235383100","3744006828700","3813363128300","3934647651900","4223062475100","4476145974900","4740527050600","5626834000000",
"Togo","TGO","Discrepancy in expenditure estimate of GDP (constant LCU)","NY.GDP.DISC.KN","","","","","","","","","","","","","","","","","","","","","","","","","","","","","","","","","","","","","","","","","","","","","","","","","","","","","","","","","0","0","18000000","-239000000","-887000000","19463000000","-200693000000","-109892000000","","",
"Togo","TGO","Inflation, GDP deflator: linked series (annual %)","NY.GDP.DEFL.KD.ZG.AD","","","","","","","","","","","","","","","","","","","","","","","","","","","","","","","2.97594444257834","2.67109282645418","3.24543460439628","-8.19677350934612","35.8423813711266","11.0842103567644","5.3879278063591","2.03603454597328","9.55663247337893","1.11512719389448","10.0494567461461","1.63405347420718","5.02785556565668","-2.89310698803745","-1.90788897317589","5.87615776622891","-0.508763232978126","4.96375135329687","9.07423258687099","3.11724269281331","-0.0933183400535995","2.81959119100415","1.75037449118827","1.68329044618704","0.479878463169484","2.2027014975329","1.45775670689166","-0.884659427232194","0.452907938254626","0.0198866677059328","2.94224256636319","4.55780831498707","7.12146367434005","2.97322929884109","2.71878418150339","0.849119458930559",
"Togo","TGO","Adjusted net savings, excluding particulate emission damage (% of GNI)","NY.ADJ.SVNX.GN.ZS","","","","","","","","","","","","","","","","","","","","","","","","","","","","","","","14.760269576283","7.49847484156868","4.10647485922835","-6.62592420966052","3.17676297601617","4.46818127190095","1.7760707343038","-3.31623783745516","-3.48842000585463","-1.47472280360412","6.70539488407688","5.05841432133665","8.82328292376677","7.81896247587387","10.0115200260868","4.11959117209713","5.79675071984128","0.641118713726302","0.823164644733361","2.47042889662526","2.11741635054428","-1.24188507651463","-6.97378872777402","-0.210382692449543","4.05831396856129","8.43536714745574","3.42509432767165","6.65756591171502","7.42639846260386","11.9133537989735","14.3836035413582","","","","","",
"Togo","TGO","Adjusted net national income per capita (annual % growth)","NY.ADJ.NNTY.PC.KD.ZG","","","","","","","","","","","","","3.56635242575956","1.03736900452299","31.6412123583552","-26.9185339309815","25.5330984699162","1.78346260097526","-0.673919223474456","1.63716079048608","-7.08624702141546","-6.84472464054357","-6.22472704695191","-7.99727447520979","18.0748878717693","7.51208416854874","0.299142680832219","-3.60444319187657","5.65962165497795","2.85679487412371","4.97509798152969","-11.6796214476209","-0.939685197287432","-29.4835160221658","8.56817342105387","1.61880501545031","25.3151610124546","3.57442496922822","5.21417634620447","2.05655697961336","-4.85745223828438","-2.06848002074163","3.20257957392694","0.905389879440335","-2.29572495726477","-9.87600339639307","1.75062869275399","-5.96330552450745","3.37228697322425","-0.456637448103919","2.50121553577362","-1.38817090300066","-6.80873697764885","12.7169208754187","3.24808457999725","11.0745282472644","55.6967962001742","3.40220828310858","6.97430805935775","5.36240889118184","-1.95876006789736","-2.30021603185313","","","","",
"Togo","TGO","Adjusted net national income (constant 2015 US$)","NY.ADJ.NNTY.KD","","","","","","","","","","","","869717386.541235","926718745.337597","961196138.367038","1297594549.25891","971770694.582189","1249449030.83764","1302219942.69129","1324737662.68298","1380943889.08211","1319512981.24005","1267960824.56304","1222982283.79844","1152312487.11395","1393188526.6966","1540670793.27312","1594523324.77115","1584272668.03496","1725141233.3787","1827823260.57456","1975734458.28838","1796007254.84428","1830301019.22946","1276024011.46359","1391131523.63209","1488337688.17759","1947098870.65976","2086090988.83031","2250660271.03668","2354535627.14639","2296805076.42235","2305918295.92242","2439446905.40525","2523710127.0528","2526630114.07135","2333941738.07605","2443462766.71193","2371506467.1632","2531524863.18805","2602663409.98765","2752543329.47473","2789335707.61945","2660652361.98166","3064419319.4854","3228545221.89778","3655283022.1276","5795285442.63668","6095229386.70467","6639458967.40549","7147179750.34548","7161792882.99871","7130134085.63651","","","","",
"Togo","TGO","Adjusted savings: gross savings (% of GNI)","NY.ADJ.ICTR.GN.ZS","","","","","","","","","","","","","","","60.3307603403592","23.4402350215829","31.2413728663949","27.5270818624299","44.4995230085534","30.1820359478143","28.2202948425886","20.7193761474963","16.9502091147596","23.5081684084565","18.7352640156172","13.8784928377692","14.0921478326568","13.2164589849226","13.2210183219413","13.3316743344659","21.3515967777331","14.2785638399955","10.3737104300633","2.8224617272628","15.0389518532849","17.3308833188524","12.1179186728357","5.25891997358541","7.09944084021118","5.41439540929571","13.8100600317891","12.2335115387765","16.3554463631054","17.7457718220163","17.6472293355267","12.824698379891","12.124644900289","11.1589535490013","12.9454368042892","15.9474668575097","15.8662144621834","16.8941606464173","15.6949484625881","16.3352893119187","17.7122926921225","20.5064456291682","14.6247409476974","17.0459288050122","15.468749267707","19.7148253088056","22.3052975169672","","","","","",
"Togo","TGO","Adjusted savings: energy depletion (% of GNI)","NY.ADJ.DNGY.GN.ZS","","","","","","","","","","","","0","0","0","0","0","0","0","0","0","0","0","0","0","0","0","0","0","0","0","0","0","0","0","0","0","0","0","0","0","0","0","0","0","0","0","0","0","0","0","0","0","0","0","0","0","0","0","0","0","0","0","","","","",
"Togo","TGO","Adjusted savings: consumption of fixed capital (% of GNI)","NY.ADJ.DKAP.GN.ZS","","","","","","","","","","","5.67852044330595","5.19376600112661","6.0168668979767","6.38962191840414","4.16841333380533","4.61470107621511","4.53476659292564","4.87871531791793","5.89132503528985","6.62441381324026","7.43624403694952","9.253812577881","9.56611059418136","10.5298926299014","10.4927954961568","9.3464451815463","8.36213143380428","8.27604346012013","6.62689339238707","6.51441855281519","5.77893021979879","6.65078890949032","6.30629516355879","7.8491485739412","6.18601801267368","5.49043631166947","3.81570455645258","3.07837452033491","3.97365055333311","3.36505409758431","3.72272023007274","3.70970706854816","3.42341191736252","3.33630119157112","3.52176227656634","3.80414967990929","0.584600492033516","3.79043289681859","4.66946311155696","5.85026813079266","7.80998902478616","9.26290457752466","10.2907951683803","9.07207703862735","8.3808544926314","7.07090836730062","6.9878985318486","6.76867896432679","6.3930538554676","6.19655860265094","5.92821532835795","5.65192375729986","","","","",
"Togo","TGO","Adjusted savings: carbon dioxide damage (% of GNI)","NY.ADJ.DCO2.GN.ZS","","","","","","","","","","","","","","","","","","","","","","","","","","","","","","","0.743158605079845","0.758025340931449","0.603242088603546","0.731773599206509","1.43111045849263","1.18442887959393","1.50429756658837","0.855932023426295","1.3135250181132","1.97347846669747","1.61147685408914","1.57599551420946","1.60274114930846","1.83783287835595","1.76390745257866","1.81262588862246","1.66406316946711","1.46752778452805","1.27352892485866","2.31779826901264","2.20673715394538","1.83055723090096","1.79406600698864","1.30137069104984","1.15851149753235","1.4725011790031","1.35956123009735","1.21011995055751","1.26905121789589","1.33442592929641","1.26278274406509","1.20272122881421","","","","",
"Togo","TGO","Services, value added (% of GDP)","NV.SRV.TOTL.ZS","","","","17.2839820992326","20.3125380214763","23.6781544828014","27.495293031578","26.1403496489938","27.5459106847132","30.1724295980578","39.7557655354388","37.9731391944719","40.2968036533388","38.9380533189761","32.8232583779203","34.9961026502652","32.0616281730389","26.5995274291149","42.7966112288458","44.0789415883905","39.0520134226319","39.5348837208232","39.5253985910429","38.6912751677653","38.5595920968676","37.9854014598284","34.7553075666805","35.5767181672573","34.2356224218318","32.8917979611254","52.2158892636794","52.3376697217623","52.1724068194681","53.2516727552664","55.7076295903547","52.1661499808044","50.1278705191381","50.205401494008","49.817981246551","50.6334265351113","47.8963795644462","50.3120943875614","48.669760988867","48.3943762784048","49.640805026636","51.4590483352783","50.5916665209396","49.1843669168086","48.8432869805883","50.5030682140054","50.6230186694827","50.8512251121876","52.1384498382369","51.3808071604133","48.4642413421922","49.1710391824831","50.351464002526","50.5464826373095","50.5321112102312","51.2355140360272","51.5098326585601","49.7102678979533","48.7608627653264","49.2368248822454","49.1964794843188","61.709225188247",
"Togo","TGO","Services, value added (current LCU)","NV.SRV.TOTL.CN","","","","8567366573","11674948569","15348171769","20618125913","21041780178","23301297495","29656168420","39412410698","42310636542","48143463636","49819407979","62530205613","65384639944","67010599379","71746961600","112413519012","118084991655","132413360998","145998491656","150707975963","159438990579","170876204705","183727233988","180325232164","188606379307","198557209057","200478338883","326933050919","334093561500","330159689900","262665727000","429191926300","481483433500","530684130400","620298879200","658825596200","693879934700","716673905900","771422060600","813752051600","838541098300","835470517000","874175613600","877728630000","885144000000","997461000000","1121508000000","1188874000000","1299410000000","1441064000000","1528132000000","1529893000000","1673140000000","1811549000000","1874719000000","1972952000000","2099243000000","2219484000000","2354585000000","2629824000000","2903919000000","3174944000000","4269723000000",
"Togo","TGO","Medium and high-tech manufacturing value added (% manufacturing value added)","NV.MNF.TECH.ZS.UN","","","","","","","","","","","","","","","","","","","","","","","","","","","","","","","","","","","","","","","","","","","","","","","","","","","","","","","","","","","","","","","","","","",
"Togo","TGO","Chemicals (% of value added in manufacturing)","NV.MNF.CHEM.ZS.UN","","","","","","","","","","","","","","","","","","","","","","","","","","","","","","","","","","","","","","","","","","","","","","","","","","","","","","","","","","","","12.7452703890519","13.4597459409439","12.5933399243495","","","","",
"Togo","TGO","Industry (including construction), value added (constant 2015 US$)","NV.IND.TOTL.KD","","","","","","220381546.286661","266693548.014713","313006777.587573","314603393.876146","336960207.825854","314603393.876146","322587786.973758","376885549.005904","415212878.888573","450345608.554122","461524880.616626","501006803.971713","576362207.339837","578122486.09802","576089343.62359","667533894.467418","563998014.199342","580345796.569667","542200989.726432","491795388.242431","562635703.792245","553099474.389516","563998014.199342","643611656.692385","686814321.584453","656301612.173941","702782382.410068","648740772.000883","458154369.915498","578802246.546617","698916141.183968","735432971.662922","752321571.175211","683881620.814973","702954024.13415","732924967.771872","740622979.706833","799534703.742756","827182194.217704","796188522.127878","836540800.470318","902629142.049392","851300924.149655","833445587.551105","855820549.065222","931036673.264531","1011143457.52383","980460558.425141","1199264931.78448","1322461452.07938","1316068343.42442","1278369305.1811","1298710034.19831","1406136842.76196","1387019184.00049","1463805229.31538","1562927208.82744","1650333018.77211","1757937663.49666","1999480380.09193","1935601994.83146",
"Togo","TGO","Manufacturing, value added (constant LCU)","NV.IND.MANF.KN","","","","","","","","","","","","","","","","","139954188054.109","142672055539.745","120931320665.565","131801688102.655","149466173162.799","156060274599.874","162654364799.727","150565186162.939","123089789569.142","135178968205.93","141773058404.589","142872071725.725","151642220571.488","177252459405.104","201670536351.92","212199099700","218173357400","135413061100","168514316800","209605430400","215199418200","221339626300","201119927000","201119927000","253872694000","275134683800","294167205900","267950634300","265580680800","284043571600","313902725700","320600974400","305471648100","328235921500","331744675700","345781260300","333820482300","441192303800","507932536600","498966036200","480067000000","480299000000","510367262800","519343075800","577187269000","566805248100","608908264800","649963822300","669660289200","",
"Togo","TGO","Manufacturing, value added (current US$)","NV.IND.MANF.CD","","","","","","","","","","","","","","","","","","","","","","","","","","","","","","","","","","","","","","","","","","","","","","","","717882980.404653","740670335.498915","713122879.458172","692556535.750611","771531161.981574","647098028.974033","875807510.232079","1034214519.91406","856486774.048913","810095260.403498","830988359.301773","931556935.052055","883417427.758778","1027594477.38831","1068878651.30274","1004069353.94501","1150952549.15037","1215309168.60511","",
"Togo","TGO","Agriculture, forestry, and fishing, value added (% of GDP)","NV.AGR.TOTL.ZS","","","","56.1728222232541","51.8228906257078","47.1264386210453","43.8794721278832","44.210528069783","44.5742891488536","42.9597543106358","32.1573959296494","30.5250299146699","29.6803641553597","32.0796454647734","25.4016840091862","27.4356975835973","35.069699560048","40.1066343010561","23.7288135592446","22.6033890978867","26.4681208052352","27.209302325616","26.8817204300088","30.1006711409131","33.3970681962785","32.6131386861752","34.8938486663324","32.8982418753821","33.7539432176025","32.2289156625908","15.1986157962116","14.3214224838542","15.4479055385704","18.701101006047","14.965637734458","16.7474394694461","19.573823325697","21.2818560757086","19.7297297327748","20.6555079118336","14.8052104263334","15.1644610248179","15.7403641419633","14.5723915809563","15.4058695261762","17.3325641240129","16.9609148487036","16.9297833739432","20.68166838543","21.3483480008088","21.077801220787","19.8649717432319","20.975947911624","19.1395466909651","19.3388381580273","18.9218601496344","20.385078914717","20.3155597844213","19.6494784155019","19.5287220037284","19.1736551821772","20.550806619999","21.2198485197121","20.7728226848382","21.344334944837","20.3258949863422",
"Togo","TGO","Agriculture, forestry, and fishing, value added (current LCU)","NV.AGR.TOTL.CN","","","","27843882079","29786016012","30547341658","32904267661","35587443385","37705733674","42224697384","31879665208","34011763935","35459773552","41044397678","48391677198","51259228093","73297637128","108179709537","62328286226","60553201071","89745253265","100481314846","102498388905","124038833087","147998564075","157742752010","181044041972","174406707682","195763601940","196438014233","95161260338","91419718700","97758106500","92243830800","115300739500","154575613900","207220400600","262942055600","260918861600","283062859100","221530480600","232512677400","263176834100","252499364200","259285677800","294441995500","294259540700","304676000000","422354000000","474077000000","495009000000","507613000000","579758000000","569235000000","610478000000","643853000000","733416000000","753484000000","767185000000","800139000000","826165000000","973413000000","1144452000000","1225152000000","1377478000000","1406369000000",
"Togo","TGO","External balance on goods and services (% of GDP)","NE.RSB.GNFS.ZS","","","","-9.56790123375844","-8.07291666719224","-6.20689655256466","-1.69491525518659","0.701754385568246","2.17028380635772","1.72413793129761","-1.22116689290997","-5.86080586072039","-7.19178082227325","-6.74778761080276","17.5975516446813","-18.004676539219","-9.90462215692411","-18.7203791469827","-29.8728813558007","-27.4436090228497","-13.2130872483698","-15.6589147286759","-13.1256952170512","-8.02013422806129","-0.764818355567617","-8.72992700734153","-11.7583015787646","-9.37666489069804","-11.8660519291274","-9.29101019472383","-7.28015586843084","-8.91041298994501","-7.70807472171169","-7.76365630406073","-5.92312172933382","-10.0871169066484","-9.51234038222855","-8.24621043677805","-9.59498857844917","-7.42929060893527","-8.49468330381692","-10.3751002790288","-8.7332822921255","-8.93077695415133","-10.7223711015341","-11.0890028348679","-11.5174675682307","-12.5299156222477","-11.6545863558594","-10.4876314522669","-11.3465915260264","-14.7430240553325","-9.73484017977379","-13.9255513377021","-12.6378555639256","-15.7068781383222","-12.9820435109378","-7.60470554485008","-8.91364074918431","-8.52641850298323","-8.92543378693412","-10.1089659560822","-11.5566714237957","-10.7650741116269","","",
"Togo","TGO","Trademark applications, nonresident, by count","IP.TMK.NRCT","","","","","","","","","","","","","","","","","","","","","","","","","","","","","","","","","","","","","","","","","","","","","","","","","","","","","","","","","","","","","","","","","","",
"Togo","TGO","Industrial design applications, resident, by count","IP.IDS.RSCT","","","","","","","","","","","","","","","","","","","","","","","","","","","","","","","","","","","","","","","","","","","","","","","","","","","","","","","","","","","","","","","","","","",
"Togo","TGO","Public private partnerships investment in ICT (current US$)","IE.PPN.ICTI.CD","","","","","","","","","","","","","","","","","","","","","","","","","","","","","","","","","","","","","","","","","","","","","","","","","","","","","","","","","","","","","","","","","60200000","",
"Togo","TGO","Investment in ICT with private participation (current US$)","IE.PPI.ICTI.CD","","","","","","","","","","","","","","","","","","","","","","","","","","","","","","","","","","","","","","","","","","","","","","","","","","","","","","","","","","","","","","","","","60200000","",
"Togo","TGO","Management practices index","IC.MNG.IND","","","","","","","","","","","","","","","","","","","","","","","","","","","","","","","","","","","","","","","","","","","","","","","","","","","","","","","","","","","","","","","","48.19614029","","",
"Togo","TGO","Value lost due to electrical outages (% of sales for affected firms)","IC.FRM.OUTG.ZS","","","","","","","","","","","","","","","","","","","","","","","","","","","","","","","","","","","","","","","","","","","","","","","","","","0","","","","","","","0.625","","","","","","","1","","",
"Togo","TGO","Firms formally registered when operations started (% of firms)","IC.FRM.FREG.ZS","","","","","","","","","","","","","","","","","","","","","","","","","","","","","","","","","","","","","","","","","","","","","","","","","","75.82106781","","","","","","","81.02228546","","","","","","","80.17970276","","",
"Togo","TGO","Firms exporting directly at least 10% of sales (% of firms)","IC.FRM.EXS.ZS","","","","","","","","","","","","","","","","","","","","","","","","","","","","","","","","","","","","","","","","","","","","","","","","","","8.937338829","","","","","","","26.43374634","","","","","","","21.02371407","","",
"Togo","TGO","Firms that are fully credit constrained (% of firms)","IC.FRM.CRDC.FL.ZS","","","","","","","","","","","","","","","","","","","","","","","","","","","","","","","","","","","","","","","","","","","","","","","","","","","","","","","","","19.94498062","","","","","","","18.76641083","","",
"Togo","TGO","Firms that use a third party to resolve commercial disputes (% of firms)","IC.FRM.CDP.ZS","","","","","","","","","","","","","","","","","","","","","","","","","","","","","","","","","","","","","","","","","","","","","","","","","","","","","","","","","","","","","","","","68.3624649","","",
"Togo","TGO","Firms using banks to finance working capital (% of firms)","IC.FRM.BKWC.ZS","","","","","","","","","","","","","","","","","","","","","","","","","","","","","","","","","","","","","","","","","","","","","","","","","","16.93523979","","","","","","","40.3285141","","","","","","","36.45627213","","",
"Togo","TGO","Average time to clear exports through customs (days)","IC.CUS.DURS.EX","","","","","","","","","","","","","","","","","","","","","","","","","","","","","","","","","","","","","","","","","","","","","","","","","","2.517184019","","","","","","","8.249555588","","","","","","","4.411919594","","",
"Togo","TGO","B-READY: Utility Services Pillar 2: Quality of Governance and Transparency of Utility Services","IC.BRE.US.P2","","","","","","","","","","","","","","","","","","","","","","","","","","","","","","","","","","","","","","","","","","","","","","","","","","","","","","","","","","","","","","","","","67.5378767251968","",
"Togo","TGO","B-READY: Taxation Pillar 2: Public Services Provided by the Tax Administration","IC.BRE.TX.P2","","","","","","","","","","","","","","","","","","","","","","","","","","","","","","","","","","","","","","","","","","","","","","","","","","","","","","","","","","","","","","","","","59.7916679382324","",
"Togo","TGO","B-READY: Pillar 2: Public Services","IC.BRE.P2.PS","","","","","","","","","","","","","","","","","","","","","","","","","","","","","","","","","","","","","","","","","","","","","","","","","","","","","","","","","","","","","","","","","49.5816254640179","",
"Togo","TGO","B-READY: Market Competition Pillar 1: Quality of Regulations that Promote Market Competition","IC.BRE.MC.P1","","","","","","","","","","","","","","","","","","","","","","","","","","","","","","","","","","","","","","","","","","","","","","","","","","","","","","","","","","","","","","","","","57.929562613368","",
"Togo","TGO","B-READY: Labor Pillar 1: Quality of Labor Regulations","IC.BRE.LB.P1","","","","","","","","","","","","","","","","","","","","","","","","","","","","","","","","","","","","","","","","","","","","","","","","","","","","","","","","","","","","","","","","","59.3878205128205","",
"Togo","TGO","B-READY: International Trade Pillar 1: Quality of Regulations for International Trade","IC.BRE.IT.P1","","","","","","","","","","","","","","","","","","","","","","","","","","","","","","","","","","","","","","","","","","","","","","","","","","","","","","","","","","","","","","","","","71.07608674299","",
"Togo","TGO","B-READY: Financial Services Pillar 1: Quality of Regulations for Financial Services","IC.BRE.FS.P1","","","","","","","","","","","","","","","","","","","","","","","","","","","","","","","","","","","","","","","","","","","","","","","","","","","","","","","","","","","","","","","","","61.493055537343","",
"Togo","TGO","B-READY: Dispute Resolution Pillar 1: Quality of Regulations for Dispute Resolution","IC.BRE.DR.P1","","","","","","","","","","","","","","","","","","","","","","","","","","","","","","","","","","","","","","","","","","","","","","","","","","","","","","","","","","","","","","","","","94.5929260253906","",
"Togo","TGO","B-READY: Business Location Pillar 1: Quality of Regulations for Business Location","IC.BRE.BL.P1","","","","","","","","","","","","","","","","","","","","","","","","","","","","","","","","","","","","","","","","","","","","","","","","","","","","","","","","","","","","","","","","","68.3750001713634","",
"Togo","TGO","B-READY: Business Insolvency Pillar 1: Quality of Regulations for Judicial Insolvency Proceedings","IC.BRE.BI.P1","","","","","","","","","","","","","","","","","","","","","","","","","","","","","","","","","","","","","","","","","","","","","","","","","","","","","","","","","","","","","","","","","84.77778","",
"Togo","TGO","B-READY: Business Entry Pillar 1: Quality of Regulations for Business Entry","IC.BRE.BE.P1","","","","","","","","","","","","","","","","","","","","","","","","","","","","","","","","","","","","","","","","","","","","","","","","","","","","","","","","","","","","","","","","","77.8571422100067","",
"Togo","TGO","Human capital index plus (HCI+): overall score, female (scale 0–325)","HD_HCIP_OVRL_FE","","","","","","","","","","","","","","","","","","","","","","","","","","","","","","","","","","","","","","","","","","","","","","","","","","","","","","","","127.326197807562","","","","","121.308537435542","","","","","128.103381644187",
"Togo","TGO","Human capital index plus (HCI+): health pillar score, total (scale 0–50)","HD_HCIP_HLTH_TO","","","","","","","","","","","","","","","","","","","","","","","","","","","","","","","","","","","","","","","","","","","","","","","","","","","35.0821091365814","","","","","35.5928100013733","","","","","37.1709044766426","","","","","37.8404818081856",
"Togo","TGO","Human capital index plus (HCI+): education pillar score, male (scale 0–188)","HD_HCIP_EDUC_MA","","","","","","","","","","","","","","","","","","","","","","","","","","","","","","","","","","","","","","","","","","","","","","","","","","","","","","","","65.6944947616497","","","","","61.9937080233872","","","","","67.0477740278678",
"Togo","TGO","Voice and Accountability - Governance estimate (approx. -2.5 to +2.5)","GOV_WGI_VA_EST","","","","","","","","","","","","","","","","","","","","","","","","","","","","","","","","","","","","","-1.21194579999999","","-1.47819789999999","","-1.40132259999999","","-1.52463939999999","-1.4365333","-1.23612909999999","-1.301957","-1.1637743","-1.0195676","-0.904913499999999","-0.968209999999999","-0.8905617","-0.8351675","-0.9668627","-0.9091344","-0.883812399999999","-0.802990099999999","-0.752920599999999","-0.7509005","-0.7700019","-0.7303841","-0.734111899999999","-0.8905537","-0.8529812","-0.8614839","-0.971799499999999","",
"Togo","TGO","Regulatory Quality - Governance estimate (approx. -2.5 to +2.5)","GOV_WGI_RQ_EST","","","","","","","","","","","","","","","","","","","","","","","","","","","","","","","","","","","","","-0.861825499999999","","-0.951408399999999","","-1.0852192","","-1.016575","-1.0165468","-1.2220261","-1.1648758","-0.958902799999999","-1.03394189999999","-0.9804423","-0.912534699999999","-0.863848","-1.01272","-0.8808248","-1.0187994","-0.82983","-0.8003889","-0.7851347","-0.7773372","-0.682690199999999","-0.6211637","-0.4899887","-0.4817275","-0.4208338","-0.4042671","-0.408113499999999","",
"Togo","TGO","Rule of Law - Governance estimate (approx. -2.5 to +2.5)","GOV_WGI_RL_EST","","","","","","","","","","","","","","","","","","","","","","","","","","","","","","","","","","","","","-0.8890874","","-0.8444754","","-0.8349112","","-1.0546299","-1.19112249999999","-1.0433959","-1.15802199999999","-0.98252","-0.992190399999999","-0.862322599999999","-0.8832441","-0.838355","-0.7898362","-0.9141876","-0.9870469","-0.9065907","-0.8151079","-0.799414499999999","-0.8070668","-0.694814199999999","-0.7029591","-0.6160719","-0.6328001","-0.675356699999999","-0.6302782","-0.632861","",
"Togo","TGO","Political Stability - Governance estimate (approx. -2.5 to +2.5)","GOV_WGI_PV_EST","","","","","","","","","","","","","","","","","","","","","","","","","","","","","","","","","","","","","-0.4065352","","-0.5853358","","-0.434510599999999","","-0.237538399999999","-0.5357911","-0.6772941","-1.8551464","-0.935167699999999","-0.560980599999999","-0.3522146","-0.4185216","-0.3792993","-0.3850113","-0.6511156","-0.5059279","-0.3001357","-0.411126999999999","-0.280199","-0.835878399999999","-0.8728328","-0.8504632","-0.8075061","-0.6682329","-0.760395399999999","-0.9186036","-0.8094466","",
"Togo","TGO","Government Effectiveness - Governance estimate (approx. -2.5 to +2.5)","GOV_WGI_GE_EST","","","","","","","","","","","","","","","","","","","","","","","","","","","","","","","","","","","","","-0.9700687","","-1.3597903","","-1.3577285","","-1.6490728","-1.65576179999999","-1.5516729","-1.7107333","-1.5805805","-1.5533698","-1.50080219999999","-1.4472257","-1.3557662","-1.3539094","-1.2258191","-1.25800769999999","-1.0881788","-1.08847729999999","-0.9579705","-0.9832841","-0.940523999999999","-0.832004499999999","-0.882900199999999","-0.877012599999999","-0.9684392","-0.917685499999999","-0.8014589","",
"Togo","TGO","PM2.5 air pollution, population exposed to levels exceeding WHO guideline value (% of total)","EN.ATM.PM25.MC.ZS","","","","","","","","","","","","","","","","","","","","","","","","","","","","","","","100","","","","","100","","","","","100","","","","","100","","","","","100","100","100","100","100","100","100","100","","","","","","","","",
"Togo","TGO","PM2.5 air pollution, mean annual exposure (micrograms per cubic meter)","EN.ATM.PM25.MC.M3","","","","","","","","","","","","","","","","","","","","","","","","","","","","","","","43.2563753450622","41.3675496258111","41.5712255587953","41.7749014917796","41.9785774247639","37.9972500532786","42.3859292907324","42.5896052237167","42.793281156701","42.9969570896852","45.2931346749042","35.3104119281614","39.0146897198957","31.5674227170541","42.8866048928066","33.3657327572542","35.4445329158888","38.438827079598","38.8179485149321","33.0845261818471","30.1887947552597","34.3810861525479","33.9828579157482","28.5413734458887","28.4948133827228","40.9415288577558","36.5458731418316","35.6873295462867","30.9430102097411","29.5326894869218","36.9850943715423","34.5087889494952","35.8141758880983","34.3346739146749","","",
"Togo","TGO","Energy use (kg of oil equivalent) per $1,000 GDP (constant 2021 PPP)","EG.USE.COMM.GD.PP.KD","","","","","","","","","","","","","","","","","","","","","","","","","","","","","","","141.202034969549","145.640946184454","153.53496454789","181.690564707709","178.698180671513","174.401111572807","179.67038638945","154.821315499014","169.384711202503","188.968388333454","190.056352100659","188.058393859645","187.620450553367","185.653185497186","189.464919038967","202.557616412115","196.974596015068","207.083216097829","207.288212551047","239.120760639063","225.868359711202","214.714925512468","201.329015420846","184.792194180043","182.382019924243","167.770452399571","174.179291383139","164.032544892764","163.288854900039","160.665008380893","165.268620864926","160.104192876807","155.285504143277","150.987148592946","","",
"Togo","TGO","GDP per unit of energy use (constant 2021 PPP $ per kg of oil equivalent)","EG.GDP.PUSE.KO.PP.KD","","","","","","","","","","","","","","","","","","","","","","","","","","","","","","","7.08205090822985","6.86620092905398","6.51317439610366","5.50386312909934","5.59602787360338","5.73390840793198","5.56574747845435","6.4590589272339","5.90372054774459","5.29189039933704","5.26159735755831","5.31749729153986","5.32990938381505","5.38638751240365","5.27802194238571","4.93686694044347","5.07679680644454","4.82897657687326","4.82420098901542","4.18198736624727","4.4273576045738","4.65733808496668","4.96699394227732","5.41148398847248","5.48299662661581","5.96052514431056","5.7412106345083","6.09635118844099","6.12411668029746","6.22413063104117","6.0507553990984","6.24593261445348","6.43975112498156","6.62308023774894","","",
"Togo","TGO","Electricity production from renewable sources, excluding hydroelectric (kWh)","EG.ELC.RNWX.KH","","","","","","","","","","","","","","","","","","","","","","","","","","","","","","","0","0","0","0","0","0","0","0","0","0","-10000000","42770000","6230000","114170000","154940000","161940000","81000000","88000000","83000000","109000000","92000000","95550000","76150000","37020000","40000","540000","140000","97460000","-90690000","14970000","14970000","73130000","","","","",
"Togo","TGO","Electricity production from natural gas sources (% of total)","EG.ELC.NGAS.ZS","","","","","","","","","","","","","","","","","","","","","","","","","","","","","","","0","0","0","0","0","0","0","0","0","0","28.9542857142857","27.8688524590164","18.3006535947712","7.95454545454545","31.7204301075269","32.8042328042328","23.963963963964","32.6530612244898","5.69918699186992","13.1447368421053","52.8379888268156","42.1705426356589","37.4301675977654","37.5796178343949","0.483091787439614","30.3333333333333","6.91964285714286","17.923186344239","35.4131534569983","77","75.6137479541735","76.16","77.9252110977081","72.841225626741","","",
"Togo","TGO","Electricity production from coal sources (% of total)","EG.ELC.COAL.ZS","","","","","","","","","","","","","","","","","","","","","","","","","","","","","","","0","0","0","0","0","0","0","0","0","0","0","0","0","0","0","0","0","0","0","0","0","0","0","0","0","0","0","0","0","0","0","0","","","","",
"Togo","TGO","Energy intensity level of primary energy (MJ/$2021 PPP GDP)","EG.EGY.PRIM.PP.KD","","","","","","","","","","","","","","","","","","","","","","","","","","","","","","","","","","","","","","","","","10.61","10.49","10.47","10.36","10.57","11.3","10.99","11.28","11.29","13.02","12.3","11.7","10.97","10.07","9.93","9.17","9.34","8.27","8.51","8.3","8.76","8.6","","","","",
"Togo","TGO","Multilateral debt service (% of public and publicly guaranteed debt service)","DT.TDS.MLAT.PG.ZS","","","","","","","","","","","","0.577784841426744","0.623866724826169","0.64841747456325","1.70540280971967","1.37694738851599","1.55765127131416","0.88240895751832","2.11511328772041","8.3506954476811","7.20013390540362","3.99888139872341","6.18591689106363","14.4614967954296","15.6623953252378","15.2096653388288","12.6435172727768","36.0115894960965","25.0984782617336","46.2883617285326","40.7554832492537","57.9291176572028","74.0951761096439","92.0817023187453","99.6259670929817","75.0406400339358","56.6611790541231","55.7638157732884","51.8522327747417","73.8503138759998","88.4843726595401","90.5350918065728","36.9170125795059","46.1697338881847","37.0218609824321","16.953392183196","11.2871873251264","56.468910667814","99.2992323149882","98.2036275849377","96.8534314815821","80.4673736586885","52.4628839158316","26.3479296642999","44.3049946463135","41.3482391731542","50.2779510930966","50.2433336357027","50.7467299303425","53.1708717495642","56.7613227364862","47.7605404422061","33.4487012739506","33.6135694508874","33.8352520231006","",
"Togo","TGO","Debt service on external debt, public and publicly guaranteed (PPG) (TDS, current US$)","DT.TDS.DPPG.CD","","","","","","","","","","","2367404","2423047.3","5289591.3","6619978.9","8547030.6","16587053.5","23002292.4","56712966.9","47686381.9","28196930.6","37855977.9","70833103.5","70292284.5","49777404.8","74614857.8","90041342.1","126956199.4","61163901.7","93523711.1","57310526.9","60040563.5","38501551.9","19327993.2","12962432.6","12100245.5","14048155.1","43628687.6","41550070.2","25777551.1","27637745.5","14577797.2","18640010.7","2608894.2","3306711.5","4345417.7","8292355.8","17231553.3","5318485.1","191364189.4","52632443.7","36595742.1","15758093.9","23853115.7","50365387.6","48636953.4","44587178","66240538.2","75641474.5","82723910.6","86604876.1","88160410.8","111083093.3","188904877.3","182402493.7","229503195.8","",
"Togo","TGO","Total debt service (% of exports of goods, services and primary income)","DT.TDS.DECT.EX.ZS","","","","","","","","","","","","","","","3.62317311800095","9.45883546298753","12.1647724548069","24.2451867687279","18.7067018213185","8.71707224626079","9.17747810462736","18.1250721928657","18.8150978872675","16.4872727309803","23.7141211759762","28.3549659137652","29.2727960779441","16.9196940915098","23.4163937142594","16.2011459012907","12.3117606431149","8.19962647134505","6.22536495364404","7.0499780307431","5.60569089307041","6.14182174542188","9.66032646411955","10.2397734450416","7.3696436122395","8.48574327519438","6.60794418660449","7.52873649867109","2.74688823867455","2.70563335338682","2.77571048845879","2.47772375761198","3.04255961484912","1.58491760851296","15.9828970946679","4.24026378329112","2.66583151846662","0.774820722928598","1.22636464806765","2.30968413166305","2.90361562489854","3.31929377585845","4.92460722335261","5.8394766504598","5.92720767299352","5.90555609125806","5.36085411906601","8.85581392286155","11.6977610923849","11.0941773786614","13.8240839508821","",
"Togo","TGO","Net ODA received (% of imports of goods, services and primary income)","DT.ODA.ODAT.MP.ZS","","","","","","","","","","","","","","","27.1551251922776","14.2829600571146","17.050534289734","17.5949581243216","17.7888398154804","17.0583089084273","12.0355931392837","10.3631669876323","12.6659930819608","23.6847571339544","25.073904427839","22.3060316813952","25.7953098350835","17.3311178361397","26.5005408821707","27.2819466578098","28.3128792549084","21.8516922337506","27.485665674913","18.3852866154016","22.8790877494431","26.8323475821826","18.4731750065254","16.4157086800528","16.6738061767583","10.2362349832437","10.4582671166285","6.56762065561921","6.59851360417279","4.95351531492747","5.57054397144622","6.61130096999898","6.14105755380988","8.32748478760866","18.6548181947415","27.7119519784225","20.2018765639531","20.4307921978273","9.64476020172449","7.18551022021108","7.21705391773265","7.56550410311178","6.38658845685706","14.6701583711446","13.1458284654279","16.2065419309986","21.3929125329641","","","","","",
"Togo","TGO","Net official development assistance received (current US$)","DT.ODA.ODAT.CD","109999.999403954","2930000.0667572","4530000.20980835","6650000.09536743","14939999.5803833","13359999.6566772","12130000.1144409","14119999.8855591","18920000.0762939","17469999.3133545","16950000.7629395","19260000.2288818","21600000.3814697","25819999.6948242","38619998.9318848","41700000.7629395","42799999.2370605","63909999.8474121","101889999.389648","109470001.220703","90449996.9482422","62520000.4577637","76400001.5258789","111019996.643066","108260002.13623","110879997.253418","170339996.337891","121279998.779297","205410003.662109","199100006.103516","258239990.234375","199270004.272461","222429992.675781","95819999.6948242","124650001.525879","191339996.337891","155399993.896484","125132682.800293","128462677.001953","71532676.6967773","69629600.5249023","46092933.6547852","51129432.6782227","50089832.3059082","65133163.4521484","82606666.5649414","79828330.9936523","122486663.818359","330137969.970703","494514282.226563","394579986.572266","542382385.253906","245076599.121094","226317443.847656","210942382.8125","199471633.911133","168252273.55957","344942596.435547","336692321.777344","404710876.464844","562689758.300781","352139984.130859","429636474.609375","615510925.292969","","",
"Togo","TGO","Net official development assistance and official aid received (current US$)","DT.ODA.ALLD.CD","109999.999403954","2930000.0667572","4530000.20980835","6650000.09536743","14939999.5803833","13359999.6566772","12130000.1144409","14119999.8855591","18920000.0762939","17469999.3133545","16950000.7629395","19260000.2288818","21600000.3814697","25819999.6948242","38619998.9318848","41700000.7629395","42799999.2370605","63909999.8474121","101889999.389648","109470001.220703","90449996.9482422","62520000.4577637","76400001.5258789","111019996.643066","108260002.13623","110879997.253418","170339996.337891","121279998.779297","205410003.662109","199100006.103516","258239990.234375","199270004.272461","222429992.675781","95819999.6948242","124650001.525879","191339996.337891","155399993.896484","125132682.800293","128462677.001953","71532676.6967773","69629600.5249023","46092933.6547852","51129432.6782227","50089832.3059082","65133163.4521484","82606666.5649414","79828330.9936523","122486663.818359","330137969.970703","494514282.226563","394579986.572266","542382385.253906","245076599.121094","226317443.847656","210942382.8125","199471633.911133","168252273.55957","344942596.435547","336692321.777344","404710876.464844","562689758.300781","352139984.130859","429636474.609375","615510925.292969","","",
"Togo","TGO","Net official flows from UN agencies, UNWTO (current US$)","DT.NFL.UNWT.CD","","","","","","","","","","","","","","","","","","","","","","","","","","","","","","","","","","","","","","","","","","","","","","","","","","","","","","","","","","","","","","","","","","",
"Togo","TGO","Net official flows from UN agencies, UNPBF (current US$)","DT.NFL.UNPB.CD","","","","","","","","","","","","","","","","","","","","","","","","","","","","","","","","","","","","","","","","","","","","","","","","","","","","","","","","","","","","","2634589.9105072","360000.014305115","1199058.05587769","875000","","",
"Togo","TGO","Net official flows from UN agencies, UNEP (current US$)","DT.NFL.UNEP.CD","","","","","","","","","","","","","","","","","","","","","","","","","","","","","","","","","","","","","","","","","","","","","","","","","","","","","","","","","","","","","","","","","","",
"Togo","TGO","Net official flows from UN agencies, UNCTAD (current US$)","DT.NFL.UNCTAD.CD","","","","","","","","","","","","","","","","","","","","","","","","","","","","","","","","","","","","","","","","","","","","","","","","","","","","","","","","","","","","","","","","","","",
"Togo","TGO","Net bilateral aid flows from DAC donors, United Kingdom (current US$)","DC.DAC.GBRL.CD","","","","","19999.9995529652","9999.99977648258","19999.9995529652","29999.9993294477","39999.9991059303","50000.0007450581","50000.0007450581","79999.9982118607","150000.005960464","159999.996423721","150000.005960464","150000.005960464","70000.0002980232","70000.0002980232","50000.0007450581","109999.999403954","180000.007152557","150000.005960464","119999.997317791","100000.001490116","129999.995231628","150000.005960464","209999.993443489","200000.002980232","500000","460000.00834465","560000.002384186","1019999.98092651","750000","509999.990463257","879999.995231628","5780000.20980835","990000.009536743","479999.989271164","1980000.01907349","569999.992847443","430000.007152557","519999.980926514","479999.989271164","419999.986886978","289999.99165535","850000.023841858","699999.988079071","280000.001192093","9029999.73297119","10420000.0762939","-79999.9982118607","1919999.95708466","50000.0007450581","","","51892.0011818409","","","","5919.99990865588","","","14793.0001839995","3728.99998910725","","",
"Togo","TGO","Net bilateral aid flows from DAC donors, Spain (current US$)","DC.DAC.ESPL.CD","","","","","","","","","","","","","","","","","","","","","","","","","","","","","","","9999.99977648258","","","90000.0035762787","39999.9991059303","7699999.80926514","519999.980926514","639999.985694885","1429999.94754791","150000.005960464","319999.992847443","1169999.95708466","310000.002384186","239999.994635582","740000.009536743","2009999.99046326","1750000","1610000.01430511","3450000.04768372","3799999.95231628","1590000.0333786","26500000","51659999.8474121","419999.986886978","752472.996711731","220108.00242424","633565.008640289","180263.996124268","545991.003513336","1674128.05557251","604668.974876404","1160186.05232239","842998.027801514","380448.013544083","","",
"Togo","TGO","Net bilateral aid flows from DAC donors, Switzerland (current US$)","DC.DAC.CHEL.CD","","","","19999.9995529652","50000.0007450581","29999.9993294477","39999.9991059303","19999.9995529652","9999.99977648258","19999.9995529652","19999.9995529652","29999.9993294477","29999.9993294477","70000.0002980232","90000.0035762787","9999.99977648258","39999.9991059303","90000.0035762787","270000.010728836","119999.997317791","159999.996423721","170000.001788139","330000.013113022","170000.001788139","330000.013113022","259999.990463257","379999.995231628","449999.988079071","409999.996423721","1240000.00953674","379999.995231628","540000.021457672","7070000.17166138","270000.010728836","340000.003576279","219999.998807907","230000.004172325","509999.990463257","569999.992847443","419999.986886978","649999.976158142","509999.990463257","660000.026226044","740000.009536743","819999.992847443","639999.985694885","1090000.0333786","1039999.96185303","639999.985694885","158940002.441406","1710000.03814697","75949996.9482422","2500000","2559999.94277954","-829999.983310699","2094599.9622345","2136687.04032898","1698328.97186279","1599599.00379181","1516502.97641754","1864685.05859375","1665832.04269409","1372231.96029663","1788514.97173309","","",
"Togo","TGO","Net bilateral aid flows from DAC donors, Austria (current US$)","DC.DAC.AUTL.CD","","","","","","","","","","","","","39999.9991059303","","19999.9995529652","-319999.992847443","","","1080000.04291534","39999.9991059303","29999.9993294477","9999.99977648258","19999.9995529652","29999.9993294477","9999.99977648258","9999.99977648258","29999.9993294477","19999.9995529652","29999.9993294477","29999.9993294477","239999.994635582","349999.994039536","469999.998807907","670000.016689301","629999.995231628","1009999.99046326","910000.026226044","800000.011920929","810000.002384186","740000.009536743","779999.971389771","699999.988079071","620000.004768372","589999.973773956","699999.988079071","610000.014305115","660000.026226044","800000.011920929","889999.985694885","14579999.9237061","720000.028610229","31500000","162360.996007919","113390.997052193","74550.0028133392","67856.9972515106","90405.0022363663","98499.0000724792","94751.0004043579","91670.997440815","67080.9969305992","25732.9996675253","26809.9997192621","68764.0011310577","","",
"Togo","TGO","Stocks traded, total value (current US$)","CM.MKT.TRAD.CD","","","","","","","","","","","","","","","","","","","","","","","","","","","","","","","","","","","","","","","","","","","","","","","","","","","","","","","","","","","","","","","","","","",
"Togo","TGO","S&P Global Equity Indices (annual % change)","CM.MKT.INDX.ZG","","","","","","","","","","","","","","","","","","","","","","","","","","","","","","","","","","","","","","","","","","","","","","","","","","","","","","","","","","","","","","","","","","",
"Togo","TGO","Secondary income receipts (BoP, current US$)","BX.TRF.CURR.CD","","","","","","","","","","","","","","","44589912.2161995","49899002.7337296","43193047.2948296","53854676.3263416","65989866.0932679","99877001.5795599","101410663.979979","83254992.3377384","80138462.9285264","73575174.2466705","75506343.2674734","90488207.0728278","120356019.265613","125189426.868266","148360799.924062","133958897.209257","145630289.90235","128656898.738331","111072575.41273","82556812.5607449","91317671.4763251","129698896.441677","106774979.000495","120193046.479616","101781200.749904","73624633.8694052","73527757.6271065","88378213.907074","113546919.665675","161802752.978756","207212439.287106","229350899.988207","288024673.426369","328953005.026902","386784717.431459","414522428.604074","417126906.590931","349710303.661003","411262572.188818","480179105.077727","523716721.461737","450603176.103227","458209901.145784","532828296.07927","561871005.353046","657744932.815187","710168578.768241","","","","","",
"Togo","TGO","Travel services (% of service exports, BoP)","BX.GSR.TRVL.ZS","","","","","","","","","","","","","","","26.0607798165137","24.8245907116606","34.0669014084508","35.8310025025761","37.0260955194484","37.6429016836418","35.2255253716042","42.6545854342799","45.1678500034466","42.2382403210225","39.5575564234816","28.7271889636815","32.8301256162439","29.3695913966449","34.6286480618176","38.9232991406957","38.851384645708","41.7072576716999","30.1169590643276","11.8881702482787","16.171986176052","14.5367778644519","8.42949904114655","13.4485829332508","13.9357599803847","10.071208165203","13.0183703164787","15.1580828532861","14.6881127353302","15.5310730361551","12.7642656098146","11.518857783506","10.2305750083369","14.4711134685939","13.9631928941618","23.2743215350619","20.4621689785624","19.2130671217257","24.3040897831599","25.8107990407108","25.6018234520494","23.3019834905773","22.0214440572402","24.2045976417292","24.56536455442","24.4973728533778","14.976443683236","","","","","",
"Togo","TGO","Service exports (BoP, current US$)","BX.GSR.NFSV.CD","","","","","","","","","","","","","","","14490786.7148145","27931123.0937072","23770614.1492716","27649823.6176282","36001724.0038754","45232820.7285383","73873688.2012281","97070102.6783594","88294120.2782815","70628178.4668434","76760472.207266","86966884.08094","103674236.077094","118810835.243068","105147514.811871","128043690.604824","149075465.486925","116438126.732517","129206873.439298","84633358.1305664","70878363.0756676","87320720.1270784","116207052.263112","88502159.6931142","76045198.8349426","68451379.8145836","61931154.5666537","71817539.137594","90427856.3590684","95009906.0857256","150243288.267501","176983650.920318","200899410.363071","236328941.387747","284235399.60389","294732380.085568","320537265.908183","509418270.735029","457667807.449888","486121248.843475","489509289.553131","487737680.744199","541878423.201079","569993808.848807","621893589.881071","610027789.134542","514115544.601735","","","","","",
"Togo","TGO","Primary income receipts (BoP, current US$)","BX.GSR.FCTY.CD","","","","","","","","","","","","","","","6352182.59373605","6476511.66957328","6457404.51273347","6964352.74691032","7263272.48182567","10191722.6501217","20697695.9574558","15611001.0828222","16661277.6081751","16096947.5631871","17150442.107309","23547456.3408222","27507472.1574911","18899530.7413287","20846188.1175972","24005645.0327255","32802625.9550538","29690871.5754859","31357223.6709408","26846767.7241212","9104750.08506555","8764927.97127444","45598454.077471","35035245.9262137","44390069.0343819","40190204.8681116","33022721.1725111","25935362.9521207","26368244.5444849","26896135.9303591","39945914.5938344","46352720.4711987","47787969.7804052","61339180.3934304","81417032.7952138","68678400.3282847","99552488.2982678","391963583.380647","253798631.493459","310282884.61675","327022466.766773","360133858.525686","277933647.291688","265730141.102327","251627781.376176","258588755.957312","283828183.311732","","","","","",
"Togo","TGO","Technical cooperation grants (BoP, current US$)","BX.GRT.TECH.CD.WD","100000","570000","2450000","3400000","3190000","3560000","8480000","7470000","5850000","9220000","7630000","9060000","11150000","13310000","14910000","16840000","16820000","18610000","21270000","24830000","28380000","29950000","29490000","26810000","29410000","29430000","41770000","44220000","49840000","45280000","57830000","55320000","52360000","35730000","21960000","31080000","27730000","26750000","27280000","26690000","23040000","23710000","26620000","33360000","33410000","33460000","30960000","33720000","32970000","32620000","30120000","23120000","31302595","31307632","41984247","30068667","29600827","40575548","42330814","41123597","45869730","49634522","56854976","71434353","","",
"Togo","TGO","Reserves and related items (BoP, current US$)","BN.RES.INCL.CD","","","","","","","","","","","","","","","34307602.2623102","10862621.8780739","-3334422.41206393","-32216200.9851313","19733107.1567671","-13010783.8347054","-30198943.8747797","-43877262.0029087","-78199233.8935505","-38086765.9169011","-20826129.957584","-3107229.05238409","-43114772.1929819","-130381670.226749","-47880971.2604592","-27552446.7913268","-43932376.0126497","-48079382.6127641","-160338704.6367","-189648398.901988","-97082433.3430613","-194047496.852163","-24880980.9800742","13132064.8887154","-17236076.167988","31583007.3751184","36877437.6775471","-2032021.16430983","29690181.808674","-8655291.49073664","141022727.649042","-110286638.362462","157958272.931458","24736645.1055175","-303232439.36984","59027538.010478","13949733.9605555","71344014.7783074","-337170551.123087","49417165.555775","73381655.6020676","131858236.361065","-723044.960958306","98825036.0806105","-232572162.671701","554814966.418517","74887848.7206983","","","","","",
"Togo","TGO","Net trade in goods (BoP, current US$)","BN.GSR.MRCH.CD","","","","","","","","","","","","","","","117018918.978262","-70560381.4605815","-21766014.8222468","-53439501.5863154","-148934753.85552","-173757588.834778","-48348265.3110933","-36226943.5783361","-63337200.1568854","-18269799.3046802","27771632.6357346","-21748955.0908568","-56204643.9296038","-39625794.2955078","-69115739.8274852","-58427946.952856","-88895079.6092451","-52579357.4593103","-127718349.809617","-111282359.609943","-37128648.517021","-129059807.979314","-127126754.075542","-108049185.013285","-133175292.26456","-97984746.3203915","-122940044.076897","-158991489.284533","-152026292.793554","-157087877.225124","-252670946.984395","-283447116.199298","-318996857.035791","-395605331.429213","-456488233.394394","-413799318.575533","-448672588.921999","-842105649.421426","-557937858.263462","-870717642.642329","-887874096.579535","-1033133707.34804","-964676414.330376","-643771343.129124","-782473426.247681","-756881147.519038","-743893212.075397","","","","","",
"Togo","TGO","Current account balance (% of GDP)","BN.CAB.XOKA.GD.ZS","","","","","","","","","","","","","","","16.6498882236096","-8.65955588899924","-2.80901559660612","-7.95053691477447","-18.6740580106347","-16.8932270740372","-5.91944010755074","-3.24893449437154","-7.48372634309313","-4.01160009502239","2.58175381502598","-2.54714631101484","-3.76704069149266","-3.4317356344492","-4.4772809417945","-2.6608319955653","-3.66352702721284","-6.22158219714276","-5.80034578751872","-4.73245523551368","-4.0604253499812","-6.59580508528401","-7.43684829762115","-5.52268507704884","-6.25067363890598","-5.71132962319834","-6.64451964783898","-8.08590195490082","-5.81784745652387","-5.43138096608201","-6.49399507558124","-6.33089706237215","-5.31324873611491","-5.74598605436746","-4.86721309193415","-3.75655470430214","-4.21167785064637","-5.57134555457932","-5.43302431064873","-9.43944638209534","-7.17108249416322","-8.01021600244542","-7.19180652142337","-1.51302452827798","-2.62976116468944","-0.792850409861065","-0.277018884474411","","","","","",
"Togo","TGO","Foreign direct investment, net outflows (% of GDP)","BM.KLT.DINV.WD.GD.ZS","","","","","","","","","","","","","","","0","0","0","0","0","0","0","0","0","0","0","0","0","0","0","0","","","","-0.384792016322023","-1.34650936868922","-2.15129120163934","-0.592918885371303","-0.297121331269547","-0.377023078808961","-1.10456887241725","0.533649387338762","0.0821118944435765","0.287023771793755","0.187912183952669","0.273138041304777","0.127356162097539","-0.01273828598182","0.33178765779125","0.238276418042321","0.744319401730974","1.60912247610576","23.3512319745803","7.76398213728032","-0.343421437632374","5.61477578635592","6.05778539022501","4.23256756843303","-0.509998966039423","0.998770937772333","0.612656025498922","-1.49963273433204","-0.830508383453998","-0.627610991189993","-1.01858982161941","-0.689192570355033","",
"Togo","TGO","Imports of goods, services and primary income (BoP, current US$)","BM.GSR.TOTL.CD","","","","","","","","","","","","","","","142219925.919795","291956293.346686","251018522.409764","363229053.435876","572774843.365448","641740056.463753","751520892.252639","603290485.740285","603189983.063305","468740278.885563","431763638.757557","497085267.505917","660352589.005216","699781744.755079","775116268.665696","729786655.625328","912093707.988408","911920240.047509","809258161.350627","521177622.624357","544820680.312803","713094505.621812","841219735.327528","762274022.030773","770446025.581239","698818235.551191","665785256.2801","701820888.7468","774862881.935854","1011197687.32645","1169242425.62327","1249476720.84204","1299911787.08506","1470872261.46147","1769719578.74006","1784480149.97864","1953184820.84149","2654730076.06423","2541033618.20519","3149636378.09714","2922832297.1816","2636594088.01441","2634462431.64335","2351321558.42318","2561210369.22709","2497206857.50206","2630262510.69712","","","","","",
"Togo","TGO","Insurance and financial services (% of service imports, BoP)","BM.GSR.INSF.ZS","","","","","","","","","","","","","","","8.55248858943707","7.2378637499156","7.23152022315202","7.15026373923628","7.79851362510325","7.93779099844801","6.61558109833971","6.1166859966719","7.89279402223758","5.83567384423344","7.30820038613965","4.04741401144826","8.03653733344506","7.34960560614777","6.67024470422487","4.58627479229698","8.11176815781157","6.83433637962205","10.2453531598513","12.2390526025888","6.51864625996981","3.98594916329218","12.2062720204991","9.1173499066222","15.7958687727825","13.8921708848953","14.3592131022299","15.1412998960335","13.2365755891636","11.7283950617284","11.2927591252422","13.2140662781004","12.7663425547165","11.2428703166092","10.1560557075354","9.20555880562172","10.7239785080595","9.88787585299666","9.70691756854988","9.11098459399839","10.5032028810102","10.8595937415613","10.7367018705234","10.9642031833369","11.045787284026","10.8923355443315","12.0816589276991","","","","","",
"Togo","TGO","Trade in services (% of GDP)","BG.GSR.NFSV.GD.ZS","","","","","","","","","","","","","","","6.66121509371692","11.131267929014","9.57869055425897","10.7418445590429","14.6187672738652","15.1365643859867","14.9948728707191","17.8826792026839","19.332325913034","17.4179788530837","18.6723014752329","20.3221752836763","18.4194701869824","17.8792426818704","15.6802251368173","16.9507040605392","17.0969386032807","17.7964038967597","13.9059126383057","12.2198834477397","14.1396463366973","13.605270011818","15.3472193564923","12.1118827615994","10.0512265799443","8.94155689909804","8.53812287149038","9.64094079462936","9.92908468989303","10.0328715855958","12.2198525401144","13.277438240798","14.0107312367279","14.4200661653671","14.0835269865873","14.2095333158433","15.2726119110144","18.1389913766647","16.6188012665834","15.9023973322522","14.3290222011376","14.9554562739899","15.4967674399971","15.6277331970166","15.4686947944255","15.1406726722275","12.7165842599228","","","","","",
"Togo","TGO","Food production index (2014-2016 = 100)","AG.PRD.FOOD.XD","","27.49","28.27","30.36","31.22","31.91","32.23","32.51","34.25","33.99","36.64","36.45","34.49","35.11","34.55","36.4","34.74","34.09","35.86","38.33","38.23","38.15","37.95","34.83","37.95","40.87","41.31","41.62","44.62","47","48.29","46.98","44.24","52.46","50.85","52.37","61.55","61.69","61.06","65.19","61.66","65.73","64.63","65.22","67.79","73.34","78.99","80.87","89.1","96.58","94.72","102.45","98.81","92.82","100.84","98.5","100.67","105.89","110.32","114.05","116.4","121.99","128.24","","","",
"Togo","TGO","Rural land area (sq. km)","AG.LND.TOTL.RU.K2","","","","","","","","","","","","","","","","","","","","","","","","","","","","","","","56529.97755696","","","","","","","","","","56365.339531388","","","","","","","","","","","","","","","56198.452637492","","","","","","","","","","",
"Togo","TGO","Forest area (% of land area)","AG.LND.FRST.ZS","","","","","","","","","","","","","","","","","","","","","","","","","","","","","","","25.0351167494025","24.8637690751976","24.6924214009928","24.521073726788","24.3497260525832","24.1783783783784","24.0070307041736","23.8356830299687","23.6643353557639","23.4929876815591","23.3216400073543","23.2672292700864","23.2128185328185","23.1584077955507","23.1039970582828","23.0495863210149","22.995175583747","22.9407648464791","22.8863541092113","22.8319433719434","22.7775326346755","22.723110865968","22.6686890972605","22.614267328553","22.5598455598456","22.5054237911381","22.4510020224306","22.3965802537231","22.3421584850156","22.2877367163081","22.2333149476007","22.1788931788932","22.1244714101857","22.0700496414782","","",
"Togo","TGO","Urban land area where elevation is below 5 meters (sq. km)","AG.LND.EL5M.UR.K2","","","","","","","","","","","","","","","","","","","","","","","","","","","","","","","29.38147508612","","","","","","","","","","34.062929726","","","","","","","","","","","","","","","35.9698888323","","","","","","","","","","",
"Togo","TGO","Land under cereal production (hectares)","AG.LND.CREL.HA","","373973","388664","427890","453100","524855","647800","533743","428552","322000","397011","385290","290500","325030","266655","273280","281600","306000","356800","383200","465000","399530","354900","389400","492800","441058","464532","510490","597000","616400","648006","609500","573150","721432","793232","696140","846231","762596","747243","715842","699716","708237","708594","699168","729829","735748","783163","782496","817193","853985","880827","862697","1140181","1198660","1136766","1010956","1117554","1144144","1169323","1200694","1178372","1221064","1233007","1290998","","",
"Togo","TGO","Agricultural land (% of land area)","AG.LND.AGRI.ZS","","56.4441993013422","56.4441993013422","56.4441993013422","56.4441993013422","56.5361279646994","56.5361279646994","56.5361279646994","56.5361279646994","56.5361279646994","56.5361279646994","52.9509100937672","52.9509100937672","52.9509100937672","52.9509100937672","52.9509100937672","52.9509100937672","52.9509100937672","54.7894833609119","55.7087699944843","55.8006986578415","55.8006986578415","55.8006986578415","55.8006986578415","56.7199852914139","56.8119139547711","56.8119139547711","57.1796286082","57.7312005883434","57.7312005883434","58.0989152417724","58.5585585585586","58.9262732119875","59.3859165287737","59.7536311822026","60.1213458356315","60.4890604890605","61.2244897959184","61.5922044493473","61.9599191027763","62.5114910829197","62.8792057363486","63.2469203897775","63.6146350432065","63.9823496966354","64.7177790034933","65.6370656370656","66.0967089538518","66.8321382607097","67.1998529141386","67.3837102408531","67.3837102408531","70.7850707850708","70.2334988049274","70.2334988049274","70.2334988049274","70.2334988049274","70.2334988049274","70.2334988049274","70.2334988049274","70.2334988049274","70.2334988049274","70.2334988049274","70.2334988049274","","",
"Togo","TGO","Unemployment, male (% of male labor force) (modeled ILO estimate)","SL.UEM.TOTL.MA.ZS","","","","","","","","","","","","","","","","","","","","","","","","","","","","","","","","4.105","4.269","4.59","4.261","4.034","3.625","3.638","3.81","3.926","4.22","4.162","4.139","4","4.037","4.206","4.292","3.943","3.444","3.063","2.637","2.291","2.377","2.473","2.571","2.678","3.651","4.642","3.462","2.256","2.403","2.385","1.825","1.802","1.807","1.964",
"Togo","TGO","Share of youth not in education, employment or training, total (% of youth population)","SL.UEM.NEET.ZS","","","","","","","","","","","","","","","","","","","","","","","","","","","","","","","","","","","","","","","","","","","","","","","9.806","","","","24.089","11.231","","","","17.759","","25.078","","10.398","","","13.02","","","",
"Togo","TGO","Share of youth not in education, employment or training, female (% of female youth population)","SL.UEM.NEET.FE.ZS","","","","","","","","","","","","","","","","","","","","","","","","","","","","","","","","","","","","","","","","","","","","","","","13.343","","","","28.002","15.268","","","","20.874","","31.534","","14.862","","","15.486","","","",
"Togo","TGO","Unemployment with intermediate education, female (% of female labor force with intermediate education)","SL.UEM.INTM.FE.ZS","","","","","","","","","","","","","","","","","","","","","","","","","","","","","","","","","","","","","","","","","","","","","","","6.46","","","","22.459","1.424","","","","1.899","","21.654","","10.057","","","8.108","","","",
"Togo","TGO","Unemployment with advanced education (% of total labor force with advanced education)","SL.UEM.ADVN.ZS","","","","","","","","","","","","","","","","","","","","","","","","","","","","","","","","","","","","","","","","","","","","","","","11.678","","","","16.728","6.952","","","","8.227","","13.489","","12.621","","","7.068","","","",
"Togo","TGO","Unemployment, youth total (% of total labor force ages 15-24) (national estimate)","SL.UEM.1524.NE.ZS","","","","","","","","","","","","","","","","","","","","","","","","","","","","","","","","","","","","","","","","","","","","","","","6.804","","","","19.061","2.893","","","","3.878","","9.511","","3.006","","","3.365","","","",
"Togo","TGO","Unemployment, youth female (% of female labor force ages 15-24) (national estimate)","SL.UEM.1524.FE.NE.ZS","","","","","","","","","","","","","","","","","","","","","","","","","","","","","","","","","","","","","","","","","","","","","","","7.351","","","","18.148","2.314","","","","4.121","","7.397","","2.657","","","3.582","","","",
"Togo","TGO","Part time employment, male (% of total male employment)","SL.TLF.PART.MA.ZS","","","","","","","","","","","","","","","","","","","","","","","","","","","","","","","","","","","","","","","","","","","","","","","","","","","","16.433","","","","19.406","","21.183","","40.088","","","40.302","","","",
"Togo","TGO","Labor force with intermediate education, female (% of female working-age population with intermediate education)","SL.TLF.INTM.FE.ZS","","","","","","","","","","","","","","","","","","","","","","","","","","","","","","","","","","","","","","","","","","","","","","","78.413","","","","51.753","76.396","","","","73.135","","43.256","","55.138","","","63.73","","","",
"Togo","TGO","Labor force participation rate, male (% of male population ages 15+) (national estimate)","SL.TLF.CACT.MA.NE.ZS","49.288","","","","","","","","","","43.142","","","","","","","","","","83.499","","","","","","","","","","","","","","","","","","","","","","","","","","80.68","","","","68.57","80.204","","","","49.381","","60.595","","76.922","","","72.705","","","",
"Togo","TGO","Labor force participation rate, female (% of female population ages 15+) (national estimate)","SL.TLF.CACT.FE.NE.ZS","38.91","","","","","","","","","","30.877","","","","","","","","","","54.706","","","","","","","","","","","","","","","","","","","","","","","","","","81.074","","","","68.76","76.402","","","","61.236","","55.915","","71.353","","","69.059","","","",
"Togo","TGO","Labor force with advanced education (% of total working-age population with advanced education)","SL.TLF.ADVN.ZS","","","","","","","","","","","","","","","","","","","","","","","","","","","","","","","","","","","","","","","","","","","","","","","65.586","","","","86.098","64.479","","","","65.859","","78.289","","85","","","83.905","","","",
"Togo","TGO","Labor force participation rate, male (% of male population ages 15-64) (modeled ILO estimate)","SL.TLF.ACTI.MA.ZS","","","","","","","","","","","","","","","","","","","","","","","","","","","","","","","64.764","64.537","64.281","63.965","63.809","63.599","63.387","63.163","62.824","62.542","62.293","62.11","61.984","61.879","61.724","61.571","61.431","61.291","61.232","61.225","61.283","61.343","61.38","61.379","61.343","61.284","61.202","61.098","60.977","60.843","60.271","60.542","60.457","60.225","60.077","59.976",
"Togo","TGO","Labor force participation rate for ages 15-24, male (%) (modeled ILO estimate)","SL.TLF.ACTI.1524.MA.ZS","","","","","","","","","","","","","","","","","","","","","","","","","","","","","","","28.715","28.335","27.927","27.464","27.119","26.741","26.354","25.92","25.367","24.891","24.487","24.188","23.97","23.779","23.536","23.309","23.078","22.86","22.75","22.716","22.783","22.849","22.874","22.84","22.756","22.635","22.481","22.298","22.086","21.855","21.646","21.629","21.378","21.106","20.92","20.886",
"Togo","TGO","Children in employment, total (% of children ages 7-14)","SL.TLF.0714.ZS","","","","","","","","","","","","","","","","","","","","","","","","","","","","","","","","","","","","","","","","","","","","","","","38.68966","","","","48.8","","","","35.2259002149569","","","","","","","","","","","",
"Togo","TGO","Average working hours of children, working only, male, ages 7-14 (hours per week)","SL.TLF.0714.WK.MA.TM","","","","","","","","","","","","","","","","","","","","","","","","","","","","","","","","","","","","","","","","","","","","","","","","","","","31.6","","","","16.9281604405468","","","","","","","","","","","",
"Togo","TGO","Average working hours of children, study and work, ages 7-14 (hours per week)","SL.TLF.0714.SW.TM","","","","","","","","","","","","","","","","","","","","","","","","","","","","","","","","","","","","","","","","","","","","","","","","","","","16.2","","","","8.11708611976124","","","","","","","","","","","",
"Togo","TGO","Average working hours of children, study and work, female, ages 7-14 (hours per week)","SL.TLF.0714.SW.FE.TM","","","","","","","","","","","","","","","","","","","","","","","","","","","","","","","","","","","","","","","","","","","","","","","","","","","15.8","","","","8.14123489796156","","","","","","","","","","","",
"Togo","TGO","Employment in services, male (% of male employment) (modeled ILO estimate)","SL.SRV.EMPL.MA.ZS","","","","","","","","","","","","","","","","","","","","","","","","","","","","","","","","28.5133795403343","27.8026963133346","26.7413980426315","28.0508469765435","28.1097968719966","28.5450640548441","29.3515906558381","29.3121708615801","29.2215016320024","28.8935181920439","28.8893610419744","28.8976077120716","29.6365196871859","29.4526267959014","28.8878992302593","29.4792834524528","30.7361058626325","32.9188971498241","35.1055368124359","38.1811414520334","41.1815755008219","41.0334710155249","41.0238014553402","40.6885505803593","40.5732170424369","40.2886850280238","39.9849732308213","39.6377665089183","39.8558389635623","39.1595066611436","39.7726699216955","41.2447898331118","42.0424717596281","42.5077570855989","43.0566451764372",
"Togo","TGO","Child employment in services, female (% of female economically active children ages 7-14)","SL.SRV.0714.FE.ZS","","","","","","","","","","","","","","","","","","","","","","","","","","","","","","","","","","","","","","","","","","","","","","","22.24","","","","33.64","","","","","","","","","","","","","","","",
"Togo","TGO","Child employment in manufacturing (% of economically active children ages 7-14)","SL.MNF.0714.ZS","","","","","","","","","","","","","","","","","","","","","","","","","","","","","","","","","","","","","","","","","","","","","","","1.32","","","","2.74","","","","","","","","","","","","","","","",
"Togo","TGO","Employment in industry, male (% of male employment) (modeled ILO estimate)","SL.IND.EMPL.MA.ZS","","","","","","","","","","","","","","","","","","","","","","","","","","","","","","","","8.08963204256456","8.10541037491392","7.84679447631017","8.1223461023184","8.35699956412624","8.50402952825858","8.74157991426822","8.75977959012353","8.8558666691969","9.07411496368296","9.13638703962264","9.31233079760082","9.5481999557017","9.5479863185228","9.52403605281403","9.90464866077976","11.7831384706764","12.9620571138544","15.4722376437763","16.2374575888588","16.5301294987104","17.2893564205343","18.1382628770786","18.9653704251323","19.8039932448967","20.57213556731","21.4291101911812","18.1901725828179","15.1862985872626","15.100752301669","15.2383103009629","15.2250879793134","15.3437724542117","15.4354390123339","15.5750699391323",
"Togo","TGO","Contributing family workers, male (% of male employment) (modeled ILO estimate)","SL.FAM.WORK.MA.ZS","","","","","","","","","","","","","","","","","","","","","","","","","","","","","","","","12.6245274781753","12.7287571259202","13.0442562243144","13.1101126274439","13.1372623337385","13.0981067572089","12.9250198267294","12.7608094059768","12.6977142477607","12.6828134808288","12.7389150821434","12.80108858789","12.7906010938272","12.8039247622496","12.8874133978411","12.9356735277239","13.0030488240182","13.0886682567383","13.1115832479216","13.0677148041376","12.9692490678498","12.8298370195536","12.6522063824502","12.4689383535663","12.2618267177025","12.0168693296137","11.739846495548","11.4877245445633","11.2543436834436","10.9332950278606","9.71319425482657","8.55613700342897","8.41040066867726","8.27593189249066","8.03675305762148",
"Togo","TGO","Children in employment, unpaid family workers, female (% of female children in employment, ages 7-14)","SL.FAM.0714.FE.ZS","","","","","","","","","","","","","","","","","","","","","","","","","","","","","","","","","","","","","","","","","","","","","","","","","","","88.64","","","","","","","","","","","","","","","",
"Togo","TGO","Vulnerable employment, total (% of total employment) (modeled ILO estimate)","SL.EMP.VULN.ZS","","","","","","","","","","","","","","","","","","","","","","","","","","","","","","","","82.275093376402","82.3263914588813","82.6031210882844","82.6154509428014","82.5307494151073","82.3970168385481","82.121129508047","82.0046160272521","81.8693755350707","81.7839571545281","81.7712793500423","81.7196325603711","81.6210233501365","81.5844561564686","81.6294315580731","81.6256359546877","81.6427331685432","81.6641933300631","81.6064649324821","81.4795363739095","81.2913168903166","81.1038035673548","80.8185915014099","80.5090782429062","80.2507813639408","79.9173963692734","79.5206668772319","79.0881662731161","78.7441430230892","79.0328036929024","77.3754575438599","75.9643653484896","75.7108704513656","75.4593427790663","75.0281718322232",
"Togo","TGO","Employment to population ratio, 15+, total (%) (national estimate)","SL.EMP.TOTL.SP.NE.ZS","","","","","","","","","","","","","","","","","","","","","","","","","","","","","","","","","","","","","","","","","","","","","","","77.464","","","","61.375","76.654","","","","53.48","","55.9","","72.422","","","69.339","","","",
"Togo","TGO","Employment to population ratio, 15+, female (%) (national estimate)","SL.EMP.TOTL.SP.FE.NE.ZS","","","","","","","","","","","","","","","","","","","","","","","","","","","","","","","","","","","","","","","","","","","","","","","77.697","","","","61.015","75.13","","","","60.192","","54.336","","70.058","","","67.609","","","",
"Togo","TGO","Self-employed, female (% of female employment) (modeled ILO estimate)","SL.EMP.SELF.FE.ZS","","","","","","","","","","","","","","","","","","","","","","","","","","","","","","","","92.0761032472939","92.0536928779002","92.1264550333135","92.1155838686069","92.0428922258983","91.9512588743481","91.7991203043937","91.6896168592227","91.583478160727","91.4930742962223","91.4507637997591","91.3949835002467","91.3216979069259","91.2605505749102","91.2261787427112","91.1744560902611","91.1209493626544","91.0920691276349","91.0292251490098","90.929401917488","90.793985612578","90.654022651998","90.4503705460774","90.2282505590519","90.0307508690463","89.7364753447727","89.3592345154845","88.998418989649","88.7171652564829","88.6832108628729","87.3763124934074","85.969466509534","85.7425835139857","85.5224759990296","85.0767266168324",
"Togo","TGO","Employment to population ratio, ages 15-24, total (%) (modeled ILO estimate)","SL.EMP.1524.SP.ZS","","","","","","","","","","","","","","","","","","","","","","","","","","","","","","","","27.723","27.409","27.05","26.834","26.609","26.429","26.066","25.636","25.26","24.906","24.712","24.555","24.436","24.265","24.088","23.902","23.979","24.145","24.334","24.602","24.853","24.795","24.689","24.542","24.362","23.611","22.852","23.458","24.063","23.683","23.73","23.841","23.785","23.712","23.681",
"Togo","TGO","Employment to population ratio, ages 15-24, female (%) (modeled ILO estimate)","SL.EMP.1524.SP.FE.ZS","","","","","","","","","","","","","","","","","","","","","","","","","","","","","","","","28.952","28.747","28.537","28.357","28.214","28.121","27.811","27.516","27.242","26.977","26.862","26.752","26.67","26.566","26.463","26.325","26.568","26.863","27.151","27.495","27.818","27.673","27.493","27.28","27.04","26.616","26.165","26.635","27.11","26.609","26.703","27.063","27.216","27.257","27.253",
"Togo","TGO","Employment in agriculture, female (% of female employment) (modeled ILO estimate)","SL.AGR.EMPL.FE.ZS","","","","","","","","","","","","","","","","","","","","","","","","","","","","","","","","47.2309741881765","47.9377875165188","49.7075350633863","47.9326508094362","47.4653970941324","46.9385589061889","45.6674571421372","45.8875736041433","45.8271389086645","45.9392529358202","46.051299358758","45.7352088931036","44.9327043410701","45.3771971883227","46.4475560670216","45.9761738630547","43.4111074936018","40.7385687633501","36.5204768313786","33.6142952215662","31.3655930221094","30.7607043212337","30.1617545569475","29.708070691282","29.2176463682669","29.0966065606335","28.6833479020979","34.3766146259809","40.0609637981762","39.5154145676704","38.1724880564934","35.5308193895986","34.759269755384","34.2904314345759","33.6124746975186",
"Togo","TGO","Prosperity gap (average shortfall from a prosperity standard of $28/day)","SI.SPR.PGAP","","","","","","","","","","","","","","","","","","","","","","","","","","","","","","","","","","","","","","","","","","","","","","","15.6","","","","","17.1","","","","16.1","","","8.9","","","8.6","","","","",
"Togo","TGO","Survey mean consumption or income per capita, bottom 40% of population (2021 PPP $ per day)","SI.SPR.PC40","","","","","","","","","","","","","","","","","","","","","","","","","","","","","","","","","","","","","","","","","","","","","","","","","","","","","","","","","","","2.13","","","2.24","","","","",
"Togo","TGO","Poverty headcount ratio at $8.30 a day (2021 PPP) (% of population)","SI.POV.UMIC","","","","","","","","","","","","","","","","","","","","","","","","","","","","","","","","","","","","","","","","","","","","","","","94.8","","","","","93.6","","","","94.3","","","84.1","","","87","","","","",
"Togo","TGO","Multidimensional poverty headcount ratio (UNDP & OPHI) (% of population)","SI.POV.MPUN","","","","","","","","","","","","","","","","","","","","","","","","","","","","","","","","","","","","","","","","","","","","","","","","","","","","","","","","","","37.6","","","","","","","","",
"Togo","TGO","Poverty gap at $3.00 a day (2021 PPP) (%)","SI.POV.GAPS","","","","","","","","","","","","","","","","","","","","","","","","","","","","","","","","","","","","","","","","","","","","","","","30.3","","","","","31.6","","","","28.3","","","11.7","","","10.4","","","","",
"Togo","TGO","Proportion of people living below 50 percent of median income (%)","SI.DST.50MD","","","","","","","","","","","","","","","","","","","","","","","","","","","","","","","","","","","","","","","","","","","","","","","13.5","","","","","19.8","","","","18","","","15.8","","","13.2","","","","",
"Togo","TGO","Income share held by third 20%","SI.DST.03RD.20","","","","","","","","","","","","","","","","","","","","","","","","","","","","","","","","","","","","","","","","","","","","","","","13.9","","","","","13.4","","","","14.4","","","14.2","","","15.4","","","","",
"Togo","TGO","UHC service coverage sub-index on infectious diseases","SH_UHC_SCI_ID","","","","","","","","","","","","","","","","","","","","","","","","","","","","","","","","","","","","","","","","","7","5","4","4","11","14","13","12","19","21","19","27","30","28","30","26","22","33","37","36","33","32","35","44","","",
"Togo","TGO","Proportion of population facing large (but non-impoverishing) out-of-pocket health expenditure (%)","SH_UHC_FH40_LARGE","","","","","","","","","","","","","","","","","","","","","","","","","","","","","","","","","","","","","","","","","","","","","","","3.42","","","","","1.76","","","","6.06","","","4.84","","","5.1","","","","",
"Togo","TGO","Domestic private health expenditure per capita, PPP (current international $)","SH.XPD.PVTD.PP.CD","","","","","","","","","","","","","","","","","","","","","","","","","","","","","","","","","","","","","","","","","36.8279928090906","37.6673937849627","38.3608468638935","39.8614664677911","38.4707977625031","42.0108686036266","46.0465249175829","37.6678089234786","39.0918046116608","41.6583156200104","45.4261271125872","48.3014368809695","49.4283835606715","52.165018802556","57.1872868769008","85.8722649363293","88.9867138143507","88.8753531537312","93.9132187756502","99.2686274792044","102.20118579399","106.850868677345","121.63603409967","127.952782033196","","",
"Togo","TGO","Out-of-pocket expenditure per capita (current US$)","SH.XPD.OOPC.PC.CD","","","","","","","","","","","","","","","","","","","","","","","","","","","","","","","","","","","","","","","","","10.65462051","10.50320667","11.67988855","13.82069046","14.00239245","15.69602113","16.75071415","14.97071601","17.84300094","18.50622994","19.02098337","21.38565479","20.97585581","22.89558825","24.04747874","31.41957484","32.25783735","31.68337199","33.90730315","32.34604443","33.93287673","36.38085849","35.80199892","38.35060538","","",
"Togo","TGO","Domestic general government health expenditure (% of general government expenditure)","SH.XPD.GHED.GE.ZS","","","","","","","","","","","","","","","","","","","","","","","","","","","","","","","","","","","","","","","","","2.44484162","2.99478221","4.05133438","4.24208784","4.20555353","3.80081558","3.83191919","4.34495354","4.84371662","4.77685833","7.44585991","5.66925287","6.10906744","4.68965626","4.55810213","4.03825331","4.25863695","6.45040607","5.4890213","5.38174009","3.85122466","2.56088448","2.56088448","2.56088448","","",
"Togo","TGO","External health expenditure per capita (current US$)","SH.XPD.EHEX.PC.CD","","","","","","","","","","","","","","","","","","","","","","","","","","","","","","","","","","","","","","","","","0.43329185","0.49243191","0.61406329","0.87348132","1.14903568","1.3829735","1.68514667","2.22966524","2.91545186","3.0185557","1.79032061","2.88619295","3.60453091","6.48802459","6.28787975","5.66679931","7.77538035","7.74020941","4.98599966","4.45321522","7.95952933","8.52867226","11.51644859","11.90192576","","",
"Togo","TGO","Current health expenditure (% of GDP)","SH.XPD.CHEX.GD.ZS","","","","","","","","","","","","","","","","","","","","","","","","","","","","","","","","","","","","","","","","","3.33427","3.4422195","3.44502354","3.44513917","3.48131895","3.98242044","4.30967808","3.67734432","3.74071932","3.92726755","4.33284378","4.38927078","4.64366484","4.78670263","4.90473413","6.24738503","6.58550072","6.50210476","6.16073656","5.91268635","6.18928432","5.6165967","6.24094057","6.10829544","","",
"Togo","TGO","Tuberculosis treatment success rate (% of new cases)","SH.TBS.CURE.ZS","","","","","","","","","","","","","","","","","","","","","","","","","","","","","","","","","","","","","","","","","","59","68","63","66","71","67","77","82","83","85","85","86","88","88","86","85","82","81","87","86","87","86","85","","",
"Togo","TGO","Prevalence of wasting, weight for height (% of children under 5)","SH.STA.WAST.ZS","","","","","","","","","","","","","","","","","","","","","","","","","","","","","6.4","","","","","","","","","","12","","","","","","","","","","6","6.1","4.7","","5.5","","6.6","","","5.7","","","","","","","","",
"Togo","TGO","Mortality caused by road traffic injury (per 100,000 population)","SH.STA.TRAF.P5","","","","","","","","","","","","","","","","","","","","","","","","","","","","","","","","","","","","","","","","","30.1","30.4","30.8","30.9","31","30.9","31.2","31.1","31.3","31.3","31.1","31.1","30.6","30.7","30.3","29.9","29.6","29.2","28.8","28.7","","","","","","",
"Togo","TGO","Adolescents out of school, male (% of male lower secondary school age)","SE.SEC.UNER.LO.MA.ZS","","","","","","","","","","","","","","","","","","","","","","","","","","","","","","","","30.2806892395019","","","","","","","","18.8020305633545","","25.2113609313965","","23.3087100982666","24.612979888916","24.3967704772949","","31.3493804931641","","","","","","","36.5567659947678","11.1511200725997","","16.6366596221924","6.94237101789824","7.11852976770811","14.2253044654939","18.4369853783602","24.2124949548991","25.7122490953585","26.0151587596735","",
"Togo","TGO","Secondary education, teachers","SE.SEC.TCHR","","","","","","","","","","","","880","997","1081","1162","1335","1634","2161","2377","2686","3217","","4319","4438","4481","","4351","4424","4374","4423","4553","4492","","","3513","4847","5389","","","6595","8203","","","10513","11029","13259","11067","11518","","","","20798","","","","","","","","","30494","32911","","51488","","",
"Togo","TGO","Trained teachers in upper secondary education, female (% of female teachers)","SE.SEC.TCAQ.UP.FE.ZS","","","","","","","","","","","","","","","","","","","","","","","","","","","","","","","","","","","","","","","","","","","","","","","","","","","","","","","","","","","","","","29.1503267973856","","","","",
"Togo","TGO","Trained teachers in lower secondary education, female (% of female teachers)","SE.SEC.TCAQ.LO.FE.ZS","","","","","","","","","","","","","","","","","","","","","","","","","","","","","","","","","","","","","","","","","","","","","","","","","","","","","","","","","","","","","","44.0483768300446","","","","",
"Togo","TGO","Progression to secondary school, female (%)","SE.SEC.PROG.FE.ZS","","","","","","","","","","","","","","","","","","","91.5844","74.72188","70.36991","60.688","53.43774","42.68245","40.86871","59.98019","57.57098","72.26983","52.26894","75.98462","65.72581","60.92823","","","74.17739","64.02228","","","","76.694","78.85806","","73.11588","75.38604","75.98714","75.59438","","72.97449","","80.09737","87.5806","","82.18268","77.40149","82.70213","","79.96816","79.58255","","","","","","","","",
"Togo","TGO","School enrollment, secondary (% net)","SE.SEC.NENR","","","","","","","","","","","","","","","","","","","","","","","","","","","","","","","","15.77007","","","","","","","","20.27586","23.46562","","","","","","","","","","","","","","","","","41.01339","","","","","","","","",
"Togo","TGO","Secondary education, vocational pupils (% female)","SE.SEC.ENRL.VO.FE.ZS","","","","","","","","","","","","36.64156","34.92481","31.80593","30.86817","29.61791","29.9504","23.55347","26.21473","29.64824","29.51934","","30.61416","27.15773","23.47884","24.91761","26.40174","25.30237","29.15264","26.12988","27.38362","25.75071","23.62768","","23.88132","27.66348","25.2145","28.26135","","24.83833","30.43017","32.2869","31.19559","31.71981","33.38542","36.41722","38.3944","38.39415","","","","","","","","","","40.43637","","","","","","","","",
"Togo","TGO","Pupil-teacher ratio, lower secondary","SE.SEC.ENRL.LO.TC.ZS","","","","","","","","","","","","","","","","","","","","","","","","","","","","","","","","","","","","34.59856","","","","44.35664","","","","","","","","","","","","33.93276","","","","","","","","","","","","","","",
"Togo","TGO","Secondary education, pupils","SE.SEC.ENRL","","","","","","","","","","","","22003","27255","31288","37546","48415","64404","81169","96065","113730","127894","","130366","119106","101989","91207","97120","98490","115390","110318","127704","125545","127831","","134559","153348","169481","178254","","231948","258677","288347","329307","354965","375385","404470","430064","408964","","","","545861","","","","","","727949","","","","852361","","915214","","",
"Togo","TGO","Educational attainment, at least completed upper secondary, population 25+, female (%) (cumulative)","SE.SEC.CUAT.UP.FE.ZS","","","","","","","","","","","0.100100003182888","","","","","","","","","","","","","","","","","","","","","","","","","","","","","","","","","","","","","","","3.30561995506287","3.03769109161442","3.0363199710846","","","","","","4.2470498085022","","6.84357203938389","","","5.52819013595581","","","",
"Togo","TGO","Educational attainment, at least completed lower secondary, population 25+, total (%) (cumulative)","SE.SEC.CUAT.LO.ZS","","","","","","","","","","","1.08938002586365","","","","","","","","","","","","","","","","","","","","","","","","","","","","","","","","","","","","","","","","17.3566894396454","18.2707500457764","","","","","","21.1068992614746","","","","","21.6482791900635","","","",
"Togo","TGO","Lower secondary completion rate, male (% of relevant age group)","SE.SEC.CMPT.LO.MA.ZS","","","","","","","","","","","","","","","10.756139755249","13.5802898406982","15.6641502380371","20.7934093475342","25.1764507293701","30.0616302490234","35.2274894714355","34.0070915222168","32.6853981018066","26.3110008239746","19.7174205780029","17.689079284668","17.0639095306396","17.1900501251221","15.8704795837402","17.6417407989502","19.3901290893555","18.5251502990723","20.3797607421875","","18.2645702362061","22.8461208343506","23.2458095550537","","","29.519510269165","31.0264892578125","35.8119583129883","40.1086006164551","42.4277496337891","45.3415908813477","50.2589988708496","49.7162399291992","42.4776802062988","44.1732292175293","","43.7642653108642","47.9534288983108","","46.5650042791566","44.6344785833207","47.5491875489428","48.95601849101","52.8108164230587","53.5208578968053","54.8839044925344","56.9602028537047","62.0312063777647","65.0584795321637","59.4940092605852","58.8375192019396","",
"Togo","TGO","Children out of school, male (% of male primary school age)","SE.PRM.UNER.MA.ZS","","","","","","","","","","","","35.0477600097656","35.0370712280273","","","","","","19.9453105926514","19.6589508056641","20.1352691650391","","23.6695499420166","27.5849609375","33.6926498413086","35.5087394714355","40.3367195129395","29.1065502166748","28.7109107971191","28.1348705291748","27.410270690918","25.3350296020508","","","24.526330947876","16.7911491394043","9.46712970733643","13.5323495864868","","2.06419992446899","","6.15981006622315","2.48748993873596","6.3410701751709","4.18970012664795","5.41118001937866","2.76340007781982","7.66844987869263","6.71903991699219","","","","","","6.5133021525707","5.33273955120706","8.39953994750977","7.05163737541709","7.89195937469845","7.810360011428","3.79658625306141","2.58789291693396","","","","",
"Togo","TGO","Children out of school, primary","SE.PRM.UNER","","","","","","","","","","","","197482","199920","","","","","","162037","161287","165553","","191507","209610","251956","269302","301599","254802","257007","259888","257544","247323","","","241014","197997","157400","187526","","100851","136560","122543","91191","120868","99631","106644","80619","122094","111373","","","","","","104716","92340","185309.223","117778","127092","108469","59575","49209","12444.6407656816","10944.1667136084","9263.25802369975","",
"Togo","TGO","Primary education, teachers (% female)","SE.PRM.TCHR.FE.ZS","","","","","","","","","","","","19.391149520874","19.9484901428223","19.934440612793","20.1412792205811","20.0284309387207","20.1315803527832","19.6231594085693","20.8523006439209","21.8780307769775","22.1188297271729","21.4324493408203","21.2496109008789","20.8733100891113","21.1237106323242","20.2836208343506","19.9820899963379","20.2301292419434","20.8182392120361","20.1611404418945","19.4804000854492","18.7753295898438","14.5747804641724","","16.0727195739746","16.0164108276367","14.4848003387451","14.1462097167969","12.1207504272461","13.4591197967529","13.2124099731445","12.4768400192261","12.2722396850586","12.0964202880859","11.8580799102783","11.5680198669434","12.1701202392578","12.0867300033569","12.2092599868774","12.8298902511597","13.7897325933401","13.5777966795829","13.8796648895659","14.6647272727273","16.0301566047622","15.8331120356437","16.1739514836713","16.3959457680663","16.5595355347053","17.0358883473638","17.4499220343049","18.2579881656805","19.0946221919673","21.0869789517128","22.4128088726996","",
"Togo","TGO","Trained teachers in primary education, female (% of female teachers)","SE.PRM.TCAQ.FE.ZS","","","","","","","","","","","","","","","","","","","","","","","","","","","","","","","","","","","","","","","","45.8842391967773","","","","","","","","","","","74.1596158243769","67.3317865429234","78.42405618964","69.1926205118032","","69.9217294073798","","","","68.2271348071088","67.3494638438273","66.1135597614727","68.8311688311688","68.611620795107","69.630078835658","",
"Togo","TGO","Persistence to last grade of primary, total (% of cohort)","SE.PRM.PRSL.ZS","","","","","","","","","","","","71.1739196777344","","","","","","","75.5554962158203","69.6771392822266","60.9971504211426","44.8108406066895","43.5463104248047","26.60791015625","34.2808494567871","41.0105094909668","63.0922698974609","53.6335182189941","49.8263816833496","58.812931060791","59.9954414367676","42.108081817627","","","","60.8525009155273","","","","45.6600303649902","70.2399597167969","","62.7523612976074","71.6245727539062","69.4437408447266","80.5832290649414","","69.3413391113281","","59.3515701293945","51.7268409729004","67.088737487793","62.3861885070801","52.8342018127441","","","","","","","59.589729309082","65.2057113647461","55.2441596984863","62.6071395874023","","",
"Togo","TGO","Persistence to grade 5, male (% of cohort)","SE.PRM.PRS5.MA.ZS","","","","","","","","","","","","78.331916809082","","","","","","","81.8512878417969","79.2695770263672","69.7867813110352","59.8608093261719","59.2401084899902","43.5689086914062","53.4029808044434","59.8933982849121","80.7512283325195","70.3791427612305","67.0285797119141","72.891487121582","74.5457611083984","55.3079299926758","","","","79.2831115722656","","","","54.8499183654785","79.407600402832","","73.194206237793","79.4598770141602","79.2754135131836","89.0927963256836","","79.6811218261719","","78.3328094482422","63.1720085144043","76.210693359375","71.4038772583008","61.119571685791","","","","","","","74.9563293457031","79.3812637329102","69.3123931884766","72.9207382202148","","",
"Togo","TGO","Over-age students, primary, male (% of male enrollment)","SE.PRM.OENR.MA.ZS","","","","","","","","","","","","20.69329","26.75539","","","","","","28.38217","30.24529","31.80401","","31.09758","31.37804","30.42518","29.83727","33.96045","27.23544","27.33533","30.13741","30.64211","32.14709","","","32.11921","30.91655","27.22166","29.04477","","25.59338","","21.49799","19.09977","18.38084","17.40875","16.73466","16.0899","16.27345","15.23564","","","","","","","18.62074","18.62077","17.76754","17.40046","","","","","","","",
"Togo","TGO","Net intake rate in grade 1, female (% of official school-age population)","SE.PRM.NINT.FE.ZS","","","","","","","","","","","","","","","","","","","","","","","","","","","","","","","","","","","","","","","","38.83171","38.8538","42.03227","42.53174","41.75743","41.33162","40.96842","46.23778","46.54875","","","57.71888","53.9098","55.17933","","","64.81531","","57.00076","","","","","","","","",
"Togo","TGO","Gross intake ratio in first grade of primary education, total (% of relevant age group)","SE.PRM.GINT.ZS","","","","","","","","","","","","70.3165","79.5573","","","","91.4484","","94.26154","100.46165","94.99603","88.73516","80.61092","79.65528","72.09138","76.01306","80.61326","88.22803","85.79183","85.54218","87.05504","88.15382","82.56969","","83.32634","105.18745","125.33802","","","102.68795","98.73389","107.81202","107.49475","100.91697","97.7434","102.09099","110.15518","104.5629","104.34342","133.92699","134.07175","125.97709","130.00519","131.04148","135.07714","134.37298","142.89918","144.04836","141.65741","","","","","","","",
"Togo","TGO","School enrollment, primary, female (% gross)","SE.PRM.ENRR.FE","","","","","","","","","","","","37.7252998352051","42.0417900085449","46.6874885559082","49.7645301818848","52.2341690063477","57.7541809082031","63.0271301269531","67.4577865600586","73.2561874389648","76.3084411621094","78.4130706787109","74.8765563964844","71.4926528930664","63.3984909057617","60.0593490600586","58.9390716552734","63.1314010620117","63.9707794189453","67.4840698242188","70.0081405639648","74.4383087158203","74.2263717651367","","77.1875686645508","85.9846801757812","90.6731414794922","92.9325332641602","95.375846862793","102.311950683594","97.7100524902344","99.8947372436523","102.707092285156","101.327629089355","101.30638885498","101.227111816406","105.259620666504","100.16081237793","101.619941711426","113.037857055664","119.033322915853","117.751141226411","121.546031286963","122.708981785694","119.448771321999","123.279580988858","119.238623392349","117.349849469983","116.446764271389","116.473278182358","118.280089519738","115.644520488357","117.266870222457","115.143347288015","113.152847211292","",
"Togo","TGO","Primary education, pupils","SE.PRM.ENRL","","","","","","","","","","","","228505","257875","290352","311678","329443","362895","395381","421436","458104","484272","506788","498639","492329","457376","454209","462858","511009","527853","569388","597503","646962","652548","","663126","762137","824626","859574","888012","953886","914919","945103","977534","975063","984846","996707","1051872","1021617","1055372","1224916","1286653","1299802","1368074","1412356","1413208","1498312","1498314.473","1524191","1548876","1584376","1634441","1629064","1672475","1664472","1657602","",
"Togo","TGO","Educational attainment, at least completed primary, population 25+ years, female (%) (cumulative)","SE.PRM.CUAT.FE.ZS","","","","","","","","","","","1.38796997070312","","","","","","","","","","","","","","","","","","","","","","","","","","","","","","","","","","","","","","","16.1268100738525","","17.8094291687012","","","","","","30.0399799346924","","","","","31.3155994415283","","","",
"Togo","TGO","Primary school starting age (years)","SE.PRM.AGES","","","","","","","","","","","6","6","6","6","6","6","6","6","6","6","6","6","6","6","6","6","6","6","6","6","6","6","6","6","6","6","6","6","6","6","6","6","6","6","6","6","6","6","6","6","6","6","6","6","6","6","6","6","6","6","6","6","6","6","6","6",
"Togo","TGO","School enrollment, preprimary, male (% gross)","SE.PRE.ENRR.MA","","","","","","","","","","","","5.185959815979","2.96441006660461","3.19809007644653","3.32912993431091","2.82176995277405","2.83004999160767","2.2816801071167","2.50676989555359","2.69180011749268","2.47931003570557","2.79666996002197","3.17246007919312","3.1631600856781","2.96914005279541","2.86031007766724","2.99761009216309","2.9466700553894","3.00892996788025","2.6498498916626","2.85434007644653","2.92865991592407","","","2.66131997108459","2.56713008880615","2.5961000919342","2.60873007774353","2.56496000289917","2.63840007781982","2.10322999954224","2.34758996963501","2.5749499797821","2.67955994606018","3.03488993644714","","3.81292009353638","4.14671993255615","4.59267997741699","6.98600006103516","7.17675018310547","9.01930999755859","10.4874696731567","13.4407196044922","14.8092403411865","17.3232002258301","","20.9322204589844","22.5025691986084","24.6073894500732","29.2354793548584","28.605749130249","","","","",
"Togo","TGO","Preprimary education, duration (years)","SE.PRE.DURS","","","","","","","","","","","","","","","","","","","","","","","","","","","","","","","","","","","","","","","","3","3","3","3","3","3","3","3","3","3","3","3","3","3","3","3","3","3","3","3","3","3","3","3","3","3","3",
"Togo","TGO","Learning poverty: Share of Male Children at the End-of-Primary age below minimum reading proficiency adjusted by Out-of-School Children (%)","SE.LPV.PRIM.MA","","","","","","","","","","","","","","","","","","","","","","","","","","","","","","","","","","","","","","","","","","","","","","","","","","","","","","","85.8716278076171","","","","","82.0161361694335","","","","","","",
"Togo","TGO","Learning poverty: Share of Female Children at the End-of-Primary age below minimum reading proficiency adjusted by Out-of-School Children (%)","SE.LPV.PRIM.FE","","","","","","","","","","","","","","","","","","","","","","","","","","","","","","","","","","","","","","","","","","","","","","","","","","","","","","","84.0847396850585","","","","","81.3643646240234","","","","","","",
"Togo","TGO","School enrollment, primary and secondary (gross), gender parity index (GPI)","SE.ENR.PRSC.FM.ZS","","","","","","","","","","","","0.431259989738464","0.446859985589981","0.454759985208511","0.466919988393784","0.474429994821548","0.491059988737106","0.501420021057129","0.519159972667694","0.537220001220703","0.546909987926483","","0.569180011749268","0.574710011482239","0.56862998008728","0.561209976673126","0.552079975605011","0.554499983787537","0.559490025043488","0.56563001871109","0.578580021858215","0.587140023708344","0.593240022659302","","0.595040023326874","0.608839988708496","0.616850018501282","0.632700026035309","","0.669920027256012","0.691349983215332","0.700890004634857","0.714150011539459","0.72189998626709","0.735480010509491","0.744239985942841","0.756460011005402","0.755240023136139","","","","","","","","","","0.87474000453949","","","","0.910440027713776","","","","",
"Togo","TGO","Literacy rate, adult male (% of males ages 15 and above)","SE.ADT.LITR.MA.ZS","","","","","","","","","","","","","","","","","","","","","","","","","","","","","","","","","","","","","","","","","68.7300033569336","","","","","","70.2699966430664","","","71.1699981689453","71.5299987792969","74.0599975585938","","","","77.2600021362305","","74.0706257189346","","79.9899978637695","","","82.8499984741211","","","",
"Togo","TGO","Literacy rate, youth (ages 15-24), gender parity index (GPI)","SE.ADT.1524.LT.FM.ZS","","","","","","","","","","","","","","","","","","","","","","","","","","","","","","","","","","","","","","","","","0.759999990463257","","","","","","0.800000011920929","","","0.850000023841858","0.800000011920929","0.839999973773956","","","0.763796389102936","0.870000004768372","","0.839999973773956","","0.910000026226044","","","0.939999997615814","","","",
"Togo","TGO","Coverage of social insurance programs in 4th quintile (% of population)","per_si_allsi.cov_q4_tot","","","","","","","","","","","","","","","","","","","","","","","","","","","","","","","","","","","","","","","","","","","","","","","","","","","","3.34768279198892","","","","","","","2.54497876207403","","","4.14804614108471","","","","",
"Togo","TGO","Coverage of social insurance programs (% of population)","per_si_allsi.cov_pop_tot","","","","","","","","","","","","","","","","","","","","","","","","","","","","","","","","","","","","","","","","","","","","","","","","","","","","3.00957537816722","","","","","","","2.43166351728284","","","3.66443323963231","","","","",
"Togo","TGO","Coverage of social safety net programs in 4th quintile (% of population)","per_sa_allsa.cov_q4_tot","","","","","","","","","","","","","","","","","","","","","","","","","","","","","","","","","","","","","","","","","","","","","","","","","","","","","","","","","","","5.46385704307971","","","13.6880554451614","","","","",
"Togo","TGO","Coverage of social safety net programs (% of population)","per_sa_allsa.cov_pop_tot","","","","","","","","","","","","","","","","","","","","","","","","","","","","","","","","","","","","","","","","","","","","","","","","","","","","","","","","","","","9.81454323474683","","","14.9944122425256","","","","",
"Togo","TGO","Coverage of unemployment benefits and ALMP in 4th quintile (% of population)","per_lm_alllm.cov_q4_tot","","","","","","","","","","","","","","","","","","","","","","","","","","","","","","","","","","","","","","","","","","","","","","","","","","","","","","","","","","","","","","","","","","",
"Togo","TGO","Coverage of unemployment benefits and ALMP (% of population)","per_lm_alllm.cov_pop_tot","","","","","","","","","","","","","","","","","","","","","","","","","","","","","","","","","","","","","","","","","","","","","","","","","","","","","","","","","","","","","","","","","","",
"Togo","TGO","Benefit incidence of social protection and labor programs to poorest quintile (% of total SPL benefits)","per_allsp.ben_q1_tot","","","","","","","","","","","","","","","","","","","","","","","","","","","","","","","","","","","","","","","","","","","","","","","","","","","","0","","","","","","","1.83487051897777","","","0.102104023991857","","","","",
"Togo","TGO","PPP conversion factor, GDP (LCU per international $)","PA.NUS.PPP","","","","","","","","","","","","","","","","","","","","","","","","","","","","","","","141.039751218","140.070145846565","141.393870452488","126.798596511726","168.645320819889","183.491086460531","189.900816885287","190.482491676746","206.366916514846","205.756513561232","221.418367223485","220.080921802735","227.609237302332","216.745029557618","207.042228149451","212.544131461444","205.136704028505","209.639503911871","224.340293887972","229.915451136837","226.94289112947","228.624969482422","236.577416140257","237.984447804111","234.28539708271","236.228225923929","236.861637104047","231.840179443359","228.706680297852","218.590423583984","208.467544555664","202.174468994141","202.191382356231","200.773930626041","201.237092771315","197.415755247599",
"Togo","TGO","Terms of trade adjustment (constant LCU)","NY.TTF.GNFS.KN","","","","","","46306523916.0536","82235117500.7201","81386140841.042","92731436204.3817","97986859880.9557","101796004988.479","-92350394823.6897","-112567634340.137","-110366539393.414","179064511819.432","-135926247863.099","48658692072.0464","67088793498.6089","-52749994822.3502","52636673235.6276","-7192734802.0177","-13314296791.5638","63398450173.0798","20113847470.9271","152413916515.705","151326857354.987","160616758330.889","130925667730.623","105159040987.88","131485357964.227","167744902755.621","53482869118.2644","78881000574.011","-81896526497.6569","-65075118392.4187","-110858595481.256","32373033309.9332","38092241985.0369","63785339953.3656","47616406569.4633","14129773571.0739","11619225188.2708","27258578663.6735","20733270565.412","8033162120.80371","-24502051926.0605","-27317572747.9722","-19003587947.4248","12977461534.1836","20124427148.1542","955475391.809692","7870086079.86841","8486919245.9375","752044112.26355","-5766115354.57617","4861529628.54163","0","4473037400.85864","1669876862.83997","6135821008.0188","9527798666.51965","9566406866.22546","85792971347.9617","63004786624.5125","","",
"Togo","TGO","Taxes less subsidies on products (constant LCU)","NY.TAX.NIND.KN","","","","","","","","","","","","","","","","","","","","","","","","","","","","","","","190417668759.178","189432853300","165605123600","73753068700","121912945800","164043830800","155216521700","186910765000","189528932900","183776169500","177711147600","164416139100","167730883800","183499940700","190705907400","167298525700","168019122400","160451000000","161853000000","178201000000","197922000000","213162000000","223224000000","237123000000","263932000000","306566000000","301498000000","312742000000","324374000000","368715000000","387080000000","487665000000","464838000000","503226000000","567356000000","",
"Togo","TGO","Net primary income (Net income from abroad) (current LCU)","NY.GSR.NFCY.CN","-116557800","-298299400","29950000","888111100","777830400","-1372336100","-343949300","-836403200","-1287331800","-1351790600","-1243766800","-1267753000","-1944125400","-2843107300","96280600","-1040000000","-940000000","-3250000000","-4620000000","-4650000000","-8440000000","-7550000000","-13920000000","-16440000000","-16960000000","-17060000000","-14540000000","-14180000000","-14780000000","-12710000000","-8840000000","-8170000000","-7200000000","2600000000","-24910000000","-16780000000","-13530000000","-16830000000","-13770000000","-23630000000","-20700000000","-21500000000","-14810000000","-13560000000","-18330000000","-18210000000","-19760000000","-14490000000","-6750000000","-8990000000","-11624000000","110202000000","3051000000","12474000000","22791000000","83149000000","25841000000","2902000000","10742000000","12962000000","24609000000","10339000000","6836000000","18011160095.4328","13991672886.7674","14966900453.6513",
"Togo","TGO","Gross savings (current LCU)","NY.GNS.ICTR.CN","","","","","","","","","","","","","","","75148923488.7977","27428078941.9747","43715764157.0229","61564337773.2152","57484858186.2594","75323648735.2201","82872691214.2609","66523545394.9125","54613439108.0416","65211846597.396","78231561757.4886","108122026914.249","109827200987.172","95179663398.2339","84146105589.8658","70784056529.7932","207844984767.026","205050513721.142","199710994622.521","20868974068.3721","230216794827.581","297016569311.61","218845790976.873","262867277664.887","189481213738.777","198052506577.213","341944867897.863","325574838279.893","415503460046.136","462022885777.933","489252280150.521","319030884665.808","237870266725.563","231785999866.919","249184999859.278","238429171884.939","270101999920.612","369746400076.138","346747312889.992","385628875356.976","488393279039.941","592925312562.531","486379075645.702","577751441671.827","644159049832.019","729431999906.562","841364661871.037","","","","","",
"Togo","TGO","Net primary income (Net income from abroad) (constant LCU)","NY.GSR.NFCY.KN","","","","","","","","","","","","","","","","","","","","","","","","","","","","","","","","","","","","","","","","","","","","","","","","","","","","","","","","","","","","","","","","","","",
"Togo","TGO","Gross savings (% of GNI)","NY.GNS.ICTR.GN.ZS","","","","","","","","","","","","","","","39.4271299000155","14.7626241238858","21.0105675668866","23.102780285337","22.2767041310013","28.6135866897922","25.0651436206554","18.3898628239536","14.8658963638864","16.4826239687155","18.3560995231492","23.1713955579092","21.7780494183954","18.4471046645788","14.8880424962851","11.8606270100697","33.6712153215953","32.5387939067129","31.921870901585","4.20869774440277","30.8797590301893","32.7760294977894","20.9395593900178","21.5696201602802","14.4786330463662","14.7057525894809","23.1732640812368","21.535952102059","25.0729688475471","26.8748540497845","29.3897856322944","18.98350173287","13.868633562521","12.9840826072201","12.2424605023876","10.780440591393","11.5583254596919","13.8714599324236","12.5316659814401","12.9119520149634","15.3605156675309","17.0095243119822","13.4223561842138","15.5652506793013","16.4532163289018","17.7468563581409","19.415522128972","","","","","",
"Togo","TGO","GNI per capita, PPP (current international $)","NY.GNP.PCAP.PP.CD","","","","","","","","","","","","","","","","","","","","","","","","","","","","","","","1180","1180","1130","1010","1130","1200","1280","1440","1390","1400","1390","1400","1450","1540","1520","1460","1500","1480","1530","1570","1630","1790","1760","1850","1960","2090","2120","2190","2300","2470","2670","2960","3310","3580","3820","4090",
"Togo","TGO","GNI per capita (current LCU)","NY.GNP.PCAP.CN","24998.8330378756","25535.6099263706","26420.271507289","28586.0044156839","32374.1630267699","34565.2892991238","39842.1816861481","41646.016582809","42642.6699567909","47438.7854695275","45542.4864618293","49623.1632024312","51460.1967438502","53359.6315375068","79275.755321317","75409.6773791337","82451.592107036","103127.655406535","97505.8034132615","96982.4972967736","118445.325603781","125628.699478024","124043.610366106","130441.778532164","137225.89802247","146067.566188736","152988.552652639","151859.482374984","161412.330936201","165459.432377171","166202.060073704","164852.852011021","159087.464822721","127535.183157089","190955.835395011","220462.620807941","243555.746217319","274554.799411732","287522.058051667","288649.793473895","308462.906122053","308264.520678838","329646.726561676","333551.979487446","315205.623783448","310460.261743893","307948.072289459","310545.829540277","342885.559601209","360740.903606067","369418.165768439","410043.131522685","415853.061401159","439280.889939001","458302.126773873","492942.376315527","503222.798756375","506773.263997829","524937.900615778","539402.159470074","556424.493204593","598141.472668953","669277.729910557","719355.430862118","769350.746510851","807072.712482323",
"Togo","TGO","GNI (constant LCU)","NY.GNP.MKTP.KN","","","","","","759652138744.647","875324779392.013","911674846546.962","960377864493.03","1062072796001.56","1090242846301.66","918584244178.378","973345657575.006","1004727625882.99","1354485014168.62","1045852585943.44","1220559477980.21","1397205933271.56","1413319854614.02","1385582158258.92","1480076295647.87","1434728665537.22","1417099571568.24","1308992927538.23","1513606249027.67","1578324783900.94","1644648079039.04","1633012703288.51","1719101160097.81","1792853262509.94","1887109902473.05","1765459862722.07","1725032580547.72","1339012353914.26","1458377495903.77","1574216832788.03","1895557379391.26","2171316163316.76","2148883431932.06","2164043716629.28","2121084078844.15","2131855855037.81","2241213447942.61","2386412368204.56","2333563671734.21","2177008364505.99","2211472394006.49","2200894313080.73","2336199313685.11","2474197446751.65","2591255673848.68","2885719372084.29","2945222008647.93","3121693664176.13","3316187155284.87","3581219907390.9","3623649000000","3753105791771.74","3937222323742.3","4138961914418.58","4255249491649.73","4462532956173.98","4764036635165.8","5048135878364.66","","",
"Togo","TGO","GNI (current LCU)","NY.GNP.MKTP.CN","41825797544","43479917127","45785247291","50456355986","58254392692","63447630254","74643889125","79659001263","83303436542","96937173249","97892572715","110154787879","117528039316","125102189736","190602064313","185794061488","208065603263","266480211528","258049206239","263244344555","330629229453","361740302425","367374006728","395639958305","426188372202","466618536825","504302285651","515959903350","565192540328","596798604911","617277941357","630172446800","625624341500","495853476200","745526526300","906200579700","1045130830600","1218692196300","1308695462700","1346768928500","1475600790200","1511773599500","1657176948500","1719164260100","1664701765000","1680569207700","1715167292100","1785155000000","2035416000000","2211683000000","2336861000000","2665519000000","2766969000000","2986604000000","3179537000000","3485843000000","3623649000000","3711803000000","3915095000000","4110204000000","4333464000000","4746956000000","5400145000000","5915871160095.43","6467591672886.77","6934066900453.65",
"Togo","TGO","Gross domestic savings (% of GDP)","NY.GDS.TOTL.ZS","","","","2.46913580219517","13.2812499992932","17.4712643680679","14.6892655373937","13.3333333332505","13.0217028381463","14.9425287355386","13.1614654009146","12.3321123316707","12.7853881281138","14.9336283182209","34.5830145368464","10.5222135618256","17.0946441670471","20.2014218008143","19.3326271187628","23.2612781955187","21.560402684707","15.0000000000677","12.2358175750928","13.7919463088604","14.2766093052828","18.7153284671699","16.6031573216731","14.7309536495014","10.555690366371","7.66913809081096","28.8618122600584","28.5150258474085","28.9197147768059","0.0725740653178594","27.3418753666378","27.6360711059498","17.8493229878831","17.9441760224085","11.3710503556729","12.9699828935615","21.0027870036742","18.9454666404435","21.9357848653685","23.1649602330168","24.8417937732744","14.0224052378481","7.50635472120371","6.25462243942555","5.43134103691864","4.0040113965451","4.49383325846237","5.16127744620335","7.96163272571762","8.18911748982055","9.7391110973135","9.47813702907167","7.1752022342493","9.23135990957968","10.2223595048911","10.0786333831392","10.8850959245554","11.3956648806522","12.9416096871142","11.6229106828578","","",
"Togo","TGO","Oil rents (% of GDP)","NY.GDP.PETR.RT.ZS","","","","","","","","","","","","0","0","0","0","0","0","0","0","0","0","0","0","0","0","0","0","0","0","0","0","0","0","0","0","0","0","0","0","0","0","0","0","0","0","0","0","0","0","0","0","0","0","0","0","0","0","0","0","0","0","0","","","","",
"Togo","TGO","GDP per capita growth (annual %)","NY.GDP.PCAP.KD.ZG","","10.2189069515129","1.96269088245819","3.08937266234462","12.1051002674144","13.1840923131391","7.19536217007217","3.33412047127418","2.83244012096687","5.95524867195734","-2.5345686654245","-3.16907721596196","4.60746681243877","1.151450719471","2.22621174416457","-0.0335362005597801","-4.36845078873084","4.454968927688","8.42226246650506","-7.53817437587806","11.4139696666403","-6.27109331620811","-6.25884242574811","-7.64138430495393","3.08584007682764","2.62151040982745","-1.55079575941235","-2.48578325768621","3.47706755867144","1.0199978557546","-3.12037753616558","-3.52144278864982","-6.66514350732382","-14.1217159206373","14.5050417533563","2.43400726866187","4.25346716899855","10.5725750027269","-4.72199073964951","-0.0248348481097906","-3.23018836054855","-1.65229608385683","1.28656075137106","4.090903606192","-3.36373306965925","-6.98809238817357","-0.234381611784201","-4.24863179214107","0.746106675039186","2.10306444374237","2.59389115844033","2.97777711687345","3.8561464321063","3.56529836692911","3.51991609433983","3.47161387733128","2.34242089940982","2.2541566874758","2.9148797520469","2.69276787668153","-0.0464136395853814","3.17336186086668","4.54969714998951","4.19303539209972","4.2112681850039","4.02034813190872",
"Togo","TGO","Natural gas rents (% of GDP)","NY.GDP.NGAS.RT.ZS","","","","","","","","","","","","0","0","0","0","0","0","0","0","0","0","0","0","0","0","0","0","0","0","0","0","0","0","0","0","0","0","0","0","0","0","0","0","0","0","0","0","0","0","0","0","0","0","0","0","0","0","0","0","0","0","0","","","","",
"Togo","TGO","GDP growth (annual %)","NY.GDP.MKTP.KD.ZG","","12.1693173716966","3.77365283189978","4.99969427082227","14.2860112631032","15.4597127063262","9.4087191007167","5.50037155762124","5.02369185243529","10.8308683441436","2.52430264526689","0","7.6251575468784","3.83748400245855","4.83284911849424","2.44054118351914","-2.05152258707815","6.95908537296113","11.0454345072834","-5.16774264547425","14.5769561096296","-3.31518607757171","-3.58240254629433","-5.41400778468125","5.55555504120959","5.55555216355627","1.5865043145251","0.510162180697307","6.64236977029414","4.06002168353761","-0.243656134474705","-0.699967495023117","-3.98068681380465","-15.0958274819575","14.9824143442687","7.84583232329818","8.83621162979911","14.3773775724317","-2.29987657013699","2.48175143834959","-0.783479610048047","0.823438752111855","3.82662257675142","6.72017142336034","-0.978665332738743","-4.66629938413338","2.65013209943473","-1.1751368996605","4.03561315398862","5.45381096920332","5.85433399076879","5.82325622135289","6.30271426865185","5.82425069283059","5.63323739145223","5.4680413807304","4.21490387414525","4.00791259566937","4.79518333086139","4.91949260488683","2.15900131150536","5.13562929064506","6.29443692019429","6.19762969378132","6.52651376797853","6.31032671625633",
"Togo","TGO","GDP (current US$)","NY.GDP.MKTP.CD","171057069.137772","178497098.264275","186745757.859216","202305865.235908","234572186.455851","264505506.022433","305227594.821437","327215843.636336","341691567.465593","378091809.602636","358665753.909298","404648367.76644","474043921.843537","574030983.980053","791450308.362944","871781686.907321","874681611.928369","1097893825.98815","1164025637.26464","1259365711.53521","1604836915.96662","1359026709.45126","1160337039.38068","1081387264.60786","1014170069.21689","1076604520.42427","1498219578.86978","1763978065.8368","1947208354.22555","1910635575.38044","2299665505.61434","2262767860.10937","2390796915.91958","1741944426.20894","1387662121.46736","1849110468.19569","2069506014.46659","2116818622.95834","2241650112.33333","2226577203.91399","2106848752.27753","2093498674.49678","2410199032.43102","2987984050.99318","3191561508.69088","3221910408.46516","3320907721.74508","3759962853.26476","4578847112.70688","4721888275.26937","4746386893.22553","5422439152.10906","5413541649.14901","6021729629.82454","6393314707.85456","5755457836.01866","6071167584.1951","6387424239.8801","7029215766.46367","6992942458.99419","7486031561.86885","8541668141.26198","8646453099.4124","9723300576.72675","10643440332.2445","11889949067.4697",
"Togo","TGO","Gross value added at basic prices (GVA) (constant 2015 US$)","NY.GDP.FCST.KD","","","","","","","","","","","","","","","","","","","","","","","","","","","","","","","2842290007.05681","2827538659.38751","2765707249.24842","2441903544.69161","2735122846.06755","2822633551.5674","3077043955.16672","3150595633.06893","3068305434.70596","3164545722.24461","3141207955.75937","3191655625.67571","3318746978.98379","3534273226.69704","3484693532.29971","3346255417.61427","3441118806.20553","3452144462.4086","3612841123.45471","3785597637.86955","3989756455.20779","4238654905.36617","4520244569.33594","4779489688.47628","5010464448.35476","5235126453.80708","5488582702.75866","5709958585.51237","5989644147.98186","6234028692.39032","6349511698.0275","6551458765.61013","7031689268.75902","7453090690.15322","7893303351.8943","9369065337.81541",
"Togo","TGO","Discrepancy in expenditure estimate of GDP (current LCU)","NY.GDP.DISC.CN","","","","152988410","0","1","1","0","0","0","1","136047058","-136383749","0","145758060","0","-1","159792779","0","0.999984741210938","1.00003051757813","0","0","0","0","0","0","0","0","1","9103728","-100","-9134500","-100","8974300","-9054800","-9272000","0","100","-10327700","0","0","0","10000300","-100","100","0","0","0","0","0","0","0","0","0","0","0","0","0","169000000","0","0","0","0","","",
"Togo","TGO","Inflation, GDP deflator (annual %)","NY.GDP.DEFL.KD.ZG","","-6.94682998696793","0.715476636259353","3.17491639918836","1.45983872364191","-2.32407248263566","5.73775859915348","1.74808937624435","0.0609454260907825","4.83856099574945","-1.62125040819991","12.3932368535163","-0.372352688114432","3.13437416817652","42.0320807065715","-4.26383525378778","14.2100141013494","20.6574056845155","-12.3041865376947","7.5469987413527","10.4657265795636","12.6474222750633","7.08675789698097","14.2601237152809","1.87944529930814","3.40143735085408","5.59479993708582","1.65884167925765","2.58577645265122","0.992354543440086","2.97594444257834","2.67109282645418","3.24543460439628","-8.19677350934612","35.8423813711266","11.0842103567644","5.3879278063591","2.03603454597328","9.55663247337893","1.11512719389448","10.0494567461461","1.63405347420718","5.02785556565668","-2.89310698803745","-1.90788897317589","5.87615776622891","-0.508763232978126","4.96375135329687","9.07423258687099","3.11724269281331","-0.0933183400535995","2.81959119100415","1.75037449118827","1.68329044618704","0.479878463169484","2.2027014975329","1.45775670689166","-0.884659427232194","0.452907938254626","0.0198866677059328","2.94224256636319","4.55780831498707","7.12146367434005","2.97322929884109","2.71878418150339","0.849119458930559",
"Togo","TGO","Adjusted net savings, excluding particulate emission damage (current US$)","NY.ADJ.SVNX.CD","","","","","","","","","","","","","","","","","","","","","","","","","","","","","","","235860617.055825","117840881.816974","68393058.6875361","-79987287.0529285","29580359.755115","56516355.6158234","25558471.6056162","-48750383.9613101","-54557424.4041577","-22682823.937437","98088858.505324","73501512.2438692","148664132.780145","163598701.393665","222893642.253066","92535911.899783","134122626.913171","16876228.3317771","27234756.6249262","83009887.1099568","72118542.5029928","-50995094.9230756","-270533044.919371","-9145148.3787356","187540602.968057","364535088.600977","208082613.627774","426115592.763182","529616605.9987","862826788.353819","1091901939.16905","","","","","",
"Togo","TGO","Adjusted net national income per capita (constant 2015 US$)","NY.ADJ.NNTY.PC.KD","","","","","","","","","","","","391.795296812108","405.768097883979","409.97741036167","539.699233395491","394.420112128678","495.127787743648","503.958206665092","500.561935432099","508.756939171091","472.705165722835","440.349798767482","412.939225742404","379.915342443978","448.584614598375","482.282668414165","483.725381717648","466.289775128948","492.680012217094","506.754869551944","531.966420838326","469.834756655952","465.419788995945","328.197670936995","356.318216546736","362.086313707158","453.749047026187","469.967966260726","494.472924792231","504.642042239344","480.129296063265","470.197917500469","485.256379963368","489.649842116895","478.40882848821","431.16115633807","438.709187252934","412.547618052958","426.459907634905","424.512531995495","435.130505397072","429.09015033107","399.87453059803","450.726258255133","465.366228347517","516.903342759091","804.80194412751","832.182982533235","890.221987352654","937.959330353709","919.586957537623","898.434470913512","","","","",
"Togo","TGO","Adjusted net national income (current US$)","NY.ADJ.NNTY.CD","","","","","","","","","","","","257772059.954483","297248821.128359","349977831.100987","466910606.549329","525695992.677852","544394788.886667","617710048.926681","701612145.227753","757104141.321348","941799790.499487","765487358.914449","624184760.759494","588223238.903998","559780004.664957","616523671.01582","878155536.196207","1048958749.05302","1184335982.0646","1167851749.93758","1429388809.09971","1388961754.00476","1477892136.08086","1040228649.27851","786402579.296733","1062759432.56638","1251429493.56956","1295003319.32708","1367814838.86909","1398668331.74302","1320893301.5983","1315172596.93462","1524008332.37423","1842738742.47884","2016607312.39983","2015270947.45424","2129954487.4526","2299050969.93962","2825206489.10148","2832960181.48624","2858218910.05538","3239207257.08304","2881738604.66423","3462997011.31583","3799715491.37288","3655283022.1276","5260457102.1625","5584433212.58135","6393803054.35513","6515480812.71934","6814681944.23456","7389560187.73252","","","","",
"Togo","TGO","Adjusted savings: natural resources depletion (% of GNI)","NY.ADJ.DRES.GN.ZS","","","","","","","","","","","","3.37613593092001","3.34846136252646","4.72129680176197","12.5792347798755","9.5604232938694","7.0140915726791","14.2940501110014","6.82870995399234","6.34972096219351","6.67300351028653","7.50912366329975","10.6551883394971","8.04915437498383","7.12269049863503","5.66390586553442","5.41432510600174","4.34854043385232","4.35879366810117","4.57090715401542","4.76923837657149","4.96651564800508","4.95769831867256","5.98120566377563","9.35880230610247","10.4878368556881","9.22184581549091","8.82921146727936","8.56781011261165","5.70058564861804","5.98046806355027","5.77939463468221","6.12601037266758","8.59267527621538","5.90003958029491","6.4783316392621","7.35923051894714","8.86987415392841","9.93928012314026","9.83897156107918","8.27207193290761","11.8525839145063","15.4238760149932","11.2622242746911","9.39461273339745","8.34558984185063","6.42359958683927","5.9809767071724","3.9516584604991","3.84189970664414","4.30210863194538","6.74823862834166","","","","",
"Togo","TGO","Adjusted savings: energy depletion (current US$)","NY.ADJ.DNGY.CD","","","","","","","","","","","","0","0","0","0","0","0","0","0","0","0","0","0","0","0","0","0","0","0","0","0","0","0","0","0","0","0","0","0","0","0","0","0","0","0","0","0","0","0","0","0","0","0","0","0","0","0","0","0","0","0","0","","","","",
"Togo","TGO","Adjusted savings: consumption of fixed capital (current US$)","NY.ADJ.DKAP.CD","","","","","","","","","","","14166590.9048008","14642965.3836412","19733139.1837592","25157488.2804615","23378035.0216771","28266045.7748087","27910361.028783","37284851.9898352","47358236.1740877","57630810.321605","81539081.6369166","85102431.9004872","74844794.071843","76072894.2640053","71295645.5798938","67800076.4242141","85165277.583212","99355500.4590952","88170857.4130485","85563774.1150168","92343980.6109248","104519231.768061","105030915.811633","94753890.9650592","57600972.9551751","69446477.7039646","54909736.8015254","45253672.1425879","62146226.4601646","51758153.7689071","54457251.8420416","53904062.0634669","57681315.2475271","69806517.6912326","78407516.4338599","85450338.3777457","13526224.8586764","99775922.4203497","154491197.145035","196577241.208388","266005797.720021","380359428.683976","399209132.97184","394355113.795615","387291500.143061","305569889.621315","424531429.258825","433227351.761178","455923217.956783","448786869.607801","450028380.873635","476772924.681734","","","","",
"Togo","TGO","Adjusted savings: carbon dioxide damage (current US$)","NY.ADJ.DCO2.CD","","","","","","","","","","","","","","","","","","","","","","","","","","","","","","","11875247.0108083","11912605.7634792","10046955.8399797","8833874.80529069","13325754.0871391","14981398.4006747","21647531.2043907","12582636.3584446","20542979.847154","30354222.8376896","23573246.2976511","22900072.2806233","27004701.6616889","38453576.5717449","39271135.2200389","40715930.9090974","38502349.7516377","38629872.1978896","42135252.7045966","77881283.2529693","75160781.2931239","75167534.8365593","69596909.0265079","56569425.5873392","53536504.6853846","63634260.1773819","82596573.1396253","77453379.6411986","90502900.1938152","96646037.5725673","95861577.5962695","101456591.14703","","","","",
"Togo","TGO","Services, value added (constant LCU)","NV.SRV.TOTL.KN","","","","","","392439392059.496","422010808136.351","428507423458.259","451572023928.082","521017656537.447","584202840677.627","581528207766.157","614231852057.793","625649513284.537","658156434854.267","672684896621.526","639934555826.987","703280959469.917","798154778563.754","739533228011.022","836042626636.072","844643242681.254","813741202511.057","749474732911.823","746407258334.972","750594336950.519","774768420317.764","775363251706.222","785758897599.404","798138653257.488","793610949358.135","758789591000","711025289700","522670667900","673609518500","695522779900","717240241000","961546853100","975777910200","972446007800","978889430100","894741719500","838971859400","942512960300","979605228400","898073849600","1003608384900","1068806362100","1188432109300","1218315588300","1269705294200","1372981778800","1516394965900","1575692970900","1552371953500","1691766310500","1811549000000","1882625000000","1951525584900","2064138310500","2095367328100","2125241488600","2313416525600","2443943147100","2585301659200","3420132000000",
"Togo","TGO","Services, value added (current US$)","NV.SRV.TOTL.CD","","","","34966509.5330719","47647564.5616529","62630022.3315071","83923221.6093918","85535365.6334432","94122053.9912691","114079485.068378","142590316.180095","153657687.940109","191024548.415877","223516490.609596","259779779.646816","305089614.036299","280437166.114417","292034569.386276","498163526.584242","555115076.371824","626721127.834636","537289629.316486","458627839.814722","418402522.178597","391059841.858552","408952549.217817","520710822.660419","627565505.014994","666638899.919022","628442393.227519","1200790793.84661","1184279969.19423","1247336293.20086","927614545.423391","773033674.592695","964609740.149717","1037399295.31759","1062757288.55617","1116744832.57551","1127392332.79133","1009104275.23965","1053283029.11517","1173038108.44016","1446016244.77637","1584316825.8344","1657964434.41145","1680102560.0534","1849313925.68544","2236459435.6618","2384698456.64841","2402764323.08344","2757376739.81038","2822536697.21362","3094013288.82162","3098471469.78051","2830018427.68003","3056921760.68902","3228618284.3823","3552011128.31653","3582870015.10927","3856042330.28564","4246086115.97546","4216085129.87279","4787444477.73731","5236197939.47837","7337195444.81274",
"Togo","TGO","Other manufacturing (% of value added in manufacturing)","NV.MNF.OTHR.ZS.UN","","","","","","","","","","","","","","","","","","","","","","","","","","","","","","","","","","","","","","","","","","","","","","","","","","","","","","","","","","","","29.8137905854035","27.8785227559519","24.8084275027584","","","","",
"Togo","TGO","Industry (including construction), value added (% of GDP)","NV.IND.TOTL.ZS","","","","19.7530722229897","20.3124880202256","22.0689701146647","22.0338977399988","23.333332807382","21.8697834723588","21.264367816624","20.0814111257233","21.7338211235893","19.6347043378368","20.2433631637999","34.2004592963725","27.3577554948582","22.2303743945726","22.0379140995221","22.4576260592672","22.509398637051","23.8674496643517","22.7906976745194","23.3963663330376","20.2013422818263","18.8017845761194","18.8905109488161","19.7876973325684","21.0708577517229","21.4996360106086","24.3280815570523","26.2257182737995","27.9725046947951","28.0853950685144","25.2292278928697","25.7087944092196","27.1004198897989","25.7107323641827","23.4014487368866","25.0035458184975","23.8802933141669","30.3028277716404","29.378615828701","30.2198722396307","31.0741865107219","28.0385993487176","24.4297143100711","25.0511547993418","26.2884068802458","23.8623598669256","20.6628801268805","20.3367703008535","21.7641490273027","20.0154635557205","22.1985252830239","23.8476899946971","22.8664405321196","20.8834101208291","20.4016230144725","21.0297583235942","19.3445737400915","20.1418010121018","20.0216103603057","21.2257076314374","20.6747193049682","20.444604561795","21.0161003598734",
"Togo","TGO","Industry (including construction), value added (current LCU)","NV.IND.TOTL.CN","","","","9791251212","11674919830","14305099003","16522743636","18782260618","18499817874","20900526796","19907975913","24216375726","23458006308","25900431130","65153853016","51113605723","46462728111","59442912317","58989268110","60301405942","80927177667","84163836367","89208942620","83245682852","83319802294","91369346956","102666941118","111705024920","124691985132","148281750500","164203927362","178560370900","177731216400","124444043600","198069942600","250131612600","272189452800","289130093400","330663257900","327255283700","453421451400","450454560400","505272319700","538429968300","471898533500","415006907200","434619321600","473098000000","487309000000","458855000000","477606000000","556143000000","553211000000","660213000000","752811000000","778075000000","751345000000","756676000000","821076000000","792594000000","867881000000","948347000000","1144768000000","1219366000000","1319413000000","1454125000000",
"Togo","TGO","Manufacturing, value added (annual % growth)","NV.IND.MANF.KD.ZG","","","","","","","","","","","","","","","","","","1.94196938542864","-15.2382572690442","8.98887680814464","13.4023208006151","4.41176842729003","4.22534832567716","-7.43243419976658","-18.248173627643","9.8214309075549","4.87804448145637","0.775191939500687","6.13846270991245","16.8885939134231","13.7758748334258","5.22067503688662","2.81540200144403","-37.9332734694397","24.4446550658473","24.3843457222502","2.66881816435993","2.85326426593471","-9.13514657903802","0","26.2295078299228","8.3750597454959","6.9175292032011","-8.9121326491139","-0.884473927890227","6.95189527505724","10.5121738653704","2.13386127344481","-4.71905187696771","7.45217225283959","1.06897325069279","4.23114088278342","-3.45905905647484","32.1645396831901","15.1272432055511","-1.76529356831912","-3.7876398048914","0.0483265877471126","6.26032175790496","1.7586968550366","11.1379540606942","-1.79872659318825","7.42812753430466","6.74248649153826","3.0303943426114","",
"Togo","TGO","Industry (including construction), value added per worker (constant 2015 US$)","NV.IND.EMPL.KD","","","","","","","","","","","","","","","","","","","","","","","","","","","","","","","","7966.79164429549","7102.0331757785","5395.99560668755","6603.37107479972","7134.68176964804","6929.58507121267","6666.60545910602","5973.39167443869","5919.43196770967","5815.83724822456","5648.8438043539","5775.56828768902","5633.73223375708","5257.51878735019","5384.30083577222","5425.21556675811","3946.59417171419","3286.55193001422","2598.10661349087","2555.30622544488","2595.77296182181","2441.63831057661","2883.2671045839","3069.1328306665","2948.55733282297","2790.86959688348","2754.32863732471","3083.85581334437","3233.2390250085","3313.61215605777","3385.03224971426","3363.72776651017","3515.75527493674","3908.46913118814","3673.04716557655",
"Togo","TGO","Agriculture, forestry, and fishing, value added (constant LCU)","NV.AGR.TOTL.KN","","","","","","140079145236.606","149020575676.175","156098822501.089","167647927963.176","178452057673.475","165785228563.243","164667612555.21","173981539689.709","179569619861.927","182177402515.055","187393380336.13","178079417286.126","167275395215.939","196334380379.606","186648350902.514","217569945723.428","218007711048.764","198745945030.456","200497060289.133","260471059722.956","279995441989.483","284110461517.106","284675177778.856","311037478766.756","328154796929.091","337972403548.395","334123604200","338211422800","358485084100","358260373700","378125497200","440012223200","459650735700","446959592300","471474524900","449148419200","474258743100","475769620800","468014246600","483774624900","532380371800","504406789700","515094739600","495250022600","557432379100","584667804600","581181075700","624850545700","590163848600","681460546500","676983748400","733416000000","783338000000","819305083600","864816063200","856967581300","892399651700","940020690900","998973479900","1057432279100","1069078000000",
"Togo","TGO","Agriculture, forestry, and fishing, value added (current US$)","NV.AGR.TOTL.CD","","","","113640914.026183","121562087.625347","124652024.944947","133932257.396281","144663852.39962","152306587.279364","162427312.473929","115337566.548675","123519035.309929","140697962.259511","184147104.518751","201041706.420085","239179387.209076","306748213.410264","440328261.802939","276209473.248335","284659331.943674","424770173.645055","369781686.060465","311918558.972157","325504824.279328","338703069.642608","351114525.347597","522786472.540185","580317770.727676","657259602.213703","615777128.208818","349517324.79633","324060545.07513","369328049.190311","325762786.614541","207672486.077099","309678656.384264","405081450.986363","450498292.721791","442271508.71781","459910830.517537","311923391.139269","317467790.549144","379374104.250718","435420736.287248","491687801.876577","558439687.565468","563256330.889206","636553565.998457","946981975.725872","1008045141.21389","1000433994.52357","1077166005.36041","1135541676.49957","1152531754.10395","1236392784.28535","1089039682.70262","1237612303.08289","1297640990.13746","1381204234.81033","1365632292.69766","1435345878.50168","1755381701.83282","1834764250.02326","2019803987.9173","2271771554.16813","2416738561.38346",
"Togo","TGO","External balance on goods and services (constant LCU)","NE.RSB.GNFS.KN","","","","","","","","","","","","","","","","","","","","","","","","","","","","","","","","","","","","","","","","","","","","","","","","","","","","","","","","","-467069000000","-293356000000","-354964000000","-363379000000","-405616000000","-481981000000","-633584000000","-597693000000","","",
"Togo","TGO","Imports of goods and services (constant LCU)","NE.IMP.GNFS.KN","","","","","","199544250773.145","225469535430.865","205828907630.781","219184215975.445","255322142194.442","289888673011.949","348024023375.397","332311973944.37","289888673011.949","289888673011.949","356666001182.87","447010409619.73","772251069640.022","963965595316.328","817031650234.989","731400503115.644","686909785163.165","713199744880.151","555459378921.007","612084451415.084","728246474416.123","853918130174.738","813583672511.999","893495046635.225","807610483948.643","830186293905.394","753809154900","661844437800","448068692300","393404319400","510245412800","746910493700","746910493700","802181843600","733194182700","696534501200","715684478900","761389015300","860373713200","837806325600","772222563500","730469371200","761092000000","811867000000","863696000000","958825000000","1208205000000","1173098000000","1411984000000","1311818000000","1443955000000","1428817000000","1250043000000","1317621000000","1358896000000","1419888000000","1553532000000","1733238000000","1755649000000","","",
"Togo","TGO","Imports of goods and services (current US$)","NE.IMP.GNFS.CD","","","","53698470.4012672","72692943.2001308","71750918.8755479","78749869.0981985","74628174.8649267","82142880.9917459","101041776.704186","109497686.062803","136365017.708664","145568281.936805","156842536.553243","194986227.462776","398858807.649936","365145882.016883","498214852.317033","759576051.435137","769349353.853245","985520656.449698","757473026.429517","764523143.85813","562466530.247267","527122811.629106","615157677.80083","834337849.310822","895615927.938245","992268270.776533","939823754.989521","770924274.419944","773548331.990692","685717467.689904","439633299.49753","440495843.17637","607330076.60531","713174632.168202","650425458.850358","732267659.843892","640566113.610875","603640477.414688","646569239.534729","727191364.191763","960946955.988041","1094601312.76858","1168639790.35644","1214295355.24794","1396901168.58838","1693309261.3774","1716360383.80235","1854510188.31742","2507209432.16076","2312882853.68421","2892638363.29626","2670919336.02282","2441321788.5956","2411075703.35796","2101895827.44022","2336770684.74528","2268030418.46902","2395207645.81481","2839529120.72898","3161651829.76449","3436907297.14101","","",
"Togo","TGO","Gross capital formation (constant 2015 US$)","NE.GDI.TOTL.KD","","","","","","800909625.725315","689426778.175918","551541902.596051","492866452.243916","619018091.367075","689426778.175918","762772149.836058","839049125.011329","880120932.753601","900656790.199865","1320180458.23238","1079613474.32364","1915727748.29886","2251894310.99594","2126955454.53077","1399391766.02627","1358030444.20028","1125947437.52396","896162183.2575","914545044.961969","1107564575.81949","1437434791.82433","1378174950.34791","1339528615.10791","1372115503.92035","1722391691.52498","1100201849.42772","998983306.831152","377615674.187556","706518925.520995","804018597.418545","963602183.919946","897113642.231995","1124083390.67938","1048769876.05756","1082330436.28224","1102728009.41319","1198891408.19021","1332031806.49476","1376116222.95724","1045663939.11078","931477793.163766","832594945.427696","833541556.904474","693863078.003207","882238761.882035","921049832.429934","914771478.82733","1458477527.70785","1146036185.34442","1449512928.95426","2273180889.32942","1988025152.61285","2343665830.64832","2444570852.70276","2681825541.11429","3060557897.12798","4351497731.34648","3904869510.43712","","",
"Togo","TGO","Patent applications, residents","IP.PAT.RESD","","","","","","","","","","","","","","","","","","","","","","","","","","","","","","","","","","","","","","","","","","","","","","","","","","","","","","","","","","","","","","","","","","",
"Togo","TGO","Industrial design applications, nonresident, by count","IP.IDS.NRCT","","","","","","","","","","","","","","","","","","","","","","","","","","","","","","","","","","","","","","","","","","","","","","","","","","","","","","","","","","","","","","","","","","",
"Togo","TGO","Public private partnerships investment in energy (current US$)","IE.PPN.ENGY.CD","","","","","","","","","","","","","","","","","","","","","","","","","","","","","","","","","","","","","","","","","67700000","","","","","147500000","","","196000000","","","","","","","","","","","","182230000","","76120000","","","",
"Togo","TGO","Investment in energy with private participation (current US$)","IE.PPI.ENGY.CD","","","","","","","","","","","","","","","","","","","","","","","","","","","","","","","","","","","","","","","","","67700000","","","","","147500000","","","196000000","","","","","","","","","","","","182230000","","76120000","","","",
"Togo","TGO","Time spent dealing with the requirements of government regulations (% of senior management time)","IC.GOV.DURS.ZS","","","","","","","","","","","","","","","","","","","","","","","","","","","","","","","","","","","","","","","","","","","","","","","","","","2.725814819","","","","","","","10.30185604","","","","","","","2.382523298","","",
"Togo","TGO","Firms that introduced a new product/service and process, and spent on R&D","IC.FRM.NPRD.ZS","","","","","","","","","","","","","","","","","","","","","","","","","","","","","","","","","","","","","","","","","","","","","","","","","","","","","","","","","6.562053204","","","","","","","3.139108181","","",
"Togo","TGO","Firms with at least 10% foreign ownership","IC.FRM.FO.ZS","","","","","","","","","","","","","","","","","","","","","","","","","","","","","","","","","","","","","","","","","","","","","","","","","","13.86227894","","","","","","","27.78421021","","","","","","","17.04686165","","",
"Togo","TGO","Firms adopting energy management measures to reduce emissions (% of firms)","IC.FRM.ENGM.ZS","","","","","","","","","","","","","","","","","","","","","","","","","","","","","","","","","","","","","","","","","","","","","","","","","","","","","","","","","","","","","","","","21.25212479","","",
"Togo","TGO","Informal payments to public officials (% of firms)","IC.FRM.CORR.ZS","","","","","","","","","","","","","","","","","","","","","","","","","","","","","","","","","","","","","","","","","","","","","","","","","","16.7283783","","","","","","","6.192478657","","","","","","","6.746835232","","",
"Togo","TGO","Bribery incidence (% of firms experiencing at least one bribe payment request)","IC.FRM.BRIB.ZS","","","","","","","","","","","","","","","","","","","","","","","","","","","","","","","","","","","","","","","","","","","","","","","","","","19.05667686","","","","","","","6.974908352","","","","","","","1.981597066","","",
"Togo","TGO","Firms experiencing electrical outages (% of firms)","IC.ELC.OUTG.ZS","","","","","","","","","","","","","","","","","","","","","","","","","","","","","","","","","","","","","","","","","","","","","","","","","","80.44844818","","","","","","","93.78633118","","","","","","","86.13388824","","",
"Togo","TGO","New businesses registered (number)","IC.BUS.NREG","","","","","","","","","","","","","","","","","","","","","","","","","","","","","","","","","","","","","","","","","","","","","","","37","72","139","659","706","783","866","866","911","1242","1811","2032","3020","3653","4725","5384","5427","5977","5665","",
"Togo","TGO","B-READY: Utility Services Pillar 1: Quality of Regulations on Utility Services","IC.BRE.US.P1","","","","","","","","","","","","","","","","","","","","","","","","","","","","","","","","","","","","","","","","","","","","","","","","","","","","","","","","","","","","","","","","","71.0416641831398","",
"Togo","TGO","B-READY: Taxation Pillar 1: Quality of Regulations on Taxation","IC.BRE.TX.P1","","","","","","","","","","","","","","","","","","","","","","","","","","","","","","","","","","","","","","","","","","","","","","","","","","","","","","","","","","","","","","","","","43.75","",
"Togo","TGO","B-READY: Pillar 1: Regulatory Framework","IC.BRE.P1.RF","","","","","","","","","","","","","","","","","","","","","","","","","","","","","","","","","","","","","","","","","","","","","","","","","","","","","","","","","","","","","","","","","69.0281066894531","",
"Togo","TGO","B-READY: Market Competition: Overall Score","IC.BRE.MC.OS","","","","","","","","","","","","","","","","","","","","","","","","","","","","","","","","","","","","","","","","","","","","","","","","","","","","","","","","","","","","","","","","","41.2441566437483","",
"Togo","TGO","B-READY: Labor: Overall Score","IC.BRE.LB.OS","","","","","","","","","","","","","","","","","","","","","","","","","","","","","","","","","","","","","","","","","","","","","","","","","","","","","","","","","","","","","","","","","56.4546686808268","",
"Togo","TGO","B-READY: International Trade: Overall Score","IC.BRE.IT.OS","","","","","","","","","","","","","","","","","","","","","","","","","","","","","","","","","","","","","","","","","","","","","","","","","","","","","","","","","","","","","","","","","60.879594569717","",
"Togo","TGO","B-READY: Financial Services: Overall Score","IC.BRE.FS.OS","","","","","","","","","","","","","","","","","","","","","","","","","","","","","","","","","","","","","","","","","","","","","","","","","","","","","","","","","","","","","","","","","53.6402774030964","",
"Togo","TGO","B-READY: Dispute Resolution: Overall Score","IC.BRE.DR.OS","","","","","","","","","","","","","","","","","","","","","","","","","","","","","","","","","","","","","","","","","","","","","","","","","","","","","","","","","","","","","","","","","69.4808235168457","",
"Togo","TGO","B-READY: Business Location: Overall Score","IC.BRE.BL.OS","","","","","","","","","","","","","","","","","","","","","","","","","","","","","","","","","","","","","","","","","","","","","","","","","","","","","","","","","","","","","","","","","67.7592593903343","",
"Togo","TGO","B-READY: Business Insolvency: Overall Score","IC.BRE.BI.OS","","","","","","","","","","","","","","","","","","","","","","","","","","","","","","","","","","","","","","","","","","","","","","","","","","","","","","","","","","","","","","","","","59.4537033333333","",
"Togo","TGO","B-READY: Business Entry: Overall Score","IC.BRE.BE.OS","","","","","","","","","","","","","","","","","","","","","","","","","","","","","","","","","","","","","","","","","","","","","","","","","","","","","","","","","","","","","","","","","77.2579361597697","",
"Togo","TGO","Human capital index plus (HCI+): on-the-job learning pillar score, total (scale -30–87)","HD_HCIP_OTJL_TO","","","","","","","","","","","","","","","","","","","","","","","","","","","","","","","","","","","","","","","","","","","","","","","","","","","34.5030385568539","","","","","35.3815489065884","","","","","34.9868404452404","","","","","35.2560569661167",
"Togo","TGO","Human capital index plus (HCI+): health pillar score, male (scale 0–50)","HD_HCIP_HLTH_MA","","","","","","","","","","","","","","","","","","","","","","","","","","","","","","","","","","","","","","","","","","","","","","","","","","","34.3194172239304","","","","","35.1678860986233","","","","","36.544315059185","","","","","37.226851336956",
"Togo","TGO","Human capital index plus (HCI+): education pillar score, female (scale 0–188)","HD_HCIP_EDUC_FE","","","","","","","","","","","","","","","","","","","","","","","","","","","","","","","","","","","","","","","","","","","","","","","","","","","","","","","","58.8273689490997","","","","","54.183455141913","","","","","59.5628384570943",
"Togo","TGO","Voice and Accountability - Governance estimate (approx. -2.5 to +2.5)","GOV_WGI_VA_EST","","","","","","","","","","","","","","","","","","","","","","","","","","","","","","","","","","","","","-1.21194579999999","","-1.47819789999999","","-1.40132259999999","","-1.52463939999999","-1.4365333","-1.23612909999999","-1.301957","-1.1637743","-1.0195676","-0.904913499999999","-0.968209999999999","-0.8905617","-0.8351675","-0.9668627","-0.9091344","-0.883812399999999","-0.802990099999999","-0.752920599999999","-0.7509005","-0.7700019","-0.7303841","-0.734111899999999","-0.8905537","-0.8529812","-0.8614839","-0.971799499999999","",
"Togo","TGO","Regulatory Quality - Governance estimate (approx. -2.5 to +2.5)","GOV_WGI_RQ_EST","","","","","","","","","","","","","","","","","","","","","","","","","","","","","","","","","","","","","-0.861825499999999","","-0.951408399999999","","-1.0852192","","-1.016575","-1.0165468","-1.2220261","-1.1648758","-0.958902799999999","-1.03394189999999","-0.9804423","-0.912534699999999","-0.863848","-1.01272","-0.8808248","-1.0187994","-0.82983","-0.8003889","-0.7851347","-0.7773372","-0.682690199999999","-0.6211637","-0.4899887","-0.4817275","-0.4208338","-0.4042671","-0.408113499999999","",
"Togo","TGO","Rule of Law - Governance estimate (approx. -2.5 to +2.5)","GOV_WGI_RL_EST","","","","","","","","","","","","","","","","","","","","","","","","","","","","","","","","","","","","","-0.8890874","","-0.8444754","","-0.8349112","","-1.0546299","-1.19112249999999","-1.0433959","-1.15802199999999","-0.98252","-0.992190399999999","-0.862322599999999","-0.8832441","-0.838355","-0.7898362","-0.9141876","-0.9870469","-0.9065907","-0.8151079","-0.799414499999999","-0.8070668","-0.694814199999999","-0.7029591","-0.6160719","-0.6328001","-0.675356699999999","-0.6302782","-0.632861","",
"Togo","TGO","Political Stability - Governance estimate (approx. -2.5 to +2.5)","GOV_WGI_PV_EST","","","","","","","","","","","","","","","","","","","","","","","","","","","","","","","","","","","","","-0.4065352","","-0.5853358","","-0.434510599999999","","-0.237538399999999","-0.5357911","-0.6772941","-1.8551464","-0.935167699999999","-0.560980599999999","-0.3522146","-0.4185216","-0.3792993","-0.3850113","-0.6511156","-0.5059279","-0.3001357","-0.411126999999999","-0.280199","-0.835878399999999","-0.8728328","-0.8504632","-0.8075061","-0.6682329","-0.760395399999999","-0.9186036","-0.8094466","",
"Togo","TGO","Government Effectiveness - Governance estimate (approx. -2.5 to +2.5)","GOV_WGI_GE_EST","","","","","","","","","","","","","","","","","","","","","","","","","","","","","","","","","","","","","-0.9700687","","-1.3597903","","-1.3577285","","-1.6490728","-1.65576179999999","-1.5516729","-1.7107333","-1.5805805","-1.5533698","-1.50080219999999","-1.4472257","-1.3557662","-1.3539094","-1.2258191","-1.25800769999999","-1.0881788","-1.08847729999999","-0.9579705","-0.9832841","-0.940523999999999","-0.832004499999999","-0.882900199999999","-0.877012599999999","-0.9684392","-0.917685499999999","-0.8014589","",
"Togo","TGO","Control of Corruption - Governance estimate (approx. -2.5 to +2.5)","GOV_WGI_CC_EST","","","","","","","","","","","","","","","","","","","","","","","","","","","","","","","","","","","","","-0.7269447","","-0.805423","","-0.7671465","","-0.901118099999999","-0.9025728","-0.9227871","-0.9351421","-1.0720376","-1.0360718","-1.0401869","-1.0333147","-0.786170199999999","-0.8497363","-0.818918399999999","-0.8443157","-0.791632799999999","-0.6308001","-0.6534352","-0.7306167","-0.7549576","-0.7066703","-0.644805899999999","-0.6519768","-0.630985799999999","-0.5879504","-0.6633762","",
"Togo","TGO","Droughts, floods, extreme temperatures (% of population, average 1990-2009)","EN.CLC.MDAT.ZS","","","","","","","","","","","","","","","","","","","","","","","","","","","","","","","","","","","","","","","","","","","","","","","","","","0.508477884982821","","","","","","","","","","","","","","","","",
"Togo","TGO","PM2.5 pollution, population exposed to levels exceeding WHO Interim Target-3 value (% of total)","EN.ATM.PM25.MC.T3.ZS","","","","","","","","","","","","","","","","","","","","","","","","","","","","","","","100","","","","","100","","","","","100","","","","","100","","","","","100","100","100","100","100","100","100","100","","","","","","","","",
"Togo","TGO","Energy use (kg of oil equivalent per capita)","EG.USE.PCAP.KG.OE","","","","","","","","","","","","","","","","","","","","","","","","","","","","","","","340.176627808645","338.514914511471","333.077635704101","338.496290100497","381.211750487859","381.100535858877","409.314679054523","389.994960247488","406.532362624105","453.421600193328","441.301426364622","429.447312862818","433.959466060408","446.975970124609","440.809274768033","438.337921931694","425.257110392345","428.086226644872","431.7071407833","508.476265713609","492.754163423939","482.370402200008","469.739402643424","446.527802014915","456.216317695073","434.235666680401","461.383672709933","444.300392192651","455.178130923886","459.923928544613","472.88276813032","472.643155617547","479.274544547276","485.547945183566","","",
"Togo","TGO","Fossil fuel energy consumption (% of total)","EG.USE.COMM.FO.ZS","","","","","","","","","","","","","","","","","","","","","","","","","","","","","","","15.059087812163","13.3253035844806","9.53357591582926","6.37825748353012","13.2347843435557","12.5378656115632","17.7954087464981","12.6394245646953","15.0014029739774","17.2057088174856","14.8563045821734","12.6019465484194","13.4117132496877","15.8311774358759","14.7317835581863","13.7918613464323","12.0104829921543","12.7694758613994","14.2882051932072","24.0875485324197","22.0228471093058","19.8932077937309","17.2042448956508","18.3650533570403","18.5665931102136","20.1179315733795","0","0","0","0","0","0","0","0","","",
"Togo","TGO","GDP per unit of energy use (PPP $ per kg of oil equivalent)","EG.GDP.PUSE.KO.PP","","","","","","","","","","","","","","","","","","","","","","","","","","","","","","","3.51370898133195","3.5218218999866","3.41687776922698","2.95582312738438","3.06948929858168","3.21106178359774","3.17395242852666","3.74689483149709","3.4632330036411","3.14825118589752","3.2011350528682","3.30798977136777","3.3672372508355","3.47010232940944","3.49172613673037","3.36843670864663","3.57073257387328","3.48844786231369","3.55214377657249","3.09826297290589","3.31990970502366","3.56441473815054","3.73792418388154","4.1164944521671","4.25707786092652","4.69087592890723","4.57188418002772","4.91596312269724","5.02868536166416","5.34839879439826","5.61230139648786","6.24593261445348","6.89777861280716","7.35664563724572","","",
"Togo","TGO","Renewable electricity output (% of total electricity output)","EG.ELC.RNEW.ZS","","","","","","","","","","","","","","","","","","","","","","","","","","","","","","","60.126582278481","68.1978798586572","76.6467065868264","79.5847750865052","59.919028340081","82.5242718446602","79.8319327731092","64.5833333333333","57.1428571428571","48.1308411214953","51.4285714285714","75.2213114754098","60.281045751634","","","","77.4774774774775","91.8367346938776","","","","","92.2625698324022","47.1464968152866","57.9903381642512","18.8466666666667","45.5669642857143","29.226173541963","18.433389544688","22.8283333333333","14.7250409165303","25.3008","","","","",
"Togo","TGO","Electric power transmission and distribution losses (% of output)","EG.ELC.LOSS.ZS","","","","","","","","","","","","","","","","","","","","","","","","","","","","","","","20.8860759493671","14.4876325088339","17.3652694610778","10.3806228373702","15.7894736842105","10.3559870550162","13.4453781512605","21.5277777777778","9.96677740863787","8.8785046728972","47.4285714285714","36.0655737704918","50.9803921568627","48.2954545454545","47.3118279569892","45.5026455026455","45.4954954954955","53.0612244897959","","66.4473684210526","49.1620111731844","71.3178294573643","51.3966480446927","","","56.3333333333333","44.6428571428571","15.9317211948791","42.1585160202361","44.6666666666667","43.5351882160393","40.8","24.3667068757539","32.4512534818941","","",
"Togo","TGO","Access to electricity (% of population)","EG.ELC.ACCS.ZS","","","","","","","","","","","","","","","","","","","","","","","","","","","","","","","","","","","","","","","15.3","16.0729999542236","17","19.6","21.3","23","24.8","26.5","27.9","30","31.8","33.7","30.8","39.7","39.1","41","45.7","44.7","46.8","48","50","52.5","54.1","55.7","57.2","59.2","61.1","",
"Togo","TGO","Access to clean fuels and technologies for cooking (% of population)","EG.CFT.ACCS.ZS","","","","","","","","","","","","","","","","","","","","","","","","","","","","","","","","","","","","","","","","","0.3","0.4","0.5","0.7","0.9","1.1","1.5","1.9","2.3","2.8","3.4","3.9","4.65","5.2","6","6.8","7.5","8.1","9","9.7","10.6","11.4","12.3","13.2","","",
"Togo","TGO","Multilateral debt service (TDS, current US$)","DT.TDS.MLAT.CD","","","","","","","","","","","","14000","33000","42925.1","145761.3","228395","358295.5","500440.3","1008621","2354639.8","2725681.1","2832531.8","4348222.3","7198557.8","11686474","13694986.8","16051729","22026093.2","23473028.3","26528104","24469821.8","22303609.3","14321110.6","11936028.6","12054986.6","10541825.5","24720528.8","23169904.6","13366235.8","20410561.8","12899072.4","16875750.8","963125.8","1526699.9","1608754.5","1405835.6","1944957.7","3003290.6","190023171","51686969","35444232","12680124.3","12514032.4","13270236.9","21548599.6","18436013","33304385.4","38004798.4","41979679.5","46048567.6","50041015.3","53053885.7","63186228.1","61311988.9","77652984.7","",
"Togo","TGO","Debt service (PPG and IMF only, % of exports of goods, services and primary income)","DT.TDS.DPPF.XP.ZS","","","","","","","","","","","","","","","3.62317311800095","9.45883546298752","12.1647724548069","24.245186768728","18.7067018213185","8.7170722462608","6.6526854887606","14.678851377061","16.080380970802","14.4052783911406","21.9733407761739","26.877311592204","28.1381374971762","15.8173355767455","22.3831510924235","15.1900542047377","11.4780784656253","7.51989456229815","5.43265783281391","6.01372507107778","4.71434259082997","5.42374716332886","9.26610318203339","9.82054994083627","6.97756305733725","7.61867315798773","5.45166361706621","6.48497687535426","2.32057875169412","2.40589356632853","2.64696924128311","2.34305783676302","2.7677757271395","1.28967144227705","15.8241026095481","4.19050272503122","2.64435995669525","0.762667401402606","1.19144741749876","2.25456982585917","2.84116332957476","3.27458806341404","4.86992895716854","5.50906003948452","5.52358243527298","5.3449251911372","4.99219728675707","","","","","",
"Togo","TGO","Debt service on external debt, total (TDS, current US$)","DT.TDS.DECT.CD","","","","","","","","","","","2367404","2423047.3","5289591.3","6619978.9","8547030.6","16587053.5","23002292.4","56712966.9","57096859.2","30159558.3","52343184.1","88883950.4","84625104.2","59392354.3","91272059.3","111297209.3","144473113.6","90556923","131445490.8","91333488.3","85653998.2","54163005.1","36125169.1","26471784","22891965.8","29080814.8","58198681.8","55910131.9","39848047.2","42434840.4","30242868","34276623.7","14916501.9","19506498.4","21991589.8","21250892","26762364.6","15460193","195263836.4","53854295","37246915.9","16129717.5","24585433.6","53557352.8","62254578.5","61699791.3","91416145.4","108282913.9","115849399.3","113606692.8","107505927","174567262.6","252498927.3","264693277.2","343216580.7","",
"Togo","TGO","Net official development assistance received (constant 2023 US$)","DT.ODA.ODAT.KD","1014696.00200653","22390481.9488525","39543380.7373047","56250022.8881836","112634475.708008","100867416.381836","85113403.3203125","98118255.6152344","139852951.049805","120601905.822754","126131713.867188","127222755.432129","128948120.117188","132420578.00293","181373886.108398","166404174.804688","174599594.116211","229837738.037109","314006958.007813","301082153.320313","220785583.496094","166976104.736328","210597427.368164","311313598.632813","320858093.261719","315579528.808594","369672943.115234","233509490.966797","362191955.566406","354929626.464844","408298919.677734","306922363.28125","330610351.5625","143326889.038086","180703277.587891","250350784.301758","191814712.524414","165248306.274414","183617141.723633","101647750.854492","109155944.824219","77141258.2397461","83635993.9575195","70161651.6113281","82303306.5795898","100817695.617676","93810684.2041016","132969558.71582","329786865.234375","540048828.125","409580017.089844","545347656.25","249872589.111328","227049682.617188","213962799.072266","232757400.512695","196095413.208008","389277648.925781","359806274.414063","445567047.119141","605833862.304688","358850891.113281","454479370.117188","615510925.292969","","",
"Togo","TGO","Net official aid received (constant 2023 US$)","DT.ODA.OATL.KD","","","","","","","","","","","","","","","","","","","","","","","","","","","","","","","","","","","","","","","","","","","","","","","","","","","","","","","","","","","","","","","","","","",
"Togo","TGO","Net official flows from UN agencies, WTO-ITC (current US$)","DT.NFL.WITC.CD","","","","","","","","","","","","","","","","","","","","","","","","","","","","","","","","","","","","","","","","","","","","","","","","","","","","","","","","","","","","","","","","","","",
"Togo","TGO","Net official flows from UN agencies, UNWOMEN (current US$)","DT.NFL.UNWN.CD","","","","","","","","","","","","","","","","","","","","","","","","","","","","","","","","","","","","","","","","","","","","","","","","","","","","","","","","","","","","","","","","","","",
"Togo","TGO","Net official flows from UN agencies, UNIDO (current US$)","DT.NFL.UNIDO.CD","","","","","","","","","","","","","","","","","","","","","","","","","","","","","","","","","","","","","","","","","","","","","","","","","","","","","","","","","","","","","","","","","","",
"Togo","TGO","Net official flows from UN agencies, UNECE (current US$)","DT.NFL.UNEC.CD","","","","","","","","","","","","","","","","","","","","","","","","","","","","","","","","","","","","","","","","","","","","","","","","","","","","","","","","","","","","","","","","","","",
"Togo","TGO","Net official flows from UN agencies, UNHCR (current US$)","DT.NFL.UNCR.CD","","","","","","","","","","","","","","","","","","","","9999.99977648258","9999.99977648258","70000.0002980232","70000.0002980232","239999.994635582","409999.996423721","270000.010728836","219999.998807907","","129999.995231628","259999.990463257","259999.990463257","219999.998807907","129999.995231628","109999.999403954","70000.0002980232","800000.011920929","600000.023841858","430000.007152557","759999.990463257","319999.992847443","230000.004172325","219999.998807907","","","","","9999.99977648258","70000.0002980232","180000.007152557","389999.985694885","579999.983310699","","2517100.0957489","","","2305428.02810669","","","983424.007892609","1143686.05613708","","","","","","",
"Togo","TGO","Net bilateral aid flows from DAC donors, Korea, Rep. (current US$)","DC.DAC.KORL.CD","","","","","","","","","","","","","","","","","","","","","","","","","","","","","","","","","70000.0002980232","70000.0002980232","59999.9986588955","79999.9982118607","50000.0007450581","50000.0007450581","","","29999.9993294477","19999.9995529652","159999.996423721","","90000.0035762787","109999.999403954","119999.997317791","439999.997615814","59999.9986588955","59999.9986588955","100000.001490116","200000.002980232","129999.995231628","93924.0008592606","327955.991029739","498939.990997314","191001.996397972","222335.994243622","40924.0014851093","1674772.02415466","1683508.03852081","2575938.94004822","39094.9994325638","589654.982089996","","",
"Togo","TGO","Net bilateral aid flows from DAC donors, Ireland (current US$)","DC.DAC.IRLL.CD","","","","","","","","","","","","","","","","","","","","","","","","","","","","","","","","","","","","","","","","","","","59999.9986588955","","","","219999.998807907","280000.001192093","529999.971389771","140000.000596046","","129999.995231628","","","","","12900.9997472167","","","","16866.0003691912","24480.0001382828","15564.0002340078","","","",
"Togo","TGO","Net bilateral aid flows from DAC donors, France (current US$)","DC.DAC.FRAL.CD","","","","","4500000","4599999.90463257","2000000","3099999.90463257","3200000.04768372","4599999.90463257","800000.011920929","2099999.90463257","6789999.96185303","8899999.61853027","9600000.38146973","11050000.1907349","11729999.5422363","13300000.1907349","17280000.6866455","17729999.5422363","21600000.3814697","18309999.4659424","20420000.0762939","23840000.1525879","28340000.1525879","18079999.9237061","31700000.7629395","31059999.4659424","76709999.0844727","41619998.9318848","91040000.9155273","71669998.1689453","57630001.0681152","44419998.1689453","36540000.9155273","67949996.9482422","35979999.5422363","32630001.0681152","31620000.8392334","19540000.9155273","28770000.4577637","10329999.9237061","18680000.3051758","21200000.7629395","26510000.2288818","29729999.5422363","33340000.1525879","33669998.1689453","127680000.305176","40509998.3215332","168020004.272461","36779998.7792969","22549999.2370605","25250000","31930000.3051758","29116945.2667236","21422277.4505615","22222608.5662842","29796102.5238037","22922372.8179932","31784950.2563477","43658496.8566895","57601867.6757813","63999004.3640137","","",
"Togo","TGO","Net bilateral aid flows from DAC donors, Denmark (current US$)","DC.DAC.DNKL.CD","","","","","","","","","","","","","","","","","","790000.021457672","1610000.01430511","8859999.65667725","7099999.90463257","","59999.9986588955","19999.9995529652","-70000.0002980232","699999.988079071","850000.023841858","5750000","4769999.98092651","1259999.99046326","1240000.00953674","330000.013113022","360000.014305115","","","-39999.9991059303","2809999.94277954","","","","","","129999.995231628","319999.992847443","319999.992847443","529999.971389771","670000.016689301","920000.016689301","689999.997615814","1250000","1269999.98092651","990000.009536743","991382.002830505","353074.014186859","","","","","","","389492.988586426","405218.988656998","876402.020454407","580344.974994659","","",
"Togo","TGO","Net bilateral aid flows from DAC donors, European Union institutions (current US$)","DC.DAC.CECL.CD","19999.9995529652","170000.001788139","1480000.01907349","2450000.04768372","2069999.9332428","2630000.11444092","2200000.04768372","2700000.04768372","6550000.19073486","5099999.90463257","5809999.94277954","5139999.8664856","5039999.96185303","5329999.92370605","10029999.7329712","10069999.6948242","12289999.961853","6909999.84741211","14130000.1144409","17639999.3896484","7630000.11444092","7469999.79019165","3190000.05722046","16809999.4659424","20370000.8392334","9369999.88555908","15350000.3814697","3500000","10020000.4577637","7480000.01907349","40400001.5258789","13840000.1525879","34540000.9155273","4530000.20980835","9430000.30517578","15649999.6185303","8720000.26702881","4760000.22888184","5070000.17166138","3299999.95231628","3089999.91416931","4409999.84741211","3650000.09536743","4570000.17166138","5250000","8159999.84741211","10369999.8855591","31069999.6948242","39020000.4577637","46360000.6103516","48919998.1689453","45770000.4577637","27500000","34103931.427002","35387004.8522949","25208330.1544189","40277496.3378906","80668640.1367188","45177291.8701172","45485851.2878418","57411258.6975098","29473131.1798096","31081670.7611084","57418899.5361328","","",
"Togo","TGO","Net bilateral aid flows from DAC donors, Australia (current US$)","DC.DAC.AUSL.CD","","","","","","","","","","","","","","","","","","","","","","","","","","","","","","","29999.9993294477","","","","","","","","59999.9986588955","","","","","","","","","","","","90000.0035762787","740000.009536743","439999.997615814","2400000.09536743","119999.997317791","192043.006420135","158322.006464005","173537.999391556","88183.0006837845","26620.0006008148","","","","815117.001533508","","",
"Togo","TGO","Listed domestic companies, total","CM.MKT.LDOM.NO","","","","","","","","","","","","","","","","","","","","","","","","","","","","","","","","","","","","","","","","","","","","","","","","","","","","","","","","","","","","","","","","","","",
"Togo","TGO","Personal remittances, received (% of GDP)","BX.TRF.PWKR.DT.GD.ZS","","","","","","","","","","","","","","","0.520194162602055","0.547009455190238","0.810026147614983","0.731100883710286","0.801768865240054","0.631965546473231","0.619047622980193","0.578677535349944","0.526890007429489","0.562026850686459","0.651700474961123","1.43090904670632","1.42991429441612","1.1363037777055","1.09074131660899","1.19670171824615","1.1686296413278","1.28034728090046","0.679493427979076","0.67267647771643","1.10301104809396","0.812368121972792","1.41924585832465","1.24052809707664","0.828452637671676","1.02676949745548","1.62490481578172","3.27215590385134","4.28232894085514","4.97616841543138","5.60907480546356","5.97710750798199","6.99733415643112","7.57521621566031","7.39102501234152","7.1127086196545","7.09857631302237","4.50819213697193","6.36811583568694","6.6006287364145","6.69232431286361","6.31994557449691","6.04771440269533","6.31882473746726","6.413439558884","7.2639351033788","8.68798915490316","","","","","",
"Togo","TGO","Portfolio equity, net inflows (BoP, current US$)","BX.PEF.TOTL.CD.WD","","","","","","","","","","","","","","","810121.390306429","648584.381895307","20966686.0718048","1465322.61185723","0","2453911.08088724","2181943.25094606","0","0","747901.867542927","77810.9196221652","687793.176038761","1403383.52598579","748660.988873058","960220.615498919","1260155.30205741","4411146.99048479","2630208.53736993","0","0","0","","18803546.6762923","10603605.8994248","11578912.5390967","8513898.63616539","6086949.37230911","1478704.82111854","6159605.78059172","9803457.89344689","14865227.8424433","16003539.436713","10359369.3381444","6322162.19457476","1376681.48645795","2083805.45285362","4527134.14649641","29708.3094484182","","","","-152229.734809218","-3275365.52247076","-89234518.0478246","-183544243.479374","-179969308.696949","-173934041.507947","","","","","",
"Togo","TGO","Transport services (% of service exports, BoP)","BX.GSR.TRAN.ZS","","","","","","","","","","","","","","","18.4059633027523","24.3735382559305","29.5774647887324","31.5619019578978","31.6223535204334","30.2639783828725","38.3457201435161","32.8168480115252","30.2478114013925","27.3407891803523","28.2427476819415","29.0094955337718","24.5352756037101","20.9107457921416","23.2668114183537","16.9165422185227","20.6243224598403","22.4199342425719","21.5204678362574","23.2380554976006","21.3813783289286","24.7373009682008","8.65827810113377","9.98141551804244","14.7649510732676","18.6707809162118","17.0107311749727","17.1277020475674","22.3111380338269","22.5987367503993","31.0037991139608","45.1889496893946","40.4297079700825","44.7942359545595","38.5031040711845","30.9434985899357","40.7553593947037","46.7715387307632","45.2278730422844","47.7677956558557","45.4868703810599","41.7860943177983","40.2146278533958","36.845434999542","35.5311001875607","35.1760663865123","35.2912814493084","","","","","",
"Togo","TGO","Goods exports (BoP, current US$)","BX.GSR.MRCH.CD","","","","","","","","","","","","","","","215056070.611345","140952784.232327","158861357.941259","199300156.574937","261956414.243856","290558115.110112","475772489.215508","377711152.083107","344816932.329627","273506400.851909","290973933.927087","281999653.91166","362358824.126294","397505711.269866","435345897.027617","411697752.725648","513830675.832507","514425543.893177","419725883.782431","264007342.114198","328386992.088886","377402772.85227","440644959.657248","422472056.407133","420269945.254148","391614032.137419","362720510.514095","357524337.405255","426236618.447186","599052633.91029","602097668.966237","634341645.970738","630912956.013853","677789082.868433","856052464.050134","906658671.685206","977107166.978741","1180353574.82773","1293274454.2925","1522413061.74806","1327504732.7445","1010951314.81879","1036501362.31264","1018601709.37784","1081014485.95341","1055109028.66352","1207444305.63986","","","","","",
"Togo","TGO","Communications, computer, etc. (% of service exports, BoP)","BX.GSR.CMCP.ZS","","","","","","","","","","","","","","","55.5332568807339","50.801871032409","36.3556338028169","32.607095539526","31.3515509601182","32.0931199334859","25.0384418247052","23.8237858740569","24.0159922795892","29.9583859701271","31.7730538743628","37.8976734662538","42.1970308887839","49.2844540286218","41.7331885816464","39.4545499057458","30.0064058342367","31.8192888455919","47.953216374269","64.4564990611308","61.9384021142508","59.4135731656954","73.2950913434039","63.7041195601673","68.0449368076143","66.5677664372181","63.4094216078573","59.7977147854522","51.8627154038674","58.1439668941485","54.5835489530349","41.6423273537657","43.4905435662904","36.112805551872","41.924287483533","40.3965927594334","32.8625472887768","28.0339974571639","23.829693082239","22.1416428607479","24.9897517324234","22.2513318649161","24.9125314848221","19.8600630227874","16.9539295114285","16.5283614327042","20.3307904612912","","","","","",
"Togo","TGO","Grants, excluding technical cooperation (BoP, current US$)","BX.GRT.EXTA.CD.WD","10000","1110000","2480000","3160000","8220000","7690000","2020000","4250000","9600000","7660000","7260000","8930000","13480000","10790000","17490000","19130000","21020000","17660000","19380000","20940000","15140000","17620000","11230000","31930000","35080000","147270000","49810000","41150000","57210000","72290000","119650000","80740000","107240000","55310000","73140000","122660000","70270000","57802680","63502680","43302680","48849600","32882933","32099433","36969833","45973167","57116667","59768333","100556667","375045116","420684787","427220000","636302394","198286720","190632010","167407590","150606295","134066024","246213291","218424358","259111164","255733278","235390458","272487901","335447165","","",
"Togo","TGO","Portfolio investment, net (BoP, current US$)","BN.KLT.PTXL.CD","","","","","","","","","","","","","","","-789349.046965238","-643918.307205412","-20941576.2681259","-1465322.61185723","4431.52683454892","-2477415.97629804","-1864827.85438774","184005.198996018","237366.146746604","154828.807666782","208258.637812266","-409559.690586188","2613296.48357437","-1420792.18777243","-668125.533161836","-210025.883676235","-2659176.03756119","-3711358.94693574","","593298.734234724","-722256.139290066","-5026560.97826916","-3997635.19628004","-16046755.9951546","-6242883.16227389","-7332567.69767899","-6920508.01871368","-11080045.8202927","-11918469.5983928","-13861072.0400222","256002.775702238","-2469377.61870115","-62717061.4124724","-19304949.992687","-12197308.2839272","30693603.7876959","21849485.3829342","127881540.04282","27636519.1013378","77279062.7016533","192999869.032962","-20615576.5212185","-132640091.65968","378609629.568123","169964107.021663","508816173.947263","467392309.007366","","","","","",
"Togo","TGO","Net trade in goods and services (BoP, current US$)","BN.GSR.GNFS.CD","","","","","","","","","","","","","","","93280285.00795","-111738490.598899","-58007831.4653264","-116073902.562035","-247097504.767613","-273916649.159267","-141244144.2402","-85117124.9515781","-111069097.743045","-65369247.440331","-8076315.74548881","-66604644.6815789","-124820280.440868","-117390043.055295","-164147364.029223","-126206747.801327","-183916548.211104","-222394411.625407","-201766733.418104","-154879221.955941","-91582438.6894813","-205994839.739973","-212324277.185309","-187431455.515474","-206398226.514874","-160172654.28154","-178963070.129507","-217189378.75393","-210481283.200476","-266848667.887903","-342188480.538468","-357266979.016466","-382481491.823096","-465136579.887721","-532880602.979262","-495292846.015695","-532495307.103221","-806844878.15732","-542267971.51948","-856074516.964032","-824955001.350343","-918413325.893346","-821754289.343428","-501993343.801538","-626014179.841444","-595605803.867304","-667629634.161391","","","","","",
"Togo","TGO","Current account balance (BoP, current US$)","BN.CAB.XOKA.CD","","","","","","","","","","","","","","","131775591.687844","-75492422.4077998","-24569942.8997137","-87288453.9202173","-217370822.761459","-212747509.342208","-94997360.0645085","-44153887.5510845","-86836448.6847992","-43380932.5345689","26183374.4528586","-27422692.3262057","-56438541.1839348","-60535063.8691891","-87181988.5407708","-50838802.7083759","-84248867.333672","-140779962.347233","-138674488.200669","-82436740.197864","-56344984.5521475","-121963722.29377","-153906022.806026","-116905226.198311","-140118232.648126","-127167163.430521","-139989979.295331","-169278250.246958","-140221703.105451","-162288797.01521","-207259847.208532","-203975831.401783","-176448087.553163","-216046941.19799","-222862246.129318","-177380316.136523","-199902525.487962","-302102822.650797","-294119033.86536","-568417939.682036","-458469871.811721","-461024604.594766","-436626626.246685","-96643295.4745594","-184851586.408689","-55443572.9474839","-20737721.1240914","","","","","",
"Togo","TGO","Foreign direct investment, net outflows (BoP, current US$)","BM.KLT.DINV.CD.WD","","","","","","","","","","","","","","","0","0","0","0","0","0","0","0","0","0","0","0","0","0","0","0","","","","-6702863.08081849","-18685000.4713096","-39779750.8108858","-12270491.9936674","-6289519.67309552","-8451538.26964367","-24594078.7147722","11243185.4586834","1719011.42178047","6917844.1706201","5614786.08637873","8717368.59187547","4103301.44244235","-423026.722788231","12475092.6846682","10910312.8877922","35145930.56089","76375178.30183","1266206345.08945","420306406.63416","-20679910.4650781","358970286.16215","348653283.930899","256966270.193861","-32575797.57994","70205764.2287499","42842683.3347004","-112262979.804213","-70939270","-54266090","-99040550","-73353800","",
"Togo","TGO","Charges for the use of intellectual property, payments (BoP, current US$)","BM.GSR.ROYL.CD","","","","","","","","","","","","","","","","","","","","","","","","","","","","","","","","","","","","","645095.166147879","1473436.9160616","310194.846238426","781512.311673741","585743.913689704","760515.775958476","456961.159009496","670808.288575346","2192142.28675398","2674210.78522935","7155085.47412854","5189772.2707613","4704035.43744102","4709825.58986813","1647149.254194","","","","384804.414038735","115018.021855853","182245.995067925","2306009.53308543","","","","","","","","",
"Togo","TGO","Intentional homicides (per 100,000 people)","VC.IHR.PSRC.P5","","","","","","","","","","","","","","","","","","","","","","","","","","","","","","","","","","","","","","","","","","","","","","","","","","","","","","","","","","","","","","","","","","",
"Togo","TGO","Internally displaced persons, new displacement associated with conflict and violence (number of cases)","VC.IDP.NWCV","","","","","","","","","","","","","","","","","","","","","","","","","","","","","","","","","","","","","","","","","","","","","","","","","","","","","","","","","","2700","","","","","2300","12000","","",
"Togo","TGO","High-technology exports (% of manufactured exports)","TX.VAL.TECH.MF.ZS","","","","","","","","","","","","","","","","","","","","","","","","","","","","","","","","","","","","","","","","","","","","","","","","","0.0396140320337831","0.076542174880592","0.0484325537184544","0.195578045068128","0.171441832195438","0.220281403444823","0.154374793406122","0.804645068568947","0.0998030691143818","0.740557470665412","0.0906626481003325","0.0535470312830166","0.237930203742775","0.32609213809593","0.301071945203147","0.573585599316818","0.681948279595617","",
"Togo","TGO","Export value index (2015 = 100)","TX.VAL.MRCH.XD.WD","","","","","","","","","","","","","","","","","","","","","","","","","","","","","","","","","","","","","","","","","","","","","","65.3","62.4","67","84.4","89.4","96.6","116.6","130","150.3","131","100","102.5","100.6","106.9","104.4","119.5","128.6","142.7","155.5","161.5","",
"Togo","TGO","Merchandise exports to low- and middle-income economies in Sub-Saharan Africa (% of total merchandise exports)","TX.VAL.MRCH.R6.ZS","","","6.9620253164557","4.79041916167665","3.28467153284672","3.3195020746888","4.19161676646707","5.42372881355932","2.24089635854342","4.09401061410159","3.39025615268709","3.67377577604098","3.65377549145692","4.52593887352148","2.73882584199038","6.41800675847781","7.35992201407137","5.32072281517489","12.9078289231626","14.7688280649842","29.9036559507037","21.9657136779691","24.3356346665638","29.1301979395264","10.6902966965948","6.36067993003934","8.08418267844729","10.663139218047","10.1246445540687","13.2984391231269","15.965183816799","17.8753889636848","25.9671521367389","31.3513809994419","25.6806447122384","17.968899118913","16.7449839391853","17.4049293657376","17.9281086057951","25.4439253446744","42.2473079077142","63.5004507414067","60.96306986325","57.5449337868216","63.4423238648091","71.079107305159","72.3291973495915","67.2704507859442","74.8971073078399","75.0708977094366","40.4327171997712","71.6987720644298","65.2568356625841","67.3582891854384","63.0097244537329","62.0465720329352","71.1609010725751","68.6546824026043","69.7833041956787","72.4521079334401","70.9340110218304","71.4127707437812","56.229866547787","48.8633725506547","","",
"Togo","TGO","Merchandise exports to low- and middle-income economies in Europe & Central Asia (% of total merchandise exports)","TX.VAL.MRCH.R2.ZS","","","","","","","","","","","","","","","","","","","","","","","2.98787621655674","","0.131643162855062","","","","","0.302723620913343","0.128979646179706","","","","","0.303063645713848","","","0.00405559257598095","0.541009151333837","0.799075281285635","0.0939944920999073","0.422531416024561","0.69048230897843","0.0977066580201644","","0.080955752417159","0.223653674187247","0.107224419402435","0.0358406178814986","1.69272518520327","0.00476472633955498","0.381635258420352","0.0249765681409219","1.12905041799503","0.174835470288917","0.0189063491041595","0.465815049869236","0.127540281252132","0.48711832695886","0.411220942504655","1.15153274850814","0.0310444173228989","0.76305624732519","","",
"Togo","TGO","Merchandise exports (current US$)","TX.VAL.MRCH.CD.WT","15000000","19000000","17000000","18000000","30000000","27000000","36000000","32000000","39000000","45000000","55000000","50000000","50000000","61000000","189000000","126000000","105000000","159000000","234000000","218000000","338000000","208000000","178000000","163000000","192000000","190000000","204000000","244000000","242000000","245000000","268000000","253000000","275000000","136000000","328000000","378000000","441000000","424000000","420000000","391000000","363000000","357000000","427000000","598000000","601000000","660000000","630000000","677000000","853000000","903000000","976000000","1179000000","1314000000","1522000000","1324000000","1011000000","1036000000","1016000000","1080000000","1055000000","1207000000","1300000000","1442000000","1572000000","1642000000","1800000000",
"Togo","TGO","Insurance and financial services (% of commercial service exports)","TX.VAL.INSF.ZS.WT","","","","","","","","","","","","","","","","","","","","","1.67567567567567","0.834530436344048","0.669318504688071","0.566578683899153","0.52144444849324","5.3655237496068","0.556362219782558","0.586658613009173","0.494178635166144","6.12348274873362","13.7386155182956","5.40206101914964","0.5668016194332","0.647542575924367","0.697423021933954","1.80044066729619","2.76608423197431","3.49801499779444","3.77511087920688","5.90525045262523","8.82995415807772","2.81838231522798","6.44344793223717","1.17711797497428","1.47618677647424","0.980597710699214","4.17512217966115","4.80910464637073","4.8644978085067","5.08893237173514","4.49593564066036","3.70209900357254","4.67760444726841","2.92964993015666","2.48262930339177","0.924736196112104","2.13295643664693","2.52455482948372","3.82542111097108","4.95282599811659","6.84590665598068","","","","","",
"Togo","TGO","Agricultural raw materials exports (% of merchandise exports)","TX.VAL.AGRI.ZS.UN","","","6.15947371069042","8.06508622662512","2.33504629735185","4.42970929757123","3.18852166477126","4.72719935992103","","1.39706885986285","2.21836875722288","1.87414396908391","2.85674289444892","2.10935330718746","0.828583537426787","0.962183653050233","3.12319618440956","2.30662686999248","1.0087562929858","1.26686325894509","2.45844630252829","6.42794014226686","","11.1776416025569","","","15.2971820339907","12.1754901851956","17.5596552697372","","","24.2958501129481","","","32.2227734408504","42.0198308507296","39.9976895944563","35.592067796476","32.2598106697302","34.3842760044672","23.4416639299626","11.1692889819461","16.2767323751491","16.9034314110028","15.6270029493701","8.92097894565788","","9.29987831600701","6.60660904406364","3.3803958583212","3.87963630172887","7.59154840297384","9.42561709720965","7.79113114695925","9.06428993356932","8.60421103180316","9.47170760399322","9.48291864974032","11.7862568187779","12.6147030865531","8.59082189605169","8.56414191554166","4.40907851722683","3.10070963571848","5.07468299471573","",
"Togo","TGO","Net barter terms of trade index (2015 = 100)","TT.PRI.MRCH.XD.WD","","","","","","","","","","","","","","","","","","","","","","","","","","","","","","","","","","","","","","","","","","","","","","19.9","89.5","96.1","104.3","105.3","100.4","99.8","99.3","93.4","91.7","100","104","101.1","100.4","101.3","99.7","103.8","106.7","108.2","115.6","",
"Togo","TGO","Computer, communications and other services (% of commercial service imports)","TM.VAL.OTHR.ZS.WT","","","","","","","","","","","","","","","11.5201174024705","10.2115987460814","7.93759512937575","14.0641158221302","11.5005865832411","10.7033531543578","9.2322433084005","18.6007381676072","18.9691360969331","25.2947631388479","21.8632110658792","30.0379685912403","24.9594842478319","28.5961935001188","17.4551057468314","19.6632450927427","15.548625470323","27.1222079875228","14.1666666666667","16.7357347784505","12.3364084960311","12.2770213572258","25.780529182416","26.3487067335698","10.4982368331249","11.0485538476867","11.7122329909832","9.21780604133552","13.1011220620206","11.9545696000808","12.3798891591246","8.85979676602152","9.24699677702905","11.9948530575452","13.7437946860656","15.9250254539333","15.1037170600645","17.3190442339515","12.8932499245979","8.33848943237733","9.92099799548494","7.75103832436251","12.9525866048564","16.2102889835678","14.9558380628576","14.2298408042291","14.847854961158","","","","","",
"Togo","TGO","Merchandise imports by the reporting economy, residual (% of total merchandise imports)","TM.VAL.MRCH.RS.ZS","0","0","0.4149377593361","0.763358778625954","1.0126582278481","1.38248847926267","0.886917960088692","2.07373271889401","2.25225225225225","1.66838635210997","1.26153144049288","2.55650841363864","2.68022181146026","1.96131419484259","6.31961471103328","3.16988608221892","3.55144983320503","3.07706728155521","0.039009858855238","1.00853535040403","2.06099468606903","2.22691062529555","2.04952508731579","2.13776036250226","0.506290476182239","1.11958827300359E-13","-2.32566083203724E-13","-5.3186777769717E-14","0","0","0","0.0004782046285426","1.10404945454202E-13","1.73186094725603E-13","0","0.627824807745572","0.000376044723905328","0.00209082586167815","0.00597513881068045","4.53685600489499E-15","0","0.0013419423947996","0.00277246748319862","0.0346993927279177","0.0364785255944975","9.07505153861452E-05","0.344611909222014","0.571919393610769","0.126372380551429","0.464068273025759","0","0","1.42856807708658","0.380661361621162","0.185995323887404","0.126763892143976","0.121460452992957","0","7.55420408773288E-05","0","0","0","0","0","","",
"Togo","TGO","Merchandise imports from low- and middle-income economies in Latin America & the Caribbean (% of total merchandise imports)","TM.VAL.MRCH.R3.ZS","","","","","","0.230414746543779","0.221729490022173","","","0.0174883265420332","0.0211885125664178","","0.00374681520707399","0.0394965232665703","0.370402802101576","0.262747798354655","","","","","","","0.580064315529432","1.20740773932931","0.394049815098855","0.415770487916405","0.14315709104791","0.193542711357438","0.6784738360402","0.662955923612997","0.885014066873018","0.682158902616018","1.51665310108894","0.164109180134228","0.136811798468162","0.458725696569679","1.05468862539218","0.597040197855752","0.17138148529491","0.521789037100005","0.227692033811808","0.997584164442547","0.884461727253258","1.71779457274421","2.66230104405043","2.95570142689673","2.20087746888036","2.11109276410241","1.40267631715293","3.93907959614882","2.35349156755193","2.53152193371692","1.6268062725984","2.9792596075042","1.45725493792501","1.63640021637847","1.6968467171207","2.10559723246167","1.66305745281706","1.71302653847378","1.84759021028595","1.89116034932904","2.35386774029565","2.24760634565122","","",
"Togo","TGO","Merchandise imports from high-income economies (% of total merchandise imports)","TM.VAL.MRCH.HI.ZS","100","100","82.1576763485477","81.6793893129771","85.8227848101266","87.0967741935484","84.0354767184035","80.8755760368664","84.009009009009","84.9460485126178","84.6301789614369","84.0022986473345","87.0772343508018","87.5076654436603","80.1663747810858","85.2450500730862","88.3146579990306","89.3954220797481","82.3989881079036","80.1930270527208","74.1753559348996","85.7781334497351","81.4746784223528","83.2055471478877","81.4507429277018","84.4776195234304","90.3777226357874","84.1629277733791","82.9607632993698","81.7356774368721","77.2208178738063","78.5121141187525","60.1206676170233","40.5677528395554","43.6696686553896","72.4572099828441","70.3352491859357","68.9324185225435","72.7544230465002","69.6912719474947","67.8392525681772","69.3987816348944","64.4470091122802","63.0291156071554","60.0195617619262","57.9758973467789","58.4723018047144","57.5865388939092","50.8754272652428","53.4866226542748","51.4823938154112","55.5716187760917","56.1006437225837","55.8049271810768","56.8124960042718","49.7631350494195","46.2877425982452","47.0172234417673","42.334399535468","42.6263671451106","44.1292665210177","42.9335738129725","43.8131714234397","38.483667010787","","",
"Togo","TGO","Manufactures imports (% of merchandise imports)","TM.VAL.MANF.ZS.UN","","","62.2476595931789","65.2944234683901","70.9807665739657","76.8834283788434","70.4327210084469","68.9433288180046","71.6426415711461","68.6698566014237","69.0622424978888","70.6915858706838","71.0376658993949","71.1384430751295","70.8651917331798","74.7654455847282","73.6987637492078","71.6221698239582","73.8618449628724","66.5700170641492","58.6705396799198","63.1783773905532","","57.5328608890137","","","71.5850724681408","67.4903034507845","66.8693466425558","","","64.5466743126376","","","61.7727452197659","48.5336275890273","45.8494313318818","46.5609394400145","51.7111961713149","40.2565081082469","59.5043367894531","58.1264331717284","59.775404398077","61.2622145198802","55.2196550692964","52.5934053295001","","54.9365165199724","44.8889797838336","65.6343558309636","66.8088004840473","68.1740642669731","58.1893073960319","51.7428110475547","60.6042011768036","66.0427970933946","73.34737225074","67.1380867716358","58.8431170395203","66.0958446795292","69.4056911721811","70.8769112578275","67.5354862985145","64.0705696981588","64.947276515032","",
"Togo","TGO","Food imports (% of merchandise imports)","TM.VAL.FOOD.ZS.UN","","","28.7576773345756","25.2541883479576","22.243363986064","17.7052400562359","23.1169375468584","23.2415063739752","19.3431583060948","22.3467522834907","23.1121868847942","19.6801618832477","19.1476683884048","19.971050157939","16.4120080037459","14.191990672246","15.7086873275759","18.4749494509908","10.0550131648597","13.5906447516585","16.5386964159464","25.7342072659789","","30.8568348121567","","","22.7170430541697","21.3760959817904","25.9754720465025","","","23.0571183095141","","","24.8032575609934","18.3878022005834","20.0527707759045","17.9839692591529","12.8118635761067","17.2719400539665","18.3773280450188","22.7769359094111","22.1250762560044","17.1155288446436","18.1388978474055","15.5315633580549","","14.6371119232388","10.1452328462736","12.8785118934024","13.2994494063976","13.2979116735176","14.6596916444401","12.387778635188","13.9121248234354","15.0602143849859","14.5383366978512","19.3969301241103","17.4032547222881","17.818209441345","17.4340946357038","16.3337350333552","15.7546942777709","19.2960459636213","17.6484245927718","",
"Togo","TGO","Tariff rate, applied, weighted mean, primary products (%)","TM.TAX.TCOM.WM.AR.ZS","","","","","","","","","","","","","","","","","","","","","","","","","","","","","","","","","","","","","15.36","16.12","","16.92","10.64","10.46","10.12","10.07","10.07","9.74","9.57","9.51","9.51","10.03","9.69","9.98","9.11","9.09","9.09","10.62","9.58","14.4","14.04","13.51","13.51","11.62","11.15","","","",
"Togo","TGO","Binding coverage, primary products (%)","TM.TAX.TCOM.BC.ZS","","","","","","","","","","","","","","","","","","","","","","","","","","","","","","","","","","","","","57.46","57.46","","57.54","57.54","57.54","57.54","56.53","56.53","56.53","56.53","55.48","55.48","55.48","55.48","55.48","55.48","55.48","55.48","53.83","53.83","54.57","54.57","54.53","54.53","54.53","0","","","",
"Togo","TGO","Tariff rate, applied, simple mean, all products (%)","TM.TAX.MRCH.SM.AR.ZS","","","","","","","","","","","","","","","","","","","","","","","","","","","","","","","","","","","","","15.22","15.56","","15.46","14.35","14.27","14.23","14.55","14.56","14.61","14.15","13.85","13.85","13.84","13.53","13.66","13.14","12.88","12.87","11.84","12.08","13.31","13.13","11.83","11.83","11.33","12.85","","","",
"Togo","TGO","Tariff rate, applied, weighted mean, manufactured products (%)","TM.TAX.MANF.WM.AR.ZS","","","","","","","","","","","","","","","","","","","","","","","","","","","","","","","","","","","","","11.93","12.81","","12.13","11.85","11.23","10.26","11.35","11.38","11","11.85","11.39","11.39","10.73","10.81","11.65","9.54","9.52","9.51","9.31","9.3","12.4","11.73","10.01","10.01","10.39","14.74","","","",
"Togo","TGO","Binding coverage, manufactured products (%)","TM.TAX.MANF.BC.ZS","","","","","","","","","","","","","","","","","","","","","","","","","","","","","","","","","","","","","2.98","2.98","","2.63","2.63","2.63","2.63","2.19","2.19","2.19","2.19","1.5","1.5","1.5","1.5","1.5","1.5","1.5","1.5","1.3","1.3","1.32","1.32","1.32","1.32","1.32","0","","","",
"Togo","TGO","International tourism, expenditures (current US$)","ST.INT.XPND.CD","","","","","","","","","","","","","","","","","","","","","","","","","","","","","","","","","","","","40000000","19000000","14000000","16000000","17000000","15000000","20000000","26000000","37000000","38000000","42000000","42000000","59000000","68000000","94000000","89000000","81000000","46000000","58000000","60000000","53000000","55000000","57000000","65000000","61000000","","","","","","",
"Togo","TGO","International tourism, receipts for passenger transport items (current US$)","ST.INT.TRNR.CD","","","","","","","","","","","","","","","","","","","","","","","","","","","","","","","","","","","","","","","4000000","3000000","3000000","3000000","3000000","11000000","6000000","7000000","2000000","4000000","4000000","5000000","39000000","111000000","95000000","108000000","108000000","98000000","104000000","107000000","116000000","115000000","","","","","","",
"Togo","TGO","International tourism, number of arrivals","ST.INT.ARVL","","","","","","","","","","","","","","","","","","","","","","","","","","","","","","","","","","","","53000","58000","92000","69000","70000","60000","57000","58000","61000","83000","81000","94000","86000","74000","150000","202000","300000","235000","327000","282000","273000","338000","514000","573000","876000","482000","","","","","",
"Togo","TGO","Urban population growth (annual %)","SP.URB.GROW","","10.275368212328","10.9452866015736","11.0805476777488","10.8002973320039","10.2000008050597","9.38876330563457","8.41248101751402","7.32705080075276","8.49356108057853","7.79781923077864","5.34484333058592","4.70828576322868","4.25834850635271","3.97820548340889","3.77396564719456","3.63501847291575","3.56292316375801","3.57618053357671","3.7457539481965","4.07764528696596","4.48997253731529","4.28465878425805","3.87957601891379","3.86944142923318","4.32419540044292","4.64352260492928","4.53206854236653","4.51684332291981","4.46461059998403","4.42036415612779","4.36966040654121","4.31435474707446","0.328237034267234","1.87412645565015","6.59443858949392","5.73466048317176","4.80179316601787","3.91387286075951","3.86384173389106","3.86753729990383","3.83917661780033","3.81148245380522","3.81016232253329","3.73396046727542","3.74110994456108","4.10490102238253","4.39267009218355","4.42421332362868","4.41785465708988","4.29386072659616","3.87114217154078","3.45975539495418","3.27649505804747","3.12741687906967","3.00551162830185","2.89574444844279","2.77169504622712","2.87042245265537","3.19393762403555","3.22037191478078","2.911373754211","2.64897487784911","3.10696192348597","3.49566193183102","3.4929524312123",
"Togo","TGO","Completeness of death registration with cause-of-death information (%)","SP.REG.DTHS.ZS","","","","","","","","","","","","","","","","","","","","","","","","","","","","","","","","","","","","","","","","","","","","","","","","","","","","","","","","","","","","","","","","","","",
"Togo","TGO","Completeness of birth registration, male (%)","SP.REG.BRTH.MA.ZS","","","","","","","","","","","","","","","","","","","","","","","","","","","","","","","","","","","","","","","","","","","","","","","","","","","","","","","","","","83.9","","","","","","","","",
"Togo","TGO","Population, female (% of total population)","SP.POP.TOTL.FE.ZS","50.7833914088135","50.7842465894215","50.7830825772566","50.7797982178631","50.7749762422127","50.7685820565399","50.7605328881034","50.7518962088371","50.7432981336795","50.7346521706789","50.7259436942365","50.7161822593302","50.7060187060257","50.6954118344558","50.6842346936229","50.6730265005707","50.6605143357131","50.6447795342386","50.6243526830332","50.6007886237179","50.5749428245531","50.5479884977635","50.5813647248225","50.670688544999","50.7556484873346","50.7601253263773","50.7110613589618","50.6845686414054","50.6592946827757","50.6338652556005","50.6076029187773","50.5804894842198","50.5505926006356","51.1619419265664","51.4865722226648","50.9918378766315","50.6653016823517","50.5878849074771","50.7001110589931","50.759041303935","50.7934825644132","50.8270964310999","50.8599737822575","50.8900272248643","50.9235191202199","50.9840658514426","51.0728833911705","51.1636455297548","51.2460963677057","51.3232052606563","51.3904670848912","51.3980286688177","51.3588342637906","51.3273278061224","51.3020558564262","51.281354371391","51.2637059561021","51.2482001904324","51.2399496608165","51.241422979885","51.2467170874778","51.2545588706702","51.2631906141028","51.2214960146403","51.1352208597145","51.055457954059",
"Togo","TGO","Researchers in R&D (per million people)","SP.POP.SCIE.RD.P6","","","","","","","","","","","","","","","","","","","","","","","","","","","","","","","","","","","","","","","","","","","","25.90716","24.36325","32.23686","22.97503","35.399","","","33.17308","33.30328","34.58561","","36.81025","34.96857","31.14208","37.49789","46.47372","45.29645","44.10873","43.68693","43.2285","41.39064","57.79402","",
"Togo","TGO","Age dependency ratio (% of working-age population)","SP.POP.DPND","90.6860599761117","90.8801580210598","90.9995381948157","91.1714437965185","91.4647732363209","91.6899980262766","91.8073705203756","91.9682697074864","92.1569225351628","92.4101539437915","92.7333601730895","93.1198758369176","93.5453991530587","94.0024625650395","94.4804624905865","94.9596635397173","95.4272748041649","95.8436030595447","96.1633166164369","96.3849389579514","96.5076602823354","96.5330413885034","97.0312772346917","97.9323054353905","98.6046648445883","98.3125204859007","97.3772971328764","96.5811382281282","95.7253988101793","94.7996355586328","93.8233160594722","92.8085632661626","91.7738164032117","96.3200865267945","98.1085689059384","92.4952923474479","88.7023031009828","88.093029562756","89.32557723584","88.7834687309578","87.3367609918932","85.8764736761314","84.4711022259994","83.1365328337993","81.9044834086429","81.2474553071578","81.8580760853133","83.399763334149","85.248789560653","87.2832599487662","89.1314883786151","89.6538162832207","88.8798870192819","87.604841905195","85.846201652556","83.6930737203699","81.2783338536055","78.6857378452951","77.0933927079324","77.7215660472544","79.4547087615551","80.9184085204748","81.5261521238603","80.9338235472068","79.6685903999703","78.2600188932176",
"Togo","TGO","Population ages 75-79, male (% of male population)","SP.POP.7579.MA.5Y","0.606960002331659","0.594149199587115","0.581538497614051","0.567928063979962","0.551164478905709","0.531932551793433","0.511004925766616","0.488747346072187","0.467658796142335","0.450384227214571","0.436771516378932","0.425862533877506","0.417656327999673","0.411089733829778","0.405331552101044","0.400389692886459","0.396441662998885","0.393544582900766","0.392200978321426","0.392506943263617","0.394156224450153","0.396926558052616","0.400312378937789","0.404158278728188","0.408460033097882","0.413162982275124","0.417730688957126","0.421892074647861","0.425424281134256","0.428058919597708","0.42955771364091","0.429933810731724","0.429488676041505","0.427530702107793","0.426809598253058","0.42701354608887","0.425031612848066","0.420461741948103","0.417433357502013","0.422205024500949","0.431411149907197","0.440678247239282","0.45010144385451","0.459587655095525","0.469195018608071","0.481964400665132","0.501123638386599","0.523771697662904","0.546111242220809","0.566388370257088","0.581410474884681","0.585014105477255","0.584591864038516","0.587970256084512","0.588990939739351","0.583720835728011","0.57111627115756","0.554194193409265","0.538053827381157","0.527861858024216","0.524528751107473","0.522602418907056","0.520549234116192","0.512430477498155","0.500140341156815","0.491161751878419",
"Togo","TGO","Population ages 65 and above (% of total population)","SP.POP.65UP.TO.ZS","3.54609081291726","3.47098196588159","3.39927257367312","3.33142217427958","3.26834906997294","3.21019749529851","3.15705082869448","3.10927014519303","3.06748372043738","3.03207961570233","3.00282208052374","2.97784601135404","2.9571826331089","2.94142486063186","2.93005175744044","2.92227927961568","2.91830196933768","2.91867132304225","2.92272702711996","2.92814225436744","2.93364495623714","2.93973828244381","2.94764543572304","2.95808513928265","2.96975635137872","2.97883356565689","2.98306606721394","2.98485937484364","2.98433977001581","2.98052242939817","2.97313881639334","2.96198748716854","2.94722473612114","2.95405782034551","2.96044012281187","2.93838874089212","2.91076768482751","2.90094561721044","2.92059886172771","2.96280086776971","3.01614516897094","3.06977119758311","3.12388977408581","3.17839426073783","3.23398317087395","3.2990193886965","3.37519462574403","3.44722910186289","3.50074408647508","3.52784056489814","3.53374156705852","3.5012095840034","3.44959013892684","3.42406537107463","3.42702796511323","3.4612448670735","3.52480334358948","3.60684158371773","3.65692500314419","3.63365781159263","3.5890095266417","3.57621857176555","3.61433732873147","3.60486876584568","3.52969669631733","3.4768505984781",
"Togo","TGO","Population ages 65 and above, female (% of female population)","SP.POP.65UP.FE.ZS","3.67934543383134","3.62687229967897","3.57547866598489","3.52538212652014","3.47758988671811","3.43362284875448","3.39203337984612","3.35478035856295","3.32256613153472","3.29568253723281","3.27447417922617","3.25676334660081","3.24336646932445","3.23357948574703","3.22879508155691","3.22832564398308","3.23143086892176","3.23844441574657","3.24741336971758","3.25595821423215","3.26197288052513","3.26712694409271","3.27480367732857","3.28607094498533","3.29852696753239","3.30732532783408","3.31100155598588","3.3139264116474","3.31373762725088","3.30932880401156","3.29957219097701","3.28501356084381","3.26508355621866","3.2780119075209","3.28018585862606","3.23999019081161","3.20093168858898","3.2109666834707","3.27072510794372","3.33438613143987","3.40000633792064","3.4654907218629","3.53156703484868","3.59811493181859","3.66564117208305","3.74513650399334","3.8434036844703","3.94537714123871","4.03354460610137","4.09817205756821","4.14146814435108","4.11670040234397","4.04489311942391","4.00052497845783","3.98634057419263","4.00525375017718","4.05600524456581","4.1286055899165","4.17609884495448","4.16162341550567","4.13572925107276","4.14895374530565","4.20943709609959","4.18483237144616","4.06514788615753","3.97146331443745",
"Togo","TGO","Population ages 60-64, male (% of male population)","SP.POP.6064.MA.5Y","1.86544869864278","1.84414174139772","1.8257494929125","1.81037142081006","1.79913091680487","1.7914408323245","1.78645761065631","1.78365180467091","1.78240355836382","1.78186860780216","1.78117048346056","1.78059715817425","1.78014684590418","1.77905310947167","1.77575027663077","1.76999233121262","1.76214142751125","1.75311213080202","1.74343857329146","1.73320565484447","1.72274827928121","1.7117282246947","1.7019596107425","1.69416306419747","1.68758659424625","1.67954344187206","1.6708612071783","1.66387454365649","1.65718674736801","1.64989700077951","1.64169544467128","1.63345204771725","1.62590672402781","1.63644512276367","1.6373353860742","1.61472874066249","1.59800171845411","1.58122247587315","1.57467787843852","1.58631568226156","1.60495143597676","1.62367147554852","1.6419655333777","1.65930383512525","1.67538232777213","1.67293054556802","1.63059672464181","1.56454709635134","1.49628606346915","1.4294579586563","1.37121553098991","1.36598245685667","1.40882931462475","1.45177915623231","1.4839469703921","1.49793622320138","1.49459615101314","1.48539390663638","1.49330766851133","1.53939073566373","1.61380293352633","1.69369506302662","1.76780757733538","1.81963175104594","1.85240589535102","1.88293732515412",
"Togo","TGO","Population ages 50-54, male (% of male population)","SP.POP.5054.MA.5Y","3.02544908725263","3.03148549233","3.03771793037952","3.04187980275607","3.04212987476306","3.0376701641942","3.02906462467046","3.01666666666667","3.0009145327569","2.98203231164125","2.96090677770067","2.93652280818819","2.90911578016106","2.88100197932094","2.85461028796589","2.83037498066347","2.80818199049697","2.78845037997949","2.77058423788271","2.75261994469254","2.73459471056553","2.71787946270246","2.70209147674205","2.68594488957329","2.66849221559","2.65100728740924","2.63489771537565","2.61956244736793","2.60562243045181","2.5936259544557","2.58366972026962","2.57600332005031","2.57142974682177","2.55491462815414","2.54575769527041","2.56034383476234","2.58160177116974","2.61149508298671","2.63780269711772","2.65506023603437","2.66922638698366","2.6831736132133","2.69720831046191","2.71114443765798","2.72535134647126","2.72267674917499","2.6862370077018","2.63830757338824","2.60118952392437","2.5777154674991","2.57563084239802","2.60779619998791","2.66465128724533","2.73094762722257","2.80385616059245","2.87747377465067","2.94884401883718","3.01772446839197","3.06806448286529","3.08513347002691","3.08593885800431","3.08864569536081","3.10422300970022","3.13266629622899","3.16503998323209","3.20256296354074",
"Togo","TGO","Population ages 40-44, male (% of male population)","SP.POP.4044.MA.5Y","4.47872846858575","4.4546273590253","4.42555486510886","4.39378801342585","4.36393112814856","4.33679397489836","4.3116718121271","4.28885350318471","4.26671100764882","4.24219426718692","4.21523224140454","4.18723692088317","4.15968648239572","4.13191897241408","4.10256929263487","4.0716982249884","4.0409581423142","4.01228856485997","3.98652206120937","3.96414859628241","3.94591115466464","3.9319044819975","3.90979272441304","3.88184435729009","3.86170289975893","3.86513048105293","3.8912287634076","3.91949614066332","3.94180195834083","3.9480600877459","3.96010782552761","3.9780258404936","3.98526615236358","3.8489876032949","3.76008485507005","3.83522896504069","3.87393783428491","3.95636170652208","4.0633685851429","4.12019872363504","4.14201434808486","4.16361532815539","4.18542932690829","4.20748093183343","4.23051013817737","4.25638485995595","4.28355025694696","4.31303053078904","4.34459913085212","4.37351810177633","4.40113225120783","4.42658457541611","4.44991203313758","4.48080658023843","4.52746641250973","4.58895719767557","4.65937187183265","4.73329281919586","4.77890901591448","4.76992037931122","4.74525221942347","4.74891715806856","4.7894598316289","4.83608132777228","4.87031284271298","4.89967972467927",
"Togo","TGO","Population ages 30-34, male (% of male population)","SP.POP.3034.MA.5Y","6.08805899097454","6.06583492938586","6.04366228558699","6.01999143618809","5.99292585697496","5.96246926476674","5.93086582489247","5.90021231422505","5.87161207183239","5.84506146840754","5.8215430516412","5.8001032892602","5.78341206211372","5.77627790773319","5.78133012171754","5.79651711982727","5.82623068792588","5.86513943036009","5.89594774122847","5.90408600995773","5.9201714050459","5.94441764089945","5.91114964604569","5.83546540693866","5.76721766597816","5.73704677788183","5.72820977749547","5.71347744945382","5.70450550360106","5.70522454279354","5.71791468264243","5.74190843606151","5.77891617874381","5.36525225522709","5.12736444017142","5.48505402947496","5.75781322699513","5.97901885877145","6.10904605314465","6.17585840375162","6.22502286627784","6.2746577870297","6.32485835911934","6.37607252263962","6.42917936977167","6.48043875795799","6.51585497065036","6.52816020916672","6.519058263038","6.48861995987063","6.43353227514329","6.37849903035724","6.34578794146419","6.32102021618038","6.29364005813248","6.26299656907992","6.23683017504487","6.23106500838755","6.25863266077751","6.307534708559","6.34559691877547","6.3473821023212","6.29699279190618","6.19829982567492","6.09158520266212","6.00440128871103",
"Togo","TGO","Population ages 20-24, male (% of male population)","SP.POP.2024.MA.5Y","8.29001952764473","8.28467610575116","8.28539939735728","8.29803446704083","8.32707694287737","8.36950002545132","8.43158127514916","8.50498938428875","8.56418357166611","8.58630609439195","8.6132551563304","8.64832749093934","8.65815247031904","8.66247041399643","8.67625428440342","8.66630571801902","8.62758578592793","8.59462477221618","8.56582242058026","8.5451364340114","8.53531604979792","8.53406145338887","8.48916409937914","8.4152744693877","8.37189413123944","8.42727880141412","8.54947680569891","8.65454684350842","8.75540534830673","8.85782063983071","8.96194761903464","9.06407612401065","9.164996261515","8.71234683178052","8.56855642371148","9.17736599856239","9.60345655849097","9.56539064598006","9.21891788189671","9.12698447243088","9.17922276321497","9.20547706623651","9.19973509633523","9.19574333256163","9.23181034968359","9.27860617764692","9.25390704699612","9.1409275005076","8.95864308719225","8.71634273214786","8.47455036462547","8.39330495462604","8.45995885610327","8.55498686835202","8.66783681467164","8.80376414311175","8.97276291422884","9.1825572635594","9.31850273261609","9.20092394665828","8.90087049228166","8.55892324824662","8.29471173346455","8.29142227377438","8.46927843222983","8.6686458356123",
"Togo","TGO","Population ages 15-64, male (% of male population)","SP.POP.1564.MA.ZS","52.0692259863404","52.0384723241508","52.0237774208299","51.9969566238323","51.9350027829177","51.8879345259305","51.8672167684196","51.8329087048832","51.7894704023944","51.7270357684942","51.645635353378","51.5455455363958","51.4348830970878","51.3154525447423","51.1884159177395","51.0613700469672","50.9364087011556","50.8268435199619","50.7436130548974","50.6864210347327","50.6542935340404","50.647814761988","50.4637515398601","50.1246494443241","49.8497126002761","49.8999038135725","50.1714437651525","50.3918421864621","50.6322036341073","50.8947565871203","51.1743878938862","51.4670789909419","51.7667555606751","49.9730620899078","49.1707993387725","51.1137001751341","52.4540403274605","52.7476139867588","52.37017207595","52.4877016464255","52.8734616507137","53.2737994036931","53.6680494767505","54.0509927772875","54.4129255684856","54.5531087985262","54.2038093616472","53.5367413164822","52.8179236439389","52.103139446204","51.5198690314205","51.4183181612016","51.7454331077979","52.2191744724752","52.8334847816628","53.5667926412279","54.3870921966819","55.2730643530667","55.7921424397621","55.4721392185857","54.7384309226502","54.1130415631388","53.8185096321952","54.0041795141982","54.4654170420661","54.9809137977119",
"Togo","TGO","Population ages 15-19, male (% of male population)","SP.POP.1519.MA.5Y","9.88198404756585","9.97225553546816","10.0756234538228","10.1610088722933","10.2029780042246","10.2511270507676","10.3074701678923","10.3334394904459","10.3539657465913","10.3850616273433","10.3852672227809","10.3499494979502","10.3175858007508","10.2863267678935","10.2608088413894","10.2444137985512","10.2355197594364","10.236942223672","10.2541615393563","10.2825930665808","10.3182242530022","10.3608927617085","10.4015627145812","10.4494999318271","10.5274410995663","10.6364515409218","10.7507642803639","10.8565740024004","10.9588716011639","11.0545570134944","11.1400995941552","11.2145391948031","11.2742834398999","11.3494181358756","11.5398037964091","11.719690080101","11.7692377819944","11.4048537753334","10.9187767469076","10.8286013000433","10.9272557110467","11.0677127608843","11.2371940289807","11.3985876953929","11.4998113342948","11.4527224129276","11.2047884169102","10.8676927899463","10.5621473211525","10.3229918226695","10.2021635572253","10.2348190849497","10.3541662675663","10.5233893220105","10.7699297615207","11.0804785872272","11.4110700757927","11.7114515916735","11.7587873371601","11.4122269515305","10.9604807249643","10.6796287162753","10.6465669053259","10.8447001112559","11.1307943066039","11.3997134929415",
"Togo","TGO","Population ages 05-09, male (% of male population)","SP.POP.0509.MA.5Y","14.2557878578854","14.2577908246371","14.261176443001","14.2631208188109","14.2705537949853","14.2889233649741","14.3152924240322","14.3532908704883","14.4105420685068","14.4773596001176","14.5457377954652","14.6193607948703","14.6868110491506","14.7405774634241","14.7929148786873","14.85037636302","14.9115395365423","14.9800992996333","15.0567677435549","15.1342264861269","15.2052395669645","15.2648880817393","15.3744140332753","15.5263748867127","15.6497666082779","15.6558827250321","15.5763015539188","15.5057423038566","15.4126875990848","15.2874093842736","15.1351498682163","14.9820975603559","14.848161971534","15.4572519329201","15.7994522856541","15.2500724761424","14.8863567119615","14.9008139778225","15.1174424040454","15.0264074008623","14.7486536191168","14.4306679217586","14.1222313438032","13.8504461551955","13.620699367179","13.5272271443798","13.6866641517521","14.0564522161627","14.5210651052366","14.9954026809206","15.3921252344764","15.4839620422921","15.2886839452906","15.0174620245916","14.6807597476979","14.2618297079364","13.8011644582915","13.3408480523809","13.1174921802495","13.4035785438097","13.990927411921","14.6089568010952","15.0653610976545","15.07609054135","14.7234305464639","14.2173896086972",
"Togo","TGO","Population ages 0-14, male (% of male population)","SP.POP.0014.MA.ZS","44.5223013475046","44.6512848968682","44.7582980619292","44.8714967793621","45.0124807933517","45.1321587365523","45.2184074510892","45.3115711252654","45.4058239108746","45.5119519696115","45.6312934611735","45.7637235321271","45.9019582414732","46.0441263997121","46.1887364046096","46.331159961689","46.4666413937784","46.5825369394009","46.6669421639392","46.721452074328","46.7481024255322","46.7471615748124","46.9237302089974","47.2545040890365","47.5194569384263","47.4600235094123","47.1833798948872","46.9609625990796","46.7217730989467","46.4619149992474","46.1870483988345","45.9017599654444","45.6109054744379","47.412038375594","48.2084186662147","46.2613727974203","44.9329930435202","44.6691587983968","45.0693887700756","44.9323209698354","44.5064643700271","44.065461059668","43.6299655269008","43.205585374738","42.8009565235508","42.6118641333762","42.9097023349074","43.5378455685651","44.2414374905627","44.9703251765545","45.5889163221608","45.731372081695","45.4336330654057","44.9646302211937","44.3286793804333","43.5444713422386","42.6469385597658","41.6684916698639","41.0966211803527","41.4488101575995","42.2474513633639","42.913111047004","43.1932020898259","42.999887073844","42.5651198790997","42.058204118206",
"Togo","TGO","Population ages 00-04, male (% of male population)","SP.POP.0004.MA.5Y","18.3143319310995","18.3527544585056","18.4027623078637","18.4710142592072","18.5499248668659","18.6309182614315","18.7146610933814","18.7885350318471","18.8422846691054","18.8924958478031","18.9458378771356","19.0010191816383","19.0590563560685","19.1198250446385","19.1743920870105","19.2157430660009","19.2414760223472","19.2430676874728","19.2140215867418","19.1519224860314","19.0593887171875","18.9443944657819","18.8949629237903","18.8923109004435","18.8442810691492","18.6605483707113","18.4082164986081","18.2057560903991","18.0314489835254","17.8914251183312","17.7842344687358","17.6833438496491","17.5669713334821","18.2170842701038","18.3644280281492","17.4495744756897","16.8609729057699","16.6778598305843","16.6468430014737","16.4311749225885","16.2652411760383","16.2126634349432","16.2321501725274","16.2753606812944","16.3164583627521","16.4893031642011","16.9218032818167","17.3946418839253","17.7083092181712","17.8697993665618","17.8218343406172","17.542035524976","17.1352773999628","16.6822546122439","16.230830933346","15.8380210963851","15.4988127745628","15.19201740801","15.1700546523219","15.5246347197019","15.7574062427244","15.5014160439485","14.8575482817679","14.3823550014446","14.2566653529209","14.257554816353",
"Togo","TGO","Women who were first married by age 15 (% of women ages 20-24)","SP.M15.2024.FE.ZS","","","","","","","","","","","","","","","","","","","","","","","","","","","","","10.4","","","","","","","","","","8.3","","","","","","","","","","","","","","","","5.5","","","6.4","","","","","","","","",
"Togo","TGO","Survival to age 65, female (% of cohort)","SP.DYN.TO65.FE.ZS","39.742696","39.976189","40.298437","40.653419","41.131354","41.505301","41.916984","42.518712","43.153742","43.584546","44.236387","44.850117","45.555073","46.193375","46.98002","47.634329","48.256887","49.003228","49.889253","50.692092","51.449658","52.496133","53.266854","54.171484","54.761401","55.213101","55.672515","55.901053","55.927303","55.143406","54.514979","53.576401","52.65815","51.855945","51.141472","50.872249","50.851966","50.661426","50.672743","51.230647","51.46571","51.485961","51.755714","52.027281","52.436078","52.909707","52.918436","53.124139","53.367586","53.72235","54.125615","54.652341","55.201229","55.8165","56.463937","57.217646","57.88116","58.712216","59.349438","60.055375","60.156839","59.864227","62.209579","62.976619","63.354201","",
"Togo","TGO","Life expectancy at birth, female (years)","SP.DYN.LE00.FE.IN","45.103","45.301","45.548","45.819","46.156","46.449","46.765","47.186","47.629","47.974","48.435","48.877","49.372","49.83","50.361","50.827","51.275","51.785","52.364","52.901","53.411","54.063","54.573","55.144","55.551","55.882","56.218","56.422","56.517","56.201","55.965","55.556","55.168","54.841","54.561","54.509","54.587","54.586","54.681","55.074","55.295","55.403","55.644","55.879","56.179","56.508","56.603","56.79","57.001","57.263","57.547","57.895","58.252","58.641","59.044","59.498","59.904","60.394","60.782","61.204","61.445","61.589","62.476","62.923","63.151","",
"Togo","TGO","Contraceptive prevalence, any method (% of married women ages 15-49)","SP.DYN.CONU.ZS","","","","","","","","","","","","","","","","","","","","","","","","","","","","","33.9","","","","","","","","","","23.5","","25.7434147","","","","","","16.38839048","","","","15.17595395","","","","19.9","","","23.8","","","","","","","","",
"Togo","TGO","Mortality rate, adult, male (per 1,000 male adults)","SP.DYN.AMRT.MA","413.643","412.171","409.97","407.8","405.139","401.87","400.115","397.243","394.302","393.029","390.168","385.985","382.883","379.738","377.549","374.427","370.308","359.035","345.778","336.216","325.746","317.969","313.153","309.222","308.756","308.729","309.341","308.408","310.219","313.991","319.409","326.512","328.688","334.337","337.794","340.818","340.961","343.818","345.172","343.351","341.453","341.195","339.135","337.508","336.002","333.865","330.742","328.731","326.162","324.141","321.462","316.733","314.275","309.353","303.99","298.335","291.916","286.483","278.951","272.445","275.316","280.058","257.6","251.534","249.677","",
"Togo","TGO","Prevalence of severe food insecurity in the population (%)","SN.ITK.SVFI.ZS","","","","","","","","","","","","","","","","","","","","","","","","","","","","","","","","","","","","","","","","","","","","","","","","","","","","","","","","16.1","16.3","15.8","15.4","14","13.5","12.8","10.9","9.9","","",
"Togo","TGO","International migrant stock (% of population)","SM.POP.TOTL.ZS","","","","","","","","","","","","","","","","","","","","","","","","","","","","","","","2.1","","","","","2.3","","","","","2.7","","","","","3.5","","","","","3.8","","","","","3.6","","","","","3.2","","","","3","",
"Togo","TGO","External health expenditure (% of current health expenditure)","SH.XPD.EHEX.CH.ZS","","","","","","","","","","","","","","","","","","","","","","","","","","","","","","","","","","","","","","","","","3.31918073","3.77550077","4.19117022","4.93228722","6.16766596","6.59501886","7.40890789","9.97921276","10.84059334","10.66492844","5.86106825","8.3873167","10.1814537","16.39874649","14.98392868","12.0772934","15.28229618","15.01598644","9.50871468","9.11537743","15.0885458","16.1765728","20.64047813","19.96798706","","",
"Togo","TGO","Newborns protected against tetanus (%)","SH.VAC.TTNS.ZS","","","","","","","","","","","","","","","","","","","","","","","","","","","","","68","44","47","30","27","29","26","52","55","57","51","62","63","60","60","75","79","81","81","82","81","81","81","81","81","77","81","81","81","83","83","83","83","85","83","83","83","",
"Togo","TGO","Prevalence of severe wasting, weight for height (% of children under 5)","SH.SVR.WAST.ZS","","","","","","","","","","","","","","","","","","","","","","","","","","","","","1.6","","","","","","","","","","3.4","","","","","","","","","","0.7","1","0.8","","0.7","","1.5","","","1.1","","","","","","","","",
"Togo","TGO","Prevalence of wasting, weight for height, male (% of children under 5)","SH.STA.WAST.MA.ZS","","","","","","","","","","","","","","","","","","","","","","","","","","","","","6.8","","","","","","","","","","11.6","","","","","","","","","","6.1","7.1","5.1","","6.3","","7.6","","","6.2","","","","","","","","",
"Togo","TGO","Suicide mortality rate (per 100,000 population)","SH.STA.SUIC.P5","","","","","","","","","","","","","","","","","","","","","","","","","","","","","","","","","","","","","","","","","8.33","8.5","8.66","8.84","8.78","8.94","9.03","8.99","9.33","9.54","9.63","9.69","9.68","9.72","9.78","9.81","9.98","9.84","9.8","9.77","9.38","9.34","","","","",
"Togo","TGO","Prevalence of stunting, height for age (modeled estimate, % of children under 5)","SH.STA.STNT.ME.ZS","","","","","","","","","","","","","","","","","","","","","","","","","","","","","","","","","","","","","","","","","31.6","31.3","30.9","30.5","30.1","29.8","29.4","29","28.5","27.9","27.4","26.8","26.4","26","25.7","25.4","25.1","24.6","24.2","23.7","23.4","23.2","23.2","23.1","23","",
"Togo","TGO","Prevalence of stunting, height for age, female (% of children under 5)","SH.STA.STNT.FE.ZS","","","","","","","","","","","","","","","","","","","","","","","","","","","","","29.9","","","","","","","","","","24.4","","","","","","","","27.4","","25.2","24.6","25.3","","22.9","","26.9","","","21.3","","","","","","","","",
"Togo","TGO","Mortality rate attributed to unintentional poisoning, male (per 100,000 male population)","SH.STA.POIS.P5.MA","","","","","","","","","","","","","","","","","","","","","","","","","","","","","","","","","","","","","","","","","1.46","1.49","1.54","1.56","1.52","1.49","1.52","1.49","1.53","1.56","1.56","1.56","1.52","1.48","1.51","1.53","1.53","1.64","1.6","1.59","1.53","1.49","","","","",
"Togo","TGO","Prevalence of overweight, weight for height (modeled estimate, % of children under 5)","SH.STA.OWGH.ME.ZS","","","","","","","","","","","","","","","","","","","","","","","","","","","","","","","","","","","","","","","","","1.8","1.8","1.7","1.6","1.6","1.5","1.5","1.4","1.4","1.4","1.3","1.3","1.3","1.4","1.4","1.4","1.5","1.6","1.7","1.8","2","2.3","2.6","3","3.6","",
"Togo","TGO","Prevalence of overweight, weight for height, female (% of children under 5)","SH.STA.OWGH.FE.ZS","","","","","","","","","","","","","","","","","","","","","","","","","","","","","2.7","","","","","","","","","","2.2","","","","","","","","","","","1.2","0.7","","1.5","","2.2","","","1.6","","","","","","","","",
"Togo","TGO","People practicing open defecation, urban (% of urban population)","SH.STA.ODFC.UR.ZS","","","","","","","","","","","","","","","","","","","","","","","","","","","","","","","","","","","","","","","","","23.5122520127061","22.9237713021773","22.3352905916488","21.7468098811203","21.1583291705915","20.569848460063","19.9813677495345","19.3928870390057","18.8044063284772","18.2159256179486","17.6274449074199","17.0389641968914","16.4504834863628","15.8620027758341","15.2735220653055","14.685041354777","14.0965606442483","13.5080799337197","12.919599223191","12.3311185126624","11.7426378021339","11.1541570916052","10.5656763810766","9.9771956705481","9.38871496001934","",
"Togo","TGO","Prevalence of underweight, weight for age (% of children under 5)","SH.STA.MALN.ZS","","","","","","","","","","","","","","","","","","","","","","","","","","","","","19.2","","","","","","","","16.7","","22.8","","","","","","","","","","20.5","16.6","15.1","","16.5","","16.1","","","15.2","","","","","","","","",
"Togo","TGO","People with basic handwashing facilities including soap and water, urban (% of urban population)","SH.STA.HYGN.UR.ZS","","","","","","","","","","","","","","","","","","","","","","","","","","","","","","","","","","","","","","","","","","","","","17.7560649662403","17.7560649662403","17.7560649662403","17.7560649662403","17.7560649662403","18.5896719332691","19.4232789002979","20.2568858673267","21.0904928343552","21.924099801384","22.7577067684128","23.5913137354416","24.4249207024704","25.2585276694992","26.0921346365278","26.9257416035566","26.9257416035566","26.9257416035566","26.9257416035566","26.9257416035566","","",
"Togo","TGO","Low-birthweight babies (% of births)","SH.STA.BRTW.ZS","","","","","","","","","","","","","","","","","","","","","","","","","","","","","","","","","","","","","","","","","15.75604345","15.73126844","15.69486107","15.66054821","15.64040432","15.63128735","15.61294138","15.58211867","15.50887151","15.41247509","15.29974144","15.17220148","15.05871235","14.94786357","14.83767773","14.73069746","14.62924956","14.535055","14.44261735","14.36008657","14.28142408","","","","","",
"Togo","TGO","People using at least basic sanitation services, urban (% of urban population)","SH.STA.BASS.UR.ZS","","","","","","","","","","","","","","","","","","","","","","","","","","","","","","","","","","","","","","","","","21.0565993238332","21.2635791126336","21.470558901434","21.6775386902345","21.8845184790348","22.7049079736862","23.536791791613","24.3801699328152","25.235042397293","26.1014091850462","26.9792702960749","27.8686257303792","28.7694754879589","29.681819568814","30.6056579729447","31.5409907003508","32.4878177510323","33.4461391249895","34.415954822222","35.3972648427301","36.3900691865137","37.3943678535727","38.4101608439072","38.4101608439072","38.4101608439072","",
"Togo","TGO","Mortality rate attributed to household and ambient air pollution, age-standardized (per 100,000 population)","SH.STA.AIRP.P5","","","","","","","","","","","","","","","","","","","","","","","","","","","","","","","","","","","","","","","","","","","","","","","","","","","","","","","","","","","","223.1","","","","","","",
"Togo","TGO","Risk of impoverishing expenditure for surgical care (% of people at risk)","SH.SGR.IRSK.ZS","","","","","","","","","","","","","","","","","","","","","","","","","","","","","","","","","","","","","","","","","","","","80.9","","","83.8","83.2","82.9","81.4","81.1","79.1","78.9","78.9","78","76.9","76.4","75.9","75.6","74.7","74.9","71.8","73","","","",
"Togo","TGO","Prevalence of current tobacco use (% of adults)","SH.PRV.SMOK","","","","","","","","","","","","","","","","","","","","","","","","","","","","","","","","","","","","","","","","","15.3","","","","","12.3","","11.3","","","10","","","","","8.2","","","","","6.8","","6.3","6.1","5.8","",
"Togo","TGO","Number of maternal deaths","SH.MMR.DTHS","","","","","","","","","","","","","","","","","","","","","","","","","","1000","1000","1000","1000","1100","1100","1100","1200","1300","1100","1100","1100","1100","1100","1000","970","960","910","900","910","950","1000","1100","1100","1200","1300","1300","1300","1300","1300","1200","1200","1200","1200","1200","1100","1100","1000","1000","","",
"Togo","TGO","Specialist surgical workforce (per 100,000 population)","SH.MED.SAOP.P5","","","","","","","","","","","","","","","","","","","","","","","","","","","","","","","","","","","","","","","","","","","","","","","","","","","","","","","0.51","","","","","","","","","","","",
"Togo","TGO","Hospital beds (per 1,000 people)","SH.MED.BEDS.ZS","1.26509189605713","","","","","","","","","","1.5333000421524","","","","","1.43990004062653","","","","","","","","","","","","","","","1.5111000538","","","","","","","","","","","","0.92","0.81","0.78","0.7","0.84","0.64","0.62","0.63","0.57","0.56","0.63","0.62","0.61","0.64","0.65","0.64","0.63","0.56","0.37","0.41","0.33","","","",
"Togo","TGO","Antiretroviral therapy coverage for PMTCT (% of pregnant women living with HIV)","SH.HIV.PMTC.ZS","","","","","","","","","","","","","","","","","","","","","","","","","","","","","","","","","","","","","","","","","0","0","0","1","2","5","10","11","19","25","36","74","82","87","90","95","98","83","94","95","82","83","87","88","87","",
"Togo","TGO","Incidence of HIV, all (per 1,000 uninfected population)","SH.HIV.INCD.TL.P3","","","","","","","","","","","","","","","","","","","","","","","","","","","","","","","1.5","1.9","2.3","2.9","3","3.4","3.5","3.5","3.2","2.9","2.6","2.3","2.1","1.9","1.7","1.6","1.4","1.4","1.3","1.2","1.1","0.81","0.69","0.62","0.59","0.56","0.52","0.56","0.47","0.45","0.42","0.42","0.4","0.39","0.37","",
"Togo","TGO","Antiretroviral therapy coverage (% of people living with HIV)","SH.HIV.ARTC.ZS","","","","","","","","","","","","","","","","","","","","","","","","","","","","","","","","","","","","","","","","","0","0","0","1","2","5","6","7","10","15","22","27","30","34","37","44","52","60","66","76","80","81","80","87","92","",
"Togo","TGO","People using safely managed drinking water services (% of population)","SH.H2O.SMDW.ZS","","","","","","","","","","","","","","","","","","","","","","","","","","","","","","","","","","","","","","","","","10.0262177498385","10.4396182696056","10.8572104776075","11.2788756529367","11.7046920626714","12.1345267940647","12.5686626712329","13.0071794285926","13.4503740884263","13.8974477840125","14.349356874294","14.8107744821214","15.2799041486039","15.7536504094529","16.2325567508779","16.716712557756","17.2071914430537","17.703874729563","18.2068845501877","18.7163458427772","19.2323830359056","19.5549350217433","19.8775201063187","20.2003795594142","20.5232352790187","",
"Togo","TGO","People using at least basic drinking water services, urban (% of urban population)","SH.H2O.BASW.UR.ZS","","","","","","","","","","","","","","","","","","","","","","","","","","","","","","","","","","","","","","","","","84.4826413625441","84.7818923975744","85.0811434326048","85.3803944676351","85.230988154974","84.6142719446686","83.9911905627508","83.36174400922","82.7259322840771","82.0837553873218","81.4352133189539","80.7803060789735","80.1190336673802","79.4513960841748","78.7773933293569","78.0970254029265","77.4102923048835","76.7171940352277","76.0177305939598","75.3119019810793","74.5997081965863","73.8811492404809","73.1562251127625","73.3966225896111","73.6370200664598","",
"Togo","TGO","Mortality from CVD, cancer, diabetes or CRD between exact ages 30 and 70 (%)","SH.DYN.NCOM.ZS","","","","","","","","","","","","","","","","","","","","","","","","","","","","","","","","","","","","","","","","","28.2","28.3","28.3","28.5","28.2","28.2","28.2","28.1","28.6","28.5","28.1","27.9","27.7","27.5","27.2","27.1","27","26.7","26.5","26.1","26.4","25.4","","","","",
"Togo","TGO","Mortality rate, under-5, female (per 1,000 live births)","SH.DYN.MORT.FE","246.2","243.7","240.9","238.1","235","231.8","228.7","225.1","221.4","217.5","213.5","209.3","205.1","200.9","196.5","192.1","187.8","183.4","179.2","175","170.8","166.7","162.7","159","155.4","152","148.8","145.8","143","140.6","138.3","136.1","134.1","131.9","129.4","126.7","123.9","120.9","117.7","114.3","110.8","107.5","104.3","101.1","98.1","95.2","92.5","89.9","87.3","84.7","82.2","79.7","77.2","74.6","72.2","69.8","67.5","65.2","63.1","61.1","59","57.2","55.3","53.4","51.7","",
"Togo","TGO","Probability of dying among youth ages 20-24 years (per 1,000)","SH.DYN.2024","","","","","","","","","","","","","","","","","","","","","","","","","","","","","","","12.3","12.3","12.2","12.3","12.4","12.5","12.7","12.8","12.9","13","13.1","13.2","13.2","13.1","13","12.9","12.7","12.5","12.3","12","11.8","11.5","11.2","10.9","10.6","10.4","10.3","10.2","10.1","9.9","9.9","9.7","9.6","9.5","9.4","",
"Togo","TGO","Cause of death, by other COVID-19 pandemic-related outcomes (% of total)","SH.DTH.OCVD.ZS","","","","","","","","","","","","","","","","","","","","","","","","","","","","","","","","","","","","","","","","","0","","","","","","","","","","0","","","","","0","","","","0","0.43732910914026","1.25607239221006","","","","",
"Togo","TGO","Cause of death, by injury (% of total)","SH.DTH.INJR.ZS","","","","","","","","","","","","","","","","","","","","","","","","","","","","","","","","","","","","","","","","","6.68555899576385","","","","","","","","","","7.81573306768315","","","","","8.71306278053969","","","","9.7221424128473","9.51324669707028","9.81133122727884","","","","",
"Togo","TGO","Number of deaths ages 15-19 years","SH.DTH.1519","","","","","","","","","","","","","","","","","","","","","","","","","","","","","","","1016","1053","1092","1098","1114","1177","1235","1288","1334","1373","1409","1438","1462","1478","1486","1490","1492","1488","1476","1457","1426","1390","1359","1333","1313","1298","1293","1298","1301","1297","1299","1296","1298","1301","1300","",
"Togo","TGO","Condom use, population ages 15-24, female (% of females ages 15-24)","SH.CON.1524.FE.ZS","","","","","","","","","","","","","","","","","","","","","","","","","","","","","","","","","","","","","","","13.1","","","","","","","","","","","","","","","","26.5","","","","","","","","","","","",
"Togo","TGO","Total alcohol consumption per capita, male (liters of pure alcohol, projected estimates, male 15+ years of age)","SH.ALC.PCAP.MA.LI","","","","","","","","","","","","","","","","","","","","","","","","","","","","","","","","","","","","","","","","","2.45","2.45","2.32","2.32","2.52","2.76","3.12","3.23","3.2","3.08","2.93","2.8","2.82","2.81","2.93","2.81","2.66","2.44","2.31","2.31","2.35","","","","","",
"Togo","TGO","Women who believe a husband is justified in beating his wife (any of five reasons) (%)","SG.VAW.REAS.ZS","","","","","","","","","","","","","","","","","","","","","","","","","","","","","","","","","","","","","","","","","","","","","","","","","","","","","","","28.7","","","","","","","","","","","",
"Togo","TGO","Women who believe a husband is justified in beating his wife when she argues with him (%)","SG.VAW.ARGU.ZS","","","","","","","","","","","","","","","","","","","","","","","","","","","","","","","","","","","","","","","","","","","","","","","","","","","","","","","19.5","","","","","","","","","","","",
"Togo","TGO","Proportion of seats held by women in national parliaments (%)","SG.GEN.PARL.ZS","","","","","","","","","","","","","","","","","","","","","","","","","","","","","","","","","","","","","","1.23456790123457","1.23456790123457","","4.93827160493827","4.93827160493827","4.93827160493827","7.40740740740741","6.17283950617284","7.40740740740741","8.64197530864197","11.1111111111111","11.1111111111111","11.1111111111111","11.1111111111111","11.1111111111111","11.1111111111111","15.3846153846154","17.5824175824176","17.5824175824176","17.5824175824176","17.5824175824176","17.5824175824176","16.4835164835165","18.6813186813187","18.6813186813187","18.6813186813187","19.7802197802198","18.5840707964602","15.0442477876106",
"Togo","TGO","Government expenditure on education, total (% of government expenditure)","SE.XPD.TOTL.GB.ZS","","","","","","","","","","","","","","","","","","","","","","0","","","0","","","0","","","","","22.5492095947266","","","","23.2925605773926","","20.9823207855225","23.4187602996826","24.4237098693848","25.7313594818115","30.7000293731689","27.7564296722412","21.8306903839111","17.6780796051025","17.2866497039795","18.15452003479","19.2456607818604","19.3719806671143","19.6157608032227","16.9037895202637","17.6804294586182","15.4976797103882","15.63267993927","16.2116394042969","15.9913101196289","23.1400394439697","21.7690906524658","19.2347839695385","18.1434528739699","17.4534236455191","14.4758197870089","14.8236041330292","11.6454351521044","",
"Togo","TGO","Government expenditure per student, secondary (% of GDP per capita)","SE.XPD.SECO.PC.ZS","","","","","","","","","","","","","","","","","","","","","","","","","","","","","","","","","","","","","","","","28.48458","21.88008","","","","","","","16.90265","","","","15.26261","","","","","","","","","","","","","","",
"Togo","TGO","Current education expenditure, tertiary (% of total expenditure in tertiary public institutions)","SE.XPD.CTER.ZS","","","","","","","","","","","","","","","","","","","","","","","","","","","","","","","","","","","","","","","99.4463424682617","","99.7231521606445","","","","","","","","","","97.5924301147461","92.7777786254883","100","100","88.3880462646484","90.9837036132812","90.3036193847656","99.5886764526367","","","","","","","","",
"Togo","TGO","School enrollment, tertiary, male (% gross)","SE.TER.ENRR.MA","","","","","","","","","","","","","1.20327997207642","1.22631001472473","1.16331005096436","1.24776995182037","1.76579999923706","1.98740005493164","2.12033009529114","2.15563011169434","2.42780995368958","3.11960005760193","2.73825001716614","2.48398995399475","2.46556997299194","","","3.34717011451721","3.70376992225647","","3.7714900970459","4.13034009933472","4.64575004577637","3.8933699131012","4.20037984848022","4.69242000579834","4.57077980041504","","5.08381986618042","","","","","","","","","","","","","14.2586355399277","15.7288519066329","15.4398574380962","14.7183643096743","15.024931253637","16.5869544520299","16.7157770899875","17.1225923542353","17.1254828489933","18.9289954332045","","","","","",
"Togo","TGO","Educational attainment, at least completed short-cycle tertiary, population 25+, total (%) (cumulative)","SE.TER.CUAT.ST.ZS","","","","","","","","","","","","","","","","","","","","","","","","","","","","","","","","","","","","","","","","","","","","","","","11.4492650884845","","","2.63220000267029","1.55236583526161","","","","","","","4.18319170576141","","6.05524697368842","","","6.40779577131881","","","",
"Togo","TGO","GNI per capita (constant LCU)","NY.GNP.PCAP.KN","","","","","","413846.755777793","467216.396462436","476626.937012074","491613.287631131","519753.587131335","507212.842514164","413809.120254641","426183.90751766","428544.824241737","563361.278151166","424488.304203531","483679.525315838","540717.718558457","534033.372598013","510465.735341667","530225.712489135","498266.560698337","478482.810123621","431572.600213654","487357.211793658","494069.655715878","498931.566233774","480635.14669074","490955.03844669","497059.612253438","508104.262865785","461843.571483676","438651.506618101","344398.484638595","373542.299606285","382979.195170365","441737.893972892","489168.040534606","472112.423762463","463814.362400864","443396.183733953","434704.987259308","445823.65046112","463011.352528731","441852.353527945","402170.040701961","397056.697496742","382867.902331245","393555.425039834","403558.838513934","409633.657316477","443917.078822218","442643.046887158","459150.383149635","477999.037610587","506429.879732892","503222.798756375","512412.343064898","527904.743277713","543176.201133028","546381.611073797","562302.6702248","590440.372322316","613840.947775635","","",
"Togo","TGO","GNI per capita, Atlas method (current US$)","NY.GNP.PCAP.CD","","","110","120","130","150","160","170","180","190","180","180","200","240","310","370","370","400","460","480","580","540","440","350","340","340","370","450","570","580","580","570","590","500","460","450","450","510","470","460","450","430","440","510","570","590","600","610","680","760","790","850","840","890","910","910","870","850","920","950","970","1040","1130","1190","1220","1350",
"Togo","TGO","GNI growth (annual %)","NY.GNP.MKTP.KD.ZG","","","","","","","15.2270539037143","4.15275198540557","5.34214782063304","10.5890540867699","2.65236529983157","-15.7449877066917","5.9615014892411","3.22413400252624","34.8111646654733","-22.7859610845984","16.7047339543717","14.4725806876417","1.1532960860485","-1.96259157221503","6.8198148212077","-3.06387111556313","-1.22874062479077","-7.62872604007471","15.6313542407176","4.27578406965803","4.20213227433273","-0.707469026281032","5.27175671297233","4.29015488582031","5.25735384674739","-6.44636751635676","-2.28990095034067","-22.377561501528","8.91441678193461","7.94302827694639","20.4127245948782","14.547635799559","-1.03313979620724","0.705495908802732","-1.98515572744721","0.507842961111166","5.12968982618477","6.47858508948542","-2.21456681898266","-6.70885089292958","1.58309127619405","-0.478327514032358","6.14772821212762","5.90695032988708","4.73115948166203","11.3637454307338","2.06196891975185","5.99179467659951","6.23038363247166","7.99209271659068","1.1847664680276","3.57255329563482","4.90571122120281","5.12390650280925","2.80958316688151","4.8712411559184","6.75633506694193","5.9634143260314","","",
"Togo","TGO","GNI (current US$)","NY.GNP.MKTP.CD","170581701.565073","177280840.921284","186867995.846488","205930566.593084","237746652.191865","258905526.957634","303827596.904648","323815843.592434","336491586.082141","372891826.469809","354165925.09585","400044324.651519","466329984.196534","561275285.108834","791850303.098401","866928969.222105","870747742.680959","1084665219.09888","1143551983.2678","1237506158.77621","1564889842.0531","1331241924.44884","1117976311.6924","1038245135.8247","975356151.683014","1038631214.35408","1456233577.96118","1716795786.5639","1897585764.40573","1870793351.71465","2267197113.11696","2233807208.1744","2363595468.90536","1751126430.44546","1342795786.25898","1815493213.03479","2043057112.64044","2087983805.15331","2218309221.46136","2188183989.9131","2077702360.41717","2064143038.61004","2388850153.06188","2964600605.24566","3156802020.68187","3187373260.68738","3283084155.95043","3729689181.65519","4563712584.95019","4702772549.72371","4722894300.66188","5656290231.81491","5419517483.29878","6046985773.77334","6439473009.95005","5896099505.12177","6114773313.44557","6392422029.02145","7048555164.24951","7015065272.3778","7528786249.76297","8560312736.53166","8657412448.00295","9752994045.77203","10666515753.0203","11915668551.8089",
"Togo","TGO","Gross domestic savings (current LCU)","NY.GDS.TOTL.CN","","","","1223907281","7633605929","11324867685","11015162707","10732720595","11015158482","14686856667","13047795025","13740752904","15274979964","19106875110","65882642875","19659078956","35728764167","54489337755","50780858198","62315648757","73104691250","55393545364","46654439088","56833846599","63266561742","90522026892","86144200938","78094663440.0001","61220105567","46744056586","180708984761","182023513700","183010994600","357974100","210651794800","255075569300","188963791000","221704277700","150378213700","177740506600","314264867900","290485838300","366763460000","401384885800","418095280200","238209704600","130229796700","112561000000","110917000000","88916000000","105537000000","131887000000","220053000000","243555000000","307439000000","322512000000","258150000000","342382000000","399117000000","412946000000","469023000000","539769000000","697981000000","685503000000","","",
"Togo","TGO","GDP per capita, PPP (constant 2021 international $)","NY.GDP.PCAP.PP.KD","","","","","","","","","","","","","","","","","","","","","","","","","","","","","","","2409.14819593078","2324.31142051729","2169.39272878269","1863.03725042104","2133.27158147519","2185.1955668286","2278.14214284206","2519.00042956277","2400.05346254709","2399.45741291511","2321.9504188468","2283.5849230071","2312.96463035074","2407.5857838237","2326.60102463281","2164.01599552728","2158.94393995769","2067.21836135015","2082.64201553182","2126.4413192509","2181.59889262038","2246.56204522679","2333.19276737886","2416.37805101152","2501.43253092917","2588.27260980499","2648.90084835076","2708.61122396846","2787.56398409759","2862.62661160331","2861.29796240513","2952.09730066985","3086.40878742334","3215.82300022488","3351.24993111939","3485.98184512074",
"Togo","TGO","GDP per capita (constant 2015 US$)","NY.GDP.PCAP.KD","449.342606764031","495.26050964275","504.980942509924","520.581685697876","583.5986207254","660.540801620043","708.069104577703","731.676981544196","752.401293925333","797.208661989611","777.002861044773","752.37904040803","787.044654998576","796.107086341115","813.830115793367","813.557188093519","778.017342693471","812.677773562489","881.123628658871","814.702993063501","907.69294556498","850.770673923962","797.522278038586","736.580535856035","759.310233229592","779.215630036591","767.131587089305","748.062358533017","774.0729921202","781.968520041802","757.568150002531","730.890821015159","682.175898912642","585.840956389145","670.817431721652","687.145176769208","716.372671266443","792.111709235126","754.708267677364","754.520837025414","730.148392769906","718.084179469825","727.322768684689","757.076842057466","731.610797958447","680.485159475257","678.890227390526","650.046681355874","654.896723036341","668.669623161752","686.014185396121","706.442158827353","733.683602929868","759.841612443554","786.587399651446","813.894676975085","832.959515987733","851.735728621337","876.562800915869","900.166602437871","899.748802355348","928.301087692897","970.535975822983","1011.2308927823","1053.81653764697","1096.18363113201",
"Togo","TGO","GDP, PPP (constant 2021 international $)","NY.GDP.MKTP.PP.KD","","","","","","","","","","","","","","","","","","","","","","","","","","","","","","","8947626991.79903","8884996511.28052","8531312626.74897","7243440390.6685","8328682642.77856","8982137117.67061","9775817762.26672","11181323992.7407","10924167342.0005","11195278022.1383","11107565301.5467","11199029298.6557","11627573882.1751","12408966779.4352","12287524523.4137","11714151842.2525","12024592340.4005","11883286918.7747","12362850408.795","13037096900.4961","13800332095.7513","14603960793.0845","15524406713.7785","16428587079.3636","17354048389.6056","18302974936.7812","19074427736.4754","19838914128.2775","20790226431.5805","21813000083.4214","22283943041.3011","23428363747.2408","24903047324.7446","26446445980.3994","28172476918.4511","29950252256.0673",
"Togo","TGO","GDP (constant 2015 US$)","NY.GDP.MKTP.KD","751799608.802967","843288489.197374","875111269.151055","918864157.138121","1050133194.11949","1212480768.96413","1326559678.66618","1399525389.9264","1469833232.9129","1629028935.24816","1670150555.7528","1670150555.7528","1797502166.89901","1866481024.99761","1956685236.76107","2004438945.79606","1963317428.07886","2099946364.04109","2331894564.36933","2211388254.51892","2533741349.79365","2449743109.32361","2361983449.79753","2234105481.95261","2358222441.68117","2489234719.56146","2528726535.78596","2541627142.2248","2710451415.19353","2820496330.37214","2813624018.04055","2793929564.4821","2682711978.72178","2277734406.57613","2618994013.03133","2824475891.85099","3074052559.0876","3516020702.28262","3435156565.94966","3520408613.43467","3492826929.75804","3521588220.24187","3656346110.13786","3902058836.57049","3863870739.47391","3683570962.95413","3781190459.44883","3736756295.1134","3887557323.6915","4099577351.44505","4339580301.80856","4592285181.71423","4881723795.11932","5166047627.07863","5457063353.66745","5755457836.01866","5998044851.32381","6238441246.41392","6537585941.16754","6859201998.0814","7007292259.17878","7367160812.92227","7830882103.10093","8316211177.60772","8858969845.08846","9417999786.00817",
"Togo","TGO","Mineral rents (% of GDP)","NY.GDP.MINR.RT.ZS","","","","","","","","","","","0","0","0","0","15.9189422254066","8.7564389097084","5.00164020586481","14.4272987107265","1.74767512736824","2.05059627432149","3.23699620407056","3.91721295604499","2.91172949361567","2.56006191418178","1.26125774510764","2.122517693178","0.476582696186597","0","0","0","0","0","0","0","0","0","0","0","0","0","0","0","0","0","0.103163540744571","0.810493582580259","2.65003130114261","3.08134189373554","8.15592721286484","7.60668735729254","5.23926759324848","11.8029506365718","13.7131798803292","8.82156958097004","6.41043476461478","4.92982840936854","3.28204654518312","2.44585071714405","1.72251587055505","1.32333207549457","1.60364186844157","4.880592026997","","","","",
"Togo","TGO","Gross value added at basic prices (GVA) (current LCU)","NY.GDP.FCST.CN","","","","46202499863","53135884411","60200612430","70045137210","75411484181","79506849043","92781392599","91200051819","100538776203","107061243496","116764236786","176075735827","167757473760","186770964618","239369583453","233731073348","238939598668","303085791931","330643642869","342415307488","366723506518","402194571074","432839332954","464036215254","474718111909","519012796129","545198103616","586298238619","604073651000","605649012900","479353601300","742562608400","886190660000","1010093983900","1172371028200","1250407715600","1304198077400","1391625838000","1454389298400","1582201205400","1629470430800","1566654728300","1583624516300","1606607492400","1662918000000","1907124000000","2054440000000","2161489000000","2363166000000","2574033000000","2757580000000","2893182000000","3095068000000","3296310000000","3384879000000","3561213000000","3691494000000","3910600000000","4276345000000","4919044000000","5356456000000","5871837000000","7130216000000",
"Togo","TGO","GDP deflator: linked series (base year varies by country)","NY.GDP.DEFL.ZS.AD","","","","","","","","","","","","","","","","","","","","","","","","","","","","","","","37.0989665496378","38.0899143838338","39.3260976460317","36.1026264919221","49.0426675641503","54.4786600015293","57.4139308722836","58.5828983390445","64.1814506255602","64.8971554349218","71.4189669998334","72.5859911113371","76.2355099053155","74.0299350408788","72.6175260733846","76.8846464713891","76.4934856583375","80.2904320878872","87.5761726405457","90.3061344828287","90.2218622971628","92.7657499788535","94.3894980030428","95.9783474051319","96.4389268236352","98.563188508984","100","99.1153405727678","99.56424181825","99.5840418281743","102.514045896148","107.186439604032","114.819682964252","118.233535418981","121.448050077185","122.479289102882",
"Togo","TGO","Coal rents (% of GDP)","NY.GDP.COAL.RT.ZS","","","","","","","","","","","","0","0","0","0","0","0","0","0","0","0","0","0","0","0","0","0","0","0","0","0","0","0","0","0","0","0","0","0","0","0","0","0","0","0","0","0","0","0","0","0","0","0","0","0","0","0","0","0","0","0","0","","","","",
"Togo","TGO","Adjusted net savings, including particulate emission damage (% of GNI)","NY.ADJ.SVNG.GN.ZS","","","","","","","","","","","","","","","","","","","","","","","","","","","","","","","10.4897098685885","3.22809319420194","-0.264666620086215","-11.594243973482","-1.25707682622948","0.527908645503469","-1.74706031068381","-6.45943496718915","-6.96621880745497","-5.05482016096668","2.97750646554238","1.25574014237737","5.09823971282051","4.32388250862105","6.49416361924368","0.52960387644584","2.45428193201538","-2.47562773631972","-1.92725300199416","0.0407285793161667","-0.0954777119093448","-3.19948490195665","-8.9945829406406","-2.19179541887148","2.0716987048851","6.45954117348236","1.32026322937344","4.48140068173532","5.2671809487923","9.78984826016905","12.2549814176599","","","","","",
"Togo","TGO","Adjusted net national income per capita (current US$)","NY.ADJ.NNTY.PC.CD","","","","","","","","","","","","116.122642024412","130.151774046149","149.275469544164","194.198793885821","213.36831161259","215.731078921979","239.053356726157","265.109344461896","278.926601303424","337.392380655027","265.845914106371","210.755605574015","193.936137758454","180.240285389022","192.993001812099","266.403203612554","308.733937714237","338.232403714532","323.781064592425","384.862877484998","363.351821623811","375.80716991738","267.550310078851","201.425645082911","258.550628901064","291.631282152223","291.746658963466","300.510660206517","299.773269602945","276.122504944539","268.175770722601","303.15673801438","357.527881132354","381.837743670111","372.291449209507","382.420642870486","399.943248970133","475.933424913888","462.075539645308","451.836025812971","498.294961448535","433.102004723409","509.35055634658","547.695369115636","516.903342759091","730.529349196918","762.44387073283","857.284319359794","855.058391351534","875.017294979537","931.123526964689","","","","",
"Togo","TGO","Adjusted savings: net national savings (% of GNI)","NY.ADJ.NNAT.GN.ZS","","","","","","","","","","","","","","","56.1623470065539","18.8255339453679","26.7066062734692","22.6483665445121","38.6081979732636","23.5576221345741","20.7840508056391","11.4655635696154","7.38409852057819","12.9782757785552","8.24246851946032","4.53204765622293","5.73001639885258","4.94041552480242","6.59412492955428","6.81725578165071","15.5726665579343","7.62777493050521","4.06741526650445","-5.02668684667838","8.85293384061126","11.840447007183","8.30221411638308","2.1805454532505","3.12579028687805","2.0493413117114","10.0873398017163","8.52380447022832","12.9320344457428","14.4094706304452","14.1254670589604","9.02054869998168","11.5400444082555","7.36852065218276","8.27597369273229","10.0971987267171","8.05622543739728","7.63125606889265","5.40415329420781","7.26321227329135","9.33143819949109","13.4355372618675","7.63684241584882","10.2772498406855","9.0756954122394","13.5182667061546","16.3770821886093","","","","","",
"Togo","TGO","Adjusted savings: particulate emission damage (% of GNI)","NY.ADJ.DPEM.GN.ZS","","","","","","","","","","","","","","","","","","","","","","","","","","","","","","","4.27055970769446","4.27038164736673","4.37114147931456","4.9683197638215","4.43383980224565","3.94027262639748","3.5231310449876","3.14319712973399","3.47779880160034","3.58009735736256","3.72788841853451","3.80267417895928","3.72504321094626","3.49507996725282","3.51735640684314","3.58998729565129","3.3424687878259","3.11674645004603","2.75041764672752","2.42970031730909","2.21289406245363","1.95759982544202","2.02079421286658","1.98141272642194","1.98661526367619","1.97582597397338","2.1048310982982","2.1761652299797","2.15921751381156","2.12350553880447","2.12862212369838","2.01169671749888","","","","",
"Togo","TGO","Adjusted savings: mineral depletion (% of GNI)","NY.ADJ.DMIN.GN.ZS","","","","","","","","","","","0","0","0","0","8.89338999447642","4.93378868528564","2.81396493904399","8.20512424442879","1.00186084517702","1.17514541654296","1.87554541988415","2.29166215262477","1.70952589347947","1.51702426685746","0.74526301441037","1.24706912363342","0.277545973182263","0","0","0","0","0","0","0","0","0","0","0","0","0","0","0","0","0","0.0659695656685584","0.579204640614397","1.93620640774434","2.06221927268783","3.78681966247623","3.79355788603375","3.21733390500073","7.27782133307712","9.89550503000934","6.39337218449764","4.61005081795701","3.41105130836206","2.30189328837548","1.73754882386272","1.24002958566238","1.05309501362507","1.18092929285984","3.77257418184466","","","","",
"Togo","TGO","Adjusted savings: net forest depletion (% of GNI)","NY.ADJ.DFOR.GN.ZS","","","","","","","","","","","4.27901192770656","3.37613593092001","3.34846136252646","4.72129680176197","3.68584478539909","4.62663460858376","4.20012663363511","6.08892586657257","5.82684910881532","5.17457554565055","4.79745809040238","5.21746151067498","8.94566244601762","6.53213010812637","6.37742748422466","4.416836741901","5.13677913281948","4.34854043385232","4.35879366810117","4.57090715401542","4.76923837657149","4.96651564800508","4.95769831867256","5.98120566377563","9.35880230610247","10.4878368556881","9.22184581549091","8.82921146727936","8.56781011261165","5.70058564861804","5.98046806355027","5.77939463468221","6.12601037266758","8.59267527621538","5.83407001462635","5.8991269986477","5.4230241112028","6.80765488124058","6.15246046066403","6.04541367504543","5.05473802790688","4.57476258142921","5.52837098498385","4.86885209019341","4.78456191544044","4.93453853348857","4.12170629846379","4.24342788330968","2.71162887483672","2.78880469301907","3.12117933908554","2.975664446497","","","","",
"Togo","TGO","Adjusted savings: education expenditure (% of GNI)","NY.ADJ.AEDU.GN.ZS","","","","","","","","","","","1.9","3.6877623","3.6877623","3.6877623","3.6877623","3.6877623","3.6877623","3.6877623","6.3","6.1","5.4","5.7","5.7575882","5.7575882","5.6","5.0868902","4.6","4.6","4.9016369","4.9016369","4.7","5.5952409","5.6","5.1137419","5.1137419","4.3","4.2","4.1883602","3.26712483799217","4.15","4.21","3.89","3.62","3.84","3.55","3.39","3.28","3.61","3.76","4.53","4.54","4.81","4.84","5.09","5.28","4.81792090644194","3.57141272875945","3.57141272875945","3.57141272875945","3.57141272875945","3.57141272875945","3.57141272875945","","","","",
"Togo","TGO","Services, value added (annual % growth)","NV.SRV.TOTL.KD.ZG","","","","","","","7.5352823073306","1.5394428760244","5.38254396707545","15.3786392711575","12.1272635096655","-0.457826070884494","5.62374169556823","1.85885202607008","5.19570796100761","2.20744810775511","-4.86860058238609","9.89888779502888","13.4901731400984","-7.34463441517184","13.0500422387527","1.02872936991119","-3.6585908237543","-7.89765461069433","-0.409283254277753","0.560964348723942","3.22065890684154","0.0767753786626884","1.3407452404155","1.57551580973576","-0.567282875083649","-4.38771143295064","-6.29480186161383","-26.490565740562","28.8783855437012","3.25311041459102","3.12246582392635","34.0620336303746","1.48001702195992","-0.341461142455785","0.662599491212589","-8.59624264115342","-6.23306803343934","12.3414271575269","3.93546504529694","-8.32288113990225","11.7512090288571","6.49635636578469","11.1924621186721","2.51452975446797","4.21809475258439","8.13389414628465","10.4453816732619","3.91045910422196","-1.48004832354361","8.97944314735393","7.08033306707701","3.9234930989998","3.6598146152314","5.77049701378989","1.51293241548504","1.4257242679778","8.85428964234838","5.64215825622441","5.78403438998723","32.2914093150094",
"Togo","TGO","Services, value added per worker (constant 2015 US$)","NV.SRV.EMPL.KD","","","","","","","","","","","","","","","","","","","","","","","","","","","","","","","","2906.46565162663","2694.30154972964","2130.84519603846","2643.11884882782","2510.73652241141","2398.69376150085","3025.31930675548","3027.57284919866","2943.4485234272","2903.96006603362","2573.17085975306","2331.47660877662","2487.81065934649","2527.79932444121","2304.7058097759","2488.08655427449","2542.07505091541","2648.37644605779","2578.77823953173","2484.68632906163","2488.79259361769","2647.7354893712","2645.0163487166","2514.33360318508","2630.87808852669","2735.99092433102","2754.53326053523","2966.78317938812","3259.4818008468","3359.28562156259","3314.54124859595","3417.416635022","3456.5679121959","3512.18380791377","4456.01371720188",
"Togo","TGO","Machinery and transport equipment (% of value added in manufacturing)","NV.MNF.MTRN.ZS.UN","","","","","","","","","","","","","","","","","","","","","","","","","","","","","","","","","","","","","","","","","","","","","","","","","","","","","","","","","","","","5.42188342158592","9.45806343063851","7.95527781808121","","","","",
"Togo","TGO","Industry (including construction), value added (constant LCU)","NV.IND.TOTL.KN","","","","","","129526399158.414","156745678280.134","183965679051.735","184904069593.87","198043997397.959","184904069593.87","189596793212.633","221509599511.016","244035991183.581","264684797959.196","271255270305.301","294460259335.467","338749421562.811","339784002601.488","338589049448.077","392334399696.472","331482527201.773","341090724531.958","318671608411.542","289046369058.95","330681846906.437","325077051600.766","331482527201.773","378274414316.476","403666220989.065","385732771273.771","413051241900","381288985400","269274296300","340183523000","410778908700","432241202800","442167258400","401942564100","413152122100","430767156000","435291562800","469916165500","486165619900","467949490600","491666019500","530508586200","500341091000","489846848200","502997442000","547204744700","594286469500","576252993000","704852429200","777259588200","773502121400","751345000000","763300000000","826438715200","815202558900","860332562400","918590221900","969961854500","1033205090600","1175168693500","1137625000000",
"Togo","TGO","Industry (including construction), value added (current US$)","NV.IND.TOTL.CD","","","","39961623.6713933","47647447.2726259","58373641.0757334","67253536.1172132","76350361.7941489","74727205.9480339","80398833.0784344","72025144.609701","87945552.4298818","93077122.4854647","116203176.759816","270679640.562683","238499902.353055","194444997.092159","241952898.275225","261412524.850895","283475648.307795","383033643.113268","309731668.667006","271476704.431428","218454742.715512","190682071.64964","203376094.806195","296463155.644034","371685309.024065","418642708.526654","464820981.036609","603103796.742163","632952845.90141","671464759.121874","439479129.055397","356751201.902658","501116701.107257","532085152.64017","495366224.904465","560492012.927667","531713167.161037","638434748.811615","615040932.959356","728359068.321469","928491736.916245","894869144.389722","787103508.114484","831925734.117656","988434333.41234","1092620975.79045","975678114.044134","965261800.065094","1180147737.97982","1083545455.85917","1336735174.35194","1524657871.91453","1316068343.42442","1267866825.7303","1303138213.75537","1478227087.73129","1352754910.5823","1507821580.89476","1710179513.51384","1835270855.37063","2010265101.41661","2176009287.69798","2498803628.75726",
"Togo","TGO","Manufacturing, value added (constant 2015 US$)","NV.IND.MANF.KD","","","","","","","","","","","","","","","","","240234609.862407","244899892.439139","207581416.77765","226240654.608395","256562152.920423","267881080.979342","279199989.749309","258448634.225436","211286478.713707","232037834.237579","243356743.005496","245243224.861506","260297388.768217","304257957.724525","346172153.151393","364244676.335621","374499628.243327","232439660.119751","289258733.272252","359792582.825159","369394792.629617","379934602.247941","345227019.428107","345227019.428107","435778367.520011","472275066.157759","504944831.778659","459943478.5657","455875398.414755","487567378.697299","538821309.256788","550319008.508087","524349169.007776","563424572.288568","569447430.254163","593541553.281607","573010600.428878","757316822.39271","871877979.952607","856486774.048913","824046140.071406","824444373.452364","876057243.945426","891464435.143014","990755334.39667","972934354.723446","1045205159.41737","1115677976.09994","1149487418.36944","",
"Togo","TGO","Financial intermediary services indirectly Measured (FISIM) (constant LCU)","NV.FSM.TOTL.KN","","","","","","","","","","","","","","","","","","","","","","","","","","","","","","","","","","","","","","","","","","","","","","","","","","","","","","","","","","","","","","","","","","",
"Togo","TGO","Agriculture, forestry, and fishing, value added (annual % growth)","NV.AGR.TOTL.KD.ZG","","","","","","","6.38312749871947","4.74984531015043","7.39858589388555","6.44453518845287","-7.09816926482814","-0.674134853701176","5.65619856265067","3.21188108932948","1.45224044865337","2.86313107392337","-4.97027324727128","-6.06696845420818","17.3719423147404","-4.93343522329833","16.56676561641","0.201206707976326","-8.83535996302422","0.881082257254945","29.9126577453733","7.49579714817213","1.46967375553831","0.198766444126889","9.26048459637005","5.50329761873201","2.99176081263424","-1.1387910101494","1.2234450211285","5.9943750959555","-0.0626833332728864","5.54488437971503","16.3667159338019","4.46317430847225","-2.76104059328279","5.48482078074422","-4.73537901220334","5.59065173706392","0.318576667690749","-1.63006923118787","3.36749968927121","10.047188173635","-5.25443528382162","2.11891475655131","-3.85263437468039","12.5557503609087","4.88587073897158","-0.596360680811799","7.51391809298032","-5.5511989768916","15.4697205050049","-0.656941641448356","8.33583549581114","6.80677814500912","4.59151523352628","5.55482695164373","-0.907531928923589","4.13458702209601","5.33629065287991","6.27143525357481","5.85188699962804","1.10132073043128",
"Togo","TGO","Agriculture, forestry, and fishing, value added per worker (constant 2015 US$)","NV.AGR.EMPL.KD","","","","","","","","","","","","","","","","","","","","","","","","","","","","","","","","809.592841417323","785.210989630406","841.664999320645","868.259090314727","852.378400588413","939.772257436374","968.234663567585","924.949493634179","951.844228698593","879.156022284211","898.062076397692","876.251821427387","847.661741566521","844.974072789645","891.599719850871","835.213225449628","875.864757840851","870.195751471416","1052.07228772826","1165.24797704929","1210.68803545019","1289.67291092132","1209.94670994267","1376.61192575736","1351.31766041275","1443.76084051632","1528.90068739343","1358.0348933227","1259.52753877503","1243.33261257229","1307.50785164769","1417.01945012125","1505.94656246371","1573.37615358962","1576.58924586902",
"Togo","TGO","External balance on goods and services (current LCU)","NE.RSB.GNFS.CN","","","","-4742640714","-4640034977","-4023308257","-1270980313","564880031","1835859747","1694637308","-1210620157","-6530258806","-8592176230","-8633476902","33524353675","-33638868436","-20701215290","-50494518272","-78466860338","-73519876514","-44801513120","-57826853558","-50047489204","-33049365783","-3389280093","-42224783215","-61007040665","-49709442189","-68819842810","-56629506620","-45582362051","-56878948300","-48778573100","-38294504600","-45633893300","-93102130100","-100703421700","-101883760300","-126890410100","-101810918900","-127106013400","-159078673500","-146019340100","-154745738900","-180460911600","-188377674500","-199819688200","-225494000000","-238006000000","-232896000000","-266473000000","-376731000000","-269063000000","-414164000000","-398945000000","-534457000000","-467069000000","-282051000000","-348020000000","-349348000000","-384584000000","-478823000000","-623287000000","-634909000000","","",
"Togo","TGO","Imports of goods and services (annual % growth)","NE.IMP.GNFS.KD.ZG","","","","","","","12.9922483645964","-8.71098960777624","6.48854842519057","16.4874674292448","13.5383991848159","20.0543711347603","-4.51464507496921","-12.7661066283223","0","23.0355078993268","25.3302552352161","72.759079659235","24.8254140671728","-15.2426544884231","-10.4807625377446","-6.08294877607494","3.82727983860956","-22.1172773955004","10.1942778613393","18.9781038764313","17.2567475674185","-4.7234572305527","9.82214575133911","-9.61220356061415","2.79538346832391","-9.19999999591631","-12.2000000268238","-32.2999988049458","-12.1999983126248","29.70000267872","46.382598444401","0","7.39999643413766","-8.60000278620117","-4.99999623087571","2.74932220399823","6.38612932758404","13.0005418926353","-2.62297502280316","-7.82803377057721","-5.40688582197845","4.19218519041993","6.6713353970348","6.38392741668279","11.0141762842482","26.0089171642375","-2.90571550357762","20.3636865803198","-7.09398973359473","10.0728149789071","-1.04837062096811","-12.5120291821836","5.40605403174131","3.13253963013645","4.4883493659559","9.41229167370948","11.5675763357305","1.29301342343059","","",
"Togo","TGO","Gross capital formation (% of GDP)","NE.GDI.TOTL.ZS","","","","11.7283950609314","21.3541666664854","23.6781609190898","16.3841807912467","12.6315789476823","10.8514190317886","13.218390804241","14.3826322928159","18.0708180707041","20.0913242009629","21.6814159290237","16.9089517977726","28.5268901010447","26.9992663244496","38.8625592417624","49.2055084745636","50.7048872179951","34.7734899327819","30.6589147287436","25.361512792144","21.8120805369217","15.0414276608504","27.4452554745114","28.3614589004377","24.1076185401994","22.4217422954985","16.9601482853707","36.1405141327804","37.4254388530191","36.6292329480502","7.83623038965214","33.2638322628292","37.7241690516579","27.3625391935796","26.1903864591866","20.9660389265605","20.4000271297644","29.4974703074911","29.3205669194724","30.669067157494","32.0951600439821","35.5641648807502","25.1114080668295","19.0238222894344","18.7845380616733","17.0859273927781","14.4916428488121","15.8404247844887","19.9043015015358","17.6964729054914","22.1146688275227","22.3769666612391","25.1850151673938","20.1572457451871","16.8360654544298","19.1360002540754","18.6009271602702","19.8105297114895","21.5046308367343","24.4982811109098","22.3879847944848","","",
"Togo","TGO","Control of Corruption - Governance estimate (approx. -2.5 to +2.5)","GOV_WGI_CC_EST","","","","","","","","","","","","","","","","","","","","","","","","","","","","","","","","","","","","","-0.7269447","","-0.805423","","-0.7671465","","-0.901118099999999","-0.9025728","-0.9227871","-0.9351421","-1.0720376","-1.0360718","-1.0401869","-1.0333147","-0.786170199999999","-0.8497363","-0.818918399999999","-0.8443157","-0.791632799999999","-0.6308001","-0.6534352","-0.7306167","-0.7549576","-0.7066703","-0.644805899999999","-0.6519768","-0.630985799999999","-0.5879504","-0.6633762","",
"Togo","TGO","WBL: Legal Framework Index (scale 0-100)","GD_WBL_OVL_LAW","","","","","","","","","","","","","","","","","","","","","","","","","","","","","","","","","","","","","","","","","","","","","","","","","","","","","","","","","","","","","","","","","","79.33",
"Togo","TGO","Expense (% of GDP)","GC.XPN.TOTL.GD.ZS","","","","","","","","","","","","","","","","","","","","","","","","","","","","","","","","","","","","","","","","","","","","","9.30569914816789","10.5376711963862","11.5125384057586","11.6444497046595","9.6044972318553","10.543419325808","10.2474240534217","10.8080523864554","12.5172608076168","12.8302750265792","11.5546526485888","12.9253828694068","13.6105366248066","11.5121352894492","13.629352901191","13.3959027381523","14.2385236126303","13.1767183127301","15.2643617638633","16.028611767784","","",
"Togo","TGO","Interest payments (% of expense)","GC.XPN.INTP.ZS","","","","","","","","","","","","","","","","","","","","","","","","","","","","","","","","","","","","","","","","","","","","","11.4434688476453","6.4744347130915","5.25418647504249","5.93731385804327","5.50986079448432","5.46479884017412","6.25632897064622","4.1892968353972","5.37271822922357","6.73452808108566","8.14820751418086","10.3231610935412","12.826365032502","11.3841202698185","13.220671126281","15.6434151589349","16.3145255948635","15.9906460698252","15.1601849331192","16.1868932031131","","",
"Togo","TGO","Goods and services expense (current LCU)","GC.XPN.GSRV.CN","","","","","","","","","","","","","","","","","","","","","","","","","","","","","","","","","","","","","","","","","","","","","44652287383","86435895604","47485673498","52619926619","40942916905","56542280606","59535884021","63680000000","82728196985","104342793181","107617164492","151504865789","156981681575","133567613652","169199148675.237","159815748912.283","177575512873","131160587368","169143426953","157809180602","","",
"Togo","TGO","Taxes on income, profits and capital gains (% of revenue)","GC.TAX.YPKG.RV.ZS","","","","","","","","","","","","","","","","","","","","","","","","","","","","","","","","","","","","","","","","","","","","","25.7280794089256","18.9192863757437","18.1799682845469","19.03677498545","17.0637923619028","16.6976780168166","10.0127063814718","10.313286643571","10.4153590933077","12.0696067140852","11.8871576179807","17.4272902674692","12.5769125566382","14.1216359974988","14.2271691771259","15.9713235473034","15.7921671614055","20.4656783012931","18.2236364311606","18.0054212597221","","",
"Togo","TGO","Other taxes (% of revenue)","GC.TAX.OTHR.RV.ZS","","","","","","","","","","","","","","","","","","","","","","","","","","","","","","","","","","","","","","","","","","","","","3.89441322332882","5.85238707569923","2.98426623775717","3.24395823239074","3.14245654752237","2.76844314856281","5.17459422087308","5.19652069885103","6.20345837102979","5.88698797520222","7.15773492984748","1.39472235511587","1.74967564082411","1.49080406415437","0.96499056895149","1.70798674724803","1.48818974249819","0.35317194972736","0.357713568092645","0.389854114272499","","",
"Togo","TGO","Customs and other import duties (% of tax revenue)","GC.TAX.IMPT.ZS","","","","","","","","","","","","","","","","","","","","","","","","","","","","","","","","","","","","","","","","","","","","","20.8009422483964","21.8714213479656","21.325395288831","21.0268052319757","23.4849599227625","23.9456489623383","24.8949227505894","24.619132583036","24.5134232987803","25.9721916270229","23.4222983136544","21.4654873101515","19.5261947212468","20.673766025812","21.7964159707286","21.1993952229589","18.9388361969176","19.1034044801751","19.8976941707263","20.2650352454522","","",
"Togo","TGO","Taxes on goods and services (current LCU)","GC.TAX.GSRV.CN","","","","","","","","","","","","","","","","","","","","","","","","","","","","","","","","","","","","","","","","","","","","","72164523729","78962434343","90227583350","102236324753","107512303932","109000262894","128842932202","155700000000","169106914927.267","177783000000","221827666245","258736147827","261715146267","287362616982.222","283438924337.667","305398868924.8","320825189332.742","369755728986","411579471167.4","452673232314","","",
"Togo","TGO","Revenue, excluding grants (current LCU)","GC.REV.XGRT.CN","","","","","","","","","","","","","","","","","","","","","","","","","","","","","","","","","","","","","","","","","","","","","162298698352","163461638324","183278457382","203289295353","220556834558","253157094869","296987206314","316630000000","357903977276.74","406048500000","451001696275","505119024779","528625088280","521784775731.679","604899483200.433","624492584493.8","604184955829.658","686455546606.5","767113306964.4","923537025438.75","","",
"Togo","TGO","Grants and other revenue (current LCU)","GC.REV.GOTR.CN","","","","","","","","","","","","","","","","","","","","","","","","","","","","","","","","","","","","","","","","","","","","","13469003512","8551266090","28672565899","27810117682","38657836718","88951940178","112470015746","109790000000","84569293434","119687203769","81134068720","93849325625","105303808633","125978793752","208710576146.5","190384341391","159909709811.9","120748845402","171550727384","271615315415.75","","",
"Togo","TGO","Net investment in nonfinancial assets (current LCU)","GC.NFN.TOTL.CN","","","","","","","","","","","","","","","","","","","","","","","","","","","","","","","","","","","","","","","","","","","","","16960940000","48459393800","40153989547","24069315704","49900000000","92169400000","123558050000","144250000000","175066617316","162221000000","207317710000","277714189998","308475982701.488","174483330598.768","201689730893.94","124134034979","385577556688","372749299375","479483512767","514526006191","","",
"Togo","TGO","Central government debt, total (current LCU)","GC.DOD.TOTL.CN","","","","","","","","","","","","","","","","","","","","","","","","","","","","","","","","","","","","","","","","","","","","","","","","","","","","","","","","","","","","","","","","","","",
"Togo","TGO","Account ownership at a financial institution or with a mobile-money-service provider (% of population ages 15+)","FX.OWN.TOTL.ZS","","","","","","","","","","","","","","","","","","","","","","","","","","","","","","","","","","","","","","","","","","","","","","","","","","","","10.1852402521278","","","18.2514629953597","","","45.2893518838727","","","","49.6056349278117","","","57.4329534151865","",
"Togo","TGO","Account ownership at a financial institution or with a mobile-money-service provider, older adults (% of population ages 25+)","FX.OWN.TOTL.OL.ZS","","","","","","","","","","","","","","","","","","","","","","","","","","","","","","","","","","","","","","","","","","","","","","","","","","","","11.8729245985427","","","21.1615368053064","","","45.9606793962565","","","","53.0376713766382","","","61.1008580906425","",
"Togo","TGO","Account ownership at a financial institution or with a mobile-money-service provider, poorest 40% (% of population ages 15+)","FX.OWN.TOTL.40.ZS","","","","","","","","","","","","","","","","","","","","","","","","","","","","","","","","","","","","","","","","","","","","","","","","","","","","5.95267499247716","","","8.14145878012273","","","34.7435734037245","","","","39.040293990828","","","43.6513631462085","",
"Togo","TGO","Claims on central government, etc. (% GDP)","FS.AST.CGOV.GD.ZS","","","-3.95582611667573","-3.63135714032189","-3.45358163544218","-2.71829823295067","-2.667099148351","-3.04737893593358","-3.11393317690454","-2.73926989823221","-4.78310982955199","-3.27492082949594","-1.89918714990533","-1.44827519488944","-1.30389742063799","0.748792799802115","0.554530587652037","0.686612000008664","2.35162700966919","1.47744813597116","1.3360103502491","3.88095758429184","3.34571217351463","2.42113206403782","0.168340909455028","-1.01916864708503","1.51271402063003","0.603557660870427","0.780623164924249","-2.79272513346805","-1.10063927972809","-1.71503556670579","-2.87853971559025","-1.5771404309061","1.79683848408421","4.1471945176183","4.34140932313058","3.61767681178485","4.47020369660955","4.31483116122416","3.90376723601091","3.23428251919106","2.10617074682267","0.947404060646822","0.494246545726961","0.18917691601318","0.146546071041544","-0.766027136907557","0.107883725319097","1.00688590004021","3.35544934751553","3.25663755150535","3.82825049614352","2.32574906268388","2.62631703288766","1.79116772927569","0.895312582105549","4.48926902726711","5.35787818601443","1.09370736231836","0.360107385511928","0.18642156796718","3.44506398748894","3.68565290203565","7.01648166189414","9.49148492936943",
"Togo","TGO","Lending interest rate (%)","FR.INR.LEND","","","","","","","","","","","","","","","","","","","","","","","","","","","","","","","","","","","","","","","","","","","","","","8.75583333333333","4.73666666666667","4.75166666666667","4.98416666666667","4.9775","5.11333333333333","5.25591666666667","5.03916666666667","5.2875","5.33833333333333","5.15416666666667","5.295","","","","","","","","","",
"Togo","TGO","Consumer price index (2010 = 100)","FP.CPI.TOTL","","","","","","","9.57504317909683","9.35301319224266","9.38076694068038","9.94509315703294","10.3906950054258","11.0652652776743","11.9202349142361","12.3511889510409","13.9360850802178","16.4462805270314","18.3607477715543","22.4840233601675","22.5835765660444","24.2862091350484","27.2750782155987","32.6527696563456","36.2869162517009","39.6817260301873","38.2822988873016","37.5876993504071","39.138047335079","39.159185344546","39.1000898342081","38.7718824614085","39.1655494764284","39.3171521894877","39.8651494026592","39.4637545132106","54.918852892507","63.9439444786246","66.9413168760601","72.4645278394312","73.1713021921239","73.1323650898538","74.4945328767797","77.4144141336075","79.7831547572729","79.0411707126895","79.351864703999","84.7342452917256","86.6229528033106","87.4421229151333","95.0450652277537","98.5746643970598","100","103.56351472904","106.232534720517","108.171697841756","108.378170652492","111.179750599295","112.608909002895","111.503213533868","112.537690648103","113.296929295441","115.222166604613","120.045614301505","129.610336993973","136.725018664212","140.63893740649","141.24816200939",
"Togo","TGO","Broad money (current LCU)","FM.LBL.BMNY.CN","","","3680000000","3900000000","4530000000","5450000000","5890000000","6970000000","8563000000","11491000000","12680000000","14112000000","13899000000","15914000000","30468000000","28278000000","41211000000","48078000000","64944000000","66534999999.9688","72570000000.002","100569999999.515","117170999999.56","117760999999.699","136077000000","143198800000","165486500000","163815300000","144305400000","145923500000","159832700000","164854700000","135176000000","113294700000","163472600000","199884900000","187192800000","197043500000","197172100000","213694700000","246536100000","224190300000","218171500000","247113500000","293265251852.037","300898564215.402","372755696546.635","412284345670.253","514868709904.848","589022580456.646","675825559372.718","792558426757.621","872839618776.418","1020721703034.41","1057695242796.4","1277468951906.12","1435718334668.07","1578672747640.27","1726041019794","1804259651006.35","2013284807487.53","2260511673631","2607782001537","2781888333220","3022669736112","3155737483558",
"Togo","TGO","Net domestic credit (current LCU)","FM.AST.DOMS.CN","","","1780000000","2170000000","2425000000","1378000000","1690000000","1867000000","3332900000","3676600000","3633200000","5786000000","7921000000","11483000000","13772000000","26039000000","33386000000","46437000000","57747000000","63470000000","71511999999.875","78730999999.8728","85074999999.832","80380999999.7226","74084000000","67790800000","101004500000","101844300000","106807400000","83046500000","94561700000","103765700000","96011000000","97591700000","118128500000","169769200000","187102300000","200409200000","221795000000","206241700000","206554200000","214097628154.889","200905634337.917","218325185490.136","206645045552.306","234259105601.651","238828539127.51","277262840580.325","349105544843.416","440359725959.507","531666914959.097","627078229352.861","755392842220.858","923307409361.252","944641953017.624","1119411390298.65","1184688372726.91","1343372835401.23","1434877900547","1346091945497","1320995990400","1433868192194","1849340284543","1956109850978","2290365017589","2460151198087",
"Togo","TGO","Total reserves in months of imports","FI.RES.TOTL.MO","","","","","","","","","","","","","","","","","","","","","","","","","","","","","","","","","","","","","","","","","","","","","","","","","","","","","","","","","","","","","","","","","","",
"Togo","TGO","Domestic credit to private sector by banks (% of GDP)","FD.AST.PRVT.GD.ZS","6.19898424558062","7.12683212683129","6.99372573113941","7.2828884869789","6.8549680824394","4.16538321734779","4.22735215013634","4.79530480746173","6.62956503400807","5.99456924691138","7.86089141290199","7.98581681031923","8.15671166850041","10.2567271357443","8.39292103807603","13.0008413918466","15.1694497683415","15.9830075228799","18.730402662897","20.9653548652906","18.9135416691547","16.7840854722817","18.1413813958004","16.3269284622509","15.9862936307273","14.4134987790917","17.2079266607918","18.1855769374807","17.1883999790097","15.6343978136149","15.8262514862995","17.5410550498896","17.4798901916133","20.657330341588","13.2189215494624","14.1270578024926","13.2453280547395","12.5260396343719","12.2404708905976","10.6940393014179","9.86385898922584","9.08811274800628","8.12424446619038","10.051601367961","9.25048954186592","10.0443376782209","11.0300085682182","15.9364389347801","13.5432540986218","14.0927548810309","15.6238629251884","19.958694454337","21.7476933960182","27.139664021187","25.3813502131524","29.0972786215797","30.3501432167695","29.5664939179808","27.7316625827634","27.5211959654812","26.8258736949839","26.1587753453572","26.5316153774983","26.2462825499418","25.3040008677327","22.9377086615311",
"Togo","TGO","Bank capital to assets ratio (%)","FB.BNK.CAPA.ZS","","","","","","","","","","","","","","","","","","","","","","","","","","","","","","","","","","","","","","","","","","","","","","","","","","","","","","","","","","","","","","","","","","",
"Togo","TGO","Marine protected areas (% of territorial waters)","ER.MRN.PTMR.ZS","","","","","","","","","","","","","","","","","","","","","","","","","","","","","","","","","","","","","","","","","","","","","","","","","","","","","","0.2","0.2","0.2","0.2","0.2","0.2","0.2","0.2","0.2","0.2","0.2","0.7","0.7",
"Togo","TGO","Annual freshwater withdrawals, total (% of internal resources)","ER.H2O.FWTL.ZS","","","","","","","","","","","","","","","","","","","","","","","","","","","","0.791304347826087","0.843924191304348","0.896544034782609","0.949163878260869","1.00178372173913","1.05440356521739","1.10702340869565","1.15964325217391","1.21226309565217","1.26488294782609","1.31750279130435","1.37012263478261","1.42274247826087","1.47536232173913","1.47246376521739","1.4695652173913","1.62608695652174","1.78260869565217","1.93913043478261","1.93913043478261","1.93913043478261","1.93913043478261","1.93913043478261","1.93913043478261","1.93913043478261","1.93913043478261","1.93913043478261","1.93913043478261","1.93913043478261","1.93913043478261","1.93913043478261","1.93913043478261","1.93913043478261","1.93913043478261","1.93913043478261","1.93913043478261","","","",
"Togo","TGO","Annual freshwater withdrawals, domestic (% of total freshwater withdrawal)","ER.H2O.FWDM.ZS","","","","","","","","","","","","","","","","","","","","","","","","","","","","61.53846154","59.9682959","58.58244218","57.35024665","56.24749611","55.25481074","54.35649547","53.5397039","52.79382012","52.10999471","51.48079201","50.89991863","50.36201222","49.86247544","51.25984252","52.66272189","56.80926916","60.22764228","63.0941704","63.0941704","63.0941704","63.0941704","63.0941704","63.0941704","63.0941704","63.0941704","63.0941704","63.0941704","63.0941704","63.0941704","63.0941704","63.0941704","63.0941704","63.0941704","63.0941704","63.0941704","","","",
"Togo","TGO","Capture fisheries production (metric tons)","ER.FSH.CAPT.MT","3500","4000","4300","4500","5000","6000","7300","7500","10000","10000","9111","10921","10942","11333","11150","14420","12820","10847","15363","8096","9134","10325","14530","14878","14675","15544","14824","15175","15455","16444","15778","12502","10749","16964","13052","12201","15098","14290","16677","22924","22277","23163","20946","27485","28013","27706","24830","19905","22765","27025","27535","24122","19320","20015","19849","21497","31891","26915","24620","25526","18034","17984","21506.503","22236.934","20322.521","",
"Togo","TGO","Population in the largest city (% of urban population)","EN.URB.LCTY.UR.ZS","53.2722608602911","53.3865510464574","51.1504376566302","48.941375358632","46.9634017779302","45.3288621997055","44.1111377676483","43.3475957058496","43.0659926569494","42.2821840433043","41.7211810370538","41.9316561386275","42.4156396424775","43.0917086920347","43.9049729126023","44.8249793543904","45.8315655494272","46.8871241316116","47.9644719227236","48.9834900176062","49.8622122294076","50.5398415540784","51.4132365946349","52.5934204895994","53.8105267814572","54.7968597194648","55.6279427179001","56.5347491383846","57.4698488542975","57.7870163723337","58.1356740697338","58.5161222473801","58.9356738235851","61.7636534783366","63.738730013828","62.7442168858026","62.302913445325","62.4358826079645","63.1315750329903","63.8669010672755","64.6129468032768","65.3771398078716","66.1732623249191","66.9800142369277","67.8529421338744","68.7228472894716","67.4123623639691","65.9368248038706","64.4751943235703","63.0462035603664","61.7272346128849","60.6918466941849","59.9216217368633","59.2661423618551","58.7070211467681","58.2241424001686","57.8086600280244","57.4673864223221","57.0717381873437","56.5305335365757","56.0442104275557","55.8213710408736","55.8447844825086","55.7135944808646","55.4590273288698","55.2858215151546",
"Togo","TGO","Urban population living in areas where elevation is below 5 meters (% of total population)","EN.POP.EL5M.UR.ZS","","","","","","","","","","","","","","","","","","","","","","","","","","","","","","","1.31784321051934","","","","","","","","","","1.24153793408852","","","","","","","","","","","","","","","0.981711709759226","","","","","","","","","","",
"Togo","TGO","Plant species (higher), threatened","EN.HPT.THRD.NO","","","","","","","","","","","","","","","","","","","","","","","","","","","","","","","","","","","","","","","","","","","","","","","","","","","","","","","","","","","13","","","","15","","","",
"Togo","TGO","Nitrous oxide (N2O) emissions from Transport (Energy) (Mt CO2e)","EN.GHG.N2O.TR.MT.CE.AR5","","","","","","","","","","","0.0016","0.002","0.0021","0.0023","0.0023","0.0032","0.002","0.0024","0.0023","0.0028","0.0032","0.0034","0.0038","0.002","0.0014","0.002","0.0041","0.0051","0.0047","0.0048","0.0044","0.0034","0.0026","0.0016","0.0032","0.004","0.0066","0.0037","0.004","0.0046","0.0039","0.0024","0.004","0.0059","0.0053","0.0051","0.005","0.0053","0.0076","0.0195","0.0164","0.0164","0.0138","0.0067","0.0035","0.007","0.0066","0.0071","0.0113","0.0104","0.0135","0.0137","0.0136","0.013","0.0135","",
"Togo","TGO","Nitrous oxide (N2O) emissions from Industrial Combustion (Energy) (Mt CO2e)","EN.GHG.N2O.IC.MT.CE.AR5","","","","","","","","","","","0.0001","0.0001","0.0001","0.0001","0.0001","0.0001","0.0001","0.0001","0.0001","0.0001","0.0001","0.0001","0.0001","0.0001","0.0001","0.0001","0.0001","0.0001","0.0001","0.0001","0.0001","0.0002","0.0001","0.0001","0.0003","0.0002","0.0004","0.0002","0.0002","0.0006","0.0005","0.0005","0.0005","0.0005","0.0005","0.0004","0.0004","0.0009","0.0003","0.0005","0.0007","0.0007","0.0006","0.0008","0.0009","0.0003","0.0006","0.0004","0.0007","0.0011","0.0008","0.001","0.0012","0.0016","0.0016","",
"Togo","TGO","F-gases emissions from Industrial Processes (Mt CO2e)","EN.GHG.FGAS.IP.MT.CE.AR5","","","","","","","","","","","","","","","","","","","","","","","","","","","","","","","0.0001","0.0009","0.0015","0.0024","0.0056","0.0097","0.0152","0.021","0.0286","0.0416","0.0756","0.1036","0.1304","0.1611","0.1921","0.2294","0.2421","0.2473","0.2571","0.2658","0.2643","0.2661","0.2713","0.2789","0.304","0.3359","0.3832","0.4299","0.487","0.5374","0.5888","0.6418","0.6933","0.7453","0.7971","",
"Togo","TGO","Carbon intensity of GDP (kg CO2e per 2021 PPP $ of GDP)","EN.GHG.CO2.RT.GDP.PP.KD","","","","","","","","","","","","","","","","","","","","","","","","","","","","","","","0.0843910905865979","0.0786269301415085","0.0624874533759934","0.0567409929305802","0.0897741013878465","0.082096275122466","0.115560664843864","0.0759749024848514","0.0957967749154196","0.120952780031216","0.112634944385678","0.100580145828818","0.10311695390197","0.115835590952032","0.112146266513994","0.111932986498481","0.101600117942901","0.102488478846354","0.128538318223887","0.207922056627259","0.182966611417806","0.158662436364335","0.144688298974183","0.117563366263316","0.0999593847530711","0.0844671429283988","0.111557737374783","0.0834420669042802","0.0931351087672014","0.0965158388093575","0.108679150521585","0.108159495359484","0.104581578552926","0.0957141841242509","0.0932683344672152","",
"Togo","TGO","Carbon dioxide (CO2) emissions (total) excluding LULUCF (Mt CO2e)","EN.GHG.CO2.MT.CE.AR5","","","","","","","","","","","0.5454","0.3725","0.4182","0.3672","0.3401","0.3946","0.3496","0.4604","0.5008","0.5579","0.5149","0.4989","0.5638","0.4115","0.4568","0.4307","0.6394","0.6936","0.68","0.6899","0.7551","0.6986","0.5331","0.411","0.7477","0.7374","1.1297","0.8495","1.0465","1.3541","1.2511","1.1264","1.199","1.4374","1.378","1.3112","1.2217","1.2179","1.5891","2.7107","2.525","2.3171","2.2462","1.9314","1.7347","1.546","2.1279","1.6554","1.9363","2.1053","2.4218","2.534","2.6044","2.5313","2.6276","",
"Togo","TGO","Carbon dioxide (CO2) net fluxes from LULUCF - Forest Land (Mt CO2e)","EN.GHG.CO2.LU.FL.MT.CE.AR5","","","","","","","","","","","","","","","","","","","","","","","","","","","","","","","","","","","","","","","","","19.4374","19.9737","20.51","21.0464","21.5827","22.119","22.6553","23.1917","23.728","24.2643","24.8007","25.337","25.8733","26.4096","26.946","27.4823","28.0186","28.5549","29.0913","29.0913","29.0913","29.0913","29.0913","29.0913","","",
"Togo","TGO","Carbon dioxide (CO2) emissions from Fugitive Emissions (Energy) (Mt CO2e)","EN.GHG.CO2.FE.MT.CE.AR5","","","","","","","","","","","0","0","0","0","0","0","0","0","0","0","0","0","0","0","0","0","0","0","0","0","0","0","0","0","0","0","0","0","0","0","0","0","0","0","0","0","0","0","0","0","0","0","0","0","0","0","0","0","0","0","0","0","0","0","0","",
"Togo","TGO","Methane (CH4) emissions from Waste (Mt CO2e)","EN.GHG.CH4.WA.MT.CE.AR5","","","","","","","","","","","0.2334","0.2448","0.2506","0.2557","0.2604","0.265","0.2696","0.274","0.2789","0.2845","0.2911","0.2999","0.31","0.3207","0.3317","0.3426","0.3534","0.3638","0.3741","0.3839","0.3932","0.3962","0.3967","0.3913","0.3984","0.4055","0.4138","0.4258","0.4303","0.4359","0.4393","0.4469","0.4544","0.4657","0.4762","0.4861","0.5025","0.5185","0.5362","0.5565","0.5769","0.5994","0.6233","0.6477","0.672","0.6975","0.7218","0.7458","0.7708","0.8112","0.8544","0.898","0.9447","0.9722","1.0004","",
"Togo","TGO","Methane (CH4) emissions from Industrial Processes (Mt CO2e)","EN.GHG.CH4.IP.MT.CE.AR5","","","","","","","","","","","","","","","","","","","","","","","","","","","","","","","","","","","","","","","","","","","","","","","","","","","","","","","","","","","","","","","","","","",
"Togo","TGO","Methane (CH4) emissions from Agriculture (Mt CO2e)","EN.GHG.CH4.AG.MT.CE.AR5","","","","","","","","","","","0.4121","0.3843","0.4302","0.425","0.4434","0.4759","0.4786","0.4785","0.492","0.4703","0.4141","0.4263","0.4985","0.4453","0.4916","0.5094","0.5735","0.6047","0.7328","0.7037","0.7818","0.6937","0.5792","0.572","0.5795","0.4859","0.6132","0.6966","0.7404","0.7763","0.7993","0.8122","0.8356","0.8501","0.8576","0.9156","0.9364","0.9504","0.9636","1.0074","1.0259","1.0325","1.3172","1.3724","1.2601","1.3067","1.3661","1.4286","1.4853","1.5713","1.6513","1.7367","1.824","1.9149","1.991","",
"Togo","TGO","Fish species, threatened","EN.FSH.THRD.NO","","","","","","","","","","","","","","","","","","","","","","","","","","","","","","","","","","","","","","","","","","","","","","","","","","","","","","","","","","","38","","","","67","","","",
"Togo","TGO","Net official flows from UN agencies, UNAIDS (current US$)","DT.NFL.UNAI.CD","","","","","","","","","","","","","","","","","","","","","","","","","","","","","","","","","","","","","","","","","","","","","","239999.994635582","200000.002980232","230000.004172325","300000.011920929","319999.992847443","430000.007152557","379999.995231628","348039.001226425","468317.002058029","365810.990333557","498896.00276947","438957.005739212","436899.989843369","23795.9995865822","555249.989032745","","","11068.9997673035","91623.0008006096","","",
"Togo","TGO","Net financial flows, RDB concessional (NFL, current US$)","DT.NFL.RDBC.CD","","","","","","","","","","","","","","","","","1276072.4","3548803.3","288379","1600610.5","8659112","2998156.7","3813036.6","1653340.9","2971057.1","3661976.1","1845900.6","998086.4","1454633.3","8073503.3","8690422.7","983981.9","3034141.9","87531.7","8161324.2","5154055.7","5467422.1","16980950.5","3595460.4","3215085.7","2517980.6","5946052.5","0","0","0","0","0","0","-14919738.1","-1946612.9","-2034068.3","4286360","-721436.1","-164128.4","8523614.9","8123317.6","5404547.5","740518.3","1743133.1","4223805.8","13356727.9","5104219","3435295.5","1586184.2","8752648.5","",
"Togo","TGO","PNG, bonds (NFL, current US$)","DT.NFL.PNGB.CD","","","","","","","","","","","","","","","","","","","","","","","","","","","","","","","","","","","","","","","","","","","","","","","","","","","","","","","","","","","","","","650000000","","","400000000","",
"Togo","TGO","PPG, official creditors (NFL, US$)","DT.NFL.OFFT.CD","","","","","","","","","","","3390086.7","3576066","2547805.5","13163433.6","29560817.2","20300895","11739281.1","36158823.2","107818629.2","68039883.6","37491119.7","-8291138.4","8927441.1","53973214.6","26572385.6","17145914.6","27846777.3","25249037.1","89823957.4","38448245.8","62334319.9","51308959.5","39188466.6","13203477.4","33874580.2","19299863.3","80455152","34810134.6","53004648","17584409.2","14422159.4","19593142.7","9303719.9","3664461.1","6328987.6","1995734","30415991.4","1523361","-138442554.9","-3283215.5","66138242.3","21180303.4","112815863.1","122132702.3","165826137.9","158850692.2","182252720.1","103820916.6","61984106.1","91738482.9","144599617.9","97993368.7","81141055.8","171752421.5","269806956.8","",
"Togo","TGO","Net financial flows, IDA (NFL, current US$)","DT.NFL.MIDA.CD","","","","","","","","","","","1091000","642000","579000","200000","203000","2069000","4411000","5657000","6807000","7520000","12466000","7553000","10697000","40251000","25048000","29868000","49413000","20071000","48673000","37967000","30329000","46906000","31391000","6803000","24967000","16991000","51841000","12866000","39339000","14529000","9904000","1409000","6808000","0","-13000","0","0","0","-117024000","-21778000","-21995000","","13748000","0","14893000","4154000","9223000","9091000","17337000","99623000","82744000","41763000","86977000","194150000","257164000","",
"Togo","TGO","Net official flows from UN agencies, ILO (current US$)","DT.NFL.ILOG.CD","","","","","","","","","","","","","","","","","","","","","","","","","","","","","","","","","","","","","","","","","","","","","","","","","","","","","229174.003005028","280499.011278152","277889.996767044","209399.998188019","316900.014877319","263179.987668991","420753.002166748","429509.997367859","347297.996282578","259700.000286102","343342.989683151","622197.985649109","","",
"Togo","TGO","Net flows on external debt, private nonguaranteed (PNG) (NFL, current US$)","DT.NFL.DPNG.CD","","","","","","","","","","","","","","","","","","","","","","","","","","","","","","","","","","","","","","","","","","","","","","","","","","","","","","","","","","","","","","650000000","","","400000000","",
"Togo","TGO","Present value of external debt (% of GNI)","DT.DOD.PVLX.GN.ZS","","","","","","","","","","","","","","","","","","","","","","","","","","","","","","","","","","","","","","","","","","","","","","","","","","","","","","","","","","","","","","","","","19.4585500157872","",
"Togo","TGO","PPG, IDA (DOD, current US$)","DT.DOD.MIDA.CD","","","","","","","","","","","1894000","2536000","3351000","3931000","4134000","6202000","10613000","16270000","23077000","30597000","43063000","50616000","61310928.2","100829048.2","122750507.8","161161192.8","222493084","267089158.8","306254109.2","339912312.5","393191134.1","443965956.8","460400000","468815000","512987000","540947000","576363000","560825000","619674000","622086000","604129000","584669000","632333000","686545000","715458000","667337000","696437000","723155000","604180000","586072000","554326000","0","13986000","14014000","27883000","30772000","38679000","50462000","66030000","165256000","265171000","287742000","360123000","575065000","796080000","",
"Togo","TGO","Short-term debt (% of total reserves)","DT.DOD.DSTC.IR.ZS","","","","","","","","","","","","","","","","","","","","","","","","","","","","","","","","","","","","","","","","","","","","","","","","","","","","","","","","","","","","","","","","","","",
"Togo","TGO","External debt stocks, long-term (DOD, current US$)","DT.DOD.DLXF.CD","","","","","","","","","","","39762347.3","46894651.9","47046592.5","69512425.4","126498168.2","167680508","233035784.3","384619638.7","709759026.7","982114495.8","969514299.5","846420784.8","787658451.6","790972653.6","676794114.8","786492031.1","885341379.6","1047504685.1","1057686435.4","936926500.1","1080511815.9","1139263626.6","1134850187.1","1126673421.6","1227914967.9","1285413462.8","1309367385.7","1213053369.8","1325151414","1286573465.6","1229633542.9","1204293987.6","1336327549.8","1498299061.1","1599209580.4","1440090655.3","1538803930.1","1637998698.3","1465517088.5","1476494391.3","1010287102.9","376466862.8","456202448","594990331.1","715739350.3","840737271.7","984392259.6","1140730252.1","1161431380.3","1365679508.7","1789210490.4","2500766209.5","2504615020.2","2744319606","3471382373.6","",
"Togo","TGO","Net ODA provided, total (constant 2023 US$)","DC.ODA.TOTL.KD","","","","","","","","","","","","","","","","","","","","","","","","","","","","","","","","","","","","","","","","","","","","","","","","","","","","","","","","","","","","","","","","","","",
"Togo","TGO","Net ODA provided, to the least developed countries (current US$)","DC.ODA.TLDC.CD","","","","","","","","","","","","","","","","","","","","","","","","","","","","","","","","","","","","","","","","","","","","","","","","","","","","","","","","","","","","","","","","","","",
"Togo","TGO","Net bilateral aid flows from DAC donors, Slovenia (current US$)","DC.DAC.SVNL.CD","","","","","","","","","","","","","","","","","","","","","","","","","","","","","","","","","","","","","","","","","","","","","","","","","","","","","","","","","","","","","","","","","","",
"Togo","TGO","Net bilateral aid flows from DAC donors, New Zealand (current US$)","DC.DAC.NZLL.CD","","","","","","","","","","","","","","","","","","","","","","","","","","","","","","","","","","","","","","","","","","","","","","","","","","","","","","","","","","","","","","","","","","",
"Togo","TGO","Net bilateral aid flows from DAC donors, Lithuania (current US$)","DC.DAC.LTUL.CD","","","","","","","","","","","","","","","","","","","","","","","","","","","","","","","","","","","","","","","","","","","","","","","9999.99977648258","","","","","","","","","","","","","","","","","","","",
"Togo","TGO","Net bilateral aid flows from DAC donors, Iceland (current US$)","DC.DAC.ISLL.CD","","","","","","","","","","","","","","","","","","","","","","","","","","","","","","","","","","","","","","","","","","","","","","","","","","119999.997317791","","","","100000.001490116","","9999.99977648258","","4681.00002035499","24800.0007122755","122360.996901989","110781.997442245","27370.0002580881","","54037.9993617535","","",
"Togo","TGO","Refugees under the mandate of the UNHCR by country or territory of origin","SM.POP.RHCR.EO","","","","","","","","","","","","","","","","","","","","","","","","","","5","5","5","5","5","5","17","105","291055","167866","93152","25587","7182","3500","3695","4022","4356","10441","10609","10818","51092","27318","22481","16734","18363","18308","17853","15683","10301","9271","8774","8296","8115","8029","8034","7704","7985","7871","7955","12685","12661",
"Togo","TGO","Net migration","SM.POP.NETM","-13868","-14858","-15486","-14361","-14266","-13915","-14216","-14424","-14504","80000","10865","482","-7661","-11555","-14483","-16973","-18832","-19856","-19163","-13519","-4993","3519","-21958","-21948","-21949","7971","-436","848","-29","0","59","-72","-132","-311917","132276","73224","69276","-2397","-5394","-2618","-3485","-4802","-5939","-4237","-11998","-4415","23346","25082","27362","26886","16265","-18960","-27315","-35346","-43591","-51459","-59885","-69512","-43718","-17312","-31892","-56991","-65826","-15406","-14014","-15010",
"Togo","TGO","Asylum-seekers by country or territory of asylum","SM.POP.ASYS.EA","","","","","","","","","","","","","","","","","","","","","","","","","","","","","","","","","","","","","","","","","79","76","118","329","372","407","434","124","448","148","144","375","399","426","710","745","777","744","694","692","660","810","576","4400","1262","4282",
"Togo","TGO","Unemployment, total (% of total labor force) (modeled ILO estimate)","SL.UEM.TOTL.ZS","","","","","","","","","","","","","","","","","","","","","","","","","","","","","","","","4.057","4.209","4.507","4.201","3.99","3.606","3.618","3.78","3.889","4.162","4.108","4.087","3.957","3.992","4.149","4.229","3.822","3.279","2.847","2.379","1.982","2.029","2.084","2.141","2.204","2.968","3.744","2.9","2.036","2.231","2.344","1.965","1.942","1.948","1.995",
"Togo","TGO","Unemployment, female (% of female labor force) (modeled ILO estimate)","SL.UEM.TOTL.FE.ZS","","","","","","","","","","","","","","","","","","","","","","","","","","","","","","","","4.001","4.14","4.412","4.134","3.94","3.584","3.596","3.746","3.847","4.099","4.049","4.03","3.91","3.942","4.087","4.16","3.69","3.101","2.612","2.098","1.645","1.649","1.66","1.671","1.687","2.223","2.768","2.289","1.799","2.045","2.3","2.114","2.09","2.096","2.027",
"Togo","TGO","Share of youth not in education, employment or training, male (% of male youth population)","SL.UEM.NEET.MA.ZS","","","","","","","","","","","","","","","","","","","","","","","","","","","","","","","","","","","","","","","","","","","","","","","6.322","","","","20.034","7.173","","","","15.053","","18.28","","5.681","","","10.347","","","",
"Togo","TGO","Unemployment with intermediate education (% of total labor force with intermediate education)","SL.UEM.INTM.ZS","","","","","","","","","","","","","","","","","","","","","","","","","","","","","","","","","","","","","","","","","","","","","","","5.14","","","","16.413","1.573","","","","1.878","","14.275","","6.129","","","5.587","","","",
"Togo","TGO","Unemployment with basic education, male (% of male labor force with basic education)","SL.UEM.BASC.MA.ZS","","","","","","","","","","","","","","","","","","","","","","","","","","","","","","","","","","","","","","","","","","","","","","","2.111","","","","7.119","","","","","","","4.91","","1.341","","","1.308","","","",
"Togo","TGO","Unemployment with advanced education, female (% of female labor force with advanced education)","SL.UEM.ADVN.FE.ZS","","","","","","","","","","","","","","","","","","","","","","","","","","","","","","","","","","","","","","","","","","","","","","","15.526","","","","23.86","10.705","","","","12.064","","18.511","","20.11","","","13.188","","","",
"Togo","TGO","Unemployment, youth male (% of male labor force ages 15-24) (national estimate)","SL.UEM.1524.MA.NE.ZS","","","","","","","","","","","","","","","","","","","","","","","","","","","","","","","","","","","","","","","","","","","","","","","6.216","","","","20.565","3.473","","","","3.669","","12.282","","3.364","","","3.107","","","",
"Togo","TGO","Labor force, female (% of total labor force)","SL.TLF.TOTL.FE.ZS","","","","","","","","","","","","","","","","","","","","","","","","","","","","","","","47.0049275869832","47.0688782736488","47.1363917355772","48.3329153554295","49.0584024727509","48.2973050106816","47.8641526343666","47.8715242059068","48.2219631226962","48.4883357095258","48.6836808375349","48.8403167615781","48.9680256745513","49.0874956691296","49.2138265648007","49.3999493564089","49.7230691848888","50.0827143508367","50.3846810731672","50.6235826826544","50.7595184906657","50.71630691452","50.5583693106193","50.4260065904231","50.3221730671889","50.244875222442","50.1888837716325","50.1604252749725","50.2196124061988","50.427084663565","50.608026003552","50.8430157280327","51.288672379199","51.469946900408","51.4178162380165","51.3026385117335",
"Togo","TGO","Labor force with intermediate education (% of total working-age population with intermediate education)","SL.TLF.INTM.ZS","","","","","","","","","","","","","","","","","","","","","","","","","","","","","","","","","","","","","","","","","","","","","","","79.646","","","","60.417","79.96","","","","75.139","","51.477","","70.827","","","71.392","","","",
"Togo","TGO","Labor force participation rate, total (% of total population ages 15+) (national estimate)","SL.TLF.CACT.NE.ZS","43.88","","","","","","","","","","36.776","","","","","","","","","","68.13","","","","","","","","","","","","","","","","","","29.554","","","","","","","","80.884","","","","68.671","78.203","","","","54.685","","58.074","","73.927","","","70.728","","","",
"Togo","TGO","Ratio of female to male labor force participation rate (%) (national estimate)","SL.TLF.CACT.FM.NE.ZS","78.9441649082941","","","","","","","","","","71.5706272310046","","","","","","","","","","65.5169522988299","","","","","","","","","","","","","","","","","","","","","","","","","","100.488349033218","","","","100.277089106023","95.2595880504713","","","","124.007209250521","","92.2765904777622","","92.760198642781","","","94.9852142218554","","","",
"Togo","TGO","Labor force with basic education, male (% of male working-age population with basic education)","SL.TLF.BASC.MA.ZS","","","","","","","","","","","","","","","","","","","","","","","","","","","","","","","","","","","","","","","","","","","","","","","87.82","","","","60.597","86.892","","","","81.769","","54.131","","74.089","","","68.483","","","",
"Togo","TGO","Labor force with advanced education, female (% of female working-age population with advanced education)","SL.TLF.ADVN.FE.ZS","","","","","","","","","","","","","","","","","","","","","","","","","","","","","","","","","","","","","","","","","","","","","","","53.917","","","","79.851","52.188","","","","53.313","","66.113","","77.989","","","79.436","","","",
"Togo","TGO","Labor force participation rate for ages 15-24, total (%) (modeled ILO estimate)","SL.TLF.ACTI.1524.ZS","","","","","","","","","","","","","","","","","","","","","","","","","","","","","","","30.124","29.845","29.559","29.268","28.943","28.636","28.317","27.938","27.536","27.173","26.88","26.659","26.488","26.325","26.154","26.012","25.837","25.689","25.604","25.572","25.616","25.661","25.671","25.638","25.563","25.461","25.338","25.19","25.017","24.827","24.591","24.662","24.685","24.621","24.547","24.523",
"Togo","TGO","Labor force participation rate for ages 15-24, female (%) (modeled ILO estimate)","SL.TLF.ACTI.1524.FE.ZS","","","","","","","","","","","","","","","","","","","","","","","","","","","","","","","31.528","31.353","31.192","31.076","30.772","30.541","30.292","29.971","29.724","29.477","29.297","29.158","29.037","28.905","28.811","28.758","28.642","28.567","28.508","28.479","28.502","28.526","28.523","28.489","28.427","28.344","28.253","28.144","28.011","27.864","27.604","27.765","28.07","28.221","28.264","28.252",
"Togo","TGO","Average working hours of children, working only, ages 7-14 (hours per week)","SL.TLF.0714.WK.TM","","","","","","","","","","","","","","","","","","","","","","","","","","","","","","","","","","","","","","","","","","","","","","","","","","","31.6","","","","17.3456241232447","","","","","","","","","","","",
"Togo","TGO","Average working hours of children, working only, female, ages 7-14 (hours per week)","SL.TLF.0714.WK.FE.TM","","","","","","","","","","","","","","","","","","","","","","","","","","","","","","","","","","","","","","","","","","","","","","","","","","","31.6","","","","17.6702253154721","","","","","","","","","","","",
"Togo","TGO","Average working hours of children, study and work, male, ages 7-14 (hours per week)","SL.TLF.0714.SW.MA.TM","","","","","","","","","","","","","","","","","","","","","","","","","","","","","","","","","","","","","","","","","","","","","","","","","","","16.5","","","","8.09988308545563","","","","","","","","","","","",
"Togo","TGO","Children in employment, female (% of female children ages 7-14)","SL.TLF.0714.FE.ZS","","","","","","","","","","","","","","","","","","","","","","","","","","","","","","","","","","","","","","","","","","","","","","","37.4305","","","","47","","","","33.0719731364292","","","","","","","","","","","",
"Togo","TGO","Child employment in services (% of economically active children ages 7-14)","SL.SRV.0714.ZS","","","","","","","","","","","","","","","","","","","","","","","","","","","","","","","","","","","","","","","","","","","","","","","15.12","","","","24.28","","","","","","","","","","","","","","","",
"Togo","TGO","Children in employment, self-employed, male (% of male children in employment, ages 7-14)","SL.SLF.0714.MA.ZS","","","","","","","","","","","","","","","","","","","","","","","","","","","","","","","","","","","","","","","","","","","","","","","","","","","8.01","","","","","","","","","","","","","","","",
"Togo","TGO","Child employment in manufacturing, female (% of female economically active children ages 7-14)","SL.MNF.0714.FE.ZS","","","","","","","","","","","","","","","","","","","","","","","","","","","","","","","","","","","","","","","","","","","","","","","1.61","","","","1.37","","","","","","","","","","","","","","","",
"Togo","TGO","GDP per person employed (constant 2021 PPP $)","SL.GDP.PCAP.EM.KD","","","","","","","","","","","","","","","","","","","","","","","","","","","","","","","","7473.66259346752","6960.37652596765","6136.44425618542","7071.73181481746","7044.89078128749","7190.64445753735","7940.1026358592","7634.04080277831","7625.01653156407","7347.47362932084","7168.28252820083","7204.95583932329","7436.04040091754","7140.91208423775","6626.55852342484","6633.71616574234","6371.43156105404","6439.70570079201","6610.95304645485","6810.47549089825","7005.6484718322","7257.76000546913","7477.3382934835","7678.65676075462","7862.28163131773","8004.90327582448","8133.92274493815","8227.7476010898","8412.66612187447","8590.72074931952","8900.50183160307","9256.97424859279","9617.29512241221","9975.81049200505","10321.4660755971",
"Togo","TGO","Children in employment, unpaid family workers (% of children in employment, ages 7-14)","SL.FAM.0714.ZS","","","","","","","","","","","","","","","","","","","","","","","","","","","","","","","","","","","","","","","","","","","","","","","","","","","89.48","","","","","","","","","","","","","","","",
"Togo","TGO","Wage and salaried workers, male (% of male employment) (modeled ILO estimate)","SL.EMP.WORK.MA.ZS","","","","","","","","","","","","","","","","","","","","","","","","","","","","","","","","23.8999312297321","23.8170084978596","23.4035365471356","23.3907729512478","23.5034775145991","23.7015892449076","24.1273729332517","24.3137814740521","24.5150248595719","24.6167434085415","24.6196357226528","24.6739655185626","24.808111699862","24.85053390751","24.7578176002915","24.73799790733","24.6751046337747","24.6324415078587","24.6831760334814","24.8242813153183","25.0455216699854","25.2923677945755","25.6392410136431","26.0201767165769","26.3618209776773","26.7793172263753","27.2404861584562","27.6821570383745","28.0494441104238","27.2919144273555","29.0065518995073","30.3086698930968","30.648196575473","30.9580075158864","31.3996775884453",
"Togo","TGO","Vulnerable employment, female (% of female employment) (modeled ILO estimate)","SL.EMP.VULN.FE.ZS","","","","","","","","","","","","","","","","","","","","","","","","","","","","","","","","91.4596169858452","91.437312322609","91.5117115598994","91.4983977823578","91.4235340867741","91.3326170367128","91.1812055357548","91.0764238028796","90.9699683822605","90.8749868242089","90.8305845082046","90.7711539290486","90.6956133372413","90.6344140981916","90.5981400009911","90.5414574569141","90.4808219347447","90.4504706877478","90.3804076139204","90.2749841079281","90.1320520393035","89.9923105955056","89.777947373261","89.5441602835823","89.3439923302181","89.0427416839315","88.6564217032967","88.2854913407014","88.0008771769522","87.8587140817741","86.5038200360314","85.0658641804628","84.832277336616","84.6062328480102","84.1531898734953",
"Togo","TGO","Employment to population ratio, 15+, male (%) (national estimate)","SL.EMP.TOTL.SP.MA.NE.ZS","","","","","","","","","","","","","","","","","","","","","","","","","","","","","","","","","","","","","","","","","","","","","","","77.214","","","","61.786","78.345","","","","48.045","","57.726","","75.172","","","71.387","","","",
"Togo","TGO","Self-employed, total (% of total employment) (modeled ILO estimate)","SL.EMP.SELF.ZS","","","","","","","","","","","","","","","","","","","","","","","","","","","","","","","","83.5636527152481","83.6116225920326","83.8809386825399","83.8947655919059","83.8133215817363","83.6781585558537","83.4008716009746","83.2738631091902","83.138488761025","83.0599412992829","83.0487544691058","83.0007417188548","82.9012672357628","82.85798999374","82.8972711834014","82.8918582429462","82.910423539796","82.923756115478","82.8689362378521","82.7429210521132","82.5589146340881","82.3614309542926","82.0852598735271","81.7859166871462","81.5214681016894","81.1880852806287","80.7950525229292","80.3720749051868","80.0270353159818","80.395597798622","78.871273685883","77.5499168295839","77.2984798145371","77.0496245435966","76.6222547186887",
"Togo","TGO","Employers, male (% of male employment) (modeled ILO estimate)","SL.EMP.MPYR.MA.ZS","","","","","","","","","","","","","","","","","","","","","","","","","","","","","","","","1.87767652860536","1.87378868229932","1.86375146544974","1.86610163718522","1.87222671933249","1.87197331458853","1.8729985042113","1.86086748563871","1.86316323819645","1.87486777777649","1.87737060195022","1.88193025111743","1.87927010035268","1.86735357613771","1.85577862236145","1.84954233916413","1.84747503495725","1.8312182437738","1.83047915954903","1.82637150178088","1.8268806714154","1.80763830956111","1.81540559136986","1.82491527234387","1.81165768906586","1.80842663462525","1.81068174811415","1.8170918349355","1.80941802284701","1.86224728409744","2.07317215203306","2.22206492365939","2.22507490847236","2.22731089684416","2.23038130338416",
"Togo","TGO","Employment to population ratio, ages 15-24, male (%) (modeled ILO estimate)","SL.EMP.1524.SP.MA.ZS","","","","","","","","","","","","","","","","","","","","","","","","","","","","","","","","26.492","26.071","25.566","25.316","25.013","24.748","24.335","23.771","23.297","22.856","22.586","22.385","22.234","21.997","21.751","21.518","21.433","21.475","21.566","21.762","21.943","21.971","21.94","21.857","21.738","20.667","19.608","20.348","21.082","20.822","20.825","20.694","20.435","20.253","20.196",
"Togo","TGO","Employment in agriculture (% of total employment) (modeled ILO estimate)","SL.AGR.EMPL.ZS","","","","","","","","","","","","","","","","","","","","","","","","","","","","","","","","55.8447287163652","56.5306840719554","58.0455843357332","56.3591410842611","55.9710652751056","55.4015991993721","54.2307585416498","54.3227613005724","54.2704869890696","54.3636418651094","54.3762412550113","54.1222011836621","53.2240688074109","53.5247259153694","54.3368880731622","53.5963910051799","50.7242884764956","47.6892412962354","43.2210438376318","39.8331067855103","37.0443824228183","36.4375886431769","35.7123670832228","35.2353915725043","34.6188919922154","34.2945536790827","33.7922824314542","38.4080204077315","42.5990382357115","42.7444852902948","41.7112383890425","39.668303291112","38.805696721505","38.2832342067192","37.5921529780437",
"Togo","TGO","Child employment in agriculture, male (% of male economically active children ages 7-14)","SL.AGR.0714.MA.ZS","","","","","","","","","","","","","","","","","","","","","","","","","","","","","","","","","","","","","","","","","","","","","","","89.08","","","","78.11","","","","","","","","","","","","","","","",
"Togo","TGO","Survey mean consumption or income per capita, total population (2021 PPP $ per day)","SI.SPR.PCAP","","","","","","","","","","","","","","","","","","","","","","","","","","","","","","","","","","","","","","","","","","","","","","","","","","","","","","","","","","","5.47","","","5.03","","","","",
"Togo","TGO","Average transaction cost of sending remittances to a specific country (%)","SI.RMT.COST.IB.ZS","","","","","","","","","","","","","","","","","","","","","","","","","","","","","","","","","","","","","","","","","","","","","","","","","","","","","","","","","8.45014","6.809525","7.65868333333333","5.82813666666667","7.74250666666667","2.58","0.51","2.06125","","",
"Togo","TGO","Poverty headcount ratio at national poverty lines (% of population)","SI.POV.NAHC","","","","","","","","","","","","","","","","","","","","","","","","","","","","","","","","","","","","","","","","","","","","","","","","","","","","","","","","","","","45.5","","","43.8","","","","",
"Togo","TGO","Poverty headcount ratio at $4.20 a day (2021 PPP) (% of population)","SI.POV.LMIC","","","","","","","","","","","","","","","","","","","","","","","","","","","","","","","","","","","","","","","","","","","","","","","79.9","","","","","77.7","","","","76.2","","","54.7","","","55.6","","","","",
"Togo","TGO","Income share held by lowest 20%","SI.DST.FRST.20","","","","","","","","","","","","","","","","","","","","","","","","","","","","","","","","","","","","","","","","","","","","","","","6.1","","","","","4.8","","","","5.1","","","5.8","","","6.8","","","","",
"Togo","TGO","Income share held by highest 20%","SI.DST.05TH.20","","","","","","","","","","","","","","","","","","","","","","","","","","","","","","","","","","","","","","","","","","","","","","","49.1","","","","","51.6","","","","48.6","","","49.1","","","45.2","","","","",
"Togo","TGO","UHC service coverage sub-index on reproductive, maternal, newborn and child health","SH_UHC_SCI_RMNCH","","","","","","","","","","","","","","","","","","","","","","","","","","","","","","","","","","","","","","","","","32","31","32","32","32","32","32","34","35","37","39","41","44","46","48","47","46","44","45","45","45","46","46","47","","",
"Togo","TGO","UHC service coverage index","SH_UHC_SCI","","","","","","","","","","","","","","","","","","","","","","","","","","","","","","","","","","","","","","","","","21","20","18","18","23","25","25","24","27","28","28","33","36","37","38","37","36","40","39","40","38","38","39","42","","",
"Togo","TGO","Proportion of population further impoverished due to out-of-pocket health expenditure, based on the societal poverty line (%)","SH_UHC_FH40_FURTHER","","","","","","","","","","","","","","","","","","","","","","","","","","","","","","","","","","","","","","","","","","","","","","","33.02","","","","","37.88","","","","58.72","","","24.59","","","23.19","","","","",
"Togo","TGO","Domestic private health expenditure (% of current health expenditure)","SH.XPD.PVTD.CH.ZS","","","","","","","","","","","","","","","","","","","","","","","","","","","","","","","","","","","","","","","","","87.95420074","86.78195953","85.90538025","84.12905884","81.07527924","80.75875092","79.49362946","73.84091187","73.11481476","71.95480347","68.20930481","68.09751892","64.69445038","63.53125381","64.66252136","73.12627411","69.90706635","68.84172058","73.74506378","75.80754852","70.16882324","73.88970184","68.69844818","68.89031982","","",
"Togo","TGO","Domestic general government health expenditure per capita, PPP (current international $)","SH.XPD.GHED.PP.CD","","","","","","","","","","","","","","","","","","","","","","","","","","","","","","","","","","","","","","","","","3.65399071123081","4.0984985481356","4.42236197995892","5.18287745413892","6.0533160829371","6.57859587572677","7.58667887175963","8.25369734114131","8.57845264580167","10.0623264080703","17.2686490698908","16.6792581476261","19.195514080345","16.4793169226688","18.0005989577936","17.3754624499532","18.8528823040978","20.8398575282726","21.3260561784027","19.743159509517","21.4727170861776","14.3650271230364","18.8762753168129","20.6939266061847","","",
"Togo","TGO","Domestic general government health expenditure (% of current health expenditure)","SH.XPD.GHED.CH.ZS","","","","","","","","","","","","","","","","","","","","","","","","","","","","","","","","","","","","","","","","","8.72661877","9.44253635","9.90344906","10.93865013","12.75706005","12.64623165","13.09746265","16.17987823","16.04459","17.3802681","25.92962646","23.51516342","25.1240921","20.06999588","20.35354614","14.79642868","14.81063557","16.14229012","16.74621964","15.077075","14.74263954","9.93372917","10.66107464","11.14169788","","",
"Togo","TGO","Current health expenditure per capita, PPP (current international $)","SH.XPD.CHEX.PP.CD","","","","","","","","","","","","","","","","","","","","","","","","","","","","","","","","","","","","","","","","","41.8717838677658","43.4046358910217","44.6547658759607","47.381328582372","47.4507140431297","52.020207341699","57.924800034909","51.0121119902189","53.4663233405678","57.8951156334882","66.5981388147626","70.9298014883072","76.402815380445","82.1092214461778","88.4396157397799","117.430109041544","127.292865119562","129.101001104481","127.348479655682","130.948207354988","145.650435885939","144.608614193537","177.057906363698","185.734057006991","","",
"Togo","TGO","Incidence of tuberculosis (per 100,000 people)","SH.TBS.INCD","","","","","","","","","","","","","","","","","","","","","","","","","","","","","","","","","","","","","","","","","51","61","69","76","82","86","90","91","91","90","86","81","76","72","66","62","58","54","51","49","48","47","47","47","48","",
"Togo","TGO","Educational attainment, at least Master's or equivalent, population 25+, male (%) (cumulative)","SE.TER.CUAT.MS.MA.ZS","","","","","","","","","","","","","","","","","","","","","","","","","","","","","","","","","","","","","","","","","","","","","","","","","","","","","","","","","","2.17803387882383","","2.69576640286853","","","2.00243710823552","","","",
"Togo","TGO","Educational attainment, Doctoral or equivalent, population 25+, female (%) (cumulative)","SE.TER.CUAT.DO.FE.ZS","","","","","","","","","","","","","","","","","","","","","","","","","","","","","","","","","","","","","","","","","","","","","","","","","","","","","","","","","","","","","","","","","","",
"Togo","TGO","Adolescents out of school (% of lower secondary school age)","SE.SEC.UNER.LO.ZS","","","","","","","","","","","","","","","","","","","","","","","","","","","","","","","","46.3905982971191","","","","","","","","34.9146614074707","40.3559188842773","38.7665100097656","","36.1940803527832","36.6830101013184","36.1931114196777","","41.5733604431152","","","","","","","40.565134389867","15.9856217023351","","22.1848106384277","10.5705744134568","11.7193030652029","17.8125079737695","20.6488921234055","26.2924583569526","27.4478264361354","27.1051521616793","",
"Togo","TGO","Secondary education, teachers, female","SE.SEC.TCHR.FE","","","","","","","","","","","","218","201","222","213","238","268","285","291","342","438","","547","595","565","","559","537","522","524","543","529","","","","553","","","","866","893","","","725","764","870","686","778","","","","","","","","","","","","","2042","2336","","23389","","",
"Togo","TGO","Trained teachers in upper secondary education, male (% of male teachers)","SE.SEC.TCAQ.UP.MA.ZS","","","","","","","","","","","","","","","","","","","","","","","","","","","","","","","","","","","","","","","","","","","","","","","","","","","","","","","","","","","","","","27.5888717156105","","","","",
"Togo","TGO","Trained teachers in lower secondary education, male (% of male teachers)","SE.SEC.TCAQ.LO.MA.ZS","","","","","","","","","","","","","","","","","","","","","","","","","","","","","","","","","","","","","","","","","","","","","","","","","","","","","","","","","","","","","","37.427681352915","","","","",
"Togo","TGO","Progression to secondary school, male (%)","SE.SEC.PROG.MA.ZS","","","","","","","","","","","","","","","","","","","93.13013","84.10313","79.77923","65.66011","63.4879","53.60691","55.74258","70.498","69.27368","77.93963","67.10808","79.83937","74.01379","69.16551","","","85.31683","72.72826","","","","80.5527","83.70094","","79.72738","81.31241","82.52324","82.48677","","81.8225","","87.96533","93.78479","","85.98521","82.24812","87.55734","","86.25079","84.17799","","","","","","","","",
"Togo","TGO","School enrollment, secondary, female (% net)","SE.SEC.NENR.FE","","","","","","","","","","","","","","","","","","","","","","","","","","","","","","","","8.59614","","","","","","","","12.28977","15.32997","","","","","","","","","","","","","","","","","33.45215","","","","","","","","",
"Togo","TGO","School enrollment, secondary (% gross)","SE.SEC.ENRR","","","","","","","","","","","","6.28946018218994","7.57434988021851","8.47506999969482","9.9179801940918","12.4667501449585","16.161039352417","19.8434391021729","22.8641796112061","26.3229198455811","28.7248001098633","","27.3065299987793","24.0106906890869","19.7725505828857","17.0168991088867","17.4728107452393","17.0881900787354","19.3031501770019","17.8128509521484","19.9296493530273","18.9681396484375","18.7232894897461","","19.9208507537842","21.6522598266602","23.0392093658447","23.4432792663574","","29.0356693267822","31.6074600219727","34.4402694702148","38.4870300292969","40.5968894958496","41.9863700866699","44.2280082702637","46.0299682617188","42.7597885131836","","","","52.7706298828125","","","","","","60.769472220228","","","","63.0669365853803","","63.4192515229188","","",
"Togo","TGO","Pupil-teacher ratio, secondary","SE.SEC.ENRL.TC.ZS","","","","","","","","","","","","25.00341","27.33701","28.94357","32.31153","36.26592","39.41493","37.56085","40.41439","42.34177","39.75567","","30.1843","26.83776","22.76032","","22.32131","22.26266","26.38089","24.94189","28.04832","27.94858","","","38.30316","31.63771","31.44943","","","35.17028","31.53444","","","33.76439","34.03618","30.50532","38.86003","35.50651","","","","26.24584","","","","","","","","","","","","","","",
"Togo","TGO","Secondary education, pupils (% female)","SE.SEC.ENRL.FE.ZS","","","","","","","","","","","","22.38786","24.74041","23.65124","23.76551","23.22008","23.80287","22.86957","23.08333","23.83804","24.1794","","25.35707","25.02309","24.59481","24.03105","23.70778","23.57194","24.61738","23.8719","25.50977","25.30248","24.69432","","25.56276","26.14185","26.11266","26.70066","","28.61978","30.89683","31.4347","32.31088","33.00269","34.01628","34.68935","35.31219","34.59351","","","","","","","","","","41.95472","","","","","","","","",
"Togo","TGO","Educational attainment, at least completed upper secondary, population 25+, male (%) (cumulative)","SE.SEC.CUAT.UP.MA.ZS","","","","","","","","","","","0.701259970664978","","","","","","","","","","","","","","","","","","","","","","","","","","","","","","","","","","","","","","","15.3954401016235","13.2906926963732","17.3987693786621","","","","","","15.652720451355","","23.3550632694898","","","17.3697490692139","","","",
"Togo","TGO","Educational attainment, at least completed post-secondary, population 25+, female (%) (cumulative)","SE.SEC.CUAT.PO.FE.ZS","","","","","","","","","","","0","","","","","","","","","","","","","","","","","","","","","","","","","","","","","","","","","","","","","","","1.21243000030518","0.564610174370145","1.53328001499176","","","","","","3.67157736919222","","3.25201644985422","","","3.32673355251316","","","",
"Togo","TGO","Lower secondary completion rate, total (% of relevant age group)","SE.SEC.CMPT.LO.ZS","","","","","","","","","","","","4.32241010665894","5.9545202255249","5.70048999786377","6.75414991378784","8.36198043823242","9.6807804107666","12.8044595718384","15.6643400192261","18.9177303314209","21.8643703460693","21.308479309082","20.7360591888428","16.7797698974609","12.3999795913696","11.1987400054932","10.8138799667358","10.8852500915527","10.0294399261475","11.258810043335","12.6421003341675","12.1840000152588","13.0723600387573","","12.1549997329712","15.5581502914429","15.6316604614258","","","20.4643707275391","22.2933902740479","26.1328392028809","29.2849292755127","31.5129795074463","34.1486701965332","38.1870498657227","38.1964912414551","32.1159515380859","33.6823081970215","","33.748277762469","37.8316392308005","","37.7613735926037","36.5562467401951","39.5651127336917","41.4679350303496","45.6059511604064","47.2224585765419","49.7479336095907","52.0079285345787","56.6702386241865","61.7527576948989","56.6856508518751","56.6273684210526","",
"Togo","TGO","Children out of school (% of primary school age)","SE.PRM.UNER.ZS","","","","","","","","","","","","52.8563804626465","51.7132987976074","","","","","","35.230110168457","34.075611114502","33.8946495056152","","36.5043601989746","38.4648590087891","44.584358215332","46.0374412536621","49.9839210510254","41.0266914367676","40.2351684570312","39.6266212463379","38.2850608825684","35.8804702758789","","","34.8928489685059","27.4311599731445","21.0417404174805","24.2845802307129","","12.479100227356","16.5392208099365","14.5357103347778","10.6059598922729","13.7959995269775","11.1623201370239","11.7137699127197","8.66606044769287","12.8158597946167","11.3959503173828","","","","","","9.06250703167325","7.74081270988802","10.7183198928833","9.2267726664165","9.66898199219433","8.06120537943827","4.34724866408301","3.53334486965276","0.881169391609611","0.764924089821886","0.638596108257035","",
"Togo","TGO","Children out of school, primary, female","SE.PRM.UNER.FE","","","","","","","","","","","","132358","132536","","","","","","116303","114873","116461","","129413","134377","156593","165217","179601","164177","165056","167360","165059","159697","","","155888","137071","121789","134970","","92459","","96420","80432","92920","80817","81858","67684","85328","78317","","","","","","66754","60248","109429.317","72362","74750","55434","33315","31015","","","","",
"Togo","TGO","Adjusted net enrollment rate, primary (% of primary school age children)","SE.PRM.TENR","","","","","","","","","","","","51.37061","52.37885","","","","","","70.40387","71.61063","71.90201","","69.25949","66.86987","59.87843","58.02037","53.56068","62.64358","63.0018","63.21882","64.38609","66.91344","","","63.24378","72.19138","79.91571","77.78246","","88.63636","87.36033","90.26984","91.00874","91.12596","92.10259","92.44008","93.33284","90.31475","91.31586","","","","","","92.15809","94.05241","","92.61436","94.692","","","","","","","",
"Togo","TGO","Trained teachers in primary education, male (% of male teachers)","SE.PRM.TCAQ.MA.ZS","","","","","","","","","","","","","","","","","","","","","","","","","","","","","","","","","","","","","","","","28.8293209075928","","","","","","","","","","","77.1096236146165","71.3410855538949","82.7372740457745","77.2482443580828","","73.9702015775635","","","","78.4512683578104","77.4868501351312","77.9563354181144","80.8311797583989","83.1987709606773","84.3108401653703","",
"Togo","TGO","Repeaters, primary, female (% of female enrollment)","SE.PRM.REPT.FE.ZS","","","","","","","","","","","","34.66902","31.72084","","","","29.95771","","28.74166","31.03601","32.00549","36.70484","38.0367","36.25545","37.10026","38.14784","35.94403","35.86279","32.07833","38.1261","34.6716","36.6669","37.68904","","46.23151","33.66781","25.11047","","","31.568","27.10829","24.27154","23.152","24.25903","24.09699","23.25563","23.87284","24.01207","23.03331","22.70305","22.25325","21.74193","20.03853","17.87532","11.13255","8.8036","7.88594","7.92176","7.43678","","","","","","","",
"Togo","TGO","Persistence to grade 5, total (% of cohort)","SE.PRM.PRS5.ZS","","","","","","","","","","","","75.5187225341797","","","","","","","79.3158187866211","74.5023727416992","67.3318328857422","53.7446212768555","53.7646293640137","37.4365310668945","45.903018951416","51.4608688354492","73.5066604614258","62.3939514160156","61.2806396484375","67.9723281860352","68.388557434082","51.0705490112305","","","","70.8367309570312","","","","52.4820289611816","74.7403411865234","","69.2649765014648","76.7742462158203","75.2474594116211","84.6517791748047","","75.7142333984375","","77.6690979003906","60.7505493164062","74.9156723022461","70.8647308349609","60.7948608398438","","","","","","","74.5233917236328","80.2209625244141","69.8729400634766","73.9546585083008","","",
"Togo","TGO","Over-age students, primary (% of enrollment)","SE.PRM.OENR.ZS","","","","","","","","","","","","19.89409","24.99855","","","","","","26.3136","28.44201","30.29","","30.28504","29.44332","29.12658","27.87285","31.80392","25.22421","25.25684","28.15883","28.49174","29.60638","","","29.93398","28.50026","25.25036","27.40101","","23.85809","20.75889","20.24213","18.13543","17.58358","16.65438","15.96467","15.27524","15.43524","14.35598","","","","","","","19.09142","19.0915","18.20625","17.88988","","","","","","","",
"Togo","TGO","Net intake rate in grade 1, male (% of official school-age population)","SE.PRM.NINT.MA.ZS","","","","","","","","","","","","","","","","","","","","","","","","","","","","","","","","","","","","","","","","44.49956","44.37322","48.80365","48.03163","47.09658","45.97471","44.62413","49.33363","49.78752","","","60.35368","57.26068","58.15463","","","69.40834","","58.28317","","","","","","","","",
"Togo","TGO","School enrollment, primary (% net)","SE.PRM.NENR","","","","","","","","","","","","51.37061","52.37885","","","","","","70.40387","71.61063","71.90201","","69.25949","66.86987","59.87843","58.02037","53.56068","62.64358","63.0018","63.21882","64.38609","66.91344","","","63.24378","72.19138","79.91571","77.78246","","85.14646","85.65132","88.05615","88.32934","88.48861","89.11649","89.39777","90.3895","88.35913","88.98036","","","","","","90.31769","91.97388","89.86424","90.91577","90.73097","","","","","","","",
"Togo","TGO","School enrollment, primary, male (% gross)","SE.PRM.ENRR.MA","","","","","","","","","","","","84.8451385498047","91.6171798706055","99.1235427856445","102.135902404785","103.80078125","109.340782165527","114.00666809082","115.941329956055","120.42643737793","122.063400268555","122.057121276855","115.21630859375","109.162467956543","98.4104614257812","95.1583786010742","94.3911209106445","101.326461791992","101.19994354248","106.03971862793","107.516670227051","113.141098022461","110.572723388672","","114.634666442871","124.982780456543","129.58203125","129.481704711914","129.153900146484","133.560943603516","123.748306274414","124.168571472168","124.543838500977","121.140068054199","119.259819030762","117.626823425293","120.782211303711","114.21997833252","114.270439147949","130.816696166992","130.300523318455","127.737551896385","129.900377050256","129.443039857228","125.109721740861","127.884551472934","123.675151661243","121.424456834806","119.20067186143","118.99875411246","120.235110760271","118.272993259303","119.557058952222","117.504051863857","115.370168415334","",
"Togo","TGO","Primary education, pupils (% female)","SE.PRM.ENRL.FE.ZS","","","","","","","","","","","","31.00589","31.67232","32.22468","32.95388","33.6562","34.73209","35.75614","36.91806","37.93505","38.54611","39.15207","39.384","39.52804","39.10065","38.58928","38.32126","38.26214","38.59881","38.75249","39.28533","39.51422","39.97453","","40.00024","40.49692","40.89102","41.49753","42.18434","43.0758","43.82005","44.2829","44.89378","45.24251","45.62185","45.94279","46.25192","46.39655","46.73139","45.99858","47.36343","47.56901","47.92226","48.23437","48.402","48.6356","48.63565","48.69193","48.95802","","","","","","","",
"Togo","TGO","Educational attainment, at least completed primary, population 25+ years, male (%) (cumulative)","SE.PRM.CUAT.MA.ZS","","","","","","","","","","","8.03783988952637","","","","","","","","","","","","","","","","","","","","","","","","","","","","","","","","","","","","","","","39.4958915710449","","46.9478416442871","","","","","","58.8655891418457","","","","","58.2829208374023","","","",
"Togo","TGO","Primary completion rate, female (% of relevant age group)","SE.PRM.CMPT.FE.ZS","","","","","","","","","","","","11.8453798294067","14.8863096237183","","","","20.9328308105469","","27.9516105651856","29.0800495147705","30.4502296447754","28.4948596954346","28.0114898681641","27.591459274292","23.3776206970215","18.5538806915283","19.1425704956055","18.2054805755615","22.5022792816162","17.6040802001953","21.7920703887939","22.166540145874","22.9538097381592","","19.224609375","26.6188201904297","30.4278793334961","","","39.9321517944336","48.4663391113281","55.25537109375","","57.9751396179199","60.214241027832","59.7477684020996","59.8915710449219","","54.1515884399414","54.3446807861328","59.4183212308942","61.3782308062071","65.5374139873888","70.5583519761372","77.5245816018348","","89.9182051644776","87.3676818915463","85.7050661503711","82.7554152585865","83.2259942168313","83.5053792727768","84.1535267876861","86.9600994449989","90.9533532275797","",
"Togo","TGO","Trained teachers in preprimary education, female (% of female teachers)","SE.PRE.TCAQ.FE.ZS","","","","","","","","","","","","","","","","","","","","","","","","","","","","","","","","","","","","","","","","","38.6740303039551","39.4342803955078","39.9696006774902","35.9746398925781","","","","","","","55.1617873651772","54.4758539458186","49.3389740877842","","","62.7698345948977","","","63.4203809149813","68.42287694974","63.992563992564","64.7499659354135","72.6130653266332","78.6381631037213","81.8962613674638","",
"Togo","TGO","Pupil-teacher ratio, preprimary","SE.PRE.ENRL.TC.ZS","","","","","","","","","","","","61.93421","50.2377","55.54688","52.7029","46.58209","50.54887","42.64063","42.52778","40.77778","38.82635","33.5913","33.96226","28.55015","26.9621","26.81792","26.75824","32.16993","29.69688","29.17015","27.12766","28.58747","","","26.6481","25.56456","23.21525","22.36461","20.69155","19.86042","16.90323","16.2291","16.70442","18.45809","20.22118","","23.7209","25.46163","29.20404","25.20381","26.05711","30.5374","32.68218","29.24426","30.00836","30.6783","","29.19395","28.43509","","","","","","","",
"Togo","TGO","Primary school age children out-of-school (%)","SE.LPV.PRIM.SD","","","","","","","","","","","","","","","","","","","","","","","","","","","","","","","","","","","","","","","","","","","","","","","","","","","","","","","5.30799865722656","","","","","5.30799865722656","","","","","","",
"Togo","TGO","Pupils below minimum reading proficiency at end of primary (%). Low GAML threshold","SE.LPV.PRIM.LD","","","","","","","","","","","","","","","","","","","","","","","","","","","","","","","","","","","","","","","","","","","","","","","","","","","","","","","84.2051849365234","","","","","80.6297454833984","","","","","","",
"Togo","TGO","School enrollment, secondary (gross), gender parity index (GPI)","SE.ENR.SECO.FM.ZS","","","","","","","","","","","","0.287299990653992","0.327259987592697","0.308290004730225","0.310189992189407","0.300929993391037","0.310900002717972","0.294860005378723","0.298249989748001","0.310909986495972","0.316689997911453","","0.337020009756088","0.33092001080513","0.32328000664711","0.31343999505043","0.307810008525848","0.305200010538101","0.323000013828278","0.310119986534119","0.338750004768372","0.33517000079155","0.323780000209808","","0.338220000267029","0.348800003528595","0.348969995975494","0.360249996185303","","0.398259997367859","0.445060014724731","0.457139998674393","0.476110011339188","0.491380006074905","0.514370024204254","0.530260026454926","0.545520007610321","0.528900027275085","","","","","","","","","","0.727500021457672","","","","0.81344997882843","","","","",
"Togo","TGO","Literacy rate, adult total (% of people ages 15 and above)","SE.ADT.LITR.ZS","","","","","","","","","","","","","","","","","","","","","","","","","","","","","","","","","","","","","","","","","53.1800003051758","","","","","","56.8899993896484","","","57.0900001525879","57.2000007629395","60.4099998474121","","","","63.75","","60.9537021917226","","66.5400009155273","","","72.5999984741211","","","",
"Togo","TGO","Literacy rate, youth male (% of males ages 15-24)","SE.ADT.1524.LT.MA.ZS","","","","","","","","","","","","","","","","","","","","","","","","","","","","","","","","","","","","","","","","","83.7900009155273","","","","","","84.8600006103516","","","87.629997253418","86.4000015258789","86.9199981689453","","","88.61","89.6699981689453","","89.4400024414062","","92.0800018310547","","","93.3300018310547","","","",
"Togo","TGO","Coverage of social insurance programs in richest quintile (% of population)","per_si_allsi.cov_q5_tot","","","","","","","","","","","","","","","","","","","","","","","","","","","","","","","","","","","","","","","","","","","","","","","","","","","","9.1508362651157","","","","","","","6.73504162776269","","","8.79716088035848","","","","",
"Togo","TGO","Coverage of social insurance programs in poorest quintile (% of population)","per_si_allsi.cov_q1_tot","","","","","","","","","","","","","","","","","","","","","","","","","","","","","","","","","","","","","","","","","","","","","","","","","","","","0","","","","","","","0.440237901619097","","","0.234935304250796","","","","",
"Togo","TGO","Coverage of social safety net programs in richest quintile (% of population)","per_sa_allsa.cov_q5_tot","","","","","","","","","","","","","","","","","","","","","","","","","","","","","","","","","","","","","","","","","","","","","","","","","","","","","","","","","","","7.23180872742515","","","16.6637350050682","","","","",
"Togo","TGO","Coverage of social safety net programs in poorest quintile (% of population)","per_sa_allsa.cov_q1_tot","","","","","","","","","","","","","","","","","","","","","","","","","","","","","","","","","","","","","","","","","","","","","","","","","","","","","","","","","","","17.0044061443239","","","17.2387587691287","","","","",
"Togo","TGO","Coverage of unemployment benefits and ALMP in richest quintile (% of population)","per_lm_alllm.cov_q5_tot","","","","","","","","","","","","","","","","","","","","","","","","","","","","","","","","","","","","","","","","","","","","","","","","","","","","","","","","","","","","","","","","","","",
"Togo","TGO","Coverage of unemployment benefits and ALMP in poorest quintile (% of population)","per_lm_alllm.cov_q1_tot","","","","","","","","","","","","","","","","","","","","","","","","","","","","","","","","","","","","","","","","","","","","","","","","","","","","","","","","","","","","","","","","","","",
"Togo","TGO","Coverage of social protection and labor programs (% of population)","per_allsp.cov_pop_tot","","","","","","","","","","","","","","","","","","","","","","","","","","","","","","","","","","","","","","","","","","","","","","","","","","","","3.00957537816722","","","","","","","12.3810421662793","","","18.2241521910335","","","","",
"Togo","TGO","Price level index (Households and NPISHs Final consumption expenditure)","PA.NUS.PRVT.PLI","","","","","","","","","","","","","","","","","","","","","","","","","","","","","","","56.5749533287948","52.5855437079111","55.1559310668176","49.5756610655224","34.2922072522811","43.1997088392043","42.8714476566924","39.7454119043202","39.0987647623705","36.6554973865741","31.3007165956173","30.6751450046337","32.8555691694841","38.0742440299733","40.9376563969581","42.2863645099224","42.2653538916243","45.2770183293618","50.8620867117317","50.2045144078243","47.6273998300465","50.2042142658417","45.9609396342305","48.8395516949817","48.1552373520065","41.1719762870903","41.1798310522389","41.585741181517","42.6668351462504","39.3890982720385","39.112191078326","39.7935928130591","35.3654949953386","36.8473085841899","36.8298323886051","37.5287825501918",
"Togo","TGO","DEC alternative conversion factor (LCU per US$)","PA.NUS.ATLS","245.195101","245.260102","245.013851","245.016351","245.027184","245.060934","245.678437","246.000938","247.564694","259.960574","276.403137","275.356457","252.027627","222.889183","240.704668","214.3129","238.950494","245.679687","225.65586","212.721644","211.279555","271.731453","328.606253","381.066036","436.956666","449.262963","346.305904","300.536562","297.848219","319.008299","272.264788","282.106909","264.691801","283.162579","555.204696","499.148426","511.55243","583.669372","589.951775","615.473349","710.207977","732.397693","693.713227","579.897426","527.338032","527.258363","522.425625","478.633718","446.000041","470.293423","494.794262","471.248626","510.556338","493.899624","493.75733","591.211698","592.605615","580.65675","555.446458","585.911013","575.586005","554.530675","623.759701","606.56975","606.345298","581.928481",
"Togo","TGO","Net secondary income (Net current transfers from abroad) (current US$)","NY.TRF.NCTR.CD","","","","","","","","","","","","","","","38096477.6304214","41108118.0834191","37371757.8503939","42046618.2049475","50164883.819104","83019290.6933344","86189125.1143538","68744342.2311513","66584247.2571573","65133067.9074217","73073607.715599","77148580.796766","110364852.45715","104047240.681485","126608109.75002","115200764.729948","132150764.938432","110596369.690471","90293692.1722029","63249883.029212","80114596.148877","117640358.942051","84859336.9012048","99354193.9699382","89617494.5825021","71392205.8061364","68120890.7345179","77266764.4107393","91608459.4131575","127953663.308725","169701395.63156","187820633.961191","243862463.67605","279378562.293432","325156920.781539","337023637.262305","356085374.328775","270890975.499629","242173078.262717","262401495.571902","320325371.16968","316746100.64972","341522244.941942","400351842.977801","421822835.712457","518037710.958678","604137343.471372","656024576.818947","700825974.007577","669212403.025373","668597581.835293","",
"Togo","TGO","CPIA business regulatory environment rating (1=low to 6=high)","IQ.CPA.BREG.XQ","","","","","","","","","","","","","","","","","","","","","","","","","","","","","","","","","","","","","","","","","","","","","","3","3","3","3","3","3","2.5","3","3","3","3","3","3","3.5","3.5","3.5","3.5","4","4","4","4",
"Togo","TGO","Patent applications, nonresidents","IP.PAT.NRES","","","","","","","","","","","","","","","","","","","","","","","","","","","","","","","","","","","","","","","","","","","","","","","","","","","","","","","","","","","","","","","","","","",
"Togo","TGO","Public private partnerships investment in water and sanitation (current US$)","IE.PPN.WATR.CD","","","","","","","","","","","","","","","","","","","","","","","","","","","","","","","","","","","","","","","","","","","","","","","","","","","","","","","","","","","","","","","","","","",
"Togo","TGO","Investment in water and sanitation with private participation (current US$)","IE.PPI.WATR.CD","","","","","","","","","","","","","","","","","","","","","","","","","","","","","","","","","","","","","","","","","","","","","","","","","","","","","","","","","","","","","","","","","","",
"Togo","TGO","Number of visits or required meetings with tax officials (average for affected firms)","IC.TAX.METG","","","","","","","","","","","","","","","","","","","","","","","","","","","","","","","","","","","","","","","","","","","","","","","","","","1.738782644","","","","","","","2.776119709","","","","","","","1.725901365","","",
"Togo","TGO","Firms offering formal training (% of firms)","IC.FRM.TRNG.ZS","","","","","","","","","","","","","","","","","","","","","","","","","","","","","","","","","","","","","","","","","","","","","","","","","","30.95679283","","","","","","","33.66146088","","","","","","","37.91307068","","",
"Togo","TGO","Firms visited or required meetings with tax officials (% of firms)","IC.FRM.METG.ZS","","","","","","","","","","","","","","","","","","","","","","","","","","","","","","","","","","","","","","","","","","","","","","","","","","67.35273743","","","","","","","76.67997742","","","","","","","66.62839508","","",
"Togo","TGO","Firms with female participation in ownership (% of firms)","IC.FRM.FEMO.ZS","","","","","","","","","","","","","","","","","","","","","","","","","","","","","","","","","","","","","","","","","","","","","","","","","","31.84492683","","","","","","","25.26105118","","","","","","","24.95962524","","",
"Togo","TGO","Time required to obtain an operating license (days)","IC.FRM.DURS","","","","","","","","","","","","","","","","","","","","","","","","","","","","","","","","","","","","","","","","","","","","","","","","","","56.348423","","","","","","","78.37929535","","","","","","","8.496165276","","",
"Togo","TGO","Firms monitoring own CO2 emissions (% of firms)","IC.FRM.CO2.ZS","","","","","","","","","","","","","","","","","","","","","","","","","","","","","","","","","","","","","","","","","","","","","","","","","","","","","","","","","","","","","","","","8.014247894","","",
"Togo","TGO","Firms using banks to finance investment (% of firms)","IC.FRM.BNKS.ZS","","","","","","","","","","","","","","","","","","","","","","","","","","","","","","","","","","","","","","","","","","","","","","","","","","16.85177231","","","","","","","25.66238022","","","","","","","22.08039093","","",
"Togo","TGO","Time to obtain an electrical connection (days)","IC.ELC.DURS","","","","","","","","","","","","","","","","","","","","","","","","","","","","","","","","","","","","","","","","","","","","","","","","","","53.91662598","","","","","","","71.900177","","","","","","","16.71417046","","",
"Togo","TGO","New business density (new registrations per 1,000 people ages 15-64)","IC.BUS.NDNS.ZS","","","","","","","","","","","","","","","","","","","","","","","","","","","","","","","","","","","","","","","","","","","","","","","0.0110928761549333","0.0209169952620101","0.0391852180953391","0.180506206236147","0.188335371410157","0.203508401674123","0.219358571220865","0.213781606536681","0.219110895607969","0.290994220882889","0.413278305627408","0.451569504035791","0.653507931032841","0.769765515474226","0.969325812869447","1.07478370576798","1.05359430581492","1.12791376149144","1.0397366612248","",
"Togo","TGO","B-READY: Utility Services: Overall Score","IC.BRE.US.OS","","","","","","","","","","","","","","","","","","","","","","","","","","","","","","","","","","","","","","","","","","","","","","","","","","","","","","","","","","","","","","","","","65.0404029488564","",
"Togo","TGO","B-READY: Taxation: Overall Score","IC.BRE.TX.OS","","","","","","","","","","","","","","","","","","","","","","","","","","","","","","","","","","","","","","","","","","","","","","","","","","","","","","","","","","","","","","","","","58.6805559794108","",
"Togo","TGO","B-READY: Market Competition Pillar 3:  Implementation of Key Services Promoting Market Competition","IC.BRE.MC.P3","","","","","","","","","","","","","","","","","","","","","","","","","","","","","","","","","","","","","","","","","","","","","","","","","","","","","","","","","","","","","","","","","36.768516421318","",
"Togo","TGO","B-READY: Labor Pillar 3: Operational Efficiency of Labor Regulations and Public Services in Practice","IC.BRE.LB.P3","","","","","","","","","","","","","","","","","","","","","","","","","","","","","","","","","","","","","","","","","","","","","","","","","","","","","","","","","","","","","","","","","69.5000003576278","",
"Togo","TGO","B-READY: International Trade Pillar 3: Efficiency of Importing Goods, Exporting Goods, and Engaging in Digital Trade","IC.BRE.IT.P3","","","","","","","","","","","","","","","","","","","","","","","","","","","","","","","","","","","","","","","","","","","","","","","","","","","","","","","","","","","","","","","","","56.899998486042","",
"Togo","TGO","B-READY: Financial Services Pillar 3: Operational Efficiency of Receiving Financial Services","IC.BRE.FS.P3","","","","","","","","","","","","","","","","","","","","","","","","","","","","","","","","","","","","","","","","","","","","","","","","","","","","","","","","","","","","","","","","","50.3999999538064","",
"Togo","TGO","B-READY: Dispute Resolution Pillar 3:  Ease of Resolving a Commercial Dispute","IC.BRE.DR.P3","","","","","","","","","","","","","","","","","","","","","","","","","","","","","","","","","","","","","","","","","","","","","","","","","","","","","","","","","","","","","","","","","60.2666664123535","",
"Togo","TGO","B-READY: Business Location Pillar 3: Operational Efficiency of Establishing a Business Location","IC.BRE.BL.P3","","","","","","","","","","","","","","","","","","","","","","","","","","","","","","","","","","","","","","","","","","","","","","","","","","","","","","","","","","","","","","","","","91.199999332428","",
"Togo","TGO","B-READY: Business Insolvency Pillar 3: Operational Efficiency of Resolving Judicial Insolvency Proceedings","IC.BRE.BI.P3","","","","","","","","","","","","","","","","","","","","","","","","","","","","","","","","","","","","","","","","","","","","","","","","","","","","","","","","","","","","","","","","","50.25","",
"Togo","TGO","B-READY: Business Entry Pillar 3: Operational Efficiency of Business Entry","IC.BRE.BE.P3","","","","","","","","","","","","","","","","","","","","","","","","","","","","","","","","","","","","","","","","","","","","","","","","","","","","","","","","","","","","","","","","","99.25","",
"Togo","TGO","Human capital index plus (HCI+): overall score, total (scale 0–325)","HD_HCIP_OVRL_TO","","","","","","","","","","","","","","","","","","","","","","","","","","","","","","","","","","","","","","","","","","","","","","","","","","","123.556798270447","","","","","133.138680662451","","","","","129.945757266484","","","","","136.164178497012",
"Togo","TGO","Human capital index plus (HCI+): on-the-job learning pillar score, male (scale -30–87)","HD_HCIP_OTJL_MA","","","","","","","","","","","","","","","","","","","","","","","","","","","","","","","","","","","","","","","","","","","","","","","","","","","","","","","","37.1689252266711","","","","","40.2353253133119","","","","","39.796718149193",
"Togo","TGO","Human capital index plus (HCI+): health pillar score, female (scale 0–50)","HD_HCIP_HLTH_FE","","","","","","","","","","","","","","","","","","","","","","","","","","","","","","","","","","","","","","","","","","","","","","","","","","","35.842489374876","","","","","36.0177092206478","","","","","37.7992990100384","","","","","38.4584309756756",
"Togo","TGO","Voice and Accountability - Governance score (0-100)","GOV_WGI_VA_SC","","","","","","","","","","","","","","","","","","","","","","","","","","","","","","","","","","","","","35.6371714","","30.9770969","","32.322606","","30.1642551","31.7063311","35.2139034","34.0617513","36.4802925","39.0042687","41.0110008","39.9031545","41.262193","42.2317294","39.9267356","40.9371246","41.3803226","42.794914","43.6712549","43.7066117","43.3722896","44.0656997","44.0004539","41.2623331","41.9199453","41.7711269","39.8403293","",
"Togo","TGO","Regulatory Quality - Governance score (0-100)","GOV_WGI_RQ_SC","","","","","","","","","","","","","","","","","","","","","","","","","","","","","","","","","","","","","41.2705794","","39.8577298","","37.7473434","","38.8299599","38.8304047","35.5897042","36.4910456","39.7395325","38.5560593","39.3998239","40.4708233","41.2386817","38.8907588","40.9709334","38.794878","41.7751939","42.2395219","42.4801023","42.6030799","44.0957976","45.0661579","47.134974","47.2652648","48.225645","48.4869254","48.4262622","",
"Togo","TGO","Rule of Law - Governance score (0-100)","GOV_WGI_RL_SC","","","","","","","","","","","","","","","","","","","","","","","","","","","","","","","","","","","","","41.6628909","","42.4306948","","42.5953014","","38.8137881","36.4646544","39.0071331","37.0343373","40.0548502","39.8884158","42.123532","41.7634582","42.5360312","43.3710739","41.2308988","39.976939","41.3616468","42.9361302","43.2062246","43.0745231","45.0064693","44.8662899","46.3616797","46.0737756","45.3413466","46.1171793","46.0727275","",
"Togo","TGO","Political Stability - Governance score (0-100)","GOV_WGI_PV_SC","","","","","","","","","","","","","","","","","","","","","","","","","","","","","","","","","","","","","58.9501215","","55.8959211","","58.4722569","","61.8368573","56.7422238","54.3251261","34.2055238","49.9202323","56.3119469","59.8780042","58.7453746","59.4153542","59.3177841","54.7722968","57.2523351","60.7675952","58.8716862","61.1081459","51.6162525","50.9850122","51.3671208","52.1008968","54.4799059","52.9056229","50.2031737","52.0677499","",
"Togo","TGO","Carbon dioxide (CO2) emissions from Industrial Processes (Mt CO2e)","EN.GHG.CO2.IP.MT.CE.AR5","","","","","","","","","","","0.2019","0.029","0.0588","0.0624","0.0671","0.0772","0.0807","0.1185","0.1592","0.1449","0.1484","0.1345","0.1307","0.1118","0.1163","0.134","0.1573","0.1703","0.1729","0.1764","0.1798","0.1744","0.158","0.1578","0.1585","0.1579","0.1845","0.1879","0.2208","0.2616","0.3022","0.345","0.3454","0.3457","0.347","0.3466","0.3317","0.3184","0.4914","0.432","0.446","0.4257","0.5838","0.6262","0.5813","0.5344","0.6097","0.5668","0.4611","0.6644","0.6262","0.666","0.6862","0.6856","0.6941","",
"Togo","TGO","Carbon dioxide (CO2) emissions from Agriculture (Mt CO2e)","EN.GHG.CO2.AG.MT.CE.AR5","","","","","","","","","","","","","","","","","","","","","","","","","","","","","","","","","","","","","","","","","","","","","","","","","","","","","","","","","","","","","","","","","","",
"Togo","TGO","Methane (CH4) emissions from Power Industry (Energy) (Mt CO2e)","EN.GHG.CH4.PI.MT.CE.AR5","","","","","","","","","","","0.0001","0.0001","0.0001","0.0001","0.0001","0.0001","0.0001","0.0001","0.0001","0.0001","0","0","0","0","0.0001","0","0","0","0.0001","0","0.0001","0.0001","0","0.0001","0.0001","0.0001","0.0001","0.0001","0.0002","0.0001","0.0001","0.0002","0.0001","0.0001","0.0001","0.0001","0.0002","0.0002","0.0001","0.0001","0.0001","0.0001","0.0001","0.0001","0.0003","0.0002","0.0006","0.0003","0.0002","0.0001","0.0002","0.0003","0.0003","0.0003","0.0004","",
"Togo","TGO","Methane (CH4) emissions from Fugitive Emissions (Energy) (Mt CO2e)","EN.GHG.CH4.FE.MT.CE.AR5","","","","","","","","","","","0.4171","0.4137","0.4204","0.427","0.4267","0.433","0.4391","0.445","0.4522","0.461","0.4698","0.4764","0.4876","0.4985","0.5092","0.5195","0.5326","0.5541","0.5664","0.5784","0.5901","0.6445","0.7018","0.7648","0.8335","0.908","0.9911","1.0799","1.1773","1.2546","1.2861","1.3176","1.3491","1.3806","1.415","1.458","1.4838","1.5181","1.5554","1.6728","1.7215","1.7702","1.8189","1.8666","1.9124","1.9582","2.0041","2.047","2.0528","2.1015","2.153","2.2017","2.2533","2.3029","2.3029","",
"Togo","TGO","Total greenhouse gas emissions excluding LULUCF (Mt CO2e)","EN.GHG.ALL.MT.CE.AR5","","","","","","","","","","","1.9678","1.7676","1.9006","1.8617","1.863","1.981","1.9542","2.0777","2.1572","2.2076","2.1005","2.1265","2.365","2.162","2.2812","2.3352","2.6612","2.8035","3.0089","3.0437","3.2488","3.1303","2.8717","2.7993","3.2532","3.2052","3.8932","3.8134","4.2199","4.7182","4.7254","4.7178","4.8943","5.2488","5.2731","5.4548","5.4302","5.4985","5.9843","7.3898","7.2961","7.2213","7.5998","7.4794","7.2483","7.2801","8.0746","7.8173","8.2848","8.7286","9.3529","9.745","10.1281","10.5451","10.8443","",
"Togo","TGO","Disaster risk reduction progress score (1-5 scale; 5=best)","EN.CLC.DRSK.XQ","","","","","","","","","","","","","","","","","","","","","","","","","","","","","","","","","","","","","","","","","","","","","","","","","","","","","","","","","","","","","","","","","","",
"Togo","TGO","PM2.5 pollution, population exposed to levels exceeding WHO Interim Target-2 value (% of total)","EN.ATM.PM25.MC.T2.ZS","","","","","","","","","","","","","","","","","","","","","","","","","","","","","","","100","","","","","100","","","","","100","","","","","100","","","","","100","100","99.9999999999833","100","66.0273486864531","100","100","100","","","","","","","","",
"Togo","TGO","Electric power consumption (kWh per capita)","EG.USE.ELEC.KH.PC","","","","","","","","","","","","","","","","","","","","","","","","","","","","","","","92.3527357545905","85.8046646345611","94.5943643627429","72.5313492322737","82.4756421509955","103.63828777871","105.566451401214","106.785762078619","108.312727184847","115.951248179823","98.0408142446405","101.954591871691","99.6592489153851","106.516893695752","111.14645581029","113.427402952142","112.394571737182","105.419850209874","107.477285736956","126.571005518561","125.992208401546","136.910818139053","157.205339931749","93.1040082084494","186.23036869577","98.9888711054596","137.899735643568","187.182925640456","139.041479948395","185.828600675203","180.789706902392","181.573594134001","217.261547705331","245.748645707303","","",
"Togo","TGO","Alternative and nuclear energy (% of total energy use)","EG.USE.COMM.CL.ZS","","","","","","","","","","","","","","","","","","","","","","","","","","","","","","","0.64","1.28","0.84","1.5","0.85","1.4","0.93","0.46","0.8","0.42","0.41","0.2","0.34","0.46","0.3","0.27","0.33","0.32","0.3","0.3","0.26","0.29","0.24","0.1","0.33","0.16","0.53","0.29","0.52","0.32","0.2","0.33","0.4","0.41","","",
"Togo","TGO","Renewable energy consumption (% of total final energy consumption)","EG.FEC.RNEW.ZS","","","","","","","","","","","","","","","","","","","","","","","","","","","","","","","78.7","82.1","85.8","91.5","81.6","81.5","73.1","79.6","77.8","73.1","77.1","82","78.7","74.8","76.1","77.2","79.7","79.9","76.5","63.4","65.8","69.1","72.7","76.2","81.4","81","80.7","78.4","76.7","78.6","76.2","75.1","","","","",
"Togo","TGO","Electricity production from oil sources (% of total)","EG.ELC.PETR.ZS","","","","","","","","","","","","","","","","","","","","","","","","","","","","","","","39.873417721519","31.8021201413428","23.3532934131737","20.4152249134948","40.080971659919","17.4757281553398","20.1680672268908","35.4166666666667","42.8571428571429","51.8691588785047","42.8571428571429","59.8360655737705","42.483660130719","29.5454545454545","55.3763440860215","59.7883597883598","57.2072072072072","47.9591836734694","24.390243902439","25","45.8100558659218","13.1782945736434","9.49720670391061","37.5796178343949","41.5458937198068","50.3333333333333","47.0982142857143","66.5718349928876","30.0168634064081","1.16666666666667","10.3109656301146","0.64","0.361881785283474","0.278551532033426","","",
"Togo","TGO","Electricity production from hydroelectric sources (% of total)","EG.ELC.HYRO.ZS","","","","","","","","","","","","","","","","","","","","","","","","","","","","","","","60.126582278481","68.1978798586572","76.6467065868264","79.5847750865052","59.919028340081","82.5242718446602","79.8319327731092","64.5833333333333","57.1428571428571","48.1308411214953","57.1428571428571","40.1639344262295","56.2091503267974","69.3181818181818","43.5483870967742","39.1534391534392","40.990990990991","46.9387755102041","73.9837398373984","72.3684210526316","51.9553072625698","82.1705426356589","49.7206703910614","23.5668789808917","57.9710144927536","18.6666666666667","45.5357142857143","15.3627311522048","33.7268128161889","20.3333333333333","12.2749590834697","13.6","9.40892641737033","12.8133704735376","","",
"Togo","TGO","Access to electricity, urban (% of urban population)","EG.ELC.ACCS.UR.ZS","","","","","","","","","","","","","","","","","","","","","","","","","","","","","","","","","","","","","","","41.2","42.9995880126953","38.5","47.9","50.2","52.6","55","57.4","64.9","62.2","64.7","67.2","66.5","77.9","76.3","78.1","83.2","82","84.4","88.8","83.1","91.6","94","96.3","96.5","95","96","",
"Togo","TGO","Access to clean fuels and technologies for cooking, urban (% of urban population)","EG.CFT.ACCS.UR.ZS","","","","","","","","","","","","","","","","","","","","","","","","","","","","","","","","","","","","","","","","","0.6","0.8","1.2","1.6","2.2","2.8","3.6","4.5","5.4","6.5","7.8","9","10.3","11.7","13.1","14.6","16.1","17.4","19","20.6","21.9","23.5","24.9","26.4","","",
"Togo","TGO","Public and publicly guaranteed debt service (% of exports of goods, services and primary income)","DT.TDS.DPPG.XP.ZS","","","","","","","","","","","","","","","3.62317311800095","9.45883546298752","12.1647724548069","24.245186768728","15.6235376102933","8.14981037580388","6.63739537974548","14.4441725283874","15.6284145950529","13.8181700060677","19.3862808943704","22.9396514264187","25.7235608983719","11.4278894635938","16.6608076656537","10.1659996269599","8.63012891661771","5.82867113012356","3.33074735673833","3.45216117867192","2.96305859426307","2.96694797135599","7.24187133422469","7.60977109183987","4.76739459401395","5.52472467489319","3.18518965401162","4.09421097366453","0.480430387899876","0.458654789853404","0.548465190389486","0.966837861311022","1.95902077246567","0.545229977763138","15.6636999619287","4.14406028056292","2.61922579023129","0.756969098037504","1.18983534383332","2.17202924422319","2.26847600999663","2.39867816892426","3.56839190135537","4.07919041185963","4.23240690595753","4.50193506191921","4.39617716496441","","","","","",
"Togo","TGO","IMF repurchases and charges (TDS, current US$)","DT.TDS.DIMF.CD","","","","","","","","","","","0","0","0","0","0","0","0","0","9410477.3","1962627.7","87206.2","1150846.9","2032819.7","2114949.5","9957201.5","15455867.2","11916914.2","23493021.3","32121779.7","28322961.4","19813434.7","11171453.2","12197175.9","9618351.4","7151720.3","11632659.7","12194994.2","12071061.7","11950496.1","10475094.9","10373070.8","10884613","9992607.7","14038786.9","16626172.1","11803536.2","7113811.3","7261707.9","1959647","589851.3","351173.8","118623.6","32317.9","1913965.2","12278625.1","16281613.3","24160607.2","26514439.4","25236488.7","16216816.7","11952516.2","1413169.3","7086050","27554783.5","37514384.9","",
"Togo","TGO","Net ODA received (% of central government expense)","DT.ODA.ODAT.XP.ZS","","","","","","","","","","","","","","","","","","","","","","","","","","","","","","","","","","","","","","","","","","","","","21.9305713060895","24.3308339181176","20.8799353370003","27.976042700183","75.0697030657452","99.3302784162694","81.1254669018802","92.5472350704272","36.1668813571242","29.2927949289314","28.5549148986461","26.8137682822414","20.3616736263758","46.9099728095423","35.1439927968418","43.2029035667151","52.7900893273651","31.287105323248","32.5525117250227","39.4935474022271","","",
"Togo","TGO","Net ODA received (% of GNI)","DT.ODA.ODAT.GN.ZS","0.0644852281309853","1.65274490550176","2.42417123878706","3.2292438200822","6.28399998176485","5.1601832582212","3.99239576589474","4.36050309611504","5.62272605285153","4.68500462419466","4.78589258928628","4.81446655833933","4.63191326174008","4.60023813266918","4.87718433405532","4.81008274534382","4.91531555456956","5.89214060910953","8.90995782268584","8.84601667994605","5.77995936311873","4.69636655138007","6.83377641608739","10.6930427904081","11.0995354824413","10.6755887673157","11.6972990401978","7.06432295142303","10.8248073691909","10.6425440266309","11.3902751878219","8.92064469768258","9.4106625098073","5.47190642713611","9.28287106657914","10.5392845847132","7.60624815307516","5.99299106111148","5.79101758037706","3.26904305243628","3.3512788863041","2.23303001742668","2.14033653859319","1.68959799229878","2.06326412063306","2.59168474504698","2.43150425641595","3.28409842892058","7.23397812253565","10.5153774076447","8.35462242966074","9.58901263947118","4.52211105280759","3.74264885538888","3.27577089750294","3.38311172899741","2.7515700899264","5.39611738507745","4.77675656828307","5.76916765205899","7.47384425103709","4.11363457117729","4.9626430205307","6.31099457668382","","",
"Togo","TGO","Net official aid received (current US$)","DT.ODA.OATL.CD","","","","","","","","","","","","","","","","","","","","","","","","","","","","","","","","","","","","","","","","","","","","","","","","","","","","","","","","","","","","","","","","","","",
"Togo","TGO","Net official flows from UN agencies, WHO (current US$)","DT.NFL.WHOL.CD","","","","","","","","","","","","","","","","","","","","","","","","","","","","","","","","","","","","","","","","","","","","","","","","","","","","819999.992847443","1189743.04199219","846445.977687836","983832.001686096","1331379.05597687","893710.017204285","1214256.04820251","977922.022342682","874584.972858429","576848.983764648","3315200.09040833","2141685.962677","2105729.10308838","","",
"Togo","TGO","Net official flows from UN agencies, UNTA (current US$)","DT.NFL.UNTA.CD","","","","","","","","","","419999.986886978","330000.013113022","409999.996423721","519999.980926514","330000.013113022","310000.002384186","280000.001192093","449999.988079071","460000.00834465","400000.005960464","409999.996423721","140000.000596046","500000","419999.986886978","540000.021457672","469999.998807907","519999.980926514","649999.976158142","750000","589999.973773956","1049999.95231628","1129999.99523163","1100000.02384186","750000","990000.009536743","1080000.04291534","2579999.92370605","1190000.05722046","1440000.05722046","1139999.98569489","1399999.97615814","1500000","1279999.97138977","1659999.9666214","1669999.95708466","1759999.99046326","2109999.89509583","1110000.01430511","1500000","490000.009536743","","","","","","","","","","","","","","","","","",
"Togo","TGO","Net official flows from UN agencies, UNIDIR (current US$)","DT.NFL.UNID.CD","","","","","","","","","","","","","","","","","","","","","","","","","","","","","","","","","","","","","","","","","","","","","","","","","","","","","","","","","","","","","","","","","","",
"Togo","TGO","Net bilateral aid flows from DAC donors, Netherlands (current US$)","DC.DAC.NLDL.CD","","","","","","","","","","","50000.0007450581","59999.9986588955","59999.9986588955","100000.001490116","119999.997317791","70000.0002980232","109999.999403954","349999.994039536","1149999.97615814","939999.997615814","490000.009536743","509999.990463257","720000.028610229","500000","720000.028610229","769999.980926514","920000.016689301","910000.026226044","540000.021457672","579999.983310699","1230000.01907349","1149999.97615814","1450000.04768372","1100000.02384186","800000.011920929","1100000.02384186","660000.026226044","400000.005960464","170000.001788139","19999.9995529652","19999.9995529652","1029999.97138977","509999.990463257","1480000.01907349","1190000.05722046","5320000.17166138","","","13199999.8092651","879999.995231628","17620000.8392334","","","","","","","","","","","","","","","",
"Togo","TGO","Net bilateral aid flows from DAC donors, Japan (current US$)","DC.DAC.JPNL.CD","","","","","","","","","","","","","9999.99977648258","","39999.9991059303","","109999.999403954","140000.000596046","189999.997615814","9999.99977648258","1340000.0333786","1169999.95708466","920000.016689301","2210000.03814697","2630000.11444092","1730000.01907349","19209999.0844727","3759999.99046326","9680000.30517578","15590000.1525879","9329999.92370605","8800000.19073486","1909999.9666214","3480000.01907349","1740000.00953674","680000.007152557","26680000.3051758","27520000.4577637","11000000","9390000.34332275","8500000","2869999.88555908","340000.003576279","340000.003576279","769999.980926514","759999.990463257","439999.997615814","460000.00834465","330000.013113022","34090000.1525879","7539999.96185303","9270000.45776367","15630000.1144409","23750000","10170000.0762939","4239999.77111816","3339999.91416931","16663284.3017578","27118408.203125","18314601.8981934","5854057.78884888","4041952.13317871","5402008.05664063","15003523.8265991","","",
"Togo","TGO","Net bilateral aid flows from DAC donors, Hungary (current US$)","DC.DAC.HUNL.CD","","","","","","","","","","","","","","","","","","","","","","","","","","","","","","","","","","","","","","","","","","","","","","","","","","","","","","","","426.000013248995","422.999990405515","","","1638.0000161007","2163.99994678795","8015979.7668457","","","","",
"Togo","TGO","Net bilateral aid flows from DAC donors, Finland (current US$)","DC.DAC.FINL.CD","","","","","","","","","","","","","","","","","","","","","9999.99977648258","","","","","","","","","","9999.99977648258","","","","","","","100000.001490116","50000.0007450581","","","","","","","289999.99165535","379999.995231628","119999.997317791","159999.996423721","200000.002980232","409999.996423721","319999.992847443","225575.998425484","343836.99297905","293668.001890183","312579.00595665","293042.987585068","317900.985479355","38676.9995093346","","","","","","","",
"Togo","TGO","Net bilateral aid flows from DAC donors, Germany (current US$)","DC.DAC.DEUL.CD","9999.99977648258","1360000.01430511","460000.00834465","1429999.94754791","5219999.79019165","3730000.01907349","5309999.94277954","5309999.94277954","2569999.9332428","3559999.94277954","5110000.1335144","3119999.88555908","2589999.91416931","4280000.20980835","10600000.3814697","8399999.61853027","4530000.20980835","22469999.3133545","38880001.0681152","27639999.3896484","17239999.7711182","11869999.8855591","20610000.6103516","12949999.8092651","11430000.3051758","14079999.9237061","15989999.7711182","26770000.4577637","24530000.6866455","30549999.2370605","36549999.2370605","25360000.6103516","48419998.1689453","16709999.0844727","14039999.961853","12810000.4196167","20110000.6103516","8680000.30517578","11770000.4577637","10119999.8855591","8680000.30517578","7340000.15258789","8050000.19073486","11810000.4196167","9699999.80926514","8350000.38146973","8020000.45776367","12079999.9237061","8439999.5803833","24030000.6866455","8840000.15258789","33729999.5422363","8325810.43243408","18481761.932373","28791921.6156006","34212051.3916016","19709005.355835","25862440.1092529","30428142.5476074","29064598.0834961","41944507.598877","67552429.1992188","43095355.9875488","56023250.579834","","",
"Togo","TGO","Net bilateral aid flows from DAC donors, Canada (current US$)","DC.DAC.CANL.CD","","","19999.9995529652","","50000.0007450581","109999.999403954","180000.007152557","230000.004172325","349999.994039536","370000.004768372","629999.995231628","2549999.95231628","2200000.04768372","1409999.9666214","1129999.99523163","1990000.00953674","1490000.00953674","1539999.96185303","4559999.94277954","7969999.79019165","579999.983310699","330000.013113022","250000","479999.989271164","1720000.02861023","8640000.34332275","5159999.84741211","1279999.97138977","1950000.04768372","1019999.98092651","1399999.97615814","819999.992847443","939999.997615814","589999.973773956","340000.003576279","560000.002384186","509999.990463257","400000.005960464","280000.001192093","409999.996423721","180000.007152557","159999.996423721","1009999.99046326","1809999.94277954","5960000.03814697","3259999.99046326","2000000","2319999.9332428","2609999.89509583","2500000","23049999.2370605","1409999.9666214","5673189.16320801","1899757.02762604","459197.998046875","313760.012388229","1380915.04573822","1825487.01763153","1822190.99998474","2906258.10623169","3618423.93875122","4445639.13345337","4274464.13040161","4831243.03817749","","",
"Togo","TGO","Stocks traded, turnover ratio of domestic shares (%)","CM.MKT.TRNR","","","","","","","","","","","","","","","","","","","","","","","","","","","","","","","","","","","","","","","","","","","","","","","","","","","","","","","","","","","","","","","","","","",
"Togo","TGO","Market capitalization of listed domestic companies (% of GDP)","CM.MKT.LCAP.GD.ZS","","","","","","","","","","","","","","","","","","","","","","","","","","","","","","","","","","","","","","","","","","","","","","","","","","","","","","","","","","","","","","","","","","",
"Togo","TGO","Personal remittances, received (current US$)","BX.TRF.PWKR.CD.DT","","","","","","","","","","","","","","","4117078.304","4768728.256","7085149.765","8026711.464","9332795.143","7958757.401","9934704.781","7864382.267","6113699.913","6077686.787","6609351.158","15405231.48","21423255.92","20044149.4","21239006.04","22864608.76","26874572.75","28971286.77","16245307.92","11717650.41","15306066.51","15021583.9836836","29371378.3980966","26259729.7819491","18571009.4829956","22861815.5670859","34234286.8369947","68502540.4745959","103212650.698004","148687118.60365","179017072.484853","192577048.924824","232375010.317227","284825315.763316","338423735.377043","335854154.36554","336925895.726906","244453975.487468","344740603.030966","397472016.375385","427861354.591636","363741802.799497","367166876.401137","403610142.956524","450814504.645692","507962802.03796","650385610.227793","","","","","",
"Togo","TGO","Foreign direct investment, net inflows (% of GDP)","BX.KLT.DINV.WD.GD.ZS","","","","","","","","","","","0.195167782920535","1.13678943656461","0.253141100371723","0.574881842983353","-5.60087983057206","0.597856723407635","0.643044960285917","1.02546911197324","7.98037968683462","4.1755267378951","2.66287801958426","0.750087393683044","1.39026575590456","0.133469242771903","-0.979807277759182","1.51174787549841","0.408023798612943","0.405364694026897","0.665893595610211","0.479894782773986","0.793141303389092","0.286366668925518","-0.548335156060614","-1.06638883343195","-0.235321137982799","-0.422544101853013","0.108911179677093","0.579188299254937","0.495891967675325","0.677685876867208","2.50698256954936","3.46872208576776","2.39840389095673","1.53192291487705","2.50559738999836","2.97971035930976","2.75216144371014","1.65977178667302","1.11146694137374","0.980635149082811","2.63493273204289","13.4388023170829","2.24458540176674","3.04894540679557","0.844950465027458","4.48026975109969","-0.76275824996834","1.38645400988561","-2.57457902571647","4.94352054229764","-0.79089727996859","-1.59478801736582","-2.00429827129667","0.820060116117922","0.786914262545951","",
"Togo","TGO","Exports of goods, services and primary income (BoP, current US$)","BX.GSR.TOTL.CD","","","","","","","","","","","","","","","235899039.919896","175360418.995607","189089376.603264","233914332.939475","305221410.729557","345982658.488772","570343873.374192","490392255.844288","449772330.216084","360231526.88194","384884848.241662","392513994.333422","493540532.36088","535216077.254263","561339599.957085","563747088.363196","695708767.274486","660554542.20118","580289980.892671","375487467.968885","408370105.24962","473488420.950622","602450465.997831","546009462.026461","540705213.123472","500255616.820115","457674386.253259","455277239.49497","543032719.350739","720958675.926375","792286871.827572","857678017.362255","879600336.15733","975457204.649611","1221704896.44923","1270069452.09905","1397196921.18519","2081735428.9434","2004740893.23585","2318817195.20829","2144036489.0644","1858822854.08868","1856313432.80541","1854325659.32897","1954535857.21066","1923725573.75538","2005388033.55332","","","","","",
"Togo","TGO","Insurance and financial services (% of service exports, BoP)","BX.GSR.INSF.ZS","","","","","","","","","","","","","","","","","","","","","1.39031266017427","0.704780680138","0.568346315571793","0.462584528498179","0.426642020214066","4.36564203629291","0.43756789126257","0.435208782591648","0.371351938182516","4.70560873503561","10.5178870602148","4.05351924013639","0.4093567251462","0.417275192989777","0.508233380768448","1.31234800165191","2.42068431854119","3.07031129007279","3.22537503064886","4.64514597673867","6.52510003637687","2.08939333447404","5.15375173359264","0.892986786699579","1.19905590124828","0.80542362942476","3.3128483635844","4.02333907969766","4.35122151314596","4.5912761424623","4.05926860025221","3.37778478335615","4.14297892882637","2.6343727750462","2.23273760787509","0.839655888062374","1.97054251756577","2.35640156873803","3.62344064442703","4.67934262580367","6.37846239798028","","","","","",
"Togo","TGO","ICT service exports (% of service exports, BoP)","BX.GSR.CCIS.ZS","","","","","","","","","","","","","","","","","","","","","","","","","","","","","","","","","","","","","5.43182047572585","8.26041505343039","4.29529902146535","11.4478993591265","7.71416878865041","12.5420635373296","7.94981747461383","9.56149266734427","7.862020219869","6.85305034682653","7.93673479110099","5.59165451089599","18.5991843431754","19.8462312072589","16.0460277427491","12.5313116167254","3.80202101125884","4.35827299890647","5.91670294360761","3.75566717782468","6.62067669580457","6.43954181747833","5.48965558705112","5.07663210434725","6.92168773862945","","","","","",
"Togo","TGO","Net capital account (BoP, current US$)","BN.TRF.KOGT.CD","","","","","","","","","","","","","","","","","","","","","","","","","","","","","","","","","","","","","5614282.77932336","5837208.8058394","6146265.09541274","6939374.39326102","8696044.2570856","21372268.2963699","13701627.1810261","20645030.4134294","40171576.2998238","51080270.9029713","64045269.6146241","73517595.2751806","658438503.854388","135705002.095406","1389425974.56846","276841125.639292","286257830.903604","315060646.746703","319060292.30955","269603243.629072","275987072.323302","243571143.956516","316381326.486033","289948466.880417","372750162.518587","","","","","",
"Togo","TGO","Foreign direct investment, net (BoP, current US$)","BN.KLT.DINV.CD","","","","","","","","","","","","","","","44328180.6901005","-5212005.42861192","-5624596.024053","-11258562.0677697","-92893665.5058144","-52585152.0130357","-42734849.485449","-10193888.0243794","-16131768.5115865","-1443319.3935039","9936912.14704239","-16275545.9650337","-6113092.43726733","-7150544.2892809","-12966335.7239749","-9169040.44407446","-18239596.9648189","-6479812.94651245","","11873037.7648639","-15419538.1757164","-31966443.5907783","-14524415.4075113","-18549885.4537198","-19567701.1200895","-39683277.9632421","-41575145.5276824","-70898639.4657447","-50888463.203007","-40158826.2836572","-71250313.2700755","-91900296.7662733","-91819768.6218491","-49931709.9432063","-39982059.0659906","-11158565.5668216","-48688923.5371629","536858860.042366","298794841.058798","-204279159.423261","304949943.807464","90793247.4664581","303274601.811713","-121134497.082163","251178478.844444","-302854863.636732","-53056159.8038023","","","","","",
"Togo","TGO","Net primary income (BoP, current US$)","BN.GSR.FCTY.CD","","","","","","","","","","","","","","","398828.992150857","-4857383.75217996","-3921314.34117386","-13240817.9343654","-20455927.8682778","-21840748.8157128","-39932874.6382471","-27781104.9444188","-42348555.1041761","-43139504.5632919","-38802474.7704062","-37966628.4909164","-41991776.2034679","-47175624.445521","-49629304.6793882","-39832819.4608048","-32468392.5028189","-28971286.2209225","-27201447.0398523","9189067.30046876","-44868136.3737028","-33611244.9312163","-26444992.1443894","-28833104.4888381","-23342585.9428927","-38389964.4495367","-29147799.8973331","-29354270.4979017","-21348879.3846392","-23390343.5121748","-34767073.257221","-34531724.4633235","-37829959.104639","-30278476.9241361","-15134079.3115536","-19117851.8638846","-23492592.5530689","233850231.036486","5975246.55013829","25255334.0751922","46159193.2331526","140642091.967615","43605290.5054771","4997444.70732433","19339667.8250101","22122813.3767981","42755157.0176026","","","","","",
"Togo","TGO","Personal remittances, paid (current US$)","BM.TRF.PWKR.CD.DT","","","","","","","","","","","","","","","4881500.721","6065896.988","5812919.617","8156962.395","10937007.9","10069497.11","9191613.197","8317034.721","7781349.182","8287277.222","8124375.343","7389881.611","11071136.47","12341260.91","13644533.16","12824117.66","13428104.4106681","12654776.9250818","16245308.6488007","6049528.16514334","4075974.17260204","4900346.01548281","6800866.9182681","10391156.8557135","6053037.13616076","6054905.40168344","6727752.27493249","5295765.45100828","17030417.3564083","28325862.1980847","34292108.5007782","35415275.172048","38667705.0997514","47217734.830598","57860981.1718794","72291038.5572626","62850365.039172","92356768.0088219","153251451.616267","177984148.632779","153994596.939353","89431613.8935363","77823097.616674","86322608.0099445","98184891.0465106","102310758.206462","100728931.475861","","","","","",
"Togo","TGO","Travel services (% of service imports, BoP)","BM.GSR.TRVL.ZS","","","","","","","","","","","","","","","18.3764399043686","15.8868408615219","20.6694560669457","16.8116856769307","15.9669694467383","13.2695292291774","14.0683978998155","14.6689526498916","13.2128235530996","19.1074851767643","18.2278223757749","16.6202320044578","15.9239084890639","14.9683469311757","16.8223672072857","17.4726664425555","16.3333784739464","19.4417613988162","23.6059479553903","15.3456348113468","14.2013364949342","11.2577450358589","1.52869580409399","2.83501209319413","2.18939144456683","1.99987562962503","1.65807190946856","3.6818835785472","3.39168490153172","3.5100129688579","3.53066793213904","3.08019805162274","2.02503601914263","5.46808292632946","5.29594628201939","12.5281054108826","11.3737348494314","12.1333975576299","7.58737160826649","9.59137953887902","9.59999995800435","10.0086612509641","9.62547538898324","9.03121543834268","8.98077233821193","9.54557901782997","5.21112355161597","","","","","",
"Togo","TGO","Service imports (BoP, current US$)","BM.GSR.NFSV.CD","","","","","","","","","","","","","","","38229420.685127","69109232.2320244","60012430.7923512","90284224.5933476","134164474.915968","145391881.053028","166769567.130335","145960284.051601","136026017.864442","117727626.602494","112608420.588489","131822573.671662","172289872.588359","196575084.002856","200179139.013609","195822491.453295","244096934.088783","286253180.898614","203255257.047785","128230220.476564","125332153.248128","164255751.887737","201404575.372878","167884430.195303","149268133.085257","130639287.775732","117954180.619264","130015428.606991","148882846.76599","204770696.748504","239760821.821574","250803513.737486","264384045.150377","305860189.846256","360627769.188758","376225907.52573","404359984.089406","474157499.470923","441997920.705907","471478123.165184","426590194.323942","373017299.289495","398956298.214125","428215809.52122","465434343.474834","448750738.738989","437851966.687728","","","","","",
"Togo","TGO","Primary income payments (BoP, current US$)","BM.GSR.FCTY.CD","","","","","","","","","","","","","","","5953353.60158519","11333895.4217532","10378718.8539073","20205170.6812758","27719200.3501035","32032471.4658346","60630570.5957029","43392106.027241","59009832.7123512","59236452.126479","55952916.8777152","61514084.8317386","69499248.3609589","66075155.1868497","70475492.7969854","63838464.4935304","65271018.4578728","58662157.7964084","58558670.7107931","17657700.4236525","53972886.4587684","42376172.9024907","72043446.2218604","63868350.4150517","67732654.9772746","78580169.3176483","62170521.0698442","55289633.4500225","47717123.9291241","50286479.4425338","74712987.8510554","80884444.9345222","85617928.8850443","91617657.3175665","96551112.1067674","87796252.1921693","123045080.851337","158113352.344161","247823384.94332","285027550.541558","280863273.533621","219491766.558071","234328356.786211","260732696.395003","232288113.551166","236465942.580514","241073026.29413","","","","","",
"Togo","TGO","Unemployment, female (% of female labor force) (national estimate)","SL.UEM.TOTL.FE.NE.ZS","","","","","","","","","","","","","","","","","","","","","","","","","","","","","","","","","","","","","","","","","","","","","","","4.165","","","","11.265","1.664","","","","1.704","","2.824","","1.814","","","2.1","","","",
"Togo","TGO","Share of youth not in education, employment or training, male (% of male youth population)  (modeled ILO estimate)","SL.UEM.NEET.MA.ME.ZS","","","","","","","","","","","","","","","","","","","","","","","","","","","","","","","","","","","","","","","","","","","","","","7.617","7.55","7.553","7.313","7.058","6.771","6.512","6.27","6.194","6.171","6.081","6.377","6.776","6.258","5.779","7.295","8.869","10.454","10.526","10.517","10.51",
"Togo","TGO","Unemployment with intermediate education, male (% of male labor force with intermediate education)","SL.UEM.INTM.MA.ZS","","","","","","","","","","","","","","","","","","","","","","","","","","","","","","","","","","","","","","","","","","","","","","","4.085","","","","14.744","1.712","","","","1.861","","11.887","","4.826","","","4.456","","","",
"Togo","TGO","Unemployment with basic education, female (% of female labor force with basic education)","SL.UEM.BASC.FE.ZS","","","","","","","","","","","","","","","","","","","","","","","","","","","","","","","","","","","","","","","","","","","","","","","4.998","","","","9.441","1.067","","","","","","4.564","","1.307","","","2.164","","","",
"Togo","TGO","Unemployment, youth total (% of total labor force ages 15-24) (modeled ILO estimate)","SL.UEM.1524.ZS","","","","","","","","","","","","","","","","","","","","","","","","","","","","","","","","7.11","7.274","7.578","7.286","7.079","6.667","6.699","6.901","7.04","7.342","7.303","7.295","7.173","7.223","7.396","7.49","6.66","5.696","4.842","3.958","3.15","3.414","3.698","3.996","4.315","6.813","9.282","6.232","3.076","3.695","3.778","3.417","3.395","3.4","3.436",
"Togo","TGO","Unemployment, youth female (% of female labor force ages 15-24) (modeled ILO estimate)","SL.UEM.1524.FE.ZS","","","","","","","","","","","","","","","","","","","","","","","","","","","","","","","","7.657","7.837","8.17","7.849","7.62","7.168","7.207","7.428","7.581","7.917","7.874","7.867","7.735","7.79","7.982","8.088","6.997","5.769","4.662","3.534","2.483","2.98","3.498","4.035","4.601","5.793","7.032","4.913","2.705","3.607","3.824","3.586","3.559","3.563","3.535",
"Togo","TGO","Part time employment, total (% of total employment)","SL.TLF.PART.ZS","","","","","","","","","","","","","","","","","","","","","","","","","","","","","","","","","","","","","","","","","","","","","","","","","","","","24.673","","","","28.392","","29.123","","48.545","","","47.367","","","",
"Togo","TGO","Labor force with intermediate education, male (% of male working-age population with intermediate education)","SL.TLF.INTM.MA.ZS","","","","","","","","","","","","","","","","","","","","","","","","","","","","","","","","","","","","","","","","","","","","","","","80.66","","","","63.345","83.596","","","","76.896","","54.851","","78.208","","","75.461","","","",
"Togo","TGO","Labor force participation rate, male (% of male population ages 15+) (modeled ILO estimate)","SL.TLF.CACT.MA.ZS","","","","","","","","","","","","","","","","","","","","","","","","","","","","","","","64.298","64.093","63.878","63.653","63.415","63.184","62.942","62.654","62.338","62.051","61.814","61.634","61.495","61.363","61.22","61.097","60.951","60.825","60.752","60.724","60.761","60.797","60.805","60.777","60.716","60.631","60.527","60.403","60.258","60.097","59.525","59.748","59.62","59.34","59.155","59.041",
"Togo","TGO","Labor force participation rate, female (% of female population ages 15+) (modeled ILO estimate)","SL.TLF.CACT.FE.ZS","","","","","","","","","","","","","","","","","","","","","","","","","","","","","","","54.237","54.312","54.392","54.475","54.564","54.651","54.743","54.854","54.978","55.091","55.185","55.256","55.31","55.362","55.419","55.468","55.527","55.578","55.606","55.615","55.598","55.58","55.575","55.585","55.609","55.644","55.686","55.738","55.799","55.867","55.335","55.664","56.238","56.49","56.604","56.637",
"Togo","TGO","Labor force with basic education, female (% of female working-age population with basic education)","SL.TLF.BASC.FE.ZS","","","","","","","","","","","","","","","","","","","","","","","","","","","","","","","","","","","","","","","","","","","","","","","84.292","","","","58.994","84.752","","","","84.058","","44.654","","68.716","","","65.107","","","",
"Togo","TGO","Labor force participation rate, total (% of total population ages 15-64) (modeled ILO estimate)","SL.TLF.ACTI.ZS","","","","","","","","","","","","","","","","","","","","","","","","","","","","","","","59.923","59.845","59.751","59.617","59.603","59.548","59.497","59.456","59.346","59.264","59.186","59.132","59.1","59.082","59.032","58.975","58.937","58.891","58.879","58.886","58.913","58.942","58.968","58.982","58.987","58.985","58.976","58.96","58.942","58.92","58.369","58.679","58.958","58.987","58.988","58.959",
"Togo","TGO","Labor force participation rate for ages 15-24, total (%) (national estimate)","SL.TLF.ACTI.1524.NE.ZS","","","","","","","","","","","","","","","","","","","","","62.296","","","","","","","","","","","","","","","","","","","","","","","","","","65.755","","","","41.548","64.783","","","","54.876","","25.165","","45.603","","","36.848","","","",
"Togo","TGO","Labor force participation rate for ages 15-24, female (%) (national estimate)","SL.TLF.ACTI.1524.FE.NE.ZS","","","","","","","","","","","","","","","","","","","","","52.49","","","","","","","","","","","","","","","","","","","","","","","","","","68.603","","","","50.784","64.724","","","","54.66","","27.837","","44.88","","","38.447","","","",
"Togo","TGO","Children in employment, work only, male (% of male children in employment, ages 7-14)","SL.TLF.0714.WK.MA.ZS","","","","","","","","","","","","","","","","","","","","","","","","","","","","","","","","","","","","","","","","","","","","","","","","","","","9.73224313516974","","","","11.5385593090063","","","","","","","","","","","",
"Togo","TGO","Children in employment, study and work (% of children in employment, ages 7-14)","SL.TLF.0714.SW.ZS","","","","","","","","","","","","","","","","","","","","","","","","","","","","","","","","","","","","","","","","","","","","","","","70.23648","","","","88.5300422527346","","","","85.0795289146236","","","","","","","","","","","",
"Togo","TGO","Children in employment, study and work, female (% of female children in employment, ages 7-14)","SL.TLF.0714.SW.FE.ZS","","","","","","","","","","","","","","","","","","","","","","","","","","","","","","","","","","","","","","","","","","","","","","","","","","","86.2098195563378","","","","80.6754973452026","","","","","","","","","","","",
"Togo","TGO","Employment in services (% of total employment) (modeled ILO estimate)","SL.SRV.EMPL.ZS","","","","","","","","","","","","","","","","","","","","","","","","","","","","","","","","36.7351050926996","36.016757776566","34.7613810735857","36.1984423706484","36.3457549147114","36.7920046886085","37.7555679368361","37.6765739504377","37.6412337985546","37.3001906260401","37.231684674354","37.2998803070499","37.9773814315161","37.6744291740859","36.8742022931764","37.2249576030208","37.7103004419253","39.1012784770042","40.0754008006772","42.1859805401688","44.2692987305349","44.7892942955589","45.3564383275644","45.6989508969242","46.2078169326623","46.4824376845583","46.875599770897","43.5470834582556","40.8561441611217","40.2253369204971","40.7479987652152","42.0941124935767","43.0110972437097","43.6019626304146","44.2472358206748",
"Togo","TGO","Child employment in services, male (% of male economically active children ages 7-14)","SL.SRV.0714.MA.ZS","","","","","","","","","","","","","","","","","","","","","","","","","","","","","","","","","","","","","","","","","","","","","","","8.94","","","","17.23","","","","","","","","","","","","","","","",
"Togo","TGO","Children in employment, self-employed, female (% of female children in employment, ages 7-14)","SL.SLF.0714.FE.ZS","","","","","","","","","","","","","","","","","","","","","","","","","","","","","","","","","","","","","","","","","","","","","","","","","","","8.73","","","","","","","","","","","","","","","",
"Togo","TGO","Employment in industry (% of total employment) (modeled ILO estimate)","SL.IND.EMPL.ZS","","","","","","","","","","","","","","","","","","","","","","","","","","","","","","","","7.4201661909352","7.45255815147858","7.19303459068112","7.44241654509052","7.68325146626253","7.80639611201936","8.01367352151409","8.00066474898988","8.08821699484341","8.3361675088505","8.39213284565738","8.57797569655521","8.79854976107302","8.80084491054477","8.78890963366138","9.17865139179932","11.5654110815791","13.2094324635818","16.703555361691","17.9809126743209","18.6863188466467","18.7731170612642","18.9311533283298","19.0656575305715","19.1732518697063","19.2230086363589","19.3320800168049","18.0449326076538","16.5448528145708","17.0301777892081","17.5407628457423","18.2375842153113","18.1832060347853","18.1148031628662","18.1606112012815",
"Togo","TGO","Contributing family workers, total (% of total employment) (modeled ILO estimate)","SL.FAM.WORK.ZS","","","","","","","","","","","","","","","","","","","","","","","","","","","","","","","","22.3130118586669","22.3623570853493","22.4918089102944","22.4019634767443","22.3604945702606","22.2893296455097","22.1707707964707","22.018719485551","21.9642821589981","21.9164271233623","21.9162655761157","21.9347481844472","21.915184815407","21.9225502274322","21.9425018195627","21.9056353398675","21.8707017172351","21.8645980752394","21.8117077786937","21.7014010147193","21.5496393274046","21.367603122356","21.1568566125956","20.9503265802409","20.7107314632873","20.4180750475383","20.0542230671698","19.6657482603897","19.3041240652693","18.6938971308467","17.1876600794683","15.8266465441996","15.6257249564436","15.4235194158036","15.0334856406404",
"Togo","TGO","Children in employment, unpaid family workers, male (% of male children in employment, ages 7-14)","SL.FAM.0714.MA.ZS","","","","","","","","","","","","","","","","","","","","","","","","","","","","","","","","","","","","","","","","","","","","","","","","","","","90.1","","","","","","","","","","","","","","","",
"Togo","TGO","Wage and salaried workers, female (% of female employment) (modeled ILO estimate)","SL.EMP.WORK.FE.ZS","","","","","","","","","","","","","","","","","","","","","","","","","","","","","","","","7.92389675270608","7.94630712209983","7.87354496668654","7.88441613139306","7.95726002536506","8.0487411256519","8.20087969560628","8.31038314077727","8.416521839273","8.50692570377774","8.54911302659812","8.60501649975334","8.67830209307411","8.73944942508979","8.77382125728885","8.82554390973893","8.8789476070176","8.90793087236515","8.97077485099019","9.07059808251201","9.206014387422","9.34597734800199","9.54971539757965","9.77174944094813","9.9692491309537","10.2635246552273","10.6407654845155","11.001581010351","11.2828347435171","11.3167891371271","12.6236875065926","14.030533490466","14.2574164860143","14.4775240009704","14.9233346297187",
"Togo","TGO","Employment to population ratio, 15+, total (%) (modeled ILO estimate)","SL.EMP.TOTL.SP.ZS","","","","","","","","","","","","","","","","","","","","","","","","","","","","","","","","56.724","56.574","56.336","56.451","56.512","56.672","56.585","56.403","56.26","56.036","56.018","55.993","56.033","55.974","55.85","55.763","55.966","56.262","56.507","56.789","57.031","57.006","56.967","56.917","56.857","56.384","55.9","56.35","56.806","56.154","56.36","56.797","56.796","56.758","56.692",
"Togo","TGO","Employment to population ratio, 15+, female (%) (modeled ILO estimate)","SL.EMP.TOTL.SP.FE.ZS","","","","","","","","","","","","","","","","","","","","","","","","","","","","","","","","52.139","52.14","52.071","52.309","52.498","52.781","52.882","52.918","52.972","52.923","53.018","53.081","53.197","53.234","53.201","53.217","53.527","53.882","54.163","54.432","54.666","54.658","54.662","54.68","54.705","54.448","54.195","54.521","54.862","54.203","54.384","55.049","55.309","55.418","55.49",
"Togo","TGO","Self-employed, male (% of male employment) (modeled ILO estimate)","SL.EMP.SELF.MA.ZS","","","","","","","","","","","","","","","","","","","","","","","","","","","","","","","","76.1000687702679","76.1829915021404","76.5964634528644","76.6092270487522","76.4965224854009","76.2984107550923","75.8726270667483","75.686218525948","75.4848565356004","75.3833721955883","75.3803642773472","75.3261439532687","75.191888300138","75.1493623506247","75.2420811846214","75.26200209267","75.3248953662253","75.3675584921413","75.3168239665186","75.1757186846817","74.9544783300146","74.7076322054245","74.3607589863569","73.9798232834231","73.6381790223226","73.2207571271579","72.7595138415438","72.3177724332978","71.9505558895762","72.7080855726445","70.9934481004927","69.6913301069032","69.351803424527","69.0419924841136","68.6003224115547",
"Togo","TGO","Employers, female (% of female employment) (modeled ILO estimate)","SL.EMP.MPYR.FE.ZS","","","","","","","","","","","","","","","","","","","","","","","","","","","","","","","","0.616652789342215","0.616219199124804","0.614743473414046","0.617186086249113","0.619358139124159","0.618787229371457","0.617774778886186","0.61305772351232","0.613509778466435","0.61808747201335","0.620179291554476","0.623949308159835","0.62608456968462","0.626249558979184","0.628148865995276","0.633105486593657","0.640230458237687","0.641598439887047","0.648721399730821","0.65441780955985","0.661933573274455","0.661712056492432","0.672423172816365","0.684006553737213","0.686758538828271","0.693733660841144","0.702812812187812","0.712852110947194","0.716361177610058","0.824424753774592","0.872492457376054","0.903535216598794","0.910241252886705","0.916243151019431","0.923475496786087",
"Togo","TGO","Employment to population ratio, ages 15-24, male (%) (national estimate)","SL.EMP.1524.SP.MA.NE.ZS","","","","","","","","","","","","","","","","","","","","","","","","","","","","","","","","","","","","","","","","","","","","","","","59.036","","","","25.399","62.591","","","","53.045","","19.608","","44.806","","","34.022","","","",
"Togo","TGO","Employment in agriculture, male (% of male employment) (modeled ILO estimate)","SL.AGR.EMPL.MA.ZS","","","","","","","","","","","","","","","","","","","","","","","","","","","","","","","","63.3971344261625","64.0920352977091","65.4118074810583","63.8268069211381","63.5333389284003","62.9509064168973","61.9068294298937","61.9279275322","61.9227503036284","62.0323668442731","61.9741395010016","61.7901709621589","60.8152803571124","60.9992831437105","61.5879635018396","60.6160678867675","57.4807556666911","54.1190457363215","49.4222255437877","45.581487116835","42.2882950004677","41.6770911754532","40.8379356675812","40.3461564067113","39.6227897126664","39.1391794046661","38.5859165779975","42.1719903799361","44.9578624491751","45.7397410371875","44.9890197773415","43.5301221875748","42.613816886056","42.0568039020672","41.3682267713168",
"Togo","TGO","Child employment in agriculture, female (% of female economically active children ages 7-14)","SL.AGR.0714.FE.ZS","","","","","","","","","","","","","","","","","","","","","","","","","","","","","","","","","","","","","","","","","","","","","","","75.79","","","","64.26","","","","","","","","","","","","","","","",
"Togo","TGO","Annualized average growth rate in per capita real survey mean consumption or income, bottom 40% of population (%)","SI.SPR.PC40.ZG","","","","","","","","","","","","","","","","","","","","","","","","","","","","","","","","","","","","","","","","","","","","","","","","","","","","","","","","","","","","","","1.52","","","","",
"Togo","TGO","Poverty gap at $8.30 a day (2021 PPP) (%)","SI.POV.UMIC.GP","","","","","","","","","","","","","","","","","","","","","","","","","","","","","","","","","","","","","","","","","","","","","","","65.9","","","","","65.1","","","","63.4","","","46.7","","","47.5","","","","",
"Togo","TGO","Multidimensional poverty headcount ratio (World Bank) (% of population)","SI.POV.MPWB","","","","","","","","","","","","","","","","","","","","","","","","","","","","","","","","","","","","","","","","","","","","","","","","","","","","","","","","70.8","","","50.3","","","44.6","","","","",
"Togo","TGO","Gini index","SI.POV.GINI","","","","","","","","","","","","","","","","","","","","","","","","","","","","","","","","","","","","","","","","","","","","","","","42.2","","","","","46","","","","43","","","42.5","","","37.9","","","","",
"Togo","TGO","Income share held by lowest 10%","SI.DST.FRST.10","","","","","","","","","","","","","","","","","","","","","","","","","","","","","","","","","","","","","","","","","","","","","","","2.5","","","","","1.9","","","","1.9","","","2.3","","","2.8","","","","",
"Togo","TGO","Income share held by fourth 20%","SI.DST.04TH.20","","","","","","","","","","","","","","","","","","","","","","","","","","","","","","","","","","","","","","","","","","","","","","","21.2","","","","","21.4","","","","22.4","","","21.1","","","21.6","","","","",
"Togo","TGO","UHC service coverage sub-index on non-communicable diseases","SH_UHC_SCI_NCD","","","","","","","","","","","","","","","","","","","","","","","","","","","","","","","","","","","","","","","","","56","57","58","59","60","60","61","62","63","63","64","65","65","66","66","67","68","68","69","69","69","69","69","70","","",
"Togo","TGO","Proportion of population pushed into poverty (based on the societal poverty line) due to out-of-pocket health expenditure (%)","SH_UHC_FH40_PUSHED","","","","","","","","","","","","","","","","","","","","","","","","","","","","","","","","","","","","","","","","","","","","","","","1.96","","","","","1.63","","","","3.73","","","2.99","","","2.97","","","","",
"Togo","TGO","Proportion of population facing financial hardship due to out-of-pocket health expenditure (%)","SH_UHC_FH40","","","","","","","","","","","","","","","","","","","","","","","","","","","","","","","","","","","","","","","","","","","","","","","38.39","","","","","41.27","","","","68.5","","","32.42","","","31.27","","","","",
"Togo","TGO","Out-of-pocket expenditure per capita, PPP (current international $)","SH.XPD.OOPC.PP.CD","","","","","","","","","","","","","","","","","","","","","","","","","","","","","","","","","","","","","","","","","34.1751011735077","34.9531566300311","35.598255100819","36.9770018680103","35.664186959499","38.9371225279604","42.6593609872012","34.1800340318326","35.4727941679905","37.8545981945699","41.4706701732322","44.0807513421537","45.2678717725468","47.5162243916208","50.6801492514487","78.6342111332481","80.706085536321","79.3527845015209","82.3486722013205","86.7005212371705","93.6898306139034","99.7865958051487","113.611884467382","119.503549116533","","",
"Togo","TGO","Domestic general government health expenditure per capita (current US$)","SH.XPD.GHED.PC.CD","","","","","","","","","","","","","","","","","","","","","","","","","","","","","","","","","","","","","","","","","1.13918856","1.23157338","1.45098952","1.93717558","2.37663927","2.65191091","2.97900124","3.61508589","4.31500653","4.91923664","7.92045765","8.09189603","8.89466016","7.94052263","8.54119467","6.94264793","7.53540711","8.32077869","8.7810651","7.36573559","7.77705603","5.2372968","5.9483952","6.64101291","","",
"Togo","TGO","External health expenditure per capita, PPP (current international $)","SH.XPD.EHEX.PP.CD","","","","","","","","","","","","","","","","","","","","","","","","","","","","","","","","","","","","","","","","","1.3898001150305","1.63874236364177","1.87155737152572","2.33698311707926","2.9266015334755","3.43074260712967","4.29159495111514","5.09060713796983","5.7960667013174","6.17447278367333","3.90336263228459","5.94910723279484","7.77891708662354","13.4648836668205","13.2517295431759","14.1823782118948","19.4532728469234","19.3857891585374","12.1092040324349","11.9364233852746","21.9765321066672","23.3927182232372","36.5455970731848","37.0873511932966","","",
"Togo","TGO","Current health expenditure per capita (current US$)","SH.XPD.CHEX.PC.CD","","","","","","","","","","","","","","","","","","","","","","","","","","","","","","","","","","","","","","","","","13.0541811","13.04282379","14.65135479","17.7094574","18.62999153","20.9699707","22.74487495","22.34309769","26.89384079","28.3035717","30.54597664","34.41139603","35.40290833","39.56414795","41.96416092","46.92110825","50.8783493","51.5464592","52.43610382","48.85387421","52.75213242","52.72237015","55.79545593","59.60503769","","",
"Togo","TGO","Imports of goods and services (% of GDP)","NE.IMP.GNFS.ZS","","","","26.5432098761198","30.9895833340039","27.1264367817972","25.8003766482085","22.8070175440122","24.0400667774797","26.7241379310433","30.529172319723","33.699633699591","30.7077625572534","27.3230088497616","24.6365723030787","45.7521434138979","41.746148202643","45.3791469196597","65.254237288113","61.0902255640564","61.4093959731791","55.7364341084484","65.888023730259","52.0134228186266","51.9757807520523","57.1386861313205","55.6886227544979","50.7725093233165","50.958505217136","49.1890639481256","33.52332208914","34.1859342103835","28.681543928885","25.238078372817","31.7437390818577","32.8444453185064","34.4611045912819","30.7265559645049","32.6664565453381","28.7690951153571","28.6513437076176","30.8846261720298","30.1714237872832","32.1603776857051","34.2967324862107","36.271641423858","36.565164015152","37.1519938654568","36.9811269015349","36.349025723283","39.0720400598684","46.2376683597378","42.724024374095","48.0366695470608","41.7767536570887","42.4175080098299","39.7135422457229","32.9067828987617","33.2436897995647","32.4331342888704","31.9956925911872","33.2432620159071","36.5658819103448","35.3471259066848","","",
"Togo","TGO","Imports of goods and services (current LCU)","NE.IMP.GNFS.CN","","","","13157003272","17811747169","17583347195","19347144754","18358601018","20335677197","26266878270","30265503922","37548988135","36687228663","34958504832","46934095146","85480587758","87251788890","122401268976","171402787122","163657259362","208220365738","205829246080","251227085635","214336891064","230329826342","276367561041","288936123147","269165331855","295545337221","299811577439","209895534139","218223328900","181503791500","124487698900","244565360700","303147851800","364826216100","379633419100","432002605700","394251371200","428710282300","473545819400","504462267900","557250666300","577224902100","616175102800","634379009900","668604000000","755216000000","807193000000","917601000000","1181519000000","1180857000000","1428673000000","1318786000000","1443338000000","1428817000000","1220480000000","1297951000000","1328864000000","1378648000000","1574606000000","1972111000000","2084724000000","","",
"Togo","TGO","Gross capital formation (annual % growth)","NE.GDI.TOTL.KD.ZG","","","","","","","-13.9195289916058","-19.9999303689193","-10.6384392692477","25.5955012861632","11.374253481566","10.6386020940755","9.99996856094769","4.89504208013058","2.3332995139673","46.5797485343353","-18.2222803260429","77.4457056956465","17.5477211203722","-5.54816697458187","-34.2068136384648","-2.95566422714086","-17.0896762784275","-20.4081688548245","2.05128737274418","21.1055247547206","29.7833844821885","-4.12261076561276","-2.80416758628868","2.43271315333715","25.5281852441601","-36.1235975044899","-9.19999749584295","-62.2000015810695","87.0999997659202","13.8000085172032","19.8482456766267","-6.89999906574248","25.2999996614357","-6.69999354552381","3.19999277161153","1.8845975727168","8.72050024631112","11.1052925556897","3.30956184736225","-24.0133993287518","-10.9199659351473","-10.6156956678714","0.113694117647057","-16.7572303677325","27.1488265986041","4.39915726045696","-0.681651891303233","59.4362703106475","-21.4224310232924","26.48055510731","56.8237746571462","-12.5443486726079","17.8891437851304","4.30543555889615","9.70537172809777","14.1221846912657","42.1798860733825","-10.2637815410547","","",
"Togo","TGO","Changes in inventories (constant LCU)","NE.GDI.STKB.KN","","","","","","","","","","","","","","","","","","","","","","","","","","","","","","","","","","","","","","","","","","","","","","","","48360000000","5562000000","-63934000000","-37937000000","-25584000000","-36702000000","91174000000","-17835000000","18706000000","-78776000000","-3659000000","51547000000","54279000000","18476000000","-2646000000","109035000000","-70849000000","","",
"Togo","TGO","Gross fixed capital formation (constant LCU)","NE.GDI.FTOT.KN","","","","","","","","","","","","","","","","","","","","","235701811623.722","206044006142.875","179117757904.589","135021299528.283","163118169520.913","186532265081.541","236350634961.151","246420359688.156","252676377186.418","251446742477.936","272752018340.186","193760510700","169734211200","91995938500","94019851100","113011863700","158902815900","149104675600","191495303300","185170698300","192200454300","200174615500","207547335800","225676485100","208082164500","225007466400","245378262500","217265000000","260365000000","285299000000","319400000000","319429000000","328544000000","374128000000","383458000000","443736000000","803995000000","637904000000","696159000000","725619000000","837114000000","979064000000","1279235000000","1026374000000","","",
"Togo","TGO","Gross fixed capital formation (current US$)","NE.GDI.FTOT.CD","","","","","","","","","","","","","","","","","","","","","554018784.330552","356612822.594372","273627866.907937","241679167.190329","180016803.236044","288561445.181939","410236498.73148","428072460.834233","419115217.22747","313422147.211913","209282400.833265","217914969.959137","230769638.006279","233352841.443078","135646599.069832","205896124.973456","220004414.210289","199225107.360953","304462398.473163","198912105.453326","279030061.359055","291169168.387864","344804294.902107","432178663.438316","432955317.548574","466792077.795834","538085323.054358","598979949.005599","766807104.396656","814699890.030144","849276218.971189","1170882989.48165","1058339618.53589","1201442502.00927","1491562667.02917","1444783658.52632","1356711748.33536","1083869256.66497","1252302521.65907","1242755271.43915","1468939468.047","1831909479.12845","2340806880.69331","2040350676.90072","","",
"Togo","TGO","Exports of goods and services (constant LCU)","NE.EXP.GNFS.KN","","","","","","107579296589.573","128422550630.985","130775963943.987","146240243713.815","173807678586.604","176497121101.843","379848501091.128","367051896911.235","328663272915.172","317887499053.783","352234759654.912","292294766233.191","386583505898.798","575419652024.876","397359220275.371","581222228025.472","507239691686.162","507723236356.136","449697278830.437","450663774119.142","465654570637.157","513001942597.174","532405406291.329","580279301930.956","523580705792.85","482152408948.211","503849253900","405094826200","392131772200","385073413800","464398511200","508366853400","508366853400","502774815800","496238742900","475892947300","463644722300","513742255700","600718941000","567845286300","560639953700","527700261200","523409000000","543030000000","594373000000","679425000000","815095000000","897316000000","1001906000000","920747000000","904408000000","961748000000","956687000000","962657000000","995517000000","1014272000000","1071551000000","1099654000000","1157956000000","","",
"Togo","TGO","Exports of goods and services (current US$)","NE.EXP.GNFS.CD","","","","34342045.0253951","53756126.0631392","55333335.7408978","73576520.0305308","76924426.3979189","89558557.7481416","107560601.008674","105117778.619857","112649362.455299","111476082.07651","118108144.934068","334262104.218934","241897334.794126","278511973.279285","292684965.460738","411848053.863968","423733951.811692","773472154.548981","544664192.856614","612220840.578466","475737820.100556","519366252.783062","521170889.010052","658172672.915215","730213615.959312","761211516.295822","762306408.896905","603505041.158683","571926370.651206","501433054.966444","304394721.238925","358302926.530002","420808141.945338","516316175.841448","475868140.636305","517181587.596715","475147222.4998","424670348.218294","429366652.715549","516701878.887484","694096764.968224","752390243.873023","811362053.824834","831810885.425079","925780995.646446","1159663570.5242","1221146143.90429","1315957055.29827","1707777923.57956","1785883226.07406","2054079312.27743","1862941457.49694","1537319039.98963","1622914085.9558","1616151022.09696","1710211643.83769","1671782878.74237","1727046855.49121","1976054796.2473","2162409655.2528","2390186783.96013","","",
"Togo","TGO","Gross national expenditure (current LCU)","NE.DAB.TOTL.CN","","","","54157897190","62116597269","68843274610","76258818737","79930524432","82754908595","96594326541","100346959671","117816752627","128200724695","136578773938","156835671978","220472929924","229706818554","320064937021","341136066577","341414221068","383870742572","427117155983","431341495932","445129324088","446537652295","525903320040","579849326316","579849345539","648792383138","666138111530","671691199680","695221395200","681612049100","531547980900","816061445300","1016091764600","1159373524300","1337405956600","1449355872700","1472220175100","1623406803600","1692352273000","1818006288600","1887459998700","1863492676700","1887156882100","1934746980300","2025139000000","2280172000000","2453569000000","2614958000000","2932048000000","3032981000000","3388294000000","3555691000000","3937151000000","4064877000000","3990952000000","4252373000000","4446421000000","4693439000000","5215440000000","6016596000000","6532769000000","","",
"Togo","TGO","Final consumption expenditure (constant LCU)","NE.CON.TOTL.KN","","","","","","504862930377.005","603240646966.775","664663309665.813","715321214078.507","765422896334.938","800342134934.582","533199114136.327","585385672675.166","624486794024.612","686708293750.951","601760097428.481","842388280368.191","866168679220.366","816995746373.002","896156796559.87","922843315809.5","967263954533.656","1024246694560.1","945011115812.407","1076357943851.83","1220198005045.15","1176830580210.97","1127803582535.38","1279416118226.13","1320267824528.6","1284802551649.83","1363121219700","1396792641500","1118185264500","1173242077500","1276993095400","1589413118400","1699306224700","1815861423100","1831458000900","1792725487700","1827505567500","1874006717400","1972858950200","1942598729000","1896145618200","1988161306000","2082070000000","2198291000000","2356863000000","2456283000000","2588178000000","2658511000000","2800222000000","2925777000000","3119788000000","3339658000000","3401116000000","3528681000000","3698076000000","3754098000000","3905145000000","4143206000000","4450118000000","","",
"Togo","TGO","Final consumption expenditure (current US$)","NE.CON.TOTL.CD","","","","197310658.687428","203418067.943841","218293049.797158","260391902.924716","283587064.485096","297197506.92722","321595332.306044","311460084.803596","354746676.505211","413435566.538108","488307330.401045","517742933.169871","780050956.018046","725157902.774622","876103663.275182","938988901.245463","966421149.876032","1258827614.45138","1155172703.03265","1018360315.98583","932242913.682289","869380970.743676","875114448.134466","1249467825.16593","1504127274.57101","1741667069.56539","1764106294.69235","1635940364.7746","1617539019.93233","1699385266.94297","1740680226.32327","1008249273.70571","1338088984.37756","1700113201.69078","1736972963.17957","1986750949.26191","1937790521.45441","1664351796.34711","1696875581.50187","1881502957.84976","2295818733.81173","2398720380.55469","2770121074.58976","3071628608.18705","3524791372.9304","4330154310.45667","4532823330.59546","4533092180.44246","5142572023.11716","4982535345.59001","5528603115.51887","5770662685.65572","5209947655.67037","5635549032.04891","5797778119.34503","6310664060.44127","6288149425.85829","6671169845.41693","7568288264.66633","7527462887.50706","8593170035.268","","",
"Togo","TGO","Households and NPISHs Final consumption expenditure per capita growth (annual %)","NE.CON.PRVT.PC.KD.ZG","","","","","","","18.0292480434961","10.5309746971438","5.87272512122321","3.31269295613701","-2.09615068792048","-44.0700856328537","5.55252945278973","8.42841352647123","8.2818771954241","-25.8363712247331","49.1370833602468","-2.8144970747433","-11.412512435165","7.32656328298582","4.39800901301712","6.5304084172475","4.71038725186408","-8.61068416808908","12.2899271829879","15.4919075037443","-11.0840748944208","-7.4104050908829","15.4433736831867","-0.98213111243372","-6.59353940646592","4.19719076263362","2.29112613016902","-22.1598646805211","6.28135660308435","4.48448220491464","22.5221580328684","4.46382598993804","1.79939544553463","-0.796420106715956","-4.7364146018201","-2.04639150906736","1.97665358451098","2.89154282300841","-3.91636419855259","-6.53244857107913","1.58270213413584","3.31596535895294","0.375986257178113","3.47765428493551","-0.097258935254942","3.36863734934587","0.333860717992749","1.87303606882192","2.70009474090456","3.23225011965087","2.07733696102383","1.84436590321233","2.83884402940429","2.7013768802788","-0.937312718893395","5.12697160524122","2.90912083662191","4.01551042800703","","",
"Togo","TGO","Households and NPISHs Final consumption expenditure (constant 2015 US$)","NE.CON.PRVT.KD","","","","","","754855746.471397","909346801.284776","1026180564.67667","1109596341.96533","1199104296.65759","1234903272.25936","713284891.678842","774609439.868322","862199823.13212","957411913.961949","727624532.617139","1111448839.77258","1106062172.36002","1003538796.03223","1104676242.22557","1186000473.13008","1303296319.70044","1403650316.57504","1313722878.11608","1510520565.71757","1794406676.18627","1646357830.99961","1571189089.8679","1869317790.67733","1906660069.34038","1833826621.73464","1966676252.72301","2069595944.71369","1592703089.0254","1699803525.46935","1869862724.82366","2391703124.87688","2584436763.09084","2697823584.69542","2743438950.38769","2679577480.90246","2690816235.78757","2812818423.53668","2967256657.17761","2921414444.36723","2798736023.96905","2925231979.72738","3119241380.38867","3233199987.2749","3455434348.33923","3561780831.50121","3783498721.05","3885556824.59581","4044673368.34921","4238683394.10764","4460114725.26716","4636064908.35301","4802550334.40722","5029123056.20213","5276972738.4003","5342852845.30082","5723605642.78282","5988407252.95087","6348711110.49162","","",
"Togo","TGO","Households and NPISHs Final consumption expenditure per capita, PPP (constant 2021 international $)","NE.CON.PCAP.PP.KD","","","","","","","","","","","","","","","","","","","","","","","","","","","","","","","1404.26734192945","1463.2071210876","1496.73104177733","1165.05746828812","1238.23888250216","1293.7674848423","1585.15184235635","1655.91026227544","1685.70663611696","1672.28132952668","1593.07515245147","1560.47459779864","1591.31977487141","1637.33346761282","1573.20952587631","1470.44042268312","1493.71311463412","1543.24412407753","1549.04650989877","1602.91699222591","1601.35801222625","1655.30195632284","1660.82835931917","1691.93627353044","1737.6201558715","1793.78438543873","1831.04733147852","1864.81854413199","1917.75783403131","1969.56370077956","1951.10272970545","2051.13521264654","2110.80521450492","2195.56481800829","","",
"Togo","TGO","General government final consumption expenditure (annual % growth)","NE.CON.GOVT.KD.ZG","","","","","","","14.4577852961338","-4.2107760611085","4.3958765798069","0","15.7900020265538","22.7268848144401","13.3334864316322","-6.53583029631967","6.29333054159669","28.9475363741578","13.2652973339895","12.1620201807619","3.32256100695525","8.83399523508881","1.07135871095856","-13.5064909477417","-2.40240233053824","-14.46153894915","7.91367077428859","-18.6667001346959","36.9061741605846","-1.85811715175299","-17.6122229835173","12.8842200231865","5.61896274161913","-1.56651098888412","-17.6113233008837","8.80000403091594","-6.90000039468185","0.0999995329383978","-4.01244003071697","-5.69999788749993","38.0791171040994","-7.08506116872168","0.110612681391913","17.4451634637062","-14.8005026229849","2.96868170312545","-1.41207492165192","17.3952453957517","7.82693458836263","-11.8015703045471","19.837525602375","9.57655598870817","11.9527232832923","0.00907952410769042","2.85352926628453","13.8745495276127","2.49379891374075","15.7195833702778","25.5178754935367","-6.90721908619525","-1.56047190244109","4.06245224389995","3.03704665992646","-0.100133023432591","12.6784264089376","15.6697617037855","","",
"Togo","TGO","Arms exports (SIPRI trend indicator values)","MS.MIL.XPRT.KD","","","","","","","","","","","","","","","","","","","","","","","","","","","","","","","","","","","","","","","","","","","","","","","","","","","","","","","","","","","","","","","","","","",
"Togo","TGO","Military expenditure (current USD)","MS.MIL.XPND.CD","","326999.918453886","714244.900291412","1134619.77993274","3383300.6158505","3362428.13013903","2889961.65712844","3105678.43220149","3288025.36707531","3435130.65421352","3650466.89073563","4183674.95169889","5126414.5253702","6873376.43400975","8097048.25408695","11114584.7428761","14233103.1596568","21108759.3617714","22733718.5804942","22498848.2620509","24763347.2169633","22525953.976543","18541962.1065957","16398734.0775614","15692619.6399188","18879809.8218638","30011030.706947","43412291.9973248","43089092.4229808","41861019.1593941","50748351.7896167","45904568.1248604","49113686.8511326","50147794.7330689","25396024.8917067","30852572.784024","","","","","","","","28831211.2869924","31719621.0378868","33238035.2931363","","","57009189.26765","55130817.0932641","56832843.0353116","59018874.0023651","62931049.6800365","72419237.3087199","83080011.5611006","69977174.7400457","82019690.4123156","88414114.9221704","104378994.645016","170566832.435089","163926877.161277","198773240.635232","336608323.297713","276349076.678811","195347349.222552","",
"Togo","TGO","Logistics performance index: Ability to track and trace consignments (1=low to 5=high)","LP.LPI.TRAC.XQ","","","","","","","","","","","","","","","","","","","","","","","","","","","","","","","","","","","","","","","","","","","","","","","","2.2","","","3.42","","2.46","","2.488866","","2.598379","","2.45","","","","2.3","","","",
"Togo","TGO","Logistics performance index: Ease of arranging competitively priced shipments (1=low to 5=high)","LP.LPI.ITRN.XQ","","","","","","","","","","","","","","","","","","","","","","","","","","","","","","","","","","","","","","","","","","","","","","","","2.4","","","2.42","","3.13","","2.472934","","2.622492","","2.52","","","","3","","","",
"Togo","TGO","Lead time to export, median case (days)","LP.EXP.DURS.MD","","","","","","","","","","","","","","","","","","","","","","","","","","","","","","","","","","","","","","","","","","","","","","","","","","","","","","","3","","2","","","","","","","","","",
"Togo","TGO","Secure Internet servers (per 1 million people)","IT.NET.SECR.P6","","","","","","","","","","","","","","","","","","","","","","","","","","","","","","","","","","","","","","","","","","","","","","","","","","","0.158083072022015","0.30766475986304","0.45087573594192","0.882502447473454","2.59454074034355","3.11107880617159","3.61066780134217","4.77855754734936","8.17891058519971","20.8663471097156","28.1199899230283","28.0991752199044","90.8458154409629","103.479513853001","101.944220214742","",
"Togo","TGO","Fixed telephone subscriptions (per 100 people)","IT.MLT.MAIN.P2","0.070487057","0.073647","0.073647","0.073647","0.073647","","0.073647","0.073647","0.073647","0.073647","0.13652604","0.141809","0.141809","0.141809","0.141809","","0.186794341","0.22047984","0.207915646","0.206428996","0.203762363","0.209168841","0.245589071","0.253819202","0.258365396","0.251460509","0.245829905","0.260231029","0.262630631","0.262218369","0.263","0.261","0.362","0.411","0.507","0.492","0.525","0.532","0.646","0.763","0.831958991734884","0.916818225400397","0.945010357872149","1.10045321043117","1.15770924924533","1.07502081825183","1.36518935998461","1.60758677927407","2.21264185534131","2.72766609202113","0.891350876854227","0.87144114183036","0.867374874942541","0.858383060355158","0.713434014279119","0.687572220203192","0.43033540761863","0.448186329144088","0.456375023036096","0.515238681764107","0.536337967085442","0.613501631322565","0.721835986911834","0.750273770178359","0.825791393928643","",
"Togo","TGO","Container port traffic (TEU: 20 foot equivalent units)","IS.SHP.GOOD.TU","","","","","","","","","","","","","","","","","","","","","","","","","","","","","","","","","","","","","","","","","","","","","","","","","","","339900","352695","288481","311470","380798","905700","821639","1193841","1395730","1500611","1725270","1986131","1952879","1907439","2006435","",
"Togo","TGO","Railways, goods transported (million ton-km)","IS.RRS.GOOD.MT.K6","","","","","","","","","","","","","","","","","","","","","","","","","","","","","","","","","","","","","","","","","","","","","","","","","","","","","","","","","","","","","","","","","","",
"Togo","TGO","Statistical performance indicators (SPI): Pillar 5 data infrastructure score (scale 0-100)","IQ.SPI.PIL5","","","","","","","","","","","","","","","","","","","","","","","","","","","","","","","","","","","","","","","","","","","","","","","","","","","","","","","","","25","35","40","45","40","60","60","60","65","",
"Togo","TGO","Statistical performance indicators (SPI): Pillar 1 data use score (scale 0-100)","IQ.SPI.PIL1","","","","","","","","","","","","","","","","","","","","","","","","","","","","","","","","","","","","","","","","","","","","","20","20","20","20","20","20","20","40","30","30","30","70","90","90","90","90","90","100","100","80","80","",
"Togo","TGO","CPIA structural policies cluster average (1=low to 6=high)","IQ.CPA.STRC.XQ","","","","","","","","","","","","","","","","","","","","","","","","","","","","","","","","","","","","","","","","","","","","","","3.16666666666667","3.16666666666667","3.16666666666667","3.2","3.16666666666667","3.16666666666667","3","3.16666666666667","3.16666666666667","3.16667","3.16666666666667","3.16666666666667","3.16666666666667","3.33333333333333","3.33333333333333","3.33333333333333","3.333333","3.833333","3.833333","3.833333","3.833333",
"Togo","TGO","CPIA social protection rating (1=low to 6=high)","IQ.CPA.PROT.XQ","","","","","","","","","","","","","","","","","","","","","","","","","","","","","","","","","","","","","","","","","","","","","","2.5","2.5","2.5","3","3","3","3","3","3","3","3","3","3","3","3","3","3","3","3.5","3.5","3.5",
"Togo","TGO","CPIA macroeconomic management rating (1=low to 6=high)","IQ.CPA.MACR.XQ","","","","","","","","","","","","","","","","","","","","","","","","","","","","","","","","","","","","","","","","","","","","","","2.5","2.5","2.5","3","3","3","3.5","4","4","4","4","4","4","4","4","4","4","4","4","4","4",
"Togo","TGO","CPIA fiscal policy rating (1=low to 6=high)","IQ.CPA.FISP.XQ","","","","","","","","","","","","","","","","","","","","","","","","","","","","","","","","","","","","","","","","","","","","","","2","2","2.5","3","3","3","3","2.5","2.5","2.5","2.5","2.5","3","3","3","3.5","4","4","4","4","4",
"Togo","TGO","CPIA economic management cluster average (1=low to 6=high)","IQ.CPA.ECON.XQ","","","","","","","","","","","","","","","","","","","","","","","","","","","","","","","","","","","","","","","","","","","","","","2","2","2.16666666666667","2.7","2.83333333333333","3","3.16666666666667","3","3","3","2.83333333333333","2.83333333333333","3.16666666666667","3.33333333333333","3.33333333333333","3.66666666666667","3.833333","3.833333","3.833333","3.833333","4",
"Togo","TGO","Price level index (GDP)","PA.NUS.GDP.PLI","","","","","","","","","","","","","","","","","","","","","","","","","","","","","","","51.8024208176343","49.651441130272","53.4183038229008","44.7794327059459","30.3753412092698","36.7608264201019","37.1224542683312","32.6353413104476","34.9803026721711","33.4306130225684","31.1765531216337","30.0493739816757","32.8102778559723","37.3764427706941","39.2617667578831","40.3111920789854","39.2662025390705","43.7995686530114","50.3005097006195","48.8876603185746","45.8661121517755","48.5147238354859","46.337181331839","48.1847801131574","47.449502589199","39.9566224286599","39.9695229185513","39.9272340230883","41.1752882755536","37.3077854373739","36.2183136394472","36.4586628132233","32.4149479410231","33.0998917479879","33.1885302706371","33.9244016564295",
"Togo","TGO","Net secondary income (Net current transfers from abroad) (constant LCU)","NY.TRF.NCTR.KN","","","","","","","","","","","","","","","","","","","","","","","","","","","","","","","","","","","","","","11860203520","11301672960","7891334656","11236622336","78903214215.098","56783141341.3448","74268588760.01","100715100723.01","89787158180.5824","98061001759.2445","101636685673.404","88890883838.4126","92313423272.5084","109179867075.738","106305479940.139","","","","","","","","","","","","","","",
"Togo","TGO","Taxes less subsidies on products (current LCU)","NY.TAX.NIND.CN","","","","3365745023","4340677881","4619353924","4942701214","5083920282","5083919299","5507571250","7936287695","10883764677","12410921221","11181060250","14430047886","19076587728","22234638645","30360628075","28938132891","28954745887","35983437522","38646659556","38878699240","45356451787","40953801128","50839203871","54806070397","55421791441","60959744199","64310501295","39819702738","34268795800","27175328600","13899874900","27873917900","36789919700","48566846800","63151168100","72057747000","66200851100","104674952200","78884301000","89785743100","103253829300","116377036800","115154691400","128319799700","136727000000","135042000000","166233000000","186996000000","192151000000","189885000000","216550000000","263564000000","307626000000","301498000000","324022000000","343140000000","405748000000","398255000000","460272000000","474265000000","541404000000","586456000000","",
"Togo","TGO","Net primary income (Net income from abroad) (current US$)","NY.GSR.NFCY.CD","-475367.572698771","-1216257.3429901","122237.987271993","3624701.35717595","3174465.73601401","-5599979.06479863","-1399997.91678909","-3400000.04390227","-5199981.38345204","-5199983.1328269","-4499828.81344795","-4604043.1149214","-7713937.64700249","-12755698.8712189","399994.735457312","-4852717.68521634","-3933869.24740988","-13228606.8892623","-20473653.9968428","-21859552.7590037","-39947073.9135171","-27784785.0024193","-42360727.6882829","-43142128.7831593","-38813917.5338728","-37973306.0701912","-41986000.9086071","-47182279.2728959","-49622589.8198169","-39842223.6657862","-32468392.4973802","-28960651.9349726","-27201447.0142201","9182004.23651319","-44866335.2083751","-33617255.1608928","-26448901.826153","-28834817.8050364","-23340890.87197","-38393214.0008876","-29146391.8603663","-29355635.8867449","-21348879.3691402","-23383445.7475243","-34759488.009012","-34537147.7777774","-37823565.7946526","-30273671.609571","-15134527.7566914","-19115725.5456664","-23492592.5636543","233851079.705854","5975834.14976625","25256143.9487956","46158302.0954848","140641669.103104","43605729.2504729","4997789.14134728","19339397.7858438","22122813.3836085","42754687.8941228","18644595.2696846","10959348.590556","29693469.0452875","23075420.7757828","25719484.3392642",
"Togo","TGO","Gross savings (current US$)","NY.GNS.ICTR.CD","","","","","","","","","","","","","","","312203847.616273","127981465.147337","182949042.813123","250587822.399884","254745691.896764","354094897.532948","392241886.415659","244813563.761102","166197199.868992","171130041.611465","179037345.908092","240665347.065899","317139268.255652","316699115.624521","282513375.008181","221887821.576056","763392821.722603","726853923.741165","754503894.219682","73699618.5797988","414652103.064309","595046591.034648","427807157.473328","450370175.779734","321180852.009093","321788923.759253","481471454.801561","444532856.113043","598955654.691786","796732085.8188","927777346.714338","605075058.175622","455318911.13795","484265924.33866","558710710.65502","506979600.871302","545887494.387742","784610033.167795","679155828.812749","780783901.461273","989136260.599799","1002898478.78235","820746653.987917","994996513.296069","1159714029.23595","1244953557.31872","1461753160.36573","","","","","",
"Togo","TGO","GNI per capita growth (annual %)","NY.GNP.PCAP.KD.ZG","","","","","","","12.8959910738794","2.01417172447071","3.14425171036396","5.72407219418322","-2.41282502471732","-18.4150941045849","2.99045783606815","0.553966652055891","31.4591254597398","-24.6507843782567","13.9441347443876","11.7925589687457","-1.23619880226309","-4.41313941518156","3.87097032756598","-6.02746170885723","-3.97051540986165","-9.80394883942587","12.9258927819762","1.37731498781264","0.984053657545815","-3.66712005839722","2.14713631056827","1.24340791492064","2.22199718908493","-9.10456667322416","-5.02162773232297","-21.4869937883433","8.46223670184656","2.52632582013487","15.3425302323247","10.7371695317189","-3.48665803135926","-1.75764520142656","-4.40223078932256","-1.96014237232581","2.55774916959479","3.85526924151141","-4.56986613507992","-8.9808988249451","-1.27143812012808","-3.57349347207854","2.79143867728607","2.54180550886522","1.50531179664225","8.36928823923624","-0.286997729044373","3.72926591269498","4.10511569905614","5.9478868962632","-0.63327246374331","1.82613830916118","3.02342447883856","2.89284346272318","0.590123413743598","2.91390830663467","5.00401360112106","3.96324109093015","","",
"Togo","TGO","GNI, PPP (constant 2021 international $)","NY.GNP.MKTP.PP.KD","","","","","","","","","","","","","","","","","","","","","","","","","","","","","","","9928980373.48368","9288921807.98199","9076214699.22461","7045179172.8949","7673215807.40081","8282701508.73377","9973426556.72742","11424324328.9366","11306295087.8466","11386060537.1285","11160029504.2451","11216704928.5403","11792087100.0928","12556047496.6986","12277985435.061","11454273699.5671","11635605307.2564","11579949005.6476","12291852797.6178","13017926436.9959","13633825297.9356","15183138497.264","15496210094.1204","16424711185.6146","17448033703.0039","18842496733.77","19065736316.8109","19746869907.9341","20715594320.844","21777042005.3453","22388886111.7722","23479502746.4005","25065856623.9992","26560637508.8572","","",
"Togo","TGO","GNI (constant 2015 US$)","NY.GNP.MKTP.KD","","","","","","1250686837.20687","1441129596.07502","1500976133.98829","1581160497.81837","1748590438.131","1794969444.14816","1512351725.82816","1602510596.48597","1654177685.52136","2230016203.48771","1721885579.18076","2009521984.1816","2300351674.77818","2326881540.60875","2281214359.59733","2436788954.59667","2362128881.66955","2333104444.49056","2155118298.19157","2491992473.68842","2598544690.89547","2707738976.01454","2688582561.4467","2830318093.11357","2951743123.06954","3106926703.69634","2906642789.91224","2840083549.04304","2204542106.16115","2401064177.6376","2591781384.21498","3120834580.2761","3574842228.92137","3537909111.20276","3562868915.23945","3492140418.90714","3509875008.21668","3689920709.42497","3928975362.31961","3841965577.61968","3584213835.6595","3640955212.21196","3623539521.65836","3846304883.10894","4073504202.09021","4266228182.3833","4751031492.52356","4848996285.26702","5139538186.55616","5459751132.51598","5896099505.12177","5965954514.97999","6179091419.62099","6482219800.76171","6814362682.65933","7005817869.52158","7347088152.8904","7843482046.16327","8311221378.16387","","",
"Togo","TGO","GNI, Atlas method (current US$)","NY.GNP.ATLS.CD","","","193596278.412069","204421391.632396","236759541.652225","267868956.382831","304595032.114615","324825233.770617","350397093.083899","392218714.159829","391458959.897489","399695425.549042","455363523.186863","559261842.587194","744414329.059082","899467874.458108","932221501.59624","1039165159.02691","1215070356.6247","1302028093.72347","1623131689.71673","1568175657.57344","1312550435.30942","1075824529.81727","1042376991.11763","1071074818.76099","1217134678.14134","1516395618.83202","1987548146.25232","2086165299.4949","2151002890.76469","2197247721.84127","2336787637.5384","1951706147.5584","1814428330.71284","1832411243.94063","1924338572.85777","2248192834.22938","2136038524.68009","2135404808.2745","2158814138.24385","2107326959.15565","2211824024.23583","2627390843.80823","3021466563.03399","3194695916.03297","3360418280.94468","3509248676.08083","4053448119.10956","4654418548.15949","4980517897.50387","5537012586.30102","5577560747.7569","6033397194.07282","6327527365.07779","6435797134.34771","6258871779.19796","6215736778.40697","6882190464.74736","7273706546.24151","7520427531.95145","8222242103.9621","9095461005.26506","9761623487.27145","10278075460.3716","11641154760.3289",
"Togo","TGO","Gross domestic savings (current US$)","NY.GDS.TOTL.CD","","","","4995206.54848051","31154118.5120097","46212456.225275","44835691.8967211","43628779.1512405","44494060.5383739","56496477.2965919","47205669.1057019","49901691.2612294","60608355.3054285","85723653.5790075","273707375.193073","91730730.8892745","149523709.153746","221790162.712964","225036736.019176","292944561.65918","346009301.515237","203854006.418609","141976723.394853","149144350.92557","144789098.473211","201490072.289801","248751753.703858","259850791.26579","205541284.660158","146529280.688086","663725140.839733","645228840.177041","691411648.976615","1264199.88567769","379412847.761648","511021483.818122","369392812.775809","379845659.778769","254899163.071422","288786682.459584","442496955.930418","396623092.994915","528696074.581262","692165317.181456","792841128.136193","451789333.875393","249279113.55803","235171480.334363","248692802.250213","189064944.673913","213294712.783068","279867128.991905","431006303.559001","493126514.305668","622652022.19884","545510180.348292","435618552.146186","589646120.535067","718551706.022401","704793033.135904","814861716.451914","973379876.595646","1118990211.90534","1130130541.45875","","",
"Togo","TGO","GDP per capita, PPP (current international $)","NY.GDP.PCAP.PP.CD","","","","","","","","","","","","","","","","","","","","","","","","","","","","","","","1195.28167237045","1192.18923939859","1138.08556886403","1000.53516281286","1170.12538861607","1223.73736640506","1299.14531961671","1461.27010086123","1407.91629528799","1427.48509052019","1412.66546481652","1420.60731829157","1461.24447947129","1551.05235511945","1539.1852660207","1476.5135470266","1518.47941634917","1493.35648222524","1533.4858334353","1575.39318666193","1635.89932934195","1719.36817084931","1755.85027326292","1838.12921973277","1942.14838585312","2036.94563630408","2109.39271418563","2184.16434341899","2288.9476039266","2459.85658494292","2653.96061995284","2952.09730066985","3305.92970304109","3572.00417260831","3814.83532681353","4079.36376686718",
"Togo","TGO","GDP per capita (current LCU)","NY.GDP.PCAP.CN","25068.498391618","25710.8001664399","26402.9889287629","28082.8458476481","31941.893338372","35312.9168168456","40025.7692599209","42083.2912282958","43301.6495541644","48100.3201741594","46121.1231354775","50194.2678745992","52311.4410610444","54572.2974250483","79235.7100189994","75831.790248868","82824.0923923553","104385.403132527","99251.50462403","98695.6152488129","121468.889339358","128250.737096449","128743.689916303","135862.016791859","142686.749097398","151407.929853102","157399.505406299","156032.999437252","165633.324811762","168983.21639444","168582.229706563","166990.120639266","160918.323487806","126866.454405302","197336.171562655","224544.898904013","246708.757447911","278346.369824777","290547.344569589","293714.355386075","312790.08065268","312648.568129321","332592.741484704","336182.888555778","318676.347011732","313824.289443825","311495.862604997","313066.512097276","344022.662545918","362207.235229278","371255.723397623","393090.495589472","415394.520777707","437446.167350704","455017.005773141","481184.053967601","499634.211577356","506377.053312046","523497.607869775","537701.092858525","553264.653788995","596838.704181964","668430.496630401","717165.31794719","767686.370569263","805330.678965774",
"Togo","TGO","GDP, PPP (current international $)","NY.GDP.MKTP.PP.CD","","","","","","","","","","","","","","","","","","","","","","","","","","","","","","","4439301232.09897","4557305505.33766","4475613684.48886","3890054699.10217","4568383650.10326","5030111257.73967","5574809250.23879","6486276956.08222","6408321086.70317","6660294271.03496","6757798862.68303","6966862856.35571","7345865960.08452","7994297556.14942","8128929929.14046","7992595213.14124","8457420139.981","8584474616.75229","9102983528.31698","9658650556.19224","10348352346.7593","11176893782.796","11682932568.5144","12497161169.3217","13473934096.2236","14404265141.0156","15189492245.2958","15997662738.6373","17071442753.291","18743922688.0212","20669188622.0662","23428363747.2408","26674277296.8326","29375626514.9048","32069634435.3069","35048367802.874",
"Togo","TGO","GDP: linked series (current LCU)","NY.GDP.MKTP.CN.AD","","","","","","","","","","","","","","","","","","","","","","","","","","","","","","","626117941357","638342446800","632824341500","493253476200","770436526300","922980579700","1058660830600","1235522196300","1322465462700","1370398928500","1496300790200","1533273599500","1671986948500","1732724260100","1683031765000","1698779207700","1734927292100","1799645000000","2042166000000","2220673000000","2348485000000","2555317000000","2763918000000","2974130000000","3156746000000","3402694000000","3597808000000","3708901000000","3904353000000","4097242000000","4308855000000.01","4736617000000","5393309000000.01","5897859999999.99","6453600000000.02","6919100000000.01",
"Togo","TGO","Forest rents (% of GDP)","NY.GDP.FRST.RT.ZS","","","","","","","","","","","6.38800580954129","4.97557071631962","4.87646389201072","6.78043653276118","5.44641168049363","6.73244853977547","6.06434287705092","8.6790610459001","8.25156362228493","7.24050683847075","6.68311344014361","7.09872040705042","11.9605509173865","8.52877555524328","8.30313539412693","5.74848709973126","6.67663610830751","5.59683136135332","5.59521461306537","5.85673980592305","6.11169329304312","6.29687124613528","6.23238965823591","7.36144125463647","11.1059991161753","12.6268567305943","11.2517302304362","10.6753886502018","10.3801458110484","6.80166561450354","7.14401583181283","6.64861942296073","6.84815672076429","9.30157253117212","6.20709630517654","6.0605371770436","5.74325666103732","7.46714249650574","6.99863551400157","7.06860900076567","6.06836084106674","6.12185993516616","7.28050910986253","6.74375050926682","6.98463683156883","7.79818030819256","5.72106302412989","5.33148764127676","3.15110742501247","3.00254428262497","3.12804385325336","2.98358217087813","","","","",
"Togo","TGO","Gross value added at basic prices (GVA) (current US$)","NY.GDP.FCST.CD","","","","188569047.226567","216857099.459626","245655688.352188","285109015.122886","306549579.827212","321155847.218667","356905630.616895","329953027.33847","365122275.67992","424799633.160852","523866771.883676","731501126.629584","782768903.59843","781630376.61684","974315729.460368","1035785524.68347","1123250056.62329","1434524944.59769","1216802984.04396","1042023103.21831","962362089.173437","920444983.150801","963443169.371609","1339960450.84464","1579568584.76673","1742541210.65938","1709040502.47295","2153411915.38511","2141293359.8163","2288129101.89084","1692856460.74017","1337457362.57245","1775405097.64124","1974565899.13961","2008621806.18242","2119508354.05148","2119016330.30742","1959462415.33133","1985791752.62367","2280771281.01235","2809928717.97986","2970873772.1007","3003507630.0914","3075284625.25168","3474301825.09624","4276062387.17812","4368421711.90644","4368460117.6721","5014690483.15061","5041623829.57236","5583280217.27751","5859522125.98039","5235126453.80708","5562400889.5022","5829397488.27513","6411442450.85815","6300434567.86841","6794119325.39951","7711647331.32211","7886120235.26669","8830733810.90963","9683982079.79507","12252735916.5292",
"Togo","TGO","GDP deflator (base year varies by country)","NY.GDP.DEFL.ZS","9.30084583326196","8.65473188587526","8.71665447044959","8.99340096269248","9.12469011251824","8.91262570048743","9.42401064802751","9.58875077698182","9.59459468199963","10.0588349979831","9.89575609451816","11.1221605857581","11.0807469218406","11.4280589909998","16.2315099692914","15.5394251249987","17.7475796265296","21.4137691491643","18.7789790482998","20.1962283607139","22.3099104003305","25.1315389778485","26.912550300994","30.750313268853","31.328248586107","32.3938593348832","34.2062309565709","34.7736581725817","35.6728272373337","36.0268281591969","37.0989665496378","38.0899143838338","39.3260976460317","36.1026264919222","49.0426675641503","54.4786600015293","57.4139308722836","58.5828983390445","64.1814506255602","64.8971554349217","71.4189669998334","72.5859911113371","76.2355099053155","74.0299350408788","72.6175260733846","76.8846464713891","76.4934856583375","80.2904320878872","87.5761726405458","90.3061344828287","90.2218622971628","92.7657499788535","94.3894980030428","95.9783474051319","96.4389268236352","98.563188508984","100","99.1153405727678","99.56424181825","99.5840418281743","102.514045896148","107.186439604032","114.819682964252","118.233535418981","121.448050077185","122.479289102882",
"Togo","TGO","Exports as a capacity to import (constant LCU)","NY.EXP.CAPM.KN","","","","","","153885820505.627","210657668131.705","212162104785.029","238971679918.197","271794538467.56","278293126090.322","287498106267.438","254484262571.098","218296733521.758","496952010873.215","216308511791.813","340953458305.237","453672299397.407","522669657202.526","449995893510.999","574029493223.454","493925394894.598","571121686529.216","469811126301.364","603077690634.847","616981427992.144","673618700928.063","663331074021.952","685438342918.836","655066063757.077","649897311703.832","557332123018.264","483975826774.011","310235245702.343","319998295407.581","353539915718.744","540739886709.933","546459095385.037","566560155753.366","543855149469.463","490022720871.074","475263947488.271","541000834363.673","621452211565.412","575878448420.804","536137901773.939","500382688452.028","504405412052.575","556007461534.184","614497427148.154","680380475391.81","822965086079.868","905802919245.938","1002658044112.26","914980884645.424","909269529628.542","961748000000","961160037400.859","964326876862.84","1001652821008.02","1023799798666.52","1081117406866.23","1185446971347.96","1220960786624.51","","",
"Togo","TGO","Adjusted net savings, including particulate emission damage (current US$)","NY.ADJ.SVNG.CD","","","","","","","","","","","","","","","","","","","","","","","","","","","","","","","167619529.545538","50730496.0847946","-4408004.50525339","-139964190.884717","-11705243.6837192","6677319.23267484","-25140998.3180733","-94956981.4525829","-108948737.632708","-77748574.4889812","43556004.5972566","18246587.4850834","85900610.0291965","90470003.6062172","144584216.853069","11896175.0341911","56786078.2387496","-65166182.2500599","-63763995.2101821","1368537.57491356","-3251941.17947215","-131379335.629133","-348925384.13449","-95275395.9369541","95736216.3923535","279149605.800771","80209126.2786991","286830762.658578","375631136.859616","709031518.355536","930311930.243865","","","","","",
"Togo","TGO","Adjusted net national income (annual % growth)","NY.ADJ.NNTY.KD.ZG","","","","","","","","","","","","","6.55400934584624","3.72037289662042","34.9978945466193","-25.109835338227","28.5744710973035","4.22353457813887","1.72917947679075","4.24281938850393","-4.44847240555849","-3.90690788267669","-3.54731312618401","-5.77848081862619","20.9037081760642","10.5859518471784","3.49539510537653","-0.642866528005158","8.89168690377417","5.95209396246072","8.09220458587052","-9.09672869702341","1.90944464687881","-30.2833797251129","9.02079515231591","6.98756105330045","30.8237294618206","7.13842117958052","7.88888323124624","4.61532810822021","-2.45188690535983","0.396778098133652","5.79069127119337","3.45419371337165","0.115702155618351","-7.62629935114683","4.69253481563597","-2.94484943781458","6.74754204723982","2.81010658177034","5.75871312870973","1.33666844589642","-4.61340473598329","15.1754871577063","5.35585653597646","13.2176497741288","58.5454644019184","5.17565436658674","8.92877931531055","7.64702041887003","0.204460125023758","-0.442051283518069","","","","",
"Togo","TGO","Adjusted savings: net national savings (current US$)","NY.ADJ.NNAT.CD","","","","","","","","","","","","","","","314979636.153356","115310481.750948","164372522.30554","173086753.252913","310357372.394373","204945658.761859","227898977.893419","105442738.835687","57772835.442132","93761165.0690097","56005295.6795082","32875940.689919","58358140.03017","59310642.7374299","87734872.8131765","89541396.3742592","248842253.495207","119872873.231392","67742523.8348818","-60681503.5922429","82433902.0161699","149765390.656044","119472664.944564","32055127.9194817","48886047.8363814","31521075.0438388","147561130.046987","123855516.538092","217892784.643765","301494052.463466","314485392.137603","202623188.787027","267008388.929352","193962263.667035","273814152.245163","339280085.16115","274392533.36798","313359613.522091","209642434.401615","315725372.520524","431219358.592927","580617853.442674","463956311.192608","657792422.322542","647236884.138707","979062893.875169","1243232806.59505","","","","","",
"Togo","TGO","Adjusted savings: particulate emission damage (current US$)","NY.ADJ.DPEM.CD","","","","","","","","","","","","","","","","","","","","","","","","","","","","","","","68241087.5102875","67110385.7321797","72801063.1927895","59976903.8317886","41285603.4388342","49839036.3831486","50699469.9236895","46206597.4912728","54391313.2285503","55065750.5515443","54532853.9080674","55254924.7587858","62763522.7509488","73128697.7874478","78309425.3999971","80639736.8655919","77336548.6744212","82042410.581837","90998751.8351084","81641349.5350433","75370483.682465","80384240.7060569","78392339.2151195","86130247.5582186","91804386.5757032","85385482.8002053","127873487.349074","139284830.104603","153985469.139084","153795269.998283","161590008.925186","169698419.292336","","","","",
"Togo","TGO","Adjusted savings: mineral depletion (current US$)","NY.ADJ.DMIN.CD","","","","","","","","","","","0","0","0","0","49877487.2122631","30220526.6426268","17319254.6433542","62706434.5993229","8053597.82990312","10223483.0900403","20565523.447831","21075207.7202034","13375249.2403527","10959696.4285151","5063856.22007655","9046367.92344993","2826705.13316921","0","0","0","0","0","0","0","0","0","0","0","0","0","0","0","0","0","1468727.69883128","13010327.3254067","44799078.3464111","54283992.2949567","125288558.673985","127468882.951832","109581392.395724","298846645.903051","383874707.319657","277914198.107026","213037166.865515","147408864.271105","139845483.339728","111211313.091529","88433210.7687929","76270595.4821747","89647839.721633","318238763.205852","","","","",
"Togo","TGO","Adjusted savings: net forest depletion (current US$)","NY.ADJ.DFOR.CD","","","","","","","","","","","10675141.8898283","9518457.61942403","10981737.7114315","18588888.4312223","20671608.4939839","28339141.2509005","25850735.2714118","46533705.0674897","46839937.4662022","45017565.3535047","52604557.4808052","47982240.7433397","69990437.2855209","47191178.5333065","43332857.2727154","32040188.8458539","52316233.5097615","52205067.9354137","57993776.6079879","60036680.7959974","76209685.7764672","78050349.6890155","82570127.3446458","72204329.4207156","87144285.2934149","132656730.178862","132706586.440649","129793902.066981","133996953.274974","87681142.7150037","87484375.7634939","83977748.4638698","103217592.286614","179787346.597949","129888080.064875","132508560.54112","125475507.704409","179198541.11262","203556802.837351","203134406.087961","172162805.493304","187851884.608558","214461190.952793","211644666.585939","221101579.008142","213246490.646556","250403445.026704","271599382.08986","193380908.478154","201979680.720221","236937966.417285","251014752.135581","","","","",
"Togo","TGO","Adjusted savings: education expenditure (current US$)","NY.ADJ.AEDU.CD","","","","","","","","","","","4740059.13826581","10397036.6955854","12094521.6133983","14519612.9016893","20682362.6394836","22588344.5659514","22697260.172531","28183171.7100217","50643426.7519706","53068536.0052764","59211483.4655122","52419892.6388733","45047096.0937443","41595523.6913358","38050452.369308","36900825.674615","46849332.6114281","55223888.6025864","65216309.1527811","64380657.9367221","75103296.3478937","87930964.0380771","93267618.0372798","61732420.7653207","47616497.1194991","54389093.539316","60439924.3060927","61571026.5446334","51096460.881589","63831466.5714176","61585350.5194817","56523816.4502703","60993642.084683","80345572.099892","79036193.0992077","76147541.8883795","75891173.7862769","95026370.2702086","124401218.595695","152214374.241569","154630988.317165","197511356.903002","187757327.977972","221257769.381044","243996494.934171","208206850.253346","216971803.941222","228587245.263227","254696741.300754","258660208.253613","271116516.309183","301269614.569197","","","","",
"Togo","TGO","Services, value added (constant 2015 US$)","NV.SRV.TOTL.KD","","","","","","656479978.577941","705947598.254892","716815258.264693","755398154.703495","871568111.976326","977265473.581912","972791297.462101","1027498567.26834","1046598245.20384","1100976433.54967","1125279916.99889","1070494532.40641","1176461585.02124","1335168289.76735","1237105060.05663","1398547792.93177","1412935064.8299","1361241552.20243","1253735395.99223","1248604066.96348","1255608290.63586","1296047150.88327","1297042195.991","1314432227.49993","1335141315.05246","1327567287.014","1269317465.38157","1189416445.94094","874333300.399901","1126826641.82635","1163483556.66599","1199812933.08989","1608493617.86055","1632299597.20203","1626725928.34912","1637504606.07378","1496740736.87562","1403447868.46196","1576653364.84206","1638702006.90091","1502314786.62936","1678854937.4776","1787919337.08072","1988031531.59589","2038021175.98608","2123986840.2669","2296749681.53523","2536653951.85101","2635848767.25377","2596836931.76289","2830018427.68003","3030393158.21943","3149290424.65473","3264548615.89233","3452929296.28611","3505169782.89341","3555143839.12194","3869926571.8399","4088273953.42279","4324741124.84566","5721260983.28411",
"Togo","TGO","Textiles and clothing (% of value added in manufacturing)","NV.MNF.TXTL.ZS.UN","","","","","","","","","","","","","","","","","","","","","","","","","","","","","","","","","","","","","","","","","","","","","","","","","","","","","","","","","","","","7.03129376809886","7.13704046437284","6.64033634428049","","","","",
"Togo","TGO","Food, beverages and tobacco (% of value added in manufacturing)","NV.MNF.FBTO.ZS.UN","","","","","","","","","","","","","","","","","","","","","","","","","","","","","","","","","","","","","","","","","","","","","","","","","","","","","","","","","","","","44.9877618358598","42.0666274080929","48.0026184105303","","","","",
"Togo","TGO","Industry (including construction), value added (annual % growth)","NV.IND.TOTL.KD.ZG","","","","","","","21.0144644632868","17.3657105384136","0.510090005359686","7.1063486233429","-6.63485284923077","2.53792338322801","16.8319335773748","10.1694877884716","8.46137763346617","2.48237616847111","8.55466845088337","15.0407944105242","0.305411898241474","-0.351680227515757","15.8733279578898","-15.5102057178205","2.8985531790448","-6.57277214183391","-9.29647906202334","14.4044285984425","-1.69492076994987","1.9704484119887","14.1159437602033","6.712536114416","-4.44264314991564","7.08222703920582","-7.68966493210294","-29.3778979695646","26.3334553926378","20.7521472755163","5.22477995959485","2.29641587514109","-9.09716708685185","2.7888457210546","4.26357096036807","1.05031378018987","7.95434730626945","3.45794752191814","-3.74689787890532","5.06818136923089","7.90019345642415","-5.6865234578177","-2.09741773937172","2.68463374794048","8.78877286616499","8.60404176974234","-3.03447536255914","22.3164890702789","10.2726692851412","-0.483424953135881","-2.86451979729503","1.59114654386468","8.27180862046377","-1.35958735878931","5.53604782115707","6.77152790049971","5.59244278626694","6.52017765508943","13.7401184132338","-3.19474929068981",
"Togo","TGO","Manufacturing, value added (% of GDP)","NV.IND.MANF.ZS","","","","","","","","","","","","","","","","","","","","","","","","","","","","","","","","","","","","","","","","","","","","","","","","19.0928210841583","16.1759132215501","15.1024937034854","14.5912364779847","14.2284890680882","11.9533213358718","14.5441187843168","16.176499471291","14.8812969958509","13.3433190431507","13.0097567985773","13.2526439079663","12.6329857987397","13.7268253399105","12.513699123235","11.6124998586211","11.8370561525706","11.4183866369158","",
"Togo","TGO","Manufacturing, value added (current LCU)","NV.IND.MANF.CN","","","","","","","","","","","","","","","","","","","","","","","","","","","","","","","","","","","","","","","","","","","","","","","","343603000000","330339000000","335377000000","342673000000","363583000000","330380000000","432561000000","510651000000","506365000000","480067000000","482519000000","517430000000","517604000000","591469000000","592726000000","626298000000","698133000000","736897000000","",
"Togo","TGO","CPIA gender equality rating (1=low to 6=high)","IQ.CPA.GNDR.XQ","","","","","","","","","","","","","","","","","","","","","","","","","","","","","","","","","","","","","","","","","","","","","","3","3","3","3","3","3","3","3","3","3","3","3","3","3","3.5","3.5","3.5","3.5","4","4","4",
"Togo","TGO","CPIA policy and institutions for environmental sustainability rating (1=low to 6=high)","IQ.CPA.ENVR.XQ","","","","","","","","","","","","","","","","","","","","","","","","","","","","","","","","","","","","","","","","","","","","","","2.5","2.5","2.5","2.5","2.5","2.5","2.5","2.5","2.5","3","3.5","4","4","4","4","4","4","4.5","4.5","4.5","4.5",
"Togo","TGO","Trademark applications, resident, by count","IP.TMK.RSCT","","","","","","","","","","","","","","","","","","","","","","","","","","","","","","","","","","","","","","","","","","","","","","","","","","","","","","","","","","","","","","","","","","",
"Togo","TGO","Scientific and technical journal articles","IP.JRN.ARTC.SC","","","","","","","","","","","","","","","","","","","","","","","","","","","","","","","","","","","","","22.66","21.68","39.17","41.43","30.61","26.48","20.22","26","24.1","24.98","29.75","29.45","43.75","42.37","49.88","48.55","43.95","55.77","75.07","68.55","65.19","68.04","82.36","99.49","109.88","123.02","152.62","135.94","","",
"Togo","TGO","Public private partnerships investment in transport (current US$)","IE.PPN.TRAN.CD","","","","","","","","","","","","","","","","","","","","","","","","","","","","10000000","","","","","","","","","","","","","","","","","","76900000","","","","","","442000000","","","","","","","","","","","","","","",
"Togo","TGO","Investment in transport with private participation (current US$)","IE.PPI.TRAN.CD","","","","","","","","","","","","","","","","","","","","","","","","","","","","10000000","","","","","","","","","","","","","","","","","","76900000","","","","","","442000000","","","","","","","","","","","","","","",
"Togo","TGO","Firms expected to give gifts in meetings with tax officials (% of firms)","IC.TAX.GIFT.ZS","","","","","","","","","","","","","","","","","","","","","","","","","","","","","","","","","","","","","","","","","","","","","","","","","","16.41545105","","","","","","","4.714736462","","","","","","","1.221639156","","",
"Togo","TGO","Firms filling taxes electronically (% of firms)","IC.FRM.TAXE.ZS","","","","","","","","","","","","","","","","","","","","","","","","","","","","","","","","","","","","","","","","","","","","","","","","","","","","","","","","","","","","","","","","57.04896927","","",
"Togo","TGO","Firms where largest owner is also the top manager (% of firms)","IC.FRM.LOTM.ZS","","","","","","","","","","","","","","","","","","","","","","","","","","","","","","","","","","","","","","","","","","","","","","","","","","86.68992615","","","","","","","","","","","","","","80.55051422","","",
"Togo","TGO","Firms with female top manager (% of firms)","IC.FRM.FEMM.ZS","","","","","","","","","","","","","","","","","","","","","","","","","","","","","","","","","","","","","","","","","","","","","","","","","","15.11275864","","","","","","","11.416852","","","","","","","13.18341446","","",
"Togo","TGO","Firms that are partially credit constrained (% of firms)","IC.FRM.CRDC.PT.ZS","","","","","","","","","","","","","","","","","","","","","","","","","","","","","","","","","","","","","","","","","","","","","","","","","","","","","","","","","25.22454834","","","","","","","23.58393097","","",
"Togo","TGO","Firms competing against unregistered firms (% of firms)","IC.FRM.CMPU.ZS","","","","","","","","","","","","","","","","","","","","","","","","","","","","","","","","","","","","","","","","","","","","","","","","","","80.48796082","","","","","","","68.72504425","","","","","","","55.33538818","","",
"Togo","TGO","Firms with a bank loan/line of credit (% of firms)","IC.FRM.BNKL.ZS","","","","","","","","","","","","","","","","","","","","","","","","","","","","","","","","","","","","","","","","","","","","","","","","","","21.58326912","","","","","","","42.32143784","","","","","","","47.24336243","","",
"Togo","TGO","Average time to clear imports through customs (days)","IC.CUS.DURS.IM","","","","","","","","","","","","","","","","","","","","","","","","","","","","","","","","","","","","","","","","","","","","","","","","","","9.026629448","","","","","","","30.56176186","","","","","","","18.64648438","","",
"Togo","TGO","B-READY: Utility Services Pillar 3: Operational Efficiency of Utility Service Provision","IC.BRE.US.P3","","","","","","","","","","","","","","","","","","","","","","","","","","","","","","","","","","","","","","","","","","","","","","","","","","","","","","","","","","","","","","","","","56.5416679382324","",
"Togo","TGO","B-READY: Taxation Pillar 3: Operational Efficiency of Tax Systems in Practice","IC.BRE.TX.P3","","","","","","","","","","","","","","","","","","","","","","","","","","","","","","","","","","","","","","","","","","","","","","","","","","","","","","","","","","","","","","","","","72.5","",
"Togo","TGO","B-READY: Pillar 3: Operational Efficiency","IC.BRE.P3.OE","","","","","","","","","","","","","","","","","","","","","","","","","","","","","","","","","","","","","","","","","","","","","","","","","","","","","","","","","","","","","","","","","64.357684776932","",
"Togo","TGO","B-READY: Market Competition Pillar 2: Public Services that Promote Market Competition","IC.BRE.MC.P2","","","","","","","","","","","","","","","","","","","","","","","","","","","","","","","","","","","","","","","","","","","","","","","","","","","","","","","","","","","","","","","","","29.0343908965588","",
"Togo","TGO","B-READY: Labor Pillar 2: Adequacy of Public Services for Labor","IC.BRE.LB.P2","","","","","","","","","","","","","","","","","","","","","","","","","","","","","","","","","","","","","","","","","","","","","","","","","","","","","","","","","","","","","","","","","40.4761904761904","",
"Togo","TGO","B-READY: International Trade Pillar 2: Quality of Public Services for the Facilitation of International Trade","IC.BRE.IT.P2","","","","","","","","","","","","","","","","","","","","","","","","","","","","","","","","","","","","","","","","","","","","","","","","","","","","","","","","","","","","","","","","","54.662698480119","",
"Togo","TGO","B-READY: Financial Services Pillar 2: Accessibility of Information in Credit Infrastructure","IC.BRE.FS.P2","","","","","","","","","","","","","","","","","","","","","","","","","","","","","","","","","","","","","","","","","","","","","","","","","","","","","","","","","","","","","","","","","49.0277767181396","",
"Togo","TGO","B-READY: Dispute Resolution Pillar 2: Public Services for Dispute Resolution","IC.BRE.DR.P2","","","","","","","","","","","","","","","","","","","","","","","","","","","","","","","","","","","","","","","","","","","","","","","","","","","","","","","","","","","","","","","","","53.582878112793","",
"Togo","TGO","B-READY: Business Location Pillar 2: Quality of Public Services and Transparency of Information for Business Location","IC.BRE.BL.P2","","","","","","","","","","","","","","","","","","","","","","","","","","","","","","","","","","","","","","","","","","","","","","","","","","","","","","","","","","","","","","","","","43.7027786672115","",
"Togo","TGO","B-READY: Business Insolvency Pillar 2: Quality of Institutional and Operational Infrastructure for Judicial Insolvency Proceedings","IC.BRE.BI.P2","","","","","","","","","","","","","","","","","","","","","","","","","","","","","","","","","","","","","","","","","","","","","","","","","","","","","","","","","","","","","","","","","43.33333","",
"Togo","TGO","B-READY: Business Entry Pillar 2: Digital Public Services and Transparency of Information for Business Entry","IC.BRE.BE.P2","","","","","","","","","","","","","","","","","","","","","","","","","","","","","","","","","","","","","","","","","","","","","","","","","","","","","","","","","","","","","","","","","54.6666662693024","",
"Togo","TGO","Human capital index plus (HCI+): overall score, male (scale 0–325)","HD_HCIP_OVRL_MA","","","","","","","","","","","","","","","","","","","","","","","","","","","","","","","","","","","","","","","","","","","","","","","","","","","","","","","","138.031306086944","","","","","138.773348395884","","","","","144.071343514017",
"Togo","TGO","Human capital index plus (HCI+): on-the-job learning pillar score, female (scale -30–87)","HD_HCIP_OTJL_FE","","","","","","","","","","","","","","","","","","","","","","","","","","","","","","","","","","","","","","","","","","","","","","","","","","","","","","","","32.4811196378144","","","","","29.3257832835908","","","","","30.0821122114171",
"Togo","TGO","Human capital index plus (HCI+): education pillar score, total (scale 0–188)","HD_HCIP_EDUC_TO","","","","","","","","","","","","","","","","","","","","","","","","","","","","","","","","","","","","","","","","","","","","","","","","","","","53.9716505770118","","","","","62.1643217544891","","","","","57.7880123446006","","","","","63.0676397227094",
"Togo","TGO","Voice and Accountability - Governance score (0-100)","GOV_WGI_VA_SC","","","","","","","","","","","","","","","","","","","","","","","","","","","","","","","","","","","","","35.6371714","","30.9770969","","32.322606","","30.1642551","31.7063311","35.2139034","34.0617513","36.4802925","39.0042687","41.0110008","39.9031545","41.262193","42.2317294","39.9267356","40.9371246","41.3803226","42.794914","43.6712549","43.7066117","43.3722896","44.0656997","44.0004539","41.2623331","41.9199453","41.7711269","39.8403293","",
"Togo","TGO","Regulatory Quality - Governance score (0-100)","GOV_WGI_RQ_SC","","","","","","","","","","","","","","","","","","","","","","","","","","","","","","","","","","","","","41.2705794","","39.8577298","","37.7473434","","38.8299599","38.8304047","35.5897042","36.4910456","39.7395325","38.5560593","39.3998239","40.4708233","41.2386817","38.8907588","40.9709334","38.794878","41.7751939","42.2395219","42.4801023","42.6030799","44.0957976","45.0661579","47.134974","47.2652648","48.225645","48.4869254","48.4262622","",
"Togo","TGO","Rule of Law - Governance score (0-100)","GOV_WGI_RL_SC","","","","","","","","","","","","","","","","","","","","","","","","","","","","","","","","","","","","","41.6628909","","42.4306948","","42.5953014","","38.8137881","36.4646544","39.0071331","37.0343373","40.0548502","39.8884158","42.123532","41.7634582","42.5360312","43.3710739","41.2308988","39.976939","41.3616468","42.9361302","43.2062246","43.0745231","45.0064693","44.8662899","46.3616797","46.0737756","45.3413466","46.1171793","46.0727275","",
"Togo","TGO","Carbon dioxide (CO2) emissions from Transport (Energy) (Mt CO2e)","EN.GHG.CO2.TR.MT.CE.AR5","","","","","","","","","","","0.2066","0.2066","0.2127","0.1995","0.1836","0.244","0.1924","0.243","0.2332","0.3014","0.3158","0.3136","0.3634","0.2264","0.1808","0.2299","0.4058","0.447","0.418","0.4276","0.4264","0.3218","0.2706","0.167","0.3241","0.3935","0.6565","0.432","0.4843","0.5754","0.4342","0.2928","0.4792","0.7014","0.6432","0.6138","0.5781","0.6434","0.8672","1.9312","1.603","1.484","1.2587","0.7381","0.3946","0.7081","0.6095","0.6443","1.0077","0.9203","1.2462","1.2651","1.2335","1.1798","1.226","",
"Togo","TGO","Carbon dioxide (CO2) emissions excluding LULUCF per capita (t CO2e/capita)","EN.GHG.CO2.PC.CE.AR5","","","","","","","","","","","0.253736023350786","0.167805945150656","0.183110808310306","0.156621212961344","0.14145536399073","0.160159363843435","0.138538403986863","0.178174477860544","0.189230988388064","0.205537312998439","0.184458882399133","0.173262856666574","0.190366727758697","0.135670805587857","0.147082356782258","0.134823835301432","0.193972709125879","0.204143260535187","0.194199988862059","0.19127132915137","0.203310643639333","0.182753471688123","0.135559826994028","0.105710583455548","0.191512539243166","0.179396416450754","0.263263620635655","0.19138081199533","0.229917381336597","0.290221044658591","0.261532756293112","0.229683304568544","0.238505867164764","0.278884122036929","0.260919618580203","0.242224773209851","0.219348958931813","0.211866065298029","0.267699302138865","0.442134052395829","0.399159756855589","0.356445007539325","0.337585692690914","0.284077537841705","0.250041656792998","0.218623992470058","0.295505385172154","0.226012118968061","0.259620074854462","0.276288808616883","0.310963431943333","0.319297354292546","0.322781503048354","0.307799874754525","0.312565499458875","",
"Togo","TGO","Carbon dioxide (CO2) net fluxes from LULUCF - Total excluding non-tropical fires (Mt CO2e)","EN.GHG.CO2.LU.MT.CE.AR5","","","","","","","","","","","","","","","","","","","","","","","","","","","","","","","","","","","","","","","","","19.1933","19.7669","20.3405","20.9141","21.4877","22.0614","22.635","23.2086","23.7822","24.3559","24.9295","25.5031","26.0767","26.6503","27.224","27.7976","28.3712","28.9448","29.5185","29.5185","29.5185","29.5185","29.5185","29.5185","","",
"Togo","TGO","Carbon dioxide (CO2) emissions from Industrial Combustion (Energy) (Mt CO2e)","EN.GHG.CO2.IC.MT.CE.AR5","","","","","","","","","","","0","0","0","0","0","0","0","0","0","0","0","0","0","0","0","0","0","0","0","0","0.0249","0.0591","0.0124","0","0.112","0.0653","0.1587","0.0996","0.1151","0.3018","0.2645","0.2055","0.196","0.1525","0.1713","0.0935","0.0749","0.0375","0.0655","0.1495","0.2304","0.2024","0.1464","0.2654","0.2889","0.0314","0.1203","0.0765","0.1441","0.158","0.153","0.1579","0.1755","0.1678","0.1744","",
"Togo","TGO","Methane (CH4) emissions (total) excluding LULUCF (% change from 1990)","EN.GHG.CH4.ZG.AR5","","","","","","","","","","","","","","","","","","","","","","","","","","","","","","","","-1.28367109718501","-3.83585182190326","-1.05119522919088","3.50229948956386","3.26982362156973","14.7723252640623","24.2179208571284","31.9199474402386","39.7230504876939","42.9322282306565","45.8988224591904","49.492090766665","52.8427755597109","55.8750694900692","61.9901955829585","65.4267953706979","69.1514630818214","73.204629302067","84.0400262798807","88.9169656845404","93.3744377621671","111.962399555264","118.855814423611","117.147622176176","123.565977662101","130.82832162531","137.787436195482","142.507707080406","151.922979734169","161.505028554101","171.092131197251","181.06837822813","200.106130287563","205.392429372821","",
"Togo","TGO","Methane (CH4) emissions (total) excluding LULUCF (Mt CO2e)","EN.GHG.CH4.MT.CE.AR5","","","","","","","","","","","1.1855","1.1657","1.2274","1.2369","1.2607","1.3074","1.324","1.3378","1.3667","1.3641","1.3266","1.3582","1.4569","1.4293","1.5027","1.5466","1.6409","1.7139","1.8704","1.8691","1.9787","1.9533","1.9028","1.9579","2.048","2.0434","2.271","2.4579","2.6103","2.7647","2.8282","2.8869","2.958","3.0243","3.0843","3.2053","3.2733","3.347","3.4272","3.6416","3.7381","3.8263","4.1941","4.3305","4.2967","4.4237","4.5674","4.7051","4.7985","4.9848","5.1744","5.3641","5.5615","5.9382","6.0428","",
"Togo","TGO","Methane (CH4) emissions from Building (Energy) (Mt CO2e)","EN.GHG.CH4.BU.MT.CE.AR5","","","","","","","","","","","0.1217","0.1217","0.1248","0.1279","0.129","0.1319","0.1353","0.1384","0.1418","0.1456","0.1494","0.1536","0.1584","0.163","0.1682","0.1733","0.1791","0.1885","0.1943","0.2004","0.2106","0.2164","0.223","0.2285","0.2338","0.2407","0.248","0.2524","0.2583","0.293","0.3006","0.3075","0.3151","0.3227","0.3303","0.3405","0.3463","0.3545","0.3647","0.3922","0.4035","0.4149","0.4269","0.4371","0.4479","0.4562","0.4696","0.4779","0.482","0.4936","0.5054","0.517","0.5293","0.7379","0.7379","",
"Togo","TGO","Total greenhouse gas emissions including LULUCF (Mt CO2e)","EN.GHG.ALL.LU.MT.CE.AR5","","","","","","","","","","","","","","","","","","","","","","","","","","","","","","","","","","","","","","","","","23.9187","24.4847","25.2348","26.1629","26.7608","27.5162","28.0652","28.7071","29.7665","31.7457","32.2256","32.7244","33.6765","34.1297","34.4723","35.0777","36.4458","36.7621","37.8033","38.2471","38.8714","39.2635","39.6466","40.0636","","",
"Togo","TGO","Bird species, threatened","EN.BIR.THRD.NO","","","","","","","","","","","","","","","","","","","","","","","","","","","","","","","","","","","","","","","","","","","","","","","","","","","","","","","","","","","13","","","","15","","","",
"Togo","TGO","PM2.5 pollution, population exposed to levels exceeding WHO Interim Target-1 value (% of total)","EN.ATM.PM25.MC.T1.ZS","","","","","","","","","","","","","","","","","","","","","","","","","","","","","","","59.3824649896696","","","","","56.9405639975174","","","","","54.4143857868112","","","","","32.6450538134225","","","","","19.2461108262732","12.8686635806609","35.4566066966484","4.06811143851148","5.40432877096582","58.6017425616739","51.1526515769833","51.8533865462003","","","","","","","","",
"Togo","TGO","Combustible renewables and waste (% of total energy)","EG.USE.CRNW.ZS","","","","","","","","","","","","","","","","","","","","","","","","","","","","","","","82.8118796907192","84.8204068071908","88.0892033332728","91.9692927533075","85.2518736058288","85.2438020309215","80.0660882808889","85.1044454869069","83.1681123502685","80.9695847539912","83.2009594279638","85.4746702654884","84.5704963979941","82.0048935243744","83.1631972586719","84.088621356096","85.8267954742554","85.1130738619819","83.1724047943036","73.6096107139848","75.7733420175471","77.4764824618199","79.9119663148885","84.1746259027897","82.7083726370598","87.1161444883482","82.6104772790994","86.0240150314135","82.9836633036431","82.5414025761602","80.2442393623576","80.7406747067737","80.2263027540502","79.3811534734602","","",
"Togo","TGO","Energy imports, net (% of energy use)","EG.IMP.CONS.ZS","","","","","","","","","","","","","","","","","","","","","","","","","","","","","","","","","","","","","","","","","","","","","","","","","","","","","","","","","","15.1421966166379","18.0403993498955","","","","","","","",
"Togo","TGO","Electricity production from renewable sources, excluding hydroelectric (% of total)","EG.ELC.RNWX.ZS","","","","","","","","","","","","","","","","","","","","","","","","","","","","","","","0","0","0","0","0","0","0","0","0","0","-5.71428571428571","35.0573770491803","4.0718954248366","64.8693181818182","83.3010752688172","85.6825396825397","36.4864864864865","44.8979591836735","67.479674796748","71.7105263157895","51.3966480446927","74.0697674418605","42.5418994413408","23.5796178343949","0.0193236714975845","0.18","0.03125","13.8634423897582","-15.2934232715008","2.495","2.45008183306056","11.7008","","","","",
"Togo","TGO","Electricity production from nuclear sources (% of total)","EG.ELC.NUCL.ZS","","","","","","","","","","","","","","","","","","","","","","","","","","","","","","","0","0","0","0","0","0","0","0","0","0","0","0","0","0","0","0","0","0","0","0","0","0","0","0","0","0","0","0","0","0","0","0","","","","",
"Togo","TGO","Electricity production from oil, gas and coal sources (% of total)","EG.ELC.FOSL.ZS","","","","","","","","","","","","","","","","","","","","","","","","","","","","","","","39.873417721519","31.8021201413428","23.3532934131737","20.4152249134948","40.080971659919","17.4757281553398","20.1680672268908","35.4166666666667","42.8571428571429","51.8691588785047","71.8114285714286","87.7049180327869","60.7843137254902","37.5","87.0967741935484","92.5925925925926","81.1711711711712","80.6122448979592","30.0894308943089","38.1447368421053","98.6480446927374","55.3488372093023","46.927374301676","75.1592356687898","41.8269230769231","80.1324503311258","53.7777777777778","84.2553191489362","65.5405405405405","78.4280936454849","86.4909390444811","77.6699029126214","79.1463414634146","","","",
"Togo","TGO","Access to electricity, rural (% of rural population)","EG.ELC.ACCS.RU.ZS","","","","","","","","","","","","","","","","","","","","","","","","","","","","","","","","","","","","","","","3.10279958670469","3.13197689466699","6.4","5.4","6.5","7.6","8.7","9.8","7.4","11.8","12.9","13.9","9.3","16.3","15.8","17.1","21.1","19.8","21","19.5","26.3","23.9","24.3","24.7","25.9","30.5","33.9","",
"Togo","TGO","Access to clean fuels and technologies for cooking, rural (% of rural population)","EG.CFT.ACCS.RU.ZS","","","","","","","","","","","","","","","","","","","","","","","","","","","","","","","","","","","","","","","","","0","0","0.1","0.1","0.1","0.2","0.2","0.3","0.4","0.4","0.5","0.6","0.7","0.7","0.7","0.8","0.9","1","1","1","1.1","1.1","1.2","1.1","","",
"Togo","TGO","Public and publicly guaranteed debt service (% of GNI)","DT.TDS.DPPG.GN.ZS","","","","","","","","","","","0.66844488197426","0.605694706982965","1.13430220643301","1.1794531267694","1.0793745442234","1.91331171167155","2.64167120654001","5.22861486672505","4.17002310325519","2.27852850670937","2.41908260138833","5.3208287839437","6.28745741433385","4.79437881117168","7.65001150310574","8.66923127820655","8.71812059008741","3.56267776160013","4.92856306440985","3.06343438987918","2.64822864993225","1.72358437017784","0.817736937402036","0.74023396452891","0.901123285001599","0.773792763263322","2.13546098785337","1.98996132524837","1.16203597093729","1.26304486402432","0.701630680011021","0.903038711529987","0.10921129551203","0.111539864565534","0.137652525293981","0.26016268324381","0.524858714595197","0.14259861454835","4.19316917614541","1.11917901925944","0.774858376459354","0.278594153662157","0.440133568597346","0.832900712590429","0.755294001929162","0.756214815595775","1.08328689886747","1.18329913382736","1.17362932788805","1.23455552781542","1.17097773632205","1.29765227882325","2.18200159036636","1.87022049684396","2.15162290211792","",
"Togo","TGO","Total debt service (% of GNI)","DT.TDS.DECT.GN.ZS","","","","","","","","","","","0.66844488197426","0.605694706982965","1.13430220643301","1.1794531267694","1.0793745442234","1.91331171167155","2.64167120654001","5.22861486672505","4.99293954585614","2.43712389519138","3.34484784125934","6.67676917077259","7.56948991807294","5.72045582017809","9.35781859195809","10.7157581788273","9.921012383348","5.27476381924528","6.92698550261126","4.88207252908449","3.77796873965856","2.4246947051561","1.52839898261992","1.51170032841467","1.70479875154932","1.60181346816429","2.84860767914531","2.67770907810729","1.79632518381496","1.93927204456355","1.45559193540733","1.6605740522266","0.624421832440221","0.657980652283636","0.696641400250049","0.666721160715802","0.815159262716264","0.414516927470588","4.27861818125716","1.14516052882813","0.788645976997201","0.285164247924819","0.453646171928856","0.885686766988705","0.966765112670034","1.04645098418714","1.49500465044204","1.69392623654067","1.64359073030444","1.61946736614601","1.42793172011471","2.03926267617564","2.91656345145304","2.71396943295321","3.21770096859245","",
"Togo","TGO","Net ODA received per capita (current US$)","DT.ODA.ODAT.PC.ZS","0.0657458262779817","1.72077924091743","2.61402618862209","3.76755174597265","8.30272121438877","7.27832152785767","6.4745510192165","7.38198747234844","9.68506645496055","8.54940908427579","7.88563584411634","8.67635581747479","9.45766028061653","11.0129620666255","16.0629403299952","16.92510287497","16.9606509866742","24.7331252234581","38.4998907575127","40.3301127528932","32.4030012625321","21.712555378047","25.7964141384197","36.6030920557131","34.8580040705976","34.7092326164802","51.6754935285471","35.6956378150364","58.6626770931429","55.1994822459274","69.5311066454323","52.1289508790429","56.5608165924061","24.6452264585165","31.9272947825138","46.5496469578491","36.2141852172674","28.1906938687159","28.2234135650053","15.3314291102311","14.5555282110671","9.39877247788507","10.1707003157314","9.71842138973856","12.3327432255853","15.2603577442913","14.3327013970057","21.3077982713509","55.6149418983694","80.6587241555484","62.3764164357494","83.4359731565429","36.8330306636221","33.2876163502487","30.4054781151209","28.2078169406065","23.3655025632367","47.0950870742677","45.1438753203309","53.112186335803","72.2503668183067","44.3714937938447","53.2478524953195","74.8446196480929","","",
"Togo","TGO","Net ODA received (% of gross capital formation)","DT.ODA.ODAT.GI.ZS","","","","28.0268694883701","29.8257546736027","21.3316162564897","24.2556143479454","34.1619559683669","51.0270355567383","34.9556216977913","32.8580233045247","26.3390848531601","22.6791417110477","20.7459466792278","28.8583780661568","16.7677153264052","18.1234887184517","14.9788018820973","17.7891538033349","17.1432610004365","16.2079978803901","15.0049379155188","25.961755545148","47.0676880769547","70.9689177907297","37.5257801399144","40.0878346499439","28.5194858906187","47.0478530014271","61.4417770934495","31.0716630859029","23.5307097581062","25.3993636715751","70.1963731065177","27.0045082042","27.4298366755343","27.4427676040255","22.5707089910172","27.3333431338967","15.7483831695686","11.2040689187416","7.50912436064014","6.91699560339624","5.2231410863977","5.73834081036933","10.2101135500115","12.6357917888287","17.3422216233445","42.1988656931731","72.2679124801805","52.4813615913535","50.2532261574513","25.5819500847978","16.9948109178841","14.744720679027","13.7612869762425","13.7485700247673","32.0760188815816","25.0308253462246","31.1136046713642","37.9420916223464","19.1708184527833","20.2827828223372","28.2752889308204","","",
"Togo","TGO","Net official development assistance and official aid received (constant 2023 US$)","DT.ODA.ALLD.KD","1014696.00200653","22390481.9488525","39543380.7373047","56250022.8881836","112634475.708008","100867416.381836","85113403.3203125","98118255.6152344","139852951.049805","120601905.822754","126131713.867188","127222755.432129","128948120.117188","132420578.00293","181373886.108398","166404174.804688","174599594.116211","229837738.037109","314006958.007813","301082153.320313","220785583.496094","166976104.736328","210597427.368164","311313598.632813","320858093.261719","315579528.808594","369672943.115234","233509490.966797","362191955.566406","354929626.464844","408298919.677734","306922363.28125","330610351.5625","143326889.038086","180703277.587891","250350784.301758","191814712.524414","165248306.274414","183617141.723633","101647750.854492","109155944.824219","77141258.2397461","83635993.9575195","70161651.6113281","82303306.5795898","100817695.617676","93810684.2041016","132969558.71582","329786865.234375","540048828.125","409580017.089844","545347656.25","249872589.111328","227049682.617188","213962799.072266","232757400.512695","196095413.208008","389277648.925781","359806274.414063","445567047.119141","605833862.304688","358850891.113281","454479370.117188","615510925.292969","","",
"Togo","TGO","Net official flows from UN agencies, WFP (current US$)","DT.NFL.WFPG.CD","","","","","","","","","","209999.993443489","379999.995231628","810000.002384186","409999.996423721","519999.980926514","1070000.05245209","1669999.95708466","1129999.99523163","4170000.07629395","1980000.01907349","469999.998807907","1159999.9666214","1960000.03814697","1240000.00953674","2450000.04768372","2150000.09536743","1740000.00953674","1580000.04291534","1590000.0333786","2180000.0667572","2130000.11444092","1759999.99046326","670000.016689301","1289999.96185303","419999.986886978","1649999.97615814","430000.007152557","","","","","","","","","","289999.99165535","360000.014305115","819999.992847443","1870000.00476837","170000.001788139","1019999.98092651","0","","15437.0004311204","","","","","","","","280919.998884201","456216.990947723","2215801.00059509","","",
"Togo","TGO","Net official flows from UN agencies, UNRWA (current US$)","DT.NFL.UNRW.CD","","","","","","","","","","","","","","","","","","","","","","","","","","","","","","","","","","","","","","","","","","","","","","","","","","","","","","","","","","","","","","","","","","",
"Togo","TGO","Net bilateral aid flows from DAC donors, Luxembourg (current US$)","DC.DAC.LUXL.CD","","","","","","","","","","","","","","","","","","","","","","","","","","","","","","","19999.9995529652","59999.9986588955","39999.9991059303","119999.997317791","150000.005960464","79999.9982118607","200000.002980232","59999.9986588955","59999.9986588955","70000.0002980232","","","59999.9986588955","270000.010728836","250000","850000.023841858","699999.988079071","439999.997615814","589999.973773956","730000.019073486","850000.023841858","899999.976158142","645722.985267639","504287.004470825","1049265.0270462","1101678.01380157","954312.980175018","888276.994228363","873632.01379776","961912.989616394","831821.978092194","1522629.97627258","1039798.02131653","1679034.948349","","",
"Togo","TGO","Net bilateral aid flows from DAC donors, Italy (current US$)","DC.DAC.ITAL.CD","","","","","9999.99977648258","9999.99977648258","","9999.99977648258","9999.99977648258","9999.99977648258","9999.99977648258","","","109999.999403954","119999.997317791","39999.9991059303","239999.994635582","79999.9982118607","19999.9995529652","79999.9982118607","9999.99977648258","79999.9982118607","180000.007152557","140000.000596046","389999.985694885","310000.002384186","3059999.94277954","2329999.92370605","469999.998807907","70000.0002980232","1019999.98092651","500000","910000.026226044","","","569999.992847443","3099999.90463257","","","9999.99977648258","9999.99977648258","79999.9982118607","9999.99977648258","","189999.997615814","9999.99977648258","150000.005960464","730000.019073486","1309999.94277954","3039999.96185303","11529999.7329712","939999.997615814","469999.998807907","519999.980926514","1100000.02384186","2100377.08282471","1592236.99569702","1113276.00479126","1166517.97294617","2123457.90863037","2505693.9125061","1968569.04029846","979526.996612549","1399569.03457642","","",
"Togo","TGO","Net bilateral aid flows from DAC donors, Greece (current US$)","DC.DAC.GRCL.CD","","","","","","","","","","","","","","","","","","","","","","","","","","","","","","","","","","","","","","","","","","","","","","","","109999.999403954","19999.9995529652","9999.99977648258","29999.9993294477","19999.9995529652","9999.99977648258","7581.00021630526","18394.9992060661","11231.9998443127","","","","","","","","","","",
"Togo","TGO","Net bilateral aid flows from DAC donors, Estonia (current US$)","DC.DAC.ESTL.CD","","","","","","","","","","","","","","","","","","","","","","","","","","","","","","","","","","","","","","","","","","","","","","","","","","","","","","","","","","","","","","","","","","",
"Togo","TGO","Net bilateral aid flows from DAC donors, Czechia (current US$)","DC.DAC.CZEL.CD","","","","","","","","","","","","","","","","","","","","","","","","","","","","","","","","","","","","","","","","","","","","","","","","","9999.99977648258","","","","","","","","","","","","","","","","","",
"Togo","TGO","Net bilateral aid flows from DAC donors, Belgium (current US$)","DC.DAC.BELL.CD","","","","","","","","19999.9995529652","9999.99977648258","29999.9993294477","19999.9995529652","59999.9986588955","79999.9982118607","100000.001490116","109999.999403954","129999.995231628","170000.001788139","449999.988079071","270000.010728836","400000.005960464","389999.985694885","250000","469999.998807907","150000.005960464","289999.99165535","370000.004768372","2740000.00953674","1190000.05722046","649999.976158142","479999.989271164","1860000.01430511","1480000.01907349","3970000.02861023","879999.995231628","839999.973773956","16159999.8474121","1009999.99046326","1360000.01430511","4750000","1460000.03814697","1019999.98092651","1159999.9666214","1360000.01430511","1120000.00476837","949999.988079071","1129999.99523163","1860000.01430511","1580000.04291534","2579999.92370605","62400001.5258789","5030000.20980835","88010002.1362305","720000.028610229","740000.009536743","790000.021457672","10589640.6173706","702540.993690491","884887.993335724","739462.971687317","619657.99331665","706468.999385834","714963.018894196","438252.002000809","987610.995769501","","",
"Togo","TGO","Stocks traded, total value (% of GDP)","CM.MKT.TRAD.GD.ZS","","","","","","","","","","","","","","","","","","","","","","","","","","","","","","","","","","","","","","","","","","","","","","","","","","","","","","","","","","","","","","","","","","",
"Togo","TGO","Market capitalization of listed domestic companies (current US$)","CM.MKT.LCAP.CD","","","","","","","","","","","","","","","","","","","","","","","","","","","","","","","","","","","","","","","","","","","","","","","","","","","","","","","","","","","","","","","","","","",
"Togo","TGO","Personal transfers, receipts (BoP, current US$)","BX.TRF.PWKR.CD","","","","","","","","","","","","","","","4117078.45022395","4768728.33307197","7085149.60470367","8026711.64050681","9332795.51356002","7958757.58609596","9934704.73695398","7864382.20508982","6113699.85658881","6077686.75519095","6609351.05496509","15405231.6225381","21423255.9244621","20044150.2087613","21239005.6421195","22864608.8885741","26874573.2967337","28971286.2209225","16245308.6488007","11717650.0011358","15306066.5129351","15021583.9836836","13292870.0903199","8595619.77660589","28815.9146778866","4477854.32634684","15744683.7569189","51589457.951194","86973979.5862395","128565840.500604","153588391.203344","164283785.969196","203324635.963853","252715166.798207","302585173.683975","301126898.594106","301272693.281217","204018419.901647","295461026.802074","341659056.274312","374111489.234291","316611646.046713","324964542.565099","348763626.451541","395598525.614259","456586399.610219","593749139.318987","","","","","",
"Togo","TGO","Foreign direct investment, net inflows (BoP, current US$)","BX.KLT.DINV.CD.WD","","","","","","","","","","","700000","4599999.9","1200000","3299999.9","-44328180.6901005","5212005.42861192","5624596.024053","11258562.0677697","92893665.5058144","52585152.0130357","42734849.485449","10193888.0243794","16131768.5115865","1443319.3935039","-9936912.14704239","16275545.9650337","6113092.43726733","7150544.2892809","12966335.7239749","9169040.44407446","18239596.9648189","6479812.94651245","-13109580","-18575900.8456824","-3265462.29559324","-7813307.2201075","2253923.41384395","12260365.7806242","11116162.8504459","15089199.2484699","52818330.9863658","72617650.8875252","57806307.3736271","45773612.370036","79967681.861951","96003598.2087157","91396741.8990609","62406802.6278744","50892371.9537828","46304496.1277116","125064101.838993","728710878.416044","121511565.575361","183599248.958183","54020342.354686","257860036.464441","-46308331.6178517","88558699.5022234","-180972714.795729","345697546.971432","-59206820.0004109","-136221500","-173300710","79736910","83754750","",
"Togo","TGO","Charges for the use of intellectual property, receipts (BoP, current US$)","BX.GSR.ROYL.CD","","","","","","","","","","","","","","","","","","","","","","","","","","","","","","","","","","","","","","","","","","1365.37841285184","","","","5689.81018133905","5742.44420074522","","","","12126.2521781154","","","","","","","","","","694.943929951643","","","","","",
"Togo","TGO","Exports of goods and services (BoP, current US$)","BX.GSR.GNFS.CD","","","","","","","","","","","","","","","229546857.32616","168883907.326034","182631972.090531","226949980.192565","297958138.247731","335790935.83865","549646177.416736","474781254.761466","433111052.607909","344134579.318753","367734406.134353","368966537.9926","466033060.203389","516316546.512934","540493411.839488","539741443.330471","662906141.319432","630863670.625694","548932757.22173","348640700.244764","399265355.164554","464723492.979348","556852011.92036","510974216.100247","496315144.08909","460065411.952003","424651665.080748","429341876.542849","516664474.806254","694062539.996016","752340957.233738","811325296.891056","831812366.376925","914118024.256181","1140287863.65402","1201391051.77077","1297644432.88692","1689771845.56275","1750942261.74239","2008534310.59154","1817014022.29763","1498688995.56299","1578379785.51372","1588595518.22664","1702908075.83448","1665136817.79807","1721559850.24159","","","","","",
"Togo","TGO","ICT service exports (BoP, current US$)","BX.GSR.CCIS.CD","","","","","","","","","","","","","","","","","","","","","","","","","","","","","","","","","","","","","6312158.45906516","7310645.72190101","3266368.68142867","7836245.07110697","4777473.79603164","9007401.3895836","7188849.52675191","9084365.20363733","11812157.702587","12128778.7032211","15944853.3974026","13214697.9116607","52865465.9408887","58493269.5944389","51433498.6134764","63836790.9383404","17400626.2010124","21186491.1302921","28962810.5442228","18317803.9895932","35876018.4844671","36704989.6778564","34139816.202419","30968866.5886439","35585472.6130863","","","","","",
"Togo","TGO","Net secondary income (BoP, current US$)","BN.TRF.CURR.CD","","","","","","","","","","","","","","","38096477.6877433","41103451.9432788","37359202.9067866","42026266.576183","50182609.8744319","83009888.6327717","86179658.813939","68744342.3449124","66581204.1624223","65127819.469054","73062164.9687537","77148580.8462896","110373515.460401","104030603.631627","126594680.16784","115200764.553756","132136073.38025","110585735.499097","90293692.2572874","63253414.4576079","80105590.5110367","117642362.377419","84863246.5236719","99359333.8060007","89622579.8096409","71395455.3005562","68120890.7315093","77265399.0048729","91608459.4796639","127950214.384868","169695706.587157","187822872.078007","243863363.374572","279368115.613868","325152436.161498","337030381.743056","356085374.168328","270891824.470036","242173691.103982","262401243.20681","320325936.305474","316746629.330956","341522372.591258","400352603.619655","421822925.427709","518037710.799203","604136756.019697","","","","","",
"Togo","TGO","Net errors and omissions (BoP, current US$)","BN.KAC.EOMS.CD","","","","","","","","","","","","","","","-15986395.4353802","-6107891.76907163","-163213.723912252","-15365535.7215584","536214.746980419","-10074198.1730677","-241386.346633946","-4313081.86446667","-5018163.7946814","4274849.62185063","-4156018.53040741","-5083882.24618942","-1885616.13676692","-29723504.9493468","5455798.95169841","19917977.0877433","-18044933.5256051","28191440.0238586","3743976.94673522","-10813575.7394448","9313682.03558337","2654521.04272883","-11171875.3773792","-2588794.39554545","2413756.61772414","-3811700.38084532","3865065.00739961","-5117438.2913687","5330228.60869199","-8532792.33693716","16442963.4675119","12804468.0999898","13406908.2138254","15377627.0808248","19474821.0775423","5532558.99420946","10900737.9978259","-3485124.22183601","5670455.50499898","5046170.43751369","4434590.84361243","4556046.26204287","4287909.11893232","3868940.82799255","5365230.35648456","4912008.70995409","3689907.19745917","","","","","",
"Togo","TGO","Net financial account (BoP, current US$)","BN.FIN.TOTL.CD","","","","","","","","","","","","","","","115789196.252464","-81600314.1768714","-24733156.6236259","-102653989.641776","-216834608.014478","-222821707.515276","-95238746.4111424","-48466969.4155512","-91854612.4794806","-39106082.9127183","22027355.9224512","-32506574.5723951","-58324157.3207017","-90258568.8185358","-77361550.4277136","-10194092.1450018","-102293800.859277","-112588522.323374","-134930511.253934","-93250315.9373088","-41267662.5022793","-116552506.190819","-157508781.56727","-103981813.805459","-126159464.567396","-124039489.418105","-127428870.030846","-153023420.241957","-121189847.315733","-150176558.938718","-150645307.441196","-140091092.398821","-98995909.7247137","-127151718.841984","455051078.802612","-36142755.0469081","1200424187.07832","-28746821.2333412","-2190747.45675742","-248311122.49782","-134974988.658558","-186865314.703651","-156351644.804452","150796789.309949","136894970.433829","239416902.642888","355702348.591954","","","","","",
"Togo","TGO","Secondary income, other sectors, payments (BoP, current US$)","BM.TRF.PRVT.CD","","","","","","","","","","","","","","","5384191.39403657","6653822.50778926","6461589.48001327","9117562.91822274","12554515.5222771","11752447.7053986","9395135.2562428","8600403.00107389","9208589.23147722","10121605.274081","9181688.5154155","9068185.75787028","13574703.6124675","14390927.8972266","15850354.9852112","14993340.3227378","15811813.3172665","15628826.740248","16623106.5243542","6649889.97954753","4373161.86083861","5238922.66168747","6505687.00890952","7365471.28156841","5463158.41216637","2229178.56884901","5406866.89559726","10532529.0767391","21122561.0819121","32364344.3701339","36718383.3031292","38095175.7674587","40398094.9522426","49169122.6328891","58477573.04285","72140068.9785354","55859580.6584885","78818479.1909674","169088881.084836","214876462.617313","201264234.447102","132205699.87034","112888391.417156","128867708.910838","134914155.751577","133424698.019688","100163021.260103","","","","","",
"Togo","TGO","Transport services (% of service imports, BoP)","BM.GSR.TRAN.ZS","","","","","","","","","","","","","","","51.6952836339925","54.2299642157856","56.4574616457463","54.7134935304991","58.4607762180019","60.8510087946197","62.6621257272601","54.8383843477386","54.8983198729276","46.3800098078553","48.9706330657455","45.603903888692","46.66052124361","43.9165171468228","51.98329503715","49.3540796234932","50.530402202862","38.5318374322016","42.728624535316","44.3514183420546","55.6154343608535","63.8105576425821","58.8766269691058","61.5967098347773","71.3630324434198","72.923325663827","71.4104951535119","71.1267235856883","69.6791309231037","72.6980277230392","72.0828884407005","74.0988329775993","74.9096806423353","70.6533693090612","70.4314847052973","62.2296453469174","60.9731350743471","59.5920080402399","68.8621275693633","72.8526698682796","69.9757991655005","71.2645443371345","66.6852361356369","63.7942923947526","64.7639736964981","64.9694973528874","67.3734521439394","","","","","",
"Togo","TGO","Goods imports (BoP, current US$)","BM.GSR.MRCH.CD","","","","","","","","","","","","","","","98037151.6330826","211513165.692908","180627372.763506","252739658.161252","410891168.099375","464315703.94489","524120754.526601","413938095.661443","408154132.486513","291776200.15659","263202301.291352","303748609.002516","418563468.055898","437131505.565374","504461636.855102","470125699.678504","602725755.441752","567004901.352487","547444233.592049","375289701.724141","365515640.605907","506462580.831584","567771713.73279","530521241.420418","553445237.518707","489598778.457811","485660554.590992","516515826.689787","578262911.24074","756140511.135415","854768615.950632","917788762.170036","949909813.049644","1073394414.29765","1312540697.44453","1320457990.26074","1425779755.90074","2022459224.24915","1851212312.55597","2393130704.39038","2215378829.32403","2044085022.16684","2001177776.64302","1662373052.50696","1863487912.20109","1811991882.92638","1951337517.71526","","","","","",
"Togo","TGO","Communications, computer, etc. (% of service imports, BoP)","BM.GSR.CMCP.ZS","","","","","","","","","","","","","","","21.3757878722017","22.645331172777","15.6415620641562","21.3245570533339","17.7737407101569","17.9416709777548","16.6538952745849","24.3759770056982","23.9960625517348","28.6768311711471","25.4933441723403","33.7284500954021","29.3790329338808","33.7655303158535","24.5240930513392","28.5869791416542","25.0244511653802","35.1920647893603","23.4200743494423","28.06389424401","23.6645828842422","20.9457481582671","23.4380611284202","23.1240241251568","9.39462418096546","10.6523226167527","12.0696652819558","8.92221417094609","12.0960089851087","10.164552911256","12.9758373867995","9.51313254674803","10.2135084454934","12.4013798285461","13.9200447649838","13.4747553883293","14.3851055854055","14.3896019294499","9.88142415096655","5.39673419162485","6.67857573513872","6.28502802428705","12.8746248916793","16.7073804353681","16.3026965383242","14.8953325625266","15.7489919146314","","","","","",
"Togo","TGO","Livestock production index (2014-2016 = 100)","AG.PRD.LVSK.XD","","24.41","25","26.59","26.39","27.62","28.22","28.47","29.53","28.73","29.74","28.59","32.17","32.61","33.96","35.76","36.22","36.14","37.39","35.74","31.94","32.49","35.65","34.37","37.03","38.81","45.86","47.73","55.33","56.57","61.28","58.94","55.03","54.64","53.38","47.84","52.55","60.19","63.78","67.32","72.59","75.3","77.47","80.93","84.82","93.35","96.69","99.79","107.36","117.93","104.43","105.71","102.46","109.9","93.89","97.98","108.13","114.55","119.09","123.96","117.02","125.79","142.92","","","",
