"Data Source","World Development Indicators",

"Last Updated Date","2026-07-13",

"Country Name","Country Code","Indicator Name","Indicator Code","1960","1961","1962","1963","1964","1965","1966","1967","1968","1969","1970","1971","1972","1973","1974","1975","1976","1977","1978","1979","1980","1981","1982","1983","1984","1985","1986","1987","1988","1989","1990","1991","1992","1993","1994","1995","1996","1997","1998","1999","2000","2001","2002","2003","2004","2005","2006","2007","2008","2009","2010","2011","2012","2013","2014","2015","2016","2017","2018","2019","2020","2021","2022","2023","2024","2025",
"Zambia","ZMB","Intentional homicides (per 100,000 people)","VC.IHR.PSRC.P5","","","","","","","","","","","","","","","","","","","","","","","","","","","","","","","7.06380763119835","8.5696566499408","9.39256519761077","8.89666859766172","9.68952816195481","","","","9.19597589578639","11.0061545142944","7.95597242721496","","","","","","","","5.32971915912698","6.01909974504443","5.82860993954142","5.9773668355394","5.93416934268648","5.63023682646344","5.19020856145348","5.20150860823759","","","","","","","","","","",
"Zambia","ZMB","Internally displaced persons, new displacement associated with conflict and violence (number of cases)","VC.IDP.NWCV","","","","","","","","","","","","","","","","","","","","","","","","","","","","","","","","","","","","","","","","","","","","","","","","","","","","","","","","","","","","","","","","","","",
"Zambia","ZMB","High-technology exports (% of manufactured exports)","TX.VAL.TECH.MF.ZS","","","","","","","","","","","","","","","","","","","","","","","","","","","","","","","","","","","","","","","","","","","","","","","","","0.729230744967091","1.43407400279918","0.521350955025196","1.59556479854664","4.08749617202127","1.26239347130831","1.63736199657177","4.2533845527155","22.5255637247844","4.48475826872894","2.14275391250791","2.1996059285433","1.3612623275557","0.953120510576897","0.716710301849432","1.16356588883727","1.4719428559393","",
"Zambia","ZMB","Export value index (2015 = 100)","TX.VAL.MRCH.XD.WD","","","","","","","","","","","","","","","","","","","","","","","","","","","","","","","","","","","","","","","","","","","","","","26.6","56.5","69.3","76.2","64.8","108.4","135.4","141.2","159.9","146.1","100","96.5","120.9","136.8","106.6","120","166.5","176.3","158","169.7","",
"Zambia","ZMB","Merchandise exports to low- and middle-income economies in Sub-Saharan Africa (% of total merchandise exports)","TX.VAL.MRCH.R6.ZS","","","","","13.2699077073957","11.1941728963006","8.57270427146897","7.74336589973083","3.48760111391062","2.07323690661078","2.25334228530977","4.23489158023156","3.80873176352923","2.15161603273383","3.36400937205008","3.26331389499596","3.00590933760237","3.22496980032687","3.1128450686458","3.15902959118441","3.8944320070276","4.54382547973774","5.92700199343353","5.92700199343353","5.6676474645264","7.99156324107493","6.80714474577299","6.31397621869782","6.54373048820143","9.09537455599327","8.24734299990253","14.0035919417595","9.88975901795588","5.57854541127611","12.9641680270133","13.0285866567807","23.1213474235868","13.690580454488","23.8419995867673","44.6579238026367","44.7393513638533","31.3121741537625","36.3523220500572","45.5227507085495","49.348742134117","24.3149453795744","19.9619214297974","24.073357273342","20.721271740981","23.2581634307407","19.3051831153401","22.527588280557","28.8656957748339","30.85656691639","24.6585806761824","24.485495386681","21.9470861127893","19.4997812007956","20.7747158454975","24.0106368510016","21.0831715686415","19.2675044248233","24.8625992272166","29.5399723790313","","",
"Zambia","ZMB","Merchandise exports to low- and middle-income economies in Europe & Central Asia (% of total merchandise exports)","TX.VAL.MRCH.R2.ZS","","","","","","","0.014883167137967","","","","","","0.00394081708086013","","","","","","0.00446775855181549","0.000386974739836882","","","","","","","","","","","","","","0.0629146964544971","","","","","0.0226417909734589","0.185797845079133","0.013693951272696","0.00699197406203171","0.00497700459348731","0.0222853301021751","0.00178919438454484","5.04447150024936E-05","0.00808186915917652","0.00144005018900021","0.00889960357565677","0.00297181452935502","0.0684641635851322","0.00418425205783597","0.00569518291916859","0.00456473170379183","0.00459427761818115","0.00140364418937538","0.000889270013646469","0.000396714743453486","0.00298346260343411","0.00183942991809375","0.00810462941306603","0.0270933375312278","0.105040965699816","0.0522238669759313","","",
"Zambia","ZMB","Merchandise exports (current US$)","TX.VAL.MRCH.CD.WT","362000000","335000000","335000000","361000000","470000000","527000000","691000000","654000000","759000000","1073000000","1001000000","1226000000","758000000","1144000000","1407000000","810000000","1070000000","896000000","856000000","1373000000","1298000000","1079000000","1024000000","836000000","652000000","784000000","517000000","873000000","1179000000","1347000000","1309000000","1083000000","756000000","826000000","927000000","1040000000","1037000000","915000000","1032000000","1063000000","892000000","987000000","956000000","980000000","1576000000","1810000000","3770000000","4617000000","5099000000","4312000000","7200000000","9001000000","9365000000","10607000000","9694000000","6607000000","6372000000","8000000000","9034000000","7039000000","7924000000","11013000000","11643000000","10431000000","11276000000","13314000000",
"Zambia","ZMB","Insurance and financial services (% of commercial service exports)","TX.VAL.INSF.ZS.WT","","","","","","","","","","","","","","","","","","","6.03700097370983","4.60652591170825","4.84126984126984","3.19314641744548","2.99277605779154","3.6848792884371","3.68","4.71204188481675","5.48302872062663","6.20347394540943","6.90978886756238","5.1413881748072","4.12698412698413","4.51237263464338","","","","","","","","0.375234521575985","4.45514223194748","3.91061452513966","5.41958041958042","4.80225988700565","6.53391412570006","1.65471185489101","1.51169137600608","2.68046304128112","3.0923559929695","1.13271099316608","1.27816088774691","1.14645164514247","34.0695458924541","9.91026798578492","9.33873701453104","9.75635175592022","10.0454562113652","9.86447933344938","8.97913051765412","8.92510819820712","9.20469606444879","2.41510998317086","0.755511179353627","1.07375540149546","1.44125451463136","",
"Zambia","ZMB","Agricultural raw materials exports (% of merchandise exports)","TX.VAL.AGRI.ZS.UN","","","","","","","0.359046693044026","0.243751160464718","","","0.143650018096518","0.486643655277171","0.248906651750653","0.106225254842102","0.045044748736447","0.0608931260532252","0.0456485947890993","0.0323343722655132","0.0154661024949545","0.0520100022566528","","","","","","","","","","","","","","0.94633774604545","","0.560571922972069","1.88630388461561","3.94513971784925","6.35650497333532","10.0264071436279","4.473679029302","4.30002754550954","4.79358840710487","5.02175177160825","9.68987539999555","4.63259957624206","2.69841033255298","1.7275989859386","1.6639059685191","2.22688895336752","1.47821394850183","2.20667745639806","2.141260737194","2.15742268016014","1.80216520319116","1.46089785875392","1.50428222164457","0.800514572012433","0.941299031245252","1.33060430559732","0.861156727384181","0.666806794266321","0.432861316707101","0.575244361988637","0.4234075815646","",
"Zambia","ZMB","Net barter terms of trade index (2015 = 100)","TT.PRI.MRCH.XD.WD","","","","","","","","","","","","","","","","","","","","","","","","","","","","","","","","","","","","","","","","","","","","","","85.4","123.2","120.8","108.1","97.5","122","125.3","115","110.3","106.9","100","96.2","106.6","105","100.8","105.2","128.2","116.9","116.4","126.4","",
"Zambia","ZMB","Computer, communications and other services (% of commercial service imports)","TM.VAL.OTHR.ZS.WT","","","","","","","","","","","","","","","","","","","27.1058586874529","25.0056217674837","32.6127819548872","36.3684865730037","13.9958911145352","29.3952618453865","23.5838973993587","16.1717495987159","9.31919642857143","13.2111861137898","12.7112135176651","2.18083802989464","3.32342610105377","14.1924496168039","","","","","","11.9275825346113","17.589928057554","17.372311827957","17.559829067784","16.1132013277958","16.6666666666667","19.6493037648272","23.2407850646242","17.6971388141894","25.105601703795","42.4165867091906","27.0730340526377","27.4112325962569","28.0886556189289","16.7837461939427","12.0939488585602","27.5009437907857","20.2606696509573","12.1437078249944","13.2724914980455","13.431336078549","14.5680459824307","14.7954703460637","21.1697576111564","22.135378687963","13.2115701753066","20.9009497748581","31.6071676095526","",
"Zambia","ZMB","Merchandise imports by the reporting economy, residual (% of total merchandise imports)","TM.VAL.MRCH.RS.ZS","","","","","-2.07389141448437E-13","0","0.0294811320754717","-9.3903017368092E-14","-2.39555864518976E-13","6.26853445254314E-14","0.00116867483940492","1.64007897712998E-14","-1.7079980064963E-13","-1.27690017276756E-13","-1.38303841170455E-13","0.000204064141443218","-4.48241011628539E-14","7.38131783327804E-14","-3.1554260847029E-14","-1.33795591357192E-13","-2.73593970515169E-13","7.87368544811668E-14","-4.3376855958939E-14","-1.17928454963288E-13","-1.67106639084018E-13","1.08342671190797E-13","-1.83617297995392E-13","4.36420141286304E-15","-3.1144606316557E-14","3.66327937757618E-13","-3.36819343346429E-13","3.78574422310856E-15","-1.22412219694899E-13","1.37192862551777E-13","1.7180841925709E-13","0.000684823997803422","6.50354054508848E-14","0.00163834156145566","0.00899609360746977","-1.2096074508698E-13","0","0","0.000482563504087674","0.00258435533794018","0.00612604190624414","0.00338503918172677","0.00116416486060181","0.00151451722033863","2.11386750434517E-05","3.22735872731679E-05","0","0","0","0.000162372994676861","0.00623809160650537","0.00330591346802298","9.02320837704613E-07","8.54870002494736E-05","0","0.000594172675087583","5.35354952576959E-05","0.00144234486773502","0.000178141587342368","0.00128822667502246","","",
"Zambia","ZMB","Merchandise imports from low- and middle-income economies in Latin America & the Caribbean (% of total merchandise imports)","TM.VAL.MRCH.R3.ZS","","","","","","","0.17688679245283","0.329628682983581","0.1116411245306","0.249430071408388","0.334435783265356","0.778785028649949","0.165399431356755","0.199356252810639","0.399462401234307","0.25018263740659","0.0905306911996682","0.0489722856266342","0.0860888702029325","0.118546201623983","0.025711556796829","0.11779694601319","0.981129721586366","0.981129721586365","0.652972486693155","0.164083434086318","0.508620780582252","0.296815422033996","0.116129204451034","0.0715682501146818","0.208673077318262","0.177115547914072","0.292503864266824","","0.379786376908046","0.337682151779662","0.23356508549449","0.239634759054568","0.514779071372646","0.557090215681634","0.295965521188552","0.85873368184438","0.366000812164081","0.353008896283127","0.33088660447038","0.535214705383982","0.411850250722547","0.302972027959535","0.296222849433417","0.214390691896641","0.11526617253748","0.175472969640094","0.164074734852638","0.31837129639572","0.106284073644018","0.339838197934533","0.186896958756584","0.224133638220726","0.216568634468828","0.373323785378401","0.58223322344035","0.602746903280869","0.526425587652093","0.414576897976604","","",
"Zambia","ZMB","Merchandise imports from high-income economies (% of total merchandise imports)","TM.VAL.MRCH.HI.ZS","","","","","35.3154034642296","42.5722145804677","50.9139150943396","60.1675906258538","59.2733177712374","58.8691087017951","64.8049676471849","66.5519334547371","69.3839036581393","68.9802732915737","77.7869252605125","84.8000783606303","83.8332911144631","85.4156874554957","85.9507275972581","81.6780817617172","77.6548868396452","74.6621935123249","73.8335793797362","73.8335793797362","67.3879226328812","71.9958161377818","74.428518166764","69.0651414092049","68.3794378121579","65.8253342938168","61.3577643639293","59.9977243245145","50.3841973147398","44.9234040686415","43.8059218603447","51.3070397170069","43.3582006121641","38.6000917471274","43.4439988563602","37.0313048053586","26.6283738905214","23.9753788172374","24.5373655429096","26.2095725638941","37.212293552318","33.3273053592663","33.5321003418102","29.295363958626","29.5976625363597","29.7958259296435","27.2456641099838","25.5132880495015","28.2819956804812","26.1751732212298","22.7339766352146","23.9517239478448","27.0596876461725","24.4053667891072","27.7131453740051","33.6651805588763","30.3641668066641","32.7343922773078","28.57355005769","37.5556366402168","","",
"Zambia","ZMB","Manufactures imports (% of merchandise imports)","TM.VAL.MANF.ZS.UN","","","","","","","79.3996700826657","78.501579301677","","","76.4505718836954","75.3672131035605","80.0508067921246","79.0798019259417","74.6308576604301","75.9683753974277","74.3343833548795","75.1289316480091","71.765009333608","70.8177116638425","","","","","","","","","","","","","","","","72.3323618033801","73.1226002399426","72.7361906816361","73.0321576590195","76.8987749067277","69.1085801440099","79.6102610737459","80.1419225527465","74.9761934385898","78.2236401284308","78.2035220699742","73.321588471544","75.3547330383471","64.7818406686906","65.2487119497367","62.055106732438","69.157303149062","68.5986297344714","68.4156064819503","60.7604691653688","64.4479246819761","59.35594159178","62.4682117183593","64.2662061095677","69.1731419085303","77.2075356003797","74.2290436040472","75.0767835843995","66.9729388089245","64.4480863333062","",
"Zambia","ZMB","Food imports (% of merchandise imports)","TM.VAL.FOOD.ZS.UN","","","","","","","10.3170786057449","8.40968839814127","","","10.5971463393379","13.5725145225099","10.5233320674062","8.55010762044082","10.2088628923492","7.7616628330573","8.16428722800222","7.59268451644104","8.11905045820965","8.57487419739351","","","","","","","","","","","","","","","","9.85116249791585","10.9627207508765","8.50555325520772","11.7539342877294","10.0339731917449","7.71875385705693","8.90169458861382","10.9170489712646","12.8091114362065","6.99595611051906","6.27914029941864","7.74466326880398","5.41864513915649","5.60473308012592","6.55122864762436","4.72346413311449","5.05053377640445","5.59482407006915","4.22365420871318","4.67353135038696","6.02146654938936","6.10621751889602","6.11675887008898","5.27627154479216","7.26167497859506","8.713730995012","8.98696065551374","7.76492105778001","6.8602251801721","7.83076143578051","",
"Zambia","ZMB","Tariff rate, applied, weighted mean, primary products (%)","TM.TAX.TCOM.WM.AR.ZS","","","","","","","","","","","","","","","","","","","","","","","","","","","","","","","","","","12.44","","","","9.93","","","","22.83","16.86","8.22","19.38","9.7","14.95","9.1","5.61","3.09","2.28","1.67","1.98","1.68","","3.56","3.97","","0.77","","2.25","2.27","2.76","","","",
"Zambia","ZMB","Binding coverage, primary products (%)","TM.TAX.TCOM.BC.ZS","","","","","","","","","","","","","","","","","","","","","","","","","","","","","","","","","","","","","","57.37","","","","57.37","57.37","57.37","56.36","56.36","56.36","55.39","55.39","55.39","55.39","55.39","53.75","53.75","","53.75","53.75","","54.5","","54.46","54.46","0","","","",
"Zambia","ZMB","Tariff rate, applied, simple mean, all products (%)","TM.TAX.MRCH.SM.AR.ZS","","","","","","","","","","","","","","","","","","","","","","","","","","","","","","","","","","25.34","","","","15.39","","","","17.64","14.89","14.51","18.13","14.52","17.28","16.07","11.58","11.03","11.19","10.46","11.12","10.3","","10.64","14.72","","10.8","","11.65","11.66","11.5","","","",
"Zambia","ZMB","Tariff rate, applied, weighted mean, manufactured products (%)","TM.TAX.MANF.WM.AR.ZS","","","","","","","","","","","","","","","","","","","","","","","","","","","","","","","","","","19.96","","","","11.86","","","","12.01","8.76","8.86","10.67","9.22","10.31","9.93","5.05","4.63","3.92","4.24","4.27","4.16","","4.16","7.41","","4.45","","5.35","5.34","4.43","","","",
"Zambia","ZMB","Binding coverage, manufactured products (%)","TM.TAX.MANF.BC.ZS","","","","","","","","","","","","","","","","","","","","","","","","","","","","","","","","","","","","","","7.04","","","","7.04","7.04","7.04","6.35","6.35","6.35","5.38","5.38","5.38","5.38","5.38","5.15","5.15","","5.15","5.15","","5.1","","5.1","5.1","0","","","",
"Zambia","ZMB","International tourism, expenditures (current US$)","ST.INT.XPND.CD","","","","","","","","","","","","","","","","","","","","","","","","","","","","","","","","","","","","","","83000000","81000000","100000000","102000000","102000000","109000000","115000000","86000000","87000000","92000000","120000000","164000000","143000000","167000000","223000000","303000000","357000000","378000000","400000000","423000000","410000000","478000000","511000000","474000000","","","","","",
"Zambia","ZMB","International tourism, receipts for passenger transport items (current US$)","ST.INT.TRNR.CD","","","","","","","","","","","","","","","","","","","","","","","","","","","","","","","","","","","","","","","","","","","","","","","","","","","","","","","","","","","","","","","","","","",
"Zambia","ZMB","International tourism, number of arrivals","ST.INT.ARVL","","","","","","","","","","","","","","","","","","","","","","","","","","","","","","","","","","","","163000","264000","341000","362000","404000","457000","492000","565000","413000","515000","669000","757000","897000","812000","710000","815000","920000","859000","915000","947000","932000","956000","1009000","1072000","1266000","502000","","","","","",
"Zambia","ZMB","Urban population growth (annual %)","SP.URB.GROW","","8.36566886483706","8.2377959402159","8.162898673709","9.0959718837017","10.2161457939434","10.493534256047","10.1417536022847","9.33858272650071","8.06914020394285","7.02149375995789","6.78890034788575","6.73382283355745","6.59441333390402","6.37121864179057","6.08536063497363","5.71369746722235","5.24993580867469","4.71514380560163","4.10537930401867","3.44894430443067","3.061696980063","3.1667665004162","3.14621575320065","2.972178048746","2.86920423323904","2.83073505433908","2.71349434873346","2.5511241018525","2.43066001926922","2.34149812272143","2.19891416118047","2.01487207995238","1.87614985071145","1.78591523648949","1.73122682949424","1.35757489167538","0.940268180922427","0.860144441217489","1.16770963818904","1.98184385161573","3.05488942781847","3.59498474839254","3.97375119821","4.31898880250062","4.63356691720477","4.88824832694096","5.00792941691569","5.01296748942977","4.88461585757125","4.63266848847021","4.35251891315956","4.23205158418099","4.17506739839671","4.12770061741767","4.05894924629252","4.01636109626793","3.97347057455809","3.89574458509516","3.83532154719952","3.76197608004315","3.65740022017216","3.58198236627561","3.75300456135683","3.78819140455858","3.74885344109529",
"Zambia","ZMB","Completeness of death registration with cause-of-death information (%)","SP.REG.DTHS.ZS","","","","","","","","","","","","","","","","","","","","","","","","","","","","","","","","","","","","","","","","","","","","","","","","","","","","","","","","","","","","","","","","","","",
"Zambia","ZMB","Completeness of birth registration, male (%)","SP.REG.BRTH.MA.ZS","","","","","","","","","","","","","","","","","","","","","","","","","","","","","","","","","","","","","","","","","","","","","","","","14","","","","","","","11.7","","","","14.1","","","","","","","",
"Zambia","ZMB","Population, female (% of total population)","SP.POP.TOTL.FE.ZS","50.4407639337432","50.4542748857053","50.4675560584854","50.4808263808503","50.4967548369926","50.5129483676847","50.5261277407514","50.5391045798358","50.551862913971","50.5753236269858","50.6444196497782","50.7446778577498","50.838704679133","50.9250975983335","51.0036454523942","51.0755624100341","51.1420935670082","51.2044649304599","51.2629055692997","51.318121187671","51.3639458519658","51.3891439975572","51.3856211329457","51.3762413926635","51.3857326734027","51.4030844926959","51.4156145498922","51.4342020566294","51.4655331031572","51.5038180491898","51.5448226207266","51.5882931474069","51.632367705185","51.6762816367625","51.7166674362322","51.7483000622712","51.7672208282204","51.7634122447795","51.7450787031017","51.7142600762792","51.6624139978803","51.5784606688926","51.4917661607883","51.4116232971424","51.3287163155277","51.2343521988009","51.1302930948898","51.0245532740484","50.9221412507668","50.8316809224937","50.7592229875793","50.7136581451669","50.6812929301111","50.6511658292528","50.6213025271092","50.5964264234434","50.5707407222818","50.5442736297639","50.5253297216596","50.512675922445","50.5061047320757","50.5048152360525","50.509166455035","50.5102040077755","50.5031092019664","50.4962974597737",
"Zambia","ZMB","Researchers in R&D (per million people)","SP.POP.SCIE.RD.P6","","","","","","","","","","","","","","","","","","","","","","","","","","","","","","","","","","","","","50.04499","54.29949","56.4222","55.79382","","","","","","","","","41.90146","","","","","","","","","","","","","","","","","",
"Zambia","ZMB","Age dependency ratio (% of working-age population)","SP.POP.DPND","95.5754248424379","96.1826777805778","96.8457550169846","97.7115387687021","98.6261708865504","99.1885897592906","99.5172232591198","99.8497703400247","100.19376323659","100.670988519948","101.681646001733","103.092334833259","104.469063000762","105.782637690393","106.998480022295","108.125947811754","109.125621521411","109.948820203943","110.576373295277","110.987263353772","111.106070483735","110.845526048714","110.17194701274","109.38701913217","108.774641032653","108.18465164059","107.49654740231","106.836733402516","106.26217205053","105.741428724792","105.212755386982","104.71091714615","104.265792247289","103.900814734371","103.671433338043","103.554185310665","103.447538794104","103.148952229642","102.735507397432","102.247164180592","101.54753502566","100.496328798022","99.4309410870537","98.4754018940788","97.6030631602521","96.7715302677538","95.925978930964","95.0937476176288","94.2483279485375","93.4137284231271","92.6272354636416","91.9437657216159","91.2480121650816","90.4153625250029","89.4276668789517","88.3819983200907","87.2726425233368","86.0880279127988","84.8848438316168","83.6337137132054","82.2910754691753","80.8978170758265","79.5164700824871","78.1069920863262","76.6912407389232","75.3495969672683",
"Zambia","ZMB","Population ages 75-79, male (% of male population)","SP.POP.7579.MA.5Y","0.473235467995424","0.471511892774152","0.47100772928824","0.4697926747768","0.465314067936023","0.458621699354991","0.449854051947432","0.438352182040581","0.427684700174272","0.422867021048384","0.425431866438444","0.434105055342796","0.447685481862316","0.462964969005677","0.47516224191277","0.483130076680259","0.48770996357594","0.488970859632531","0.48885661088324","0.4899273461673","0.491856107950041","0.49323919178361","0.493573605406121","0.4928286676673","0.490519473313624","0.48636951519937","0.480786439875033","0.474244335045047","0.467483870266362","0.460850215189323","0.45426443605251","0.447845824060902","0.441797466488439","0.435613635726175","0.428480851484644","0.420201022319707","0.410727381787076","0.399695352646593","0.387850808893054","0.376044525304785","0.364218846448606","0.352017210930405","0.340349481871906","0.329123499402867","0.317698105798434","0.305927215115671","0.294052796736394","0.282524297560843","0.271790369178919","0.262347453018036","0.254247381073112","0.247833660056481","0.242963864113175","0.238905925347261","0.234848210249093","0.230740670888313","0.226799896754735","0.223227444536153","0.220515039645251","0.219056890777219","0.217963368139874","0.216297462964844","0.21600470109006","0.21562466118214","0.214672831391853","0.217723177318516",
"Zambia","ZMB","Population ages 65 and above (% of total population)","SP.POP.65UP.TO.ZS","2.85178276256457","2.85985022217449","2.87448345030924","2.89282099998341","2.9095197072756","2.92471479202884","2.94012136665703","2.95422717916441","2.96677544539941","2.98027264435865","3.00085486826595","3.02584644702658","3.04885301572437","3.06964574017969","3.08820656710057","3.10394450115689","3.11760128736446","3.13005453392135","3.1410201753805","3.14895357162136","3.15063349229592","3.14329627066318","3.1249367781276","3.09990293899653","3.07316757010743","3.04436559285988","3.01277977016009","2.98065769079839","2.94910058121286","2.91599949191063","2.88028682655103","2.84208152449681","2.80112466184319","2.75738211525998","2.71049683726105","2.66007615615877","2.60600976027129","2.54798535789922","2.4878067634399","2.4259330462356","2.36227994611301","2.29709674465413","2.23520510851432","2.17702400716705","2.12025755768245","2.06377024852078","2.00832215333904","1.95607503028929","1.90868455465819","1.86763325106366","1.83336276280121","1.80622103977023","1.78393870465733","1.76140692799667","1.74239076105129","1.73777036449312","1.74344108575267","1.75286336564157","1.76725056665151","1.78700911823288","1.80827618085464","1.82696220580829","1.85608917171283","1.89885236729554","1.9467528327704","2.00005028777659",
"Zambia","ZMB","Population ages 65 and above, female (% of female population)","SP.POP.65UP.FE.ZS","3.02609122026195","3.04063889839727","3.0602439710152","3.08312926503692","3.10583592660483","3.12866374277707","3.15296921301675","3.17752861175676","3.20046437557202","3.22117298447029","3.2436465414894","3.26669093091543","3.28582676453534","3.30160483921648","3.31602210951314","3.32930581279308","3.3424393837536","3.35673757180427","3.37106684329692","3.38317364434481","3.38974378846692","3.38782428943258","3.3754434348337","3.35580153050136","3.33400070325214","3.31142043923906","3.28783395510806","3.26456423384098","3.24131414375256","3.21463255640698","3.18305093741127","3.14711468849428","3.10680469423863","3.06277738665905","3.01568497081579","2.96541304564429","2.91172904185836","2.85483242526957","2.79576006586939","2.73412307375573","2.67056308553401","2.60583276312854","2.5436103375327","2.48475940855109","2.42783562150377","2.37178636259692","2.3170569679239","2.26549977512286","2.21880312852101","2.17818231770912","2.1440430130401","2.11678362574697","2.09425382553497","2.07212480519461","2.05617022884289","2.05706579297432","2.06868356787182","2.08368970963707","2.10317353258736","2.1276570718306","2.15473805049023","2.17827590309679","2.21035179894924","2.25579751535125","2.30541635333588","2.35973881441699",
"Zambia","ZMB","Population ages 60-64, male (% of male population)","SP.POP.6064.MA.5Y","1.65618018073353","1.66551869254379","1.66276038965977","1.65406292296927","1.64908502916437","1.65113663418359","1.65906216777266","1.67228185821879","1.68713605700871","1.69816878140349","1.70465759872556","1.70692082004223","1.70353307158805","1.69580499878241","1.68623698434972","1.67520592421104","1.66303646305429","1.65076701349206","1.63755608110556","1.62148006059167","1.60200916390485","1.57885707134331","1.55153333914837","1.52243158460967","1.49487778822356","1.46916822391903","1.44484876195908","1.42260415773384","1.40144809752699","1.37877396426553","1.35390071438937","1.327259227552","1.29884283072513","1.26951318647143","1.24033168083767","1.21114892020002","1.18265308589527","1.1563537343147","1.13068334364681","1.102852020935","1.07331648039426","1.04405070511951","1.01523058849222","0.98821370794831","0.965480049503062","0.948019146217565","0.934792837059104","0.924005253983428","0.908852347992446","0.892032599137871","0.888062660840479","0.894431405108152","0.904719362835237","0.924633701158098","0.951961481988653","0.975685951751575","0.997299978446714","1.02251617732363","1.05092976400876","1.08275444339221","1.11608036117827","1.14923035690112","1.18608578406528","1.2278905502285","1.271018418964","1.31439110656268",
"Zambia","ZMB","Population ages 50-54, male (% of male population)","SP.POP.5054.MA.5Y","2.84475522148943","2.84774079622989","2.842849829726","2.83206965726635","2.81885054238639","2.80490174346849","2.79080248893791","2.77672698920697","2.76087436102846","2.74039233305261","2.71421733335396","2.6817720662834","2.6430426675671","2.60093628593292","2.56021605141842","2.52198405691227","2.48661652555693","2.45519296985785","2.42575594636637","2.39474239968836","2.36145143525501","2.32695026487625","2.29160244045189","2.25596987914723","2.2209822736853","2.18660688112343","2.1541925228642","2.12516608787937","2.09636710076514","2.06247554666783","2.02291267565689","1.97911364052201","1.9317971921429","1.88404287510683","1.84041738666768","1.80311258007108","1.77066963242346","1.74108408807841","1.70094226525896","1.65517638775059","1.63333148158895","1.63392630250318","1.64140045210848","1.66517059397849","1.70126683297555","1.72889210706735","1.7511750387209","1.77924007041495","1.81248608304683","1.85028714393455","1.89171743058911","1.93498004422936","1.97969901331152","2.0262196456731","2.07374931988873","2.12179216898699","2.17200192233306","2.2256779033755","2.28429695410579","2.34960617511224","2.4232298214934","2.50222061238453","2.59009127562186","2.68917541775511","2.79316381460688","2.90036235574653",
"Zambia","ZMB","Population ages 40-44, male (% of male population)","SP.POP.4044.MA.5Y","4.2088941268001","4.17057293160752","4.12574394361735","4.07845065720284","4.03515028608104","3.99818291778524","3.96763956531076","3.94360308595416","3.92258200585517","3.89664825340783","3.85511734830936","3.80041861272839","3.74063222636552","3.6782847352635","3.61727239720183","3.55711943061513","3.50011578983389","3.44975386231518","3.40208010430743","3.34972138847277","3.29359166216822","3.23888922506505","3.18907709343058","3.14293900701357","3.100757019841","3.06786808256765","3.04411660076519","3.02125681477485","2.97715906228932","2.91925238012433","2.89055682082484","2.88623111535996","2.88753109618239","2.91218001920382","2.95363927988266","2.97688487468569","2.98706741225056","3.0071638361552","3.03416166409349","3.06716930678891","3.10935073780311","3.16360454663146","3.21942401472024","3.27311535362202","3.32454070180802","3.37518229118363","3.42884742201709","3.48747531406169","3.55364069059697","3.62794498264171","3.71249309450211","3.80507686946971","3.90641516780828","4.01695541210088","4.13403178369146","4.25597674374974","4.3776016144153","4.49206539758396","4.59440256831592","4.68183623811102","4.75052756283594","4.80251068720436","4.85010964163613","4.90060790261702","4.95232786399514","5.00496903673879",
"Zambia","ZMB","Population ages 30-34, male (% of male population)","SP.POP.3034.MA.5Y","5.87707074507154","5.84325547887578","5.80642000158115","5.76939548059796","5.73695340280148","5.7096882773568","5.68985309751875","5.6800622306525","5.67368672120583","5.65133910300321","5.58305192336272","5.47868548291274","5.36612694965102","5.25324090643987","5.15180895228506","5.06600490748745","4.99294915513212","4.92632875120827","4.83732091635414","4.73681542118542","4.69200573935471","4.70459627687958","4.75367762357567","4.84643863524071","4.95381842933427","5.03125024656074","5.09233842451296","5.15634415255418","5.21596929695393","5.27308937964613","5.32830700785424","5.37832943802789","5.42009445830852","5.45208367389782","5.47210835496607","5.48245156224034","5.49100199060306","5.51133635354803","5.54304085130925","5.58856321138261","5.66252763935013","5.77597648298214","5.90531858624329","6.04052035035177","6.17966487488825","6.32547344961939","6.47205473577592","6.60748704013629","6.72569671612326","6.81788286517521","6.87402234218492","6.8982019956403","6.91337254998465","6.92987068221623","6.95121653678965","6.97735645792457","7.00628322549115","7.02689968960893","7.03049267888719","7.02153191711835","7.00507720759466","6.98106322771531","6.94792395760236","6.91908970999921","6.90708425082822","6.90824699703056",
"Zambia","ZMB","Population ages 20-24, male (% of male population)","SP.POP.2024.MA.5Y","8.52847538394998","8.49924686488319","8.46229758826848","8.42646547288947","8.40575364134589","8.40619449894779","8.42039401997407","8.43457499304682","8.40585974797045","8.33504064527232","8.27040579763142","8.21867945050224","8.18194019894214","8.19828653781324","8.25693699153542","8.28341774285478","8.2874086712659","8.31064945023389","8.35168993692712","8.41137994135608","8.49470913203333","8.60500569360171","8.73855497175822","8.86579145073921","8.96001400412465","9.03149726249297","9.09518493242195","9.14651910871385","9.18596536513318","9.223620288658","9.27107899234057","9.32972451464822","9.39854733402506","9.47471704883407","9.55277084726697","9.6362814397396","9.71877119117273","9.79708093791615","9.85633216656102","9.88860700226779","9.89306485930907","9.89479486764327","9.89273846244394","9.88515389655184","9.87831448578871","9.88047962835872","9.88898349218421","9.88398726186895","9.85847622448454","9.8117630829802","9.74343757757097","9.65099587730874","9.55106102355487","9.46333938899431","9.39993562154796","9.35819804545594","9.33930087454672","9.34048897765946","9.3520912999063","9.36614464292663","9.37799025816855","9.38854870503656","9.39575833100475","9.40749970164528","9.43383233775571","9.47742473644655",
"Zambia","ZMB","Population ages 15-64, male (% of male population)","SP.POP.1564.MA.ZS","50.9334827929498","50.8084456575101","50.6711010951704","50.4766971063731","50.247057797039","50.0929065379384","50.0028632860449","49.9161124024468","49.8285008228628","49.6952869995387","49.3813668859344","48.9362163990165","48.5052406557091","48.0980283745594","47.7250730528494","47.3842059678341","47.0832302100849","46.8319024740538","46.6328248170894","46.4889148101988","46.4235773456707","46.4686948174472","46.6418817287711","46.848987382284","46.999389663987","47.1410333520062","47.3144146518264","47.4779194924214","47.6096383547233","47.7205147154719","47.8286499227033","47.925571931855","48.0059693544649","48.0657234775795","48.0941923734852","48.1007095425745","48.1142000573349","48.1959900966044","48.3190490869377","48.4710453370149","48.6956973376803","49.0418509350773","49.3931326440447","49.7070642519263","50.0002129222418","50.2919021242894","50.594701769344","50.8941619391053","51.1927464566244","51.476523246089","51.7324710870675","51.9381525343066","52.1369209223015","52.3744689508161","52.6606182178788","52.9657964663376","53.2951948610842","53.6516931926295","54.0132972514396","54.3905762533271","54.7979953645814","55.222008934187","55.6447570884564","56.0896002124754","56.5498198832529","56.9914406832704",
"Zambia","ZMB","Population ages 15-19, male (% of male population)","SP.POP.1519.MA.5Y","10.2073368292552","10.2298604971095","10.2515498105178","10.2221129425173","10.1564346421368","10.1530289720624","10.1970895227591","10.2414519526819","10.3269091921122","10.4371072077809","10.4858910581249","10.4940864097104","10.5184608772125","10.5570485327852","10.6096949618136","10.6734882421622","10.7460327060522","10.8228113998252","10.9011851905523","10.9783555846866","11.0530411971788","11.1260747704681","11.1945709733243","11.2569661079169","11.3178021964282","11.3889821183528","11.4708789012986","11.5584851955052","11.6503291453844","11.7428025692301","11.8377121516432","11.9248623142591","11.9926551250213","12.0337726290812","12.041403474624","12.0052093745625","11.9439637753992","11.8881481429113","11.8440702939434","11.8147042754426","11.8038379020135","11.8002821618111","11.7789148467067","11.7310430757443","11.663237108487","11.5775856125491","11.4756590144841","11.3636973015241","11.2547016416489","11.1586202165763","11.0781272653269","11.0146606984973","10.9705652143943","10.9469182089675","10.935953505329","10.9304660137037","10.9260449576194","10.9265457660026","10.9336279981341","10.9561735050636","11.0067843629278","11.0902512423809","11.1870262427063","11.2750247458915","11.3382486399244","11.3647230562844",
"Zambia","ZMB","Population ages 05-09, male (% of male population)","SP.POP.0509.MA.5Y","15.0254900304805","15.043505686581","15.0626582463026","15.0854255897462","15.118598754927","15.1623743572482","15.2117108399238","15.2616360816569","15.3084311537315","15.3597816440426","15.4523961220979","15.5755239514117","15.6921852362396","15.8062813658821","15.9215279535277","16.0445470916655","16.1748649317556","16.3073897733338","16.4369048729673","16.5572245134374","16.6640062772199","16.7268632105312","16.7145686029192","16.6513466814882","16.5662855387876","16.4339335557488","16.2680932005965","16.1281298644368","16.0365602185317","15.9918135677955","15.9950726283711","16.0351190835115","16.0800623737868","16.1125643921716","16.1339111936427","16.1409701481183","16.1288699614659","16.0904143251138","16.0476850844625","16.0148444615587","15.9788537674703","15.9208706833038","15.8702139654901","15.832349666712","15.7859915829573","15.7139024959587","15.6105081299133","15.4957654668078","15.3840171489724","15.3006088122301","15.2684902658473","15.2970304438893","15.3540368465396","15.4043329810387","15.4247165478422","15.4020138399968","15.3271853441481","15.2059567353795","15.0515374764236","14.8634629969307","14.6537193252814","14.4404090286335","14.2295402871728","14.0238272319468","13.8371964127263","13.670732203073",
"Zambia","ZMB","Population ages 0-14, male (% of male population)","SP.POP.0014.MA.ZS","46.3921433890992","46.5158080843635","46.6436829083021","46.8244858529071","47.043678643866","47.1905555509946","47.2743902923998","47.3578295904287","47.4436288633948","47.5709490549366","47.8669100786729","48.2860642177517","48.6909656922854","49.0730301294456","49.4238692059508","49.7471196006015","50.0345181034023","50.2759169242316","50.4681238947322","50.6090352786352","50.6783107277001","50.6465126001881","50.4979681766458","50.3214940788687","50.2031457702777","50.0970766544454","49.9638883557292","49.842097509709","49.7511217396795","49.6806394818067","49.6131324128417","49.5573947872868","49.5192189167447","49.5034770629744","49.5222002611263","49.5666776473036","49.6079122154411","49.5853068137072","49.5233709779765","49.4330946186116","49.2715106785418","48.989916920578","48.6990361524159","48.4415282295846","48.2039012247378","47.9679367000317","47.719992165565","47.472133916452","47.2203414177759","46.9768984535272","46.7544268985702","46.5751827800471","46.398028934324","46.1830419428927","45.9186666869668","45.6234379890927","45.2941174359866","44.9335514327104","44.5625089121408","44.1701206510126","43.7472759216839","43.3095088691287","42.860705743024","42.3758522609828","41.8693820297272","41.3754096424847",
"Zambia","ZMB","Population ages 00-04, male (% of male population)","SP.POP.0004.MA.5Y","19.2307692307692","19.2789874837224","19.3299540054294","19.3802151036335","19.4246245706949","19.4566267401162","19.4799159042284","19.5017284722955","19.5273531923022","19.5749781504244","19.7021437790464","19.8856355510059","20.0628224284795","20.2265579706063","20.3697495141224","20.4934808160085","20.5821005628739","20.6214565893669","20.6075314665191","20.5400362047263","20.4005926438254","20.2059942348845","19.9939508061042","19.8143810828049","19.7059133823009","19.656156250019","19.6346441401105","19.6213117610333","19.6094995353873","19.5987615745772","19.584301060021","19.5633703782013","19.5386241229634","19.5243254784491","19.5304122271719","19.5492607766813","19.5694817178824","19.5728406009143","19.5673869199189","19.5420041128774","19.4748817757582","19.3490856843234","19.2166144059823","19.0963958311336","18.9934159912577","18.9153066499054","18.8598585921601","18.8136384517746","18.7531442729752","18.6650756313416","18.538006304416","18.3789763193114","18.1805166923197","17.9400255986613","17.6594374791014","17.3549965093901","17.0372328833776","16.7204891550357","16.4290845493954","16.1729309533663","15.9440876946104","15.7392605042554","15.5571009289586","15.3762565023779","15.1937389484154","15.0260518378246",
"Zambia","ZMB","Women who were first married by age 15 (% of women ages 20-24)","SP.M15.2024.FE.ZS","","","","","","","","","","","","","","","","","","","","","","","","","","","","","","","","","9","","","","8.9","","","","","","7.8","","","","","8.5","","","","","","","5.9","","","","5.2","","","","","","3.5","",
"Zambia","ZMB","Survival to age 65, female (% of cohort)","SP.DYN.TO65.FE.ZS","49.057232","49.575333","50.015387","50.348887","50.000846","51.168468","51.463304","51.824727","52.048994","52.573408","53.013925","53.695972","54.404674","55.063099","55.78101","56.365134","57.119077","57.59779","57.753984","57.563818","56.549279","55.676834","54.665921","53.171513","51.762814","49.869179","47.930815","46.248555","44.431856","42.584306","40.833415","39.051241","37.718883","36.815939","35.503688","34.454205","33.109683","32.648806","31.757001","31.496205","32.074097","33.023216","34.57884","36.512458","36.996923","38.415814","40.646429","42.524013","45.217625","47.2924","49.79929","52.52804","54.613852","56.379646","58.290868","60.18051","61.0642","62.451424","64.005619","66.220287","67.260429","64.584766","71.40193","73.505401","73.834741","",
"Zambia","ZMB","Life expectancy at birth, female (years)","SP.DYN.LE00.FE.IN","51.708","52.075","52.393","52.638","52.493","53.196","53.417","53.673","53.886","54.236","54.569","55.066","55.579","56.065","56.558","56.96","57.402","57.675","57.757","57.653","57.131","56.671","56.111","55.334","54.576","53.687","52.754","51.928","51.059","50.204","49.41","48.602","48.1","47.836","47.4","47.096","46.718","46.682","46.541","46.657","47.295","48.105","49.145","50.419","51.097","52.115","53.346","54.47","55.855","56.933","58.195","59.388","60.344","61.161","62.03","62.83","63.259","63.863","64.533","65.44","65.953","64.925","67.717","68.673","68.874","",
"Zambia","ZMB","Contraceptive prevalence, any method (% of married women ages 15-49)","SP.DYN.CONU.ZS","","","","","","","","","","","","","","","","","","","","","","","","","","","","","","","","","15.2","","","","25.9","","","22.14169929","","","34.2","","","","","40.8","","","","","","","49","","","","49.6","","","","","","","",
"Zambia","ZMB","Mortality rate, adult, male (per 1,000 male adults)","SP.DYN.AMRT.MA","316.827","312.258","309.948","306.79","327.28","304.071","302.063","300.591","299.77","297.44","294.319","290.662","287.069","281.048","277.739","275.085","272.057","271.99","271.839","283.22","296.734","308.638","322.819","335.502","351.699","370.187","385.759","397.53","409.756","426.623","439.7","458.705","473.774","487.558","500.111","514.513","527.354","535.162","542.126","542.91","537.387","529.251","517.202","506.989","491.483","477.565","467.201","454.522","443.496","423.742","410.763","397.15","381.043","367.231","359.38","349.717","343.616","339.027","328.242","313.438","299.649","333.659","258.231","232.519","230.615","",
"Zambia","ZMB","Prevalence of severe food insecurity in the population (%)","SN.ITK.SVFI.ZS","","","","","","","","","","","","","","","","","","","","","","","","","","","","","","","","","","","","","","","","","","","","","","","","","","","","","","","","22.4","23.8","24.1","25","22.5","22.4","19.7","19","17.2","","",
"Zambia","ZMB","International migrant stock (% of population)","SM.POP.TOTL.ZS","","","","","","","","","","","","","","","","","","","","","","","","","","","","","","","3.6","","","","","2.8","","","","","3.4","","","","","2.2","","","","","1.1","","","","","0.8","","","","","1","","","","1.2","",
"Zambia","ZMB","Prevalence of stunting, height for age (% of children under 5)","SH.STA.STNT.ZS","","","","","","","","","","","","","","","","","","","","","","","","","","","","","","","","","46.3","","","58.1","48.6","","","59.2","","","52.5","","","","","45.8","","","","","","40","","","","","34.6","","","","","","","",
"Zambia","ZMB","Prevalence of stunting, height for age, male (% of children under 5)","SH.STA.STNT.MA.ZS","","","","","","","","","","","","","","","","","","","","","","","","","","","","","","","","","49.6","","","","50.1","","","59.6","","","54.3","","","","","48.8","","","","","","42.4","","","","","38.3","","","","","","","",
"Zambia","ZMB","People using safely managed sanitation services, rural (% of rural population)","SH.STA.SMSS.RU.ZS","","","","","","","","","","","","","","","","","","","","","","","","","","","","","","","","","","","","","","","","","7.31005683585077","8.20870791123196","9.1190162478838","10.0409818458066","10.9746047049997","11.9198848254634","12.8768222071981","13.8454168502031","14.8256687544787","15.8175779200253","16.8211443468422","17.8363680349297","18.8632489842882","19.901787194917","20.9519826668164","22.0138353999868","23.0873453944275","24.1725126501388","25.2693371671211","26.3778189453737","27.4979579848969","28.4438051789626","29.389652373028","30.3354995670934","31.2813467611591","",
"Zambia","ZMB","Prevalence of overweight, weight for height (% of children under 5)","SH.STA.OWGH.ZS","","","","","","","","","","","","","","","","","","","","","","","","","","","","","","","","","4.7","","","","6.2","","","14","","","5.9","","","","","8.4","","","","","","6.2","","","","","5.2","","","","","","","",
"Zambia","ZMB","Prevalence of overweight, weight for height, male (% of children under 5)","SH.STA.OWGH.MA.ZS","","","","","","","","","","","","","","","","","","","","","","","","","","","","","","","","","5.2","","","","6.4","","","13.3","","","6.4","","","","","8.6","","","","","","6.6","","","","","5.4","","","","","","","",
"Zambia","ZMB","People practicing open defecation (% of population)","SH.STA.ODFC.ZS","","","","","","","","","","","","","","","","","","","","","","","","","","","","","","","","","","","","","","","","","29.6097678959606","28.3967548013236","27.088600405681","25.7942537529277","24.513851806543","23.247862231651","21.9960702786274","20.7589109164983","19.5359227572341","18.3283414113985","17.1351845608715","15.9570982912097","14.7931096943037","13.643344151394","12.5085506547609","11.3886747836841","10.2843976071506","9.19586575660234","8.12340984974533","7.06746430783033","6.02831211927209","5.0062357096211","4.00151888504916","3.01448549239167","2.0453716053157","",
"Zambia","ZMB","Maternal mortality ratio (modeled estimate, per 100,000 live births)","SH.STA.MMRT","","","","","","","","","","","","","","","","","","","","","","","","","","596","619","630","635","635","625","611","581","532","507","466","433","403","392","378","340","306","274","250","260","264","262","324","394","406","332","291","256","213","174","154","158","141","117","103","99","140","89","85","","",
"Zambia","ZMB","People with basic handwashing facilities including soap and water (% of population)","SH.STA.HYGN.ZS","","","","","","","","","","","","","","","","","","","","","","","","","","","","","","","","","","","","","","","","","","","","","","","","","16.7138987794615","16.8094267120607","16.9057351046737","17.0024327734587","17.1004945751899","17.2001165441062","17.30090828805","17.4032594532584","17.5067810341355","17.6116668497037","17.7179164986783","17.8253365698484","17.9339271164283","18.043685654151","18.1546163519514","18.2665196420155","18.3793983694942","",
"Zambia","ZMB","Diabetes prevalence (% of population ages 20 to 79)","SH.STA.DIAB.ZS","","","","","","","","","","","","","","","","","","","","","","","","","","","","","","","","","","","","","","","","","","","","","","","","","","","","4.8","","","","","","","","","","","","","10.3","",
"Zambia","ZMB","People using at least basic sanitation services (% of population)","SH.STA.BASS.ZS","","","","","","","","","","","","","","","","","","","","","","","","","","","","","","","","","","","","","","","","","21.0415384052929","21.6786889419233","22.413804959209","23.1443864562221","23.8700357388516","24.5900224977226","25.3042918374618","26.0121310175446","26.7137426857946","27.4075582632773","28.094335855896","28.7731031923329","29.4446855204494","30.1087309769234","30.7641759274322","31.4108659962422","32.0477720583314","32.674491350081","33.2903966380539","33.8947045843208","34.4868129715486","35.2442051458646","35.9950584575439","36.7391328457853","37.4763362189112","",
"Zambia","ZMB","Pregnant women receiving prenatal care (%)","SH.STA.ANVC.ZS","","","","","","","","","","","","","","","","","","","","","","","","","","","","","","","","","88.5","","","","92.3","95.6","","83.1","","","93.4","","","","","93.7","","","","","","","95.7","","","","96.9","96.9","","","","","","",
"Zambia","ZMB","Number of surgical procedures (per 100,000 population)","SH.SGR.PROC.P5","","","","","","","","","","","","","","","","","","","","","","","","","","","","","","","","","","","","","","","","","","","","","","","","","","","680","","","","","","","","","","","","","","","",
"Zambia","ZMB","Prevalence of current tobacco use, females (% of female adults)","SH.PRV.SMOK.FE","","","","","","","","","","","","","","","","","","","","","","","","","","","","","","","","","","","","","","","","","9","","","","","7.2","","6.6","","","5.8","","","","","4.7","","","","","3.8","","3.5","3.4","3.3","",
"Zambia","ZMB","Lifetime risk of maternal death (1 in: rate varies by country)","SH.MMR.RISK","","","","","","","","","","","","","","","","","","","","","","","","","","26","25","25","25","25","26","27","29","32","34","37","40","44","46","48","54","61","68","75","72","71","71","58","48","46","57","66","76","93","117","134","133","152","186","215","228","165","260","277","","",
"Zambia","ZMB","Incidence of malaria (per 1,000 population at risk)","SH.MLR.INCD.P3","","","","","","","","","","","","","","","","","","","","","","","","","","","","","","","","","","","","","","","","","360.33","379.23","369.96","348.03","300.89","262.52","225.93","194.66","171.62","166.78","169.92","181.12","206.15","228.03","237.47","237.78","229.08","220.1","222","223.85","234.25","240.98","246.1","252.08","252.41","",
"Zambia","ZMB","Community health workers (per 1,000 people)","SH.MED.CMHW.P3","","","","","","","","","","","","","","","","","","","","","","","","","","","","","","","","","","","","","","","","","","","","","","0.372","","","0.287","","","","","","","","","","","","","","","","","",
"Zambia","ZMB","Immunization, HepB3 (% of one-year-old children)","SH.IMM.HEPB","","","","","","","","","","","","","","","","","","","","","","","","","","","","","","","","","","","","","","","","","","","","","","82","81","80","87","94","83","81","78","79","86","90","95","94","90","88","84","91","92","90","91","",
"Zambia","ZMB","Young people (ages 15-24) newly infected with HIV","SH.HIV.INCD.YG","","","","","","","","","","","","","","","","","","","","","","","","","","","","","","","33000","34000","34000","33000","32000","30000","29000","28000","27000","26000","25000","25000","24000","24000","23000","23000","23000","22000","21000","21000","22000","23000","24000","25000","20000","15000","10000","18000","25000","22000","18000","15000","14000","12000","11000","",
"Zambia","ZMB","Adults (ages 15-49) newly infected with HIV","SH.HIV.INCD","","","","","","","","","","","","","","","","","","","","","","","","","","","","","","","71000","73000","72000","68000","65000","63000","60000","57000","55000","53000","52000","51000","50000","50000","49000","48000","48000","46000","45000","46000","49000","52000","54000","58000","58000","57000","57000","60000","60000","52000","42000","36000","31000","28000","26000","",
"Zambia","ZMB","Children (0-14) living with HIV","SH.HIV.0014","","","","","","","","","","","","","","","","","","","","","","","","","","","","","","","31000","39000","46000","54000","62000","70000","77000","84000","91000","97000","100000","110000","110000","110000","110000","110000","110000","110000","110000","100000","100000","98000","96000","93000","91000","89000","88000","86000","84000","79000","74000","71000","68000","64000","60000","",
"Zambia","ZMB","People using at least basic drinking water services (% of population)","SH.H2O.BASW.ZS","","","","","","","","","","","","","","","","","","","","","","","","","","","","","","","","","","","","","","","","","46.2307991562581","47.3291576082813","48.5669310132522","49.794666240805","51.0123240914284","52.2193583121082","53.4162602894897","54.6025079939217","55.7790386634547","56.943932113866","58.0990602531588","59.2434638607951","60.3793166829556","61.5068944546716","62.6251910477069","63.73489906676","64.8350544845437","65.9259259812071","67.0073710429066","68.0788852086192","69.1403580014109","70.2228298527718","71.2958879569683","72.3590047817849","73.4120376414689","",
"Zambia","ZMB","Mortality rate, neonatal (per 1,000 live births)","SH.DYN.NMRT","","","","","","","","","","36.2","35.9","35.5","35","34.6","34.2","33.9","33.8","33.9","34.1","34.2","34.4","34.5","34.8","35","35.3","35.6","35.8","35.9","35.9","35.8","35.5","34.9","34.4","34.1","33.9","33.8","33.9","33.9","33.8","33.6","33","32.1","31","29.6","28.3","27.2","26.4","25.8","25.4","25.1","24.8","24.5","24.2","23.9","23.7","23.4","23.1","22.7","22.4","22.1","21.9","21.7","21.6","21.5","21.4","",
"Zambia","ZMB","Mortality rate, under-5, male (per 1,000 live births)","SH.DYN.MORT.MA","212","208.2","204.6","201.5","198.9","197","195.4","194.3","192.7","190.3","186.4","181.4","175.8","170.2","165.2","161.8","159.7","159.1","159.7","160.2","161","161.7","163.3","165.5","168.8","172.8","177.1","181.2","184.5","187.2","188.6","189","188.3","186.5","183.6","180.2","176.9","173.9","170.9","166.7","160.3","151.7","141.3","130.3","119.6","110.1","101.8","95.9","90.9","84.9","80.6","78","75.2","71.7","68.1","65.5","62.3","60.1","59.5","58.3","57.2","54.9","54","53.7","52.9","",
"Zambia","ZMB","Women's share of population ages 15+ living with HIV (%)","SH.DYN.AIDS.FE.ZS","","","","","","","","","","","","","","","","","","","","","","","","","","","","","","","57.9986670466557","58.7332307619301","59.3792638802645","59.9638581891155","60.4659788414387","60.9306450269887","61.3325867361224","61.6348511976486","61.9179548884633","62.1078662349998","62.2037486695601","62.1515662071693","62.1418314775337","62.0490538275016","61.9815325070803","61.8221688420883","61.6906634979251","61.5332597211242","61.4387549264297","61.3375295128097","61.3074831294135","61.3208815054617","61.387894353944","61.4463586688617","61.4722244801215","61.5475777697451","61.6749798866149","61.8291909823334","62.0561198558269","62.2911818738464","62.5399554118594","62.7834559845472","63.0224092153667","63.2280669127456","63.4170359897534","",
"Zambia","ZMB","Probability of dying among children ages 5-9 years (per 1,000)","SH.DYN.0509","","","","","","","","","","","","","","","","","","","","","","","","","","","","","","","17.1","17","16.9","16.7","16.5","16.2","15.9","15.6","15.2","14.7","14.2","13.7","13.1","12.5","11.9","11.4","10.8","10.3","9.8","9.3","8.9","8.5","8.1","7.7","7.4","7.1","6.8","6.6","6.5","6.3","6.2","6.1","6","5.9","5.8","",
"Zambia","ZMB","Number of under-five deaths","SH.DTH.MORT","29621","29998","30422","30924","31511","32204","32985","33870","34710","35392","35852","36069","36076","36079","36136","36497","37110","38032","39120","40154","41152","42212","43640","45512","47797","50422","53295","56133","58729","61128","63108","64648","65786","66570","67125","67332","67477","67713","67971","67611","66221","63579","60054","56310","52764","49856","47454","45980","44683","42710","41450","40874","40050","38712","37151","36138","34709","33885","34044","33794","33646","32759","32696","32958","32949","",
"Zambia","ZMB","Number of deaths ages 20-24 years","SH.DTH.2024","","","","","","","","","","","","","","","","","","","","","","","","","","","","","","","4385","4635","4879","5102","5305","5476","5607","5699","5760","5774","5761","5730","5669","5586","5489","5391","5287","5175","5057","4905","4739","4552","4365","4179","4004","3848","3704","3576","3462","3345","3230","3110","2999","2907","2856","",
"Zambia","ZMB","Condom use, population ages 15-24, male (% of males ages 15-24)","SH.CON.1524.MA.ZS","","","","","","","","","","","","","","","","","","","","","","","","","","","","","","","","","","","","","33.9","","","","","","35.9","","","","","38.8","","","","","","","42.1","","","","","","","","","","","",
"Zambia","ZMB","Prevalence of anemia among women of reproductive age (% of women ages 15-49)","SH.ANM.ALLW.ZS","","","","","","","","","","","","","","","","","","","","","","","","","","","","","","","","","","","","","","","","","36.2","35","33.9","32.9","31.9","31","30.1","29.3","28.5","27.8","27.3","26.8","26.5","26.3","26.3","26.2","26.2","26.1","26.2","26.2","26.2","26.4","26.7","27.1","","",
"Zambia","ZMB","Women who believe a husband is justified in beating his wife when she refuses sex with him (%)","SG.VAW.REFU.ZS","","","","","","","","","","","","","","","","","","","","","","","","","","","","","","","","","","","","","","","","","","","47","","","","","36.3","","","","","","","28.9","","","","29.5","","","","","","19.9","",
"Zambia","ZMB","Women who believe a husband is justified in beating his wife when she burns the food (%)","SG.VAW.BURN.ZS","","","","","","","","","","","","","","","","","","","","","","","","","","","","","","","","","","","","","","","","","","","45.4","","","","","32.9","","","","","","","23.5","","","","21.3","","","","","","16.4","",
"Zambia","ZMB","Proportion of time spent on unpaid domestic and care work, female (% of 24 hour day)","SG.TIM.UWRK.FE","","","","","","","","","","","","","","","","","","","","","","","","","","","","","","","","","","","","","","","","","","","","","","","","","","","","","","","","","","","","","","","","","","",
"Zambia","ZMB","Government expenditure on education, total (% of GDP)","SE.XPD.TOTL.GD.ZS","","","","","","","","","","","4.38781023025513","6.09534978866577","5.94578981399536","5.48807001113892","4.87800979614258","6.2385401725769","6.026939868927","5.69251012802124","4.74074983596802","4.15494012832642","4.12670993804932","4.00072002410889","5.15487003326416","5.38802003860474","4.98856019973755","4.14584016799927","3.33898997306824","2.66226005554199","","","","2.74057006835938","2.09159994125366","1.94208002090454","1.79351997375488","1.83852994441986","","","2.11823010444641","1.77495002746582","1.78819000720978","","","","2.46342992782593","1.73553001880646","","1.24075996875763","1.0997200012207","","3.41600445393739","3.35772272046971","3.69500242842903","3.71820710892018","5.15225706811611","4.62433004379272","3.74792003631592","3.72964000701904","4.73973989486694","4.4182401844799","3.94374100561712","3.11363465307753","3.65884092023983","4.07374933049157","","",
"Zambia","ZMB","Expenditure on secondary education (% of government expenditure on education)","SE.XPD.SECO.ZS","","","","","","","","","","","37.1029","33.4065","35.96479","39.0564","38.2051","33.46256","31.43769","29.69773","26.7104","28.67521","25.57702","42.65317","33.80402","38.45457","38.51073","28.98803","30.88208","28.74985","","","","18.47208","19.19752","15.09519","17.65791","18.40878","","","","","25.78828","","","","13.30184","14.48865","","","","","","","","","","24.90163","19.72515","23.32998","","","","","","","","",
"Zambia","ZMB","Current education expenditure, total (% of total expenditure in public institutions)","SE.XPD.CTOT.ZS","","","","","","","","","","","","","","","","","","","","","","","","","","","","","","","","","","","","","","","","","97.3151473999023","","","","98.205192565918","","","","","","","","","","","83.4980697631836","92.1531524658203","","","","","","","","","",
"Zambia","ZMB","Tertiary education, academic staff (% female)","SE.TER.TCHR.FE.ZS","","","","","","","","","","","","","","","","","","","","","","","","","","","","","","","","","","","","","","","","","","","","","","","","","","","","","","","","","","","","","","","","","","",
"Zambia","ZMB","Pupil-teacher ratio, tertiary","SE.TER.ENRL.TC.ZS","","","","","","","","","","","6.54338","","","","15.39803","","","","","10.2371","","","","","","","10.77472","13.11847","","","","","","","","","","","","","","","","","","","","","","","","","","","","","","","","","","","","","","",
"Zambia","ZMB","Educational attainment, at least Master's or equivalent, population 25+, total (%) (cumulative)","SE.TER.CUAT.MS.ZS","","","","","","","","","","","","","","","","","","","","","","","","","","","","","","","","","","","","","","","","","","","","","","","","","","","","","","","","0.34995493607089","","0.306552320966883","","","","","","0.446391092115966","","",
"Zambia","ZMB","Educational attainment, Doctoral or equivalent, population 25+, male (%) (cumulative)","SE.TER.CUAT.DO.MA.ZS","","","","","","","","","","","","","","","","","","","","","","","","","","","","","","","","","","","","","","","","","","","","","","","","","","","","","","","","0.0622130689114004","","","","","","","","","","",
"Zambia","ZMB","Educational attainment, at least Bachelor's or equivalent, population 25+, female (%) (cumulative)","SE.TER.CUAT.BA.FE.ZS","","","","","","","","","","","","","","","","","","","","","","","","","","","","","","","","","","","","","","","","","","","","","","","","","","","","","","","","3.84515750870217","","1.00525333068655","1.28785002231598","","","","","2.07196326737011","2.47026991844177","",
"Zambia","ZMB","Secondary education, teachers (% female)","SE.SEC.TCHR.FE.ZS","","","","","","","","","","","","","","","","","","29.4173393249512","29.9616508483887","28.886360168457","","","","","","","","","21.1397895812988","","","","","","","","","","","","","","","","","","","","","","","","","","","","","","","","","","","","49.7240812492662","",
"Zambia","ZMB","Trained teachers in upper secondary education (% of total teachers)","SE.SEC.TCAQ.UP.ZS","","","","","","","","","","","","","","","","","","","","","","","","","","","","","","","","","","","","","","","","","","","","","","","","","","","","","","","","","","","","","","","","","","",
"Zambia","ZMB","Trained teachers in lower secondary education (% of total teachers)","SE.SEC.TCAQ.LO.ZS","","","","","","","","","","","","","","","","","","","","","","","","","","","","","","","","","","","","","","","81.9571228027344","94.1529769897461","","","","","","","","","","","","","92.6537216828479","","","","","","","","","","","","","",
"Zambia","ZMB","Progression to secondary school (%)","SE.SEC.PROG.ZS","","","","","","","","","","","","","","","","24.16869","23.22877","22.57337","21.77948","23.21189","21.54938","","24.17166","25.73802","","","","","","","","","","","","","","","","49.92843","","65.11178","","","64.57898","61.65147","66.56822","78.99056","74.52405","73.50618","60.58099","","63.91598","","","","","","","","","","","","","",
"Zambia","ZMB","Net primary income (Net income from abroad) (constant LCU)","NY.GSR.NFCY.KN","","","","","","","","","","","","","","","","","","","","","","","","","","","","","","","","","","","","","","","","","","","","","","","","","","","","","","","","","","","","","","","","","","",
"Zambia","ZMB","Gross savings (% of GNI)","NY.GNS.ICTR.GN.ZS","","","","","","","","","","","","","","","","","","","","","","","","","","","","","","","","","","","","","","","","","","","","","","","","","","","33.6999863171682","37.9058724994267","41.6820553536871","39.5353804729614","40.3407555427348","38.4809327368786","38.5466217282737","45.299534660373","42.553052393393","40.5178481814695","46.9556439585507","49.9673897598689","48.0697960355426","36.6836201730618","36.0787278676146","",
"Zambia","ZMB","GNI per capita, PPP (current international $)","NY.GNP.PCAP.PP.CD","","","","","","","","","","","","","","","","","","","","","","","","","","","","","","","1390","1360","1360","1480","1370","1410","1490","1540","1500","1570","1630","1710","1770","1890","1940","2050","2160","2270","2500","2790","2890","3070","3270","3330","3370","3270","3210","3240","3390","3300","3020","3230","3630","3830","3760","3990",
"Zambia","ZMB","GNI per capita (current LCU)","NY.GNP.PCAP.CN","0.141832097811828","0.135644847739119","0.129894919714994","0.131134505340161","0.144953183057279","0.192980336861059","0.216946314050645","0.230416912347323","0.263676172209073","0.31652687226181","0.287917906721355","0.257736309868825","0.278794889993213","0.311566160070411","0.361778214261082","0.292860684164562","0.339726609021039","0.358002293266547","0.385957118396655","0.43180352460204","0.488554469859808","0.566160183805262","0.546415010300816","0.605810528005005","0.673065379629784","0.919472528418941","1.51345364490885","2.54338517110023","3.71079248427911","6.53037151663624","13.3160222954318","24.2382590065964","62.7532935127705","163.205301315835","266.959991576757","350.63201682085","454.934661090955","576.697170951416","650.977768516183","794.463945347051","1069.64910166885","1374.22743515007","1670.27698010199","2050.75861773855","2454.06115680816","2932.85382255669","3442.32198004329","3985.72854859319","4749.89983353459","5576.97015260272","6492.91881892027","7508.4827905866","8653.05104478595","9424.64629352158","10295.8450335838","10962.4883466113","12381.4955170184","13494.2319151187","15073.0055349205","15954.430360887","16711.2490733965","20819.2258135773","23154.6001816493","25269.6061237867","27686.3488691992","30170.3788725384",
"Zambia","ZMB","GNI (constant LCU)","NY.GNP.MKTP.KN","","","","","","","","","","","","","","","","","","","","","","","","","","","","","","","","","","","","","","","","","","","","","","","","","","","90677468100","","","","","","","","","","","","","","","",
"Zambia","ZMB","GNI (current LCU)","NY.GNP.MKTP.CN","447300","441400","436200","454500","518500","712500","827000","907000","1072000","1328500","1244300","1145000","1273900","1465200","1752000","1461400","1747500","1898300","2109400","2431800","2835000","3387500","3376100","3865700","4429100","6234900","10573700","18290200","27428100","49560400","103680800","193461300","513113600","1366668300","2289520700","3080569800","4096255800","5326988100","6172836800","7738082800","10715350000","14189152500","17785024100","22524702100","27824631300","34369583100","41753826900","50081018000","61849984700","75235496800","90677468100","108405942800","129048393000","145130100000","163655700000","179774822057.541","209425852547.453","235357216985.798","270915705019.276","295377755038.173","318506297033.248","408131920893.624","466633221875.568","523686432873.141","590133307947.631","661149881145.069",
"Zambia","ZMB","Gross domestic savings (% of GDP)","NY.GDS.TOTL.ZS","","","","","","","","","","","","","","","","","","","","","","","","","","","","","","","","","","","","","","","","","","","","","","","","","","","36.0285815916928","39.3569403591491","40.8901761261815","40.5791958025785","40.4582918594697","38.6245657401803","39.4330221936344","46.3327348407323","42.3934589379154","40.1383944352779","48.0021603948389","52.4719963345417","49.9663080713468","39.5821069916192","39.2904198110723","",
"Zambia","ZMB","Oil rents (% of GDP)","NY.GDP.PETR.RT.ZS","","","","","","","","","","","","0","0","0","0","0","0","0","0","0","0","0","0","0","0","0","0","0","0","0","0","0","0","0","0","0","0","0","0","0","0","0","0","0","0","0","0","0","0","0","0","0","0","0","0","0","0","0","0","0","0","0","","","","",
"Zambia","ZMB","GDP per capita growth (annual %)","NY.GDP.PCAP.KD.ZG","","-1.76463379683507","-5.51106619023926","0.0600764246322001","8.72843336324306","13.0119756113922","-8.54085446942511","4.51076211164238","-1.97047392908408","-3.55687617686446","1.77564554646573","-2.80303176137348","6.17866150360003","-3.77109414566878","3.35023893693798","-5.15497800444783","3.04589479742205","-7.41945461965345","-2.44321400349722","-5.88847935053188","-0.00253335058172866","2.96593174440794","-5.88551995555419","-5.07622102576212","-3.35758526977152","-1.38870838349084","-2.23905733064601","-0.248588086719636","3.40269789036691","-3.60284277862945","-2.99842702237687","-2.48437862264691","-4.07483415840184","4.28174982443221","-10.7813280458849","0.444103477737357","3.64343431300713","1.19524199921966","-2.96313567721118","1.88247300207094","1.01793976595019","2.17981803196589","1.3381949009155","3.67685887625342","3.68494886266848","3.75264386154687","4.24983217682681","4.59671527144219","3.99773185138027","5.42272309461708","6.54512358380669","2.11650829571791","4.16438800509357","1.74618059430358","1.42432240940171","-0.241301067013211","0.593979723633794","0.398377780872721","0.9537337347912","-1.51894951073589","-5.56773502453288","3.28575461102756","2.34336450166037","2.46464031100994","0.941472566904864","0.921973669109249",
"Zambia","ZMB","Natural gas rents (% of GDP)","NY.GDP.NGAS.RT.ZS","","","","","","","","","","","","0","0","0","0","0","0","0","0","0","0","0","0","0","0","0","0","0","0","0","0","0","0","0","0","0","0","0","0","0","0","0","0","0","0","0","0","0","0","0","0","0","0","0","0","0","0","0","0","0","0","0","","","","",
"Zambia","ZMB","GDP growth (annual %)","NY.GDP.MKTP.KD.ZG","","1.36138199147489","-2.49083947454871","3.27239289272524","12.2140480179323","16.6474559632126","-5.57030980860466","7.91969651199875","1.24832998222797","-0.436915823088214","4.79711290318896","-0.0860395508674401","9.20886514231279","-0.962048756426327","6.42815854892096","-2.26932892418952","6.22097526707175","-4.5642361743654","0.553763844248408","-3.02393103121803","3.03562235066106","6.16795740650589","-2.81278262868891","-1.96668929762134","-0.336834899256019","1.61531036759311","0.723893955923913","2.67566171341133","6.28074900897693","-1.02350178869868","-0.481072027781664","-0.0361333838823299","-1.73092217352566","6.79727404907118","-8.62544195231277","2.89766889341698","6.21854648894293","3.81400749718355","-0.38574614579035","4.6501897463741","3.89732294341896","5.31686827418419","4.50601428032604","6.94497398221223","7.03239511515218","7.23559900655543","7.90369444480079","8.35243624447406","7.77389581542363","9.2203484058663","10.2982233241213","5.56925219263019","7.59738104901994","5.05753695047252","4.69328316376705","2.92037511217961","3.75510031678988","3.52586277149926","4.03449389667165","1.44130602603785","-2.78505506545167","6.23492204726448","5.21122360356247","5.36794285493059","3.82004825518591","3.75772836763902",
"Zambia","ZMB","GDP (current US$)","NY.GDP.MKTP.CD","698739720.783607","682359727.329053","679279728.55982","704339718.545848","822639671.273187","1061199575.94465","1238999504.8958","1340639464.28047","1573739371.13375","1926399230.21087","1788779285.2038","1653259341.29113","1872416680.07912","2434255236.99935","2910981262.10018","2442672140.947","2742859262.9794","2515296939.60686","2811032472.93922","3353445378.15126","3884530853.76162","4008126497.36464","3871117092.86676","3321048451.15171","2719518932.99541","2252454500.14896","1664413508.09853","2265250972.34879","3728878148.80792","3994673161.02649","3288381797.32415","3376806697.1218","3182810841.01704","3273505343.85539","3656806165.78848","3806983413.16416","3597220962.00017","4303288479.7086","3537741941.89367","3404284890.5306","3600632111.41414","4094441301.21423","4193850445.42632","4901869764.05957","6221110219.45542","8331870169.14977","12756858899.2812","14056957976.2648","17910858637.9048","15328342303.9575","20265559483.8548","23459515275.5776","25503060420.026","28037239462.7142","27141023558.0829","21251216798.7762","20958412538.3093","25873601260.8353","26311507273.6735","23308667781.2258","18137764930.651","22096416932.0089","29163782140.4858","27577956471.244","25303185342.2511","28879806220.1264",
"Zambia","ZMB","Gross value added at basic prices (GVA) (constant 2015 US$)","NY.GDP.FCST.KD","","","","","","4893744526.32736","4621147789.22589","4987128365.63569","5049384646.10708","5027323043.1379","5268489517.85458","5263955958.52195","5748706654.64638","5693401697.29866","6059382256.60849","5921875228.46177","6290273534.46267","5930062229.12321","5855447805.27694","5797511351.69866","6117405680.5994","6516625558.69648","6176004056.65159","5870985173.80231","5863225227.6208","6017786100.32571","6000708709.11825","6280648478.19946","6994110035.87568","6651348319.54179","6454340823.8864","6627247682.76563","6410087162.3291","6850630965.29548","6046914827.36906","6285655296.11247","6672701300.03767","6920010645.81979","6912557746.57676","7273982243.00245","7541969531.13478","7919087843.64879","8330103105.3332","8948748445.28709","9616476065.99521","10334145958.8047","11194215487.0201","12155037604.8681","13079665718.3946","14264535452.3412","15703972508.8328","16577367149.1398","17837091236.5157","18739200528.2581","19615025740.2284","20158687468.1315","20919163852.6162","21657318167.4928","22533984424.0512","22873133482.4684","22368714545.5184","23810607703.9185","25099618453.5975","26410261049.9716","27521363201.5474","28720927121.9359",
"Zambia","ZMB","Discrepancy in expenditure estimate of GDP (current LCU)","NY.GDP.DISC.CN","","","","","","","","","","","","","","","","","","","","","","","","","","","","","","","","","","","","","","","","","","","","","","","","","","","115400","-1914881700","6004525099.99998","9483936100","8248989500","2581392800","9802203200","17067462900","7645616500","1187690400","5069953300","12745536300","58757646000","26123828600","53451328000","",
"Zambia","ZMB","Inflation, GDP deflator (annual %)","NY.GDP.DEFL.KD.ZG","","-3.6558317516409","2.09156229282105","0.403600057440983","4.08310518698201","10.5890550287602","23.6418516015495","0.262874459138416","15.9399054440875","22.9462097862278","-11.3944057438464","-7.49652375313784","3.71051097004526","19.8898473839698","10.8221496863328","-14.1698985843605","15.2045869825003","8.25401842691977","12.6814879060828","21.8890669832971","11.7629156496757","7.15861802485556","6.13860129264607","18.6293463518053","18.331231799032","41.1373505080315","81.9883566993867","62.0128982645801","34.4903044484454","80.8773347304922","106.388920043291","92.6545782085704","165.533953807921","143.658341657555","80.7421986460103","30.6111247595742","24.3492595595263","25.4025412591637","16.9068728138218","17.9238730663514","32.6138705117288","25.3312584622414","19.390923266941","17.6077236839923","19.7168232055938","16.6501990728872","14.5422526759543","12.9702107335817","10.6402448170694","5.55968566025587","13.9509131934519","11.1074132686175","6.99222724900214","9.73089122030567","5.44052458126617","6.65929211357343","13.5761011694227","10.0728370854916","7.41157094843257","7.63347048076743","13.9138706178858","25.1427776148297","6.14031838965083","7.09462960303757","14.4106633303405","5.62868427126075",
"Zambia","ZMB","Adjusted net savings, excluding particulate emission damage (current US$)","NY.ADJ.SVNX.CD","","","","","","","","","","","","","","","","","","","","","","","","","","","","","","","","","","","","","","","","","","","","","","","","","","","1568248877.34071","2243657557.72008","4395257296.94935","4545557379.9574","4616097058.32053","4033321436.92345","3176758901.54926","4977438233.5513","6103470768.13562","5462930219.2002","4131895423.91349","1604910961.45149","","","","",
"Zambia","ZMB","Adjusted net national income per capita (constant 2015 US$)","NY.ADJ.NNTY.PC.KD","","","","","","","","","","","","","","","","","","","","","","","","","","","","","","","","","","","","","","","","","","","","","","","","","","","","","","","","1040.46877283228","","","","","","","","","","",
"Zambia","ZMB","Adjusted net national income (current US$)","NY.ADJ.NNTY.CD","","","","","","","","","","","","1145737134.88923","1281086263.53439","1264262694.46736","1968293837.11071","1786836319.22685","1797810577.02274","1752237985.61079","2037843278.51897","2273341656.61852","2662315641.41573","3074709954.8162","3064833391.34332","2421596484.2369","1938978976.04507","1546845933.69059","884480593.467108","1306781251.18784","2270762905.46024","2437463305.63737","2023691092.26614","2226780476.94898","2140186893.73514","2335956820.14706","2693062081.02558","2722179565.34978","2580924752.50915","3153645480.17836","2515558371.81423","2546054912.79615","2578752656.63084","3041415032.9982","3083981478.87746","3507625079.22629","4283725502.98579","5695809136.26698","8275037499.62031","8656610560.84748","12240352038.7584","11250633677.6644","13772324295.4997","16884784694.7916","19827787799.7699","21467318409.5115","21644387557.1153","17062740007.3973","16575472568.3556","19697988843.729","20382855807.4592","18571141529.424","13216267874.3925","11969103804.6004","","","","",
"Zambia","ZMB","Adjusted savings: natural resources depletion (% of GNI)","NY.ADJ.DRES.GN.ZS","","","","","","","","","","","","13.7436857060728","12.2251993223714","23.5279777177445","19.0419229643371","8.33055819692217","10.4995809287118","9.57031552165934","7.45880163889441","11.5233500791227","11.2833369579678","6.25772558074206","5.35919440070695","6.83149480124445","5.59014536331508","6.23400061592784","8.58445206656811","9.1805307064209","12.5424904113782","14.0404560636733","14.7995637359424","6.05773419886328","6.22519209682246","5.36671068288","5.78541268513641","7.65381507891021","7.7998029595343","6.11652994994759","7.81986793999551","5.42332345947565","9.14717319978519","6.49518874228609","7.48325171357722","10.3996686819644","9.92283426765636","9.69119990892919","11.85752612197","13.5491692305457","9.09891851839421","8.58260808415527","9.9807839971288","7.67071697349842","4.9250517805298","4.42534781863463","2.95862025057224","1.86948796922826","1.92311280716943","3.2782851667184","4.35443279284083","1.32415912996065","5.60129221937084","21.0430774108577","","","","",
"Zambia","ZMB","Adjusted savings: energy depletion (current US$)","NY.ADJ.DNGY.CD","","","","","","","","","","","","264615.32463468","351079.748395343","425372.888627925","636166.795821117","1240693.34762946","1190531.86937431","1115658.3580544","1035262.52027683","853056.045597059","1275645.77802164","1688696.50884046","2088753.55566339","969339.350321625","877505.802692017","978895.938849918","817564.400522353","495855.779719939","713210.918764523","664308.522234178","647006.318133491","576074.105414742","628434.818007062","357888.221645461","184275.597133493","247124.92729614","181437.758605377","89767.2914131682","159365.37685852","105710.407823713","159211.936845814","291153.518867246","199847.935202888","238736.501877419","386261.247639461","386814.622228568","180018.860053771","55922.2161487831","8606.79478129339","2890.20350642398","5257.49191373694","6742.19627104141","555411.219367248","551520.583183534","428487.537426792","312165.921123026","702222.16040381","2279218.39089086","3952324.63159044","2454692.0402069","2294123.40103708","4666336.79412691","","","","",
"Zambia","ZMB","Adjusted savings: consumption of fixed capital (current US$)","NY.ADJ.DKAP.CD","","","","","","","","","","","217944562.899786","265169720.347155","316289716.22605","336405977.646365","395682012.330646","445925718.29012","436503456.221199","393545389.954637","402236769.267478","416127309.351347","481581105.136288","453645096.24198","485353539.587492","348876519.969473","384080397.129044","339030290.695702","354750918.306899","441751651.20524","619349526.765872","649630448.929247","536786992.431393","586562072.096441","547920886.851895","520322257.468589","529319871.459299","570018888.684769","545787656.532579","650965609.538922","540200778.654891","518610723.800981","550731198.498653","632887845.562329","656782850.517492","756251647.370481","960920597.688957","1258096564.17291","1939182468.85418","2160492779.26492","2769473891.91088","2379363541.86925","3243611556.3428","3706988042.74816","4008532761.0694","4231169461.81179","4158008757.84563","3386882225.59295","3345222782.02283","4218184046.27679","4393922751.88646","4029652800.2658","3399467508.958","4000558127.53829","","","","",
"Zambia","ZMB","Adjusted savings: carbon dioxide damage (current US$)","NY.ADJ.DCO2.CD","","","","","","","","","","","","","","","","","","","","","","","","","","","","","","","33202221.2343007","36890650.1062581","38178432.191923","35195278.9861582","31337487.6334919","32561610.8096298","28014452.1468585","37913470.0800501","37148555.2236035","31241773.2130607","33596516.3769674","35708587.2850398","38693302.044775","43706794.7867553","46551737.3744001","53279702.9877963","53461861.2896132","50991431.7924186","58774651.4338929","68767517.95509","76018127.7533182","90976579.1279679","125212302.136037","137059629.452917","157915852.054608","172473183.336351","191049474.952782","254810399.968634","302851704.568706","277296669.055406","299257607.798629","358422257.962462","","","","",
"Zambia","ZMB","Services, value added (constant LCU)","NV.SRV.TOTL.KN","","","","","","13386081100","12136108500","13705461400","14085804800","13251799300","14674869000","14349612600","15426597900","15067042100","15769359600","15224789400","16597045900","15480989600","14491995500","15100084400","16659324400","17878206000","16614775400","15015844200","15091503400","15631704500","15097345900","16202649100","18266284800","16641108300","15436254400","16292107100","15560257400","16688379000","14910703200","14584055200","17049887700","17890958700","18712170700","20152920800","21216220200","22705845000","24081933500","25775590100","27503487700","29933045100","32886125000","36541205300","40807331600","44490496100","51336279300","54411853500","60786598900","65583240200","69268018000","70794338600","72781776600","74003217900","79377520000","82172409200","77157641700","81782093000","91632441900","100825875300","106441207000","107332000000",
"Zambia","ZMB","Services, value added (current US$)","NV.SRV.TOTL.CD","","","","","","","","","","","","","","","","","","","","","","","","1017077045.27403","955113138.949796","780948993.752067","552921372.136162","868041567.418371","1256601570.88806","945590532.584361","816991987.551001","967222804.867751","773774797.42945","702325057.480404","1391337539.27194","1509564423.41853","1494412368.57356","1784653304.91184","1586529768.76797","1617120927.42981","1762852685.63772","2010344135.24475","2085364576.64322","2437238434.05543","3036519452.80008","4079084888.54038","6061482195.88688","6670684447.22049","8781664388.49881","7902466082.71735","10701523691.3969","11820221634.744","13566004176.9471","14898328170.4493","14523817904.143","11947522110.972","11355793216.8212","13478564076.7008","14272556840.5596","12727408805.2754","9737394756.99344","11255222989.6295","16195980361.7916","15668902511.3672","14470459874.5438","16470986787.4392",
"Zambia","ZMB","Other manufacturing (% of value added in manufacturing)","NV.MNF.OTHR.ZS.UN","","","","46.9613259668508","46.1278171486944","43.3407378790805","46.4013288746093","39.3172165958837","35.6017105795627","30.8359600906557","29.0917198276792","30.5210794367181","27.9891700314464","30.5529570064715","34.8634628560243","31.8721240789008","","","","","28.0300272383912","26.8878357030016","29.7905373622435","","","","","","","","33.4051320491717","78.7887863349521","78.7887885618527","74.052990487065","25.0065256856877","","","","","","","","","","","","","","","","21.4606494809902","16.9858022470169","16.6129105362267","20.1489343753452","5.787540142064","3.21934407564413","54.3991815274606","55.6715115278289","51.6993725305557","58.7794513908588","42.8087389909196","47.1506813381447","41.4325323840061","39.6247937880519","45.1631503131165","",
"Zambia","ZMB","Industry (including construction), value added (% of GDP)","NV.IND.TOTL.ZS","62.1518733720697","59.4173163725892","58.037922506183","57.7419996024647","58.1347855684139","53.8126649076517","58.8474576271187","52.140768588137","54.5947869406636","62.405523255814","54.7233309853643","46.1935811669066","47.5738317757009","53.6175303822178","54.7861833324435","41.6687881873727","40.5679513184584","37.6560612162706","39.3699737859333","41.9899263268681","39.1010575793185","36.850863602456","35.2960809946319","40.0578781211136","39.2313932265261","42.0339654124069","44.3532461120711","41.1254869226489","44.0430847094702","47.2834951034048","45.2940709370037","46.2836924661369","43.7348041659936","37.4428935375837","37.3249460731444","34.3135138066491","33.2019994461786","32.3806375563294","27.2773913264713","22.8198423592505","23.2438941549244","23.3606116903584","23.8755524352252","24.1349730396824","25.6961251757115","26.8496240283076","30.3961173223662","31.9096804308122","30.9906155705809","30.2244688791227","32.2389147610701","34.4442819243584","32.0106503918136","32.5564491082462","32.9441480248783","33.65724911523","34.8771666095938","37.3040449214626","34.4853215849232","34.9419812171167","40.1976896628281","41.8319384724467","35.2838210182449","35.107778069402","35.2465830565142","35.3322097290533",
"Zambia","ZMB","Industry (including construction), value added (current LCU)","NV.IND.TOTL.CN","310200","289600","281600","290500","341600","407900","520800","499300","613700","858700","699200","545500","636300","851500","1026200","654700","780000","748000","886100","1117100","1197900","1284400","1269000","1674900","1934500","2972600","5749600","8868300","13575400","26091600","51336300","101026100","249097700","554949400","913625100","1128807100","1442654500","1831663900","1796903500","1855138400","2603549700","3453810700","4404335000","5599767000","7639434400","9985187900","13971343800","17953335300","20791202100","23378127400","31341356100","39276699600","42020989900","49268000000","55034187600","61721000000","75368859500","91861956700","94894812900","104982738000","133746093400","185038072700","174289480000","195692915000","233365423400","256385000000",
"Zambia","ZMB","Manufacturing, value added (annual % growth)","NV.IND.MANF.KD.ZG","","","","","","","19.8044074103767","17.1938676038424","11.5803278447765","1.05344668723173","8.03092743858569","11.686879319381","12.7679714206626","1.64591886442847","8.8218216017451","-5.7721332377379","5.66293587584509","-9.04410970471503","4.95757210822059","6.04587550982372","-2.39248695478136","12.1773343100974","-3.51003806450201","-7.80532447852707","0.418079690658629","8.53499805896361","1.9659570136354","8.84081466060043","18.1680738794319","-0.530149758787104","7.8294276919745","-0.0170587959171655","12.001379809425","-7.86909990966589","-8.62382254611221","-0.181763265354633","5.81671266934958","5.35938221488851","2.18363583992316","3.18368961287865","4.01122359581933","4.69459387144546","6.29124845146791","8.29499804730318","5.41720972753963","3.71757101396058","6.7290385332677","4.08486233325462","3.01481683720905","3.64315180080128","1.54926592789613","10.5973939075439","4.81069575544655","6.20587633249588","6.54601653803748","5.4172451143238","1.92170663681701","4.37347202157372","4.07135024787448","2.42660121763947","0.981206403899023","13.0979747324005","4.70735525229311","4.52971846989007","2.33211270441444","7.13395034079167",
"Zambia","ZMB","Industry (including construction), value added per worker (constant 2015 US$)","NV.IND.EMPL.KD","","","","","","","","","","","","","","","","","","","","","","","","","","","","","","","","17277.1065309512","19274.9299124079","17268.8792437056","15854.0884150045","14167.0407182769","13603.3691003472","14679.6839362224","13657.8447556677","14635.8111787934","16679.376262854","17083.4487563041","17765.7252540796","18256.9538161478","18939.3100648629","19653.8193194971","20282.7724481319","20749.5892111595","20261.4999504008","21027.4237328864","20607.6584312049","19069.5511380644","16957.2089045215","15893.3653248831","15061.0039350034","14784.7743388654","14936.0214761636","15079.4986312934","15022.5306492107","15132.4463661241","15232.9144636704","13467.9893184127","13538.5560811828","12382.4396216284","12265.2080695773","12119.3387177436",
"Zambia","ZMB","Agriculture, forestry, and fishing, value added (constant LCU)","NV.AGR.TOTL.KN","","","","","","5417107100","5552817500","5525675600","5570912100","5645552900","5885308200","6027804200","6296962800","6222319800","6507314000","6810400900","7287651200","7364551400","7407526600","7004921100","6873730200","7434666200","6566119600","7115746900","7513830600","7776209200","8454756000","8269287200","9866147200","9601511800","8746536100","9198904000","6156726900","10350180700","8393688600","11120066900","10966599500","10312931800","10334703200","11242483900","11260995500","10798082500","10417336400","10704323200","10875106100","10488809600","10339296600","9943711600","9679693700","9740975400","9158659000","9871089200","10205237100","9813038600","9917005400","9149763000","9490090400","10419007300","8212522300","8845104900","10367061400","11085960700","9908955700","7882391300","7154845600","10813000000",
"Zambia","ZMB","Agriculture, forestry, and fishing, value added (current US$)","NV.AGR.TOTL.CD","80079968.0000447","87079965.2028459","83859966.4895574","91699963.3566946","98559960.6154397","151899939.300784","166599933.426667","172199931.188907","179199928.391709","186199925.59451","190539923.860246","215599914.098429","241069272.754859","275292639.358405","309887172.955409","320258694.650637","389452633.688759","412293940.56383","453372189.841798","500672268.907563","543195266.272189","626276952.563488","521130551.816958","471564733.915806","395546335.174266","294683310.50182","202582050.194231","246547209.79886","611599892.330352","764610726.009545","598570206.319349","534009216.471042","676905839.620006","997722870.464238","432472276.211548","536380058.765054","478367248.944449","601709397.808137","561383439.60401","619238456.645445","581493928.978759","635763645.703952","644235397.8941","765529884.090727","969307629.933823","1215499159.85213","1684705364.82473","1701678575.89007","2051509704.46112","1770850220.96272","1909207437.82702","2263387598.49404","2377303362.92814","2306490004.63177","1840052250.20309","1058488376.67455","1305388854.40509","1041223882.32204","879100082.202393","666808525.989139","539169339.143669","663095422.745985","902332037.242125","615021617.336775","717018297.383375","1185732430.65955",
"Zambia","ZMB","External balance on goods and services (constant LCU)","NE.RSB.GNFS.KN","","","","","","","","","","","","","","","","","","","","","","","","","","","","","","","","","","","","","","","","","","","","","","","","","","","5979700000","","","","","","","","","","","","","","","",
"Zambia","ZMB","Imports of goods and services (constant LCU)","NE.IMP.GNFS.KN","1591550000","1498076300","1590415700","1493538800","1451793100","1765111800","2196860600","2630197800","2821909700","2619988100","2651524300","2809885100","2855033900","2360212800","2752031400","2563722500","1912809000","1889667900","1564551300","1428197300","1611742000","1353100800","1055890900","890950000","868943300","1055436600","1195420700","1228318300","1226049000","1027076900","961509300","781141200","821979300","761176000","857896000","1206493800","1594165700","1796110100","2102405300","3198187500","4499101300","6442644900","7677687200","9361726000","12206696300","12941090900","12791719300","19944421900","24094570800","20853188100","30015400000","","","","","","","","","","","","","","","",
"Zambia","ZMB","Imports of goods and services (current US$)","NE.IMP.GNFS.CD","","","","","","","","","","","","","","","","","","","","","","","","","","","","","","","","","","","1232350968.2971","1382915200.33699","1271350442.91746","1329785210.78008","1119077757.05412","1182318859.27206","1312920384.30728","1619702985.51483","1584554909.01072","1795500025.24681","2318800177.86613","2632001949.14305","3222874996.53077","4523566396.0025","5469175507.91574","4118784328.49131","6256988597.27752","7583102927.56187","8998703572.74688","11207472737.3784","10142928854.5898","9079952776.61892","8097049103.85227","9467884707.11847","9717093536.7998","7961078355.3142","5892354557.94953","7511107108.14459","8487628171.9824","10312987263.3203","6971790366.11773","",
"Zambia","ZMB","Gross capital formation (constant 2015 US$)","NE.GDI.TOTL.KD","","","","","","","","","","","","","","","","","","","","","","","","","","","","","","","","","","","","","","","","","","","","","","","","","","","","","","","","9096608098.08557","","","","","","","","","","",
"Zambia","ZMB","Financial intermediary services indirectly Measured (FISIM) (current LCU)","NV.FSM.TOTL.CN","","","","","","","","","","","","","","","","","","","","","","","","","","","","","","","","","","","","","","","","","","","","","","","","","","","","","","","","","","","","","","","","","","",
"Zambia","ZMB","Agriculture, forestry, and fishing, value added (constant 2015 US$)","NV.AGR.TOTL.KD","","","","","","626676876.827429","642376505.440089","639236600.540818","644469775.372936","653104580.364681","680840620.991757","697325240.289833","728462795.391751","719827735.893476","752797228.996156","787859772.23059","843070371.162436","851966554.360181","856938131.185205","810362799.98425","795186008.762939","860077770.009467","759600142.261055","823183658.965587","869235886.700185","899589098.95149","978086640.4539","956630721.974287","1141363129.70731","1110748840.03045","1011841158.94743","1064173242.75449","712239635.279025","1197358441.68108","971022071.339515","1286422562.14651","1268668718.78484","1193049310.64743","1195567930.40227","1300584346.62196","1302725857.11066","1249173865.66437","1205127334.47945","1238327341.08716","1258084324.36474","1213395696.34234","1196099316.89932","1150336150.74006","1119793296.4187","1126882656.78277","1059517508.53281","1141934843.92084","1180590672.30024","1135219272.66954","1147246649.70215","1058488376.67455","1097859079.19043","1205320632.18875","950063886.65264","1023244069.50399","1199311281.85193","1282476993.69053","1146315421.87847","911872752.491028","827706783.716805","1250899593.4629",
"Zambia","ZMB","Trade (% of GDP)","NE.TRD.GNFS.ZS","","","","","","","","","","","","","","","","","","","","","","","","","","","","","","","","","","","66.6505948295585","69.2267746955964","63.8214821755312","58.272862622336","56.2503070199594","59.7675342029156","60.3874689884965","64.668282708979","64.9164969990648","62.3128446757629","70.8130749317722","62.200282191364","57.8568188739027","65.7714586909068","59.4548891205874","56.1213809555165","67.9009190299719","72.7954324384283","75.367709855907","80.4562410213373","76.1934997276313","79.8652687573958","73.958561254616","71.5856946542566","74.8883695274665","68.791204936096","79.2068494095955","86.2085111934645","69.2973154193203","78.2418870451485","62.5348874064443","",
"Zambia","ZMB","External balance on goods and services (current US$)","NE.RSB.GNFS.CD","","","","","","","","","","","","","","","","","","","","","","","","","","","","","","","","","","","-27418875.3322149","-130378570.544103","-246901150.757513","-151921037.536763","-248164810.21917","-329980582.231548","-451510168.944505","-591601095.007249","-446609019.47099","-536505558.206999","-232240914.44116","-81557141.2568612","934962754.294913","198333516.552155","-289469872.120031","364908721.586968","1246523941.54802","1911249737.6921","1223665436.24813","142763483.094025","393838001.624695","-1187564142.67835","-693557832.563914","-413972219.595482","270071721.755274","112156710.628394","2581643038.98808","4026777847.8963","3234461754.13108","951539024.950403","1879737731.78516","",
"Zambia","ZMB","Imports of goods and services (constant 2015 US$)","NE.IMP.GNFS.KD","","","","","","","","","","","","","","","","","","","","","","","","","","","","","","","","","","","","","","","","","","","","","","","","","","","","","","","","9079952776.61892","","","","","","","","","","",
"Zambia","ZMB","Gross capital formation (constant LCU)","NE.GDI.TOTL.KN","","","","","","","","","","","","","","","","","","","","","","","","","","","","","","","","","","","","","","","","","","","","","","","","","","","29045700000","","","","","","","","","","","","","","","",
"Zambia","ZMB","Gross capital formation (current US$)","NE.GDI.TOTL.CD","","","","","","","","","","","","","","","","","","","","","","","","","","","","","","","","","","","","","","","","","","","","","","","","","","","6054845635.90503","7715649536.07505","8038042099.74161","9477424881.88976","9246747018.684","9096608098.08557","8007419909.2214","10608647638.5605","10153231322.8122","9151427851.04732","5848495273.11053","6930964942.55535","7868536617.4204","8671907337.50583","6019244769.41228","",
"Zambia","ZMB","Gross fixed capital formation (% of GDP)","NE.GDI.FTOT.ZS","","","","","","","","","","","","","","","","","","","","","","","","","","","","","","","","","","","","","","","","","","","","","","","","","","","25.894731224225","27.974700660769","23.8778545961034","25.8003983321329","31.0377113251483","38.4531388748016","36.4205905653916","38.8072565095918","35.0575989116852","35.7566183829109","29.8228506521771","28.5104973388638","25.1043252414273","26.4374095105745","21.6032158081555","",
"Zambia","ZMB","Gross fixed capital formation (current LCU)","NE.GDI.FTOT.CN","","","","","","","","","","","","","","","","","","","","","","","","","","","","","","","","","","","","","","","","","","","","","","","","","","","25173800000","31899457700","31344914100","39044000800","51849427900","70515750600","78704167800","95563645300","96469574200","107430305000","99226841200","126112431600","124006404800","147363747200","143033541600","",
"Zambia","ZMB","Exports of goods and services (% of GDP)","NE.EXP.GNFS.ZS","","","","","","","","","","","","","","","","","","","","","","","","","","","","","","","","","","","32.9503954636075","32.9010267147932","28.4789092185853","27.371257557966","24.6177635661228","25.037219399921","23.9238608307712","25.109699098695","27.1336783308698","25.6839640308427","33.5399822510719","30.6107123143813","32.5929586871888","33.5911932050133","28.9193597052566","29.2509976693348","37.0259333072124","40.4712226732921","40.0829109943526","40.4827166938697","38.8222899319378","37.1385258014734","35.3246757489657","34.9928577635918","37.9574045480394","34.6361926031881","46.7201864691576","52.2160900183192","40.1939977114306","40.8461239686718","34.9818727491304","",
"Zambia","ZMB","Exports of goods and services (current LCU)","NE.EXP.GNFS.CN","","","","","","","","","","","","","","","","","","","","","","","","","","","","","","","","","","","806546600","1082340700","1237432300","1548300100","1621700000","2035400000","2679712800","3712409100","5005363100","5959162000","9971405900","11383910400","14981105200","18899404400","19401623400","22625163500","35995100000","46149200000","52617600000","61262900000","64853800000","68105000000","76335917800","86170612100","104449100000","104064000000","155447800000","230971000000","198544000000","227678808100","231612793000","",
"Zambia","ZMB","Gross national expenditure (constant 2015 US$)","NE.DAB.TOTL.KD","","","","","","","","","","","","","","","","","","","","","","","","","","","","","","","","","","","","","","","","","","","","","","","","","","","","","","","","22139634693.8302","","","","","","","","","","",
"Zambia","ZMB","Final consumption expenditure (% of GDP)","NE.CON.TOTL.ZS","","","","","","","","","","","","","","","","","","","","","","","","","","","","","","","","","","","","","","","","","","","","","","","","","","","63.9714184083072","60.6430596408509","59.1098238738185","59.4208041974216","59.5417081405302","61.3754342598197","60.5669778063656","53.6672651592677","57.6065410620846","59.8616055647221","51.9978396051611","47.5280036654582","50.0336919286532","60.4178930083808","60.7095801889277","",
"Zambia","ZMB","Final consumption expenditure (current LCU)","NE.CON.TOTL.CN","","","","","","","","","","","","","","","","","","","","","","","","","","","","","","","","","","","","","","","","","","","","","","","","","","","62190400000","69151078300","77594590600","89922097200","99466209700","112550885100","130884027700","132156713800","158518514100","179853432300","173007652200","210233867200","247148576800","336773052900","401954335900","",
"Zambia","ZMB","Households and NPISHs Final consumption expenditure, PPP (current international $)","NE.CON.PRVT.PP.CD","","","","","","","","","","","","","","","","","","","","","","","","","","","","","","","","","","","","","","","","","","","","","","","","","","","20967436787.1408","22006040780.3229","22986459791.7308","24528740073.0552","23963042240.5937","24642425379.515","24148490183.4654","23265348441.8558","27806800066.4109","26683731283.7011","23174071949.3864","25725117627.9023","27630526076.7458","38758308608.2918","42028853753.113","",
"Zambia","ZMB","Households and NPISHs Final consumption expenditure (annual % growth)","NE.CON.PRVT.KD.ZG","","","","","","","","","","","","","","","","","","","","","","","","","","","","","","","","","","","","","","","","","","","","","","","","","","","","","","","","","","","","","","","","","","",
"Zambia","ZMB","Households and NPISHs Final consumption expenditure (current US$)","NE.CON.PRVT.CD","","","","","","","","","","","","","","","","","","","","","","","","","","","","","","","","","","","","","","","","","","","","","","","","","","","11063329928.4985","11822952743.432","12040613506.11","13243810838.3511","12218302437.0431","9901967679.50679","9325467374.01559","10335590344.103","11813311366.1613","9830978200.15516","6766873232.70766","7954037450.48265","10376725342.4542","12990626814.2053","12153389816.1609","",
"Zambia","ZMB","General government final consumption expenditure (constant LCU)","NE.CON.GOVT.KN","","","","","","","","","","","","","","","","","","","","","","","","","","","","","","","","","","","","","","","","","","","","","","","","","","","9118500000","","","","","","","","","","","","","","","",
"Zambia","ZMB","General government final consumption expenditure (current US$)","NE.CON.GOVT.CD","","","","","","","","","","","","","","","","","","","","","","","","","","","","","","","","","","","","","","","","","","","","","","","","","","","1900835921.7027","2403615096.59103","3034200590.6009","3416142325.15053","3941926596.2632","3141058916.23789","3368409696.62878","3550063850.80116","3343837875.50081","4121964569.43367","2664372683.89339","2547948398.89748","4214991568.46008","3671393420.48874","3208067775.7243","",
"Zambia","ZMB","Military expenditure (current LCU)","MS.MIL.XPND.CN","","","","","","","","","","","","","","","","","","","","","","","","","148000","167000","480000","637000","717000","2315000","4220000","5575000","16835000","23149000","42083000","47756000","45702000","57000000","","134000000","","","","","470000000","622700000","741700000","929700000","1041500000","1115000000","1344100000","1502500000","1782500000","2057700000","2729418000","3215100000","3088700000","3204640000","3955630000","3772700000","3878600000","4344800000","5517400000","7462500000","9131900000","",
"Zambia","ZMB","Arms imports (SIPRI trend indicator values)","MS.MIL.MPRT.KD","","","","","7000000","16000000","17000000","","","7000000","4000000","165000000","29000000","19000000","9000000","48000000","109000000","41000000","42000000","4000000","136000000","253000000","43000000","","18000000","","","","","","","","","","","","8000000","","","","43000000","","2000000","","","0","30000000","5000000","2000000","","","1000000","61000000","","","15000000","44000000","46000000","","43000000","3000000","20000000","2000000","5000000","1000000","",
"Zambia","ZMB","Logistics performance index: Competence and quality of logistics services (1=low to 5=high)","LP.LPI.LOGS.XQ","","","","","","","","","","","","","","","","","","","","","","","","","","","","","","","","","","","","","","","","","","","","","","","","2.44","","","2.01","","","","2.467993","","2.415493","","2.48","","","","","","","",
"Zambia","ZMB","Lead time to import, median case (days)","LP.IMP.DURS.MD","","","","","","","","","","","","","","","","","","","","","","","","","","","","","","","","","","","","","","","","","","","","","","","","9.9","","","4","","7","","4","","6","","","","","","","","","",
"Zambia","ZMB","Individuals using the Internet, female (% of female population)","IT.NET.USER.FE.ZS","","","","","","","","","","","","","","","","","","","","","","","","","","","","","","","","","","","","","","","","","","","","","","","","","","","","","","","","","","","13.1725","","","","","","","",
"Zambia","ZMB","Fixed broadband subscriptions","IT.NET.BBND","","","","","","","","","","","","","","","","","","","","","","","","","","","","","","","","","","","","","","","","","21","31","48","91","250","250","2339","4000","5703","10702","10267","16415","14999","13447","20521","23390","31784","35912","72228","88891","82317","80592","86446","141211","168345","",
"Zambia","ZMB","Mobile cellular subscriptions","IT.CEL.SETS","0","","","","","0","","","","","0","","","","","0","0","0","0","0","0","0","0","0","0","0","0","0","0","0","0","0","0","0","0","1547","2721","4550","8260","28190","98853","121200","139092","241000","464354","949559","1663328","2639026","3539003","4406682","5446991","8164553","10524676","10395801","10114867","11557725","12017034","13438539","15470270","17220607","19104208","20247111","19838000","21151203","23170376","",
"Zambia","ZMB","Railways, passengers carried (million passenger-km)","IS.RRS.PASG.KM","","","","","","","","","","","","","","","","","","","","","","","","","","","","","","","","","","","","","280","236","183","186","","","","","","","","","","","","","","","","","","4.268","4.185","","","","","","","",
"Zambia","ZMB","Air transport, registered carrier departures worldwide","IS.AIR.DPRT","","","","","","","","","","","9300","10600","10800","10000","10000","11200","12800","9300","10500","9200","6800","5400","6500","6000","5700","4700","4900","5400","5600","2900","6500","2800","2700","4200","4300","","","1200","1200","5400","6118","4886","4875","5214","5825","5965","6013","6396","4361","","9730","11497","8288","7997","8050","11130","8094","9020","1241","1298","777.3744","7071.541","10343","12748","","",
"Zambia","ZMB","Statistical performance indicators (SPI): Pillar 2 data services score (scale 0-100)","IQ.SPI.PIL2","","","","","","","","","","","","","","","","","","","","","","","","","","","","","","","","","","","","","","","","","","","","","","","","","","","","","","","","","39.5","56.7333333333333","57.8","57.8","67.2666666666667","67.2666666666667","61.1333333333333","61.1333333333333","62.5333333333333","",
"Zambia","ZMB","CPIA trade rating (1=low to 6=high)","IQ.CPA.TRAD.XQ","","","","","","","","","","","","","","","","","","","","","","","","","","","","","","","","","","","","","","","","","","","","","","4","4","4","4","4","4","4","4","4","4","4","4","4","4","4","4","4","4","4","4","4",
"Zambia","ZMB","CPIA public sector management and institutions cluster average (1=low to 6=high)","IQ.CPA.PUBS.XQ","","","","","","","","","","","","","","","","","","","","","","","","","","","","","","","","","","","","","","","","","","","","","","3.2","3.2","3.2","3.2","3.2","3.1","3.1","3.2","3.2","3.2","3.2","3.2","3.2","3.1","3","3","2.9","2.9","2.9","2.9","3",
"Zambia","ZMB","CPIA quality of public administration rating (1=low to 6=high)","IQ.CPA.PADM.XQ","","","","","","","","","","","","","","","","","","","","","","","","","","","","","","","","","","","","","","","","","","","","","","3","3","3","3","3","3","3","3","3","3","3","3","3","3","3","3","3","3","3","3","3",
"Zambia","ZMB","Political Stability - Governance score (0-100)","GOV_WGI_PV_SC","","","","","","","","","","","","","","","","","","","","","","","","","","","","","","","","","","","","","63.8671575","","66.461803","","66.3845823","","59.564193","63.9244184","63.2091674","65.1633486","70.397865","70.7487603","70.1297949","72.4437129","72.283906","72.6105933","73.698915","71.2322807","64.9027312","67.2997785","62.3541274","62.2884333","60.9123088","59.590169","59.6094593","63.1907654","66.6738711","65.7039949","64.1728259","",
"Zambia","ZMB","Government Effectiveness - Governance score (0-100)","GOV_WGI_GE_SC","","","","","","","","","","","","","","","","","","","","","","","","","","","","","","","","","","","","","25.109255","","25.0275512","","25.0558111","","30.6610516","27.7907253","31.4275757","33.4089583","32.6331807","34.0521295","35.634093","37.7089236","37.3534908","41.4064665","41.6129795","41.0112337","42.6637265","41.0407283","41.0620351","42.3325326","41.5797263","39.2906596","37.061776","37.2110769","39.8696364","40.3969835","40.9757367","",
"Zambia","ZMB","Control of Corruption - Governance score (0-100)","GOV_WGI_CC_SC","","","","","","","","","","","","","","","","","","","","","","","","","","","","","","","","","","","","","31.1433234","","31.1865675","","29.0837149","","31.624825","31.4715359","35.5974164","35.6302664","39.9187088","40.8265436","40.853141","41.5996083","40.3848308","42.3159947","42.4033248","41.6776374","39.9524615","39.8558608","39.2758376","38.4615167","35.3753648","34.7874778","35.607183","33.8295633","39.3922973","39.7962677","38.6078994","",
"Zambia","ZMB","WBL: Supportive Framework Index (scale 0-100)","GD_WBL_OVL_SFR","","","","","","","","","","","","","","","","","","","","","","","","","","","","","","","","","","","","","","","","","","","","","","","","","","","","","","","","","","","","","","","","","","49.2",
"Zambia","ZMB","Subsidies and other transfers (current LCU)","GC.XPN.TRFT.CN","","","","","","","","","","","","","","","","","","","","","","","","","","","","","","","2828100","14249300","5347900","18891700","","","","","243900000","261500000","","72094520.51","499264852.55809","297229243.10674","787929361.15434","1322225318.58115","1210600000","2093703989.88743","2790482957.29992","2247051442.88228","2737727447.80731","1782063472.55297","3515370118.8","5262364714.9","6170457577.79","9792464007.90002","4733648691.37999","7086223494.85999","6578384363.62989","6474989580.08997","9983596553.29","14003626048.61","19990318344.91","26244349111.66","27808634320.34","",
"Zambia","ZMB","Other expense (current LCU)","GC.XPN.OTHR.CN","","","","","","","","","","","","","","","","","","","","","","","","","","","","","","","","","","","","","","","2600000","7700000","","337678920.931","20651782.53769","95747596.12611","160382288.6103","49759000","128100000","88834876.9178","87853443.15065","140620105.47757","157163458.19001","225738098.044181","297776704.5","200575305","124886851.44","262833837.1","147718832.25","203201634.44","324799610.67","181729851.76","5182289748.13","8402760279.57","614275393.04","637632915.08","785198033.79","",
"Zambia","ZMB","Goods and services expense (% of expense)","GC.XPN.GSRV.ZS","","","","","","","","","","","","","","","","","","","","","","","","","","","","","","","","","","","","","","","32.1102337823192","28.3237437667817","","34.8929195726127","20.2491901680482","18.5246974365194","17.1624046170874","25.4944655591146","32.3572563883115","24.2660043227436","23.7284770131009","22.9217060850221","24.1274610384514","39.3690069017651","24.8580772216961","28.7323593898403","21.6983236366015","21.0218399385777","29.4470990252843","24.1461266623116","15.9158252727827","14.0578643768251","17.1426662702261","25.3595286689494","","","","",
"Zambia","ZMB","Taxes on income, profits and capital gains (% of total taxes)","GC.TAX.YPKG.ZS","","","","","","","","","","","","","","","","","","","","","","","","","","","","","","","41.9067199833348","35.4287569923111","41.5185412125472","33.9171616639085","31.28488018495","31.4258622834241","34.6812136281308","33.6050225795792","37.1155288822206","34.6586374519335","","37.9278137124356","43.4058529448788","46.3660490754969","44.3001892233542","43.6768461436041","45.7444782939832","44.3759846684244","43.9571407762682","48.8627439773511","51.4896735851636","53.6920412756657","52.1428896610602","43.7337022785582","41.1191018787681","46.3450826163789","50.5029914446091","43.0733883255485","44.2692946321711","46.3280001832228","52.9032916193287","56.7342142251742","57.2151843062855","46.6045106225463","47.0316552878551","",
"Zambia","ZMB","Tax revenue (current LCU)","GC.TAX.TOTL.CN","","","","","","","","","","","","","","","","","","","","","","","","","","","","","","","22081900","38184800","106570700","222913700","421908600","516135400","699802500","907900000","1066400000","1378300000","","2445503688.115","2848226832.091","3447687673.744","4553747455.468","5502071247.999","6302400000","7923241559.588","8895494961.126","9040100425.104","12477509534.452","16780541000","19549490000","21711624000","26329274000","26395795000","28855958000","37393013963.21","45643375276","50107705101","54626126943","74225937509","82997030849","96284520492.94","124675497281.81","",
"Zambia","ZMB","Taxes on international trade (current LCU)","GC.TAX.INTT.CN","","","","","","","","","","","","","","","","","","","","","","","","","","","","","","","4022900","12191400","18457600","91822900","163369600","216900000","90000000","123700000","183900000","236000000","","338074599.917","359119556.401","425505731.989","539810649.038","745997148.354","744700000","910578028.175","1182502010.497","1023459832.839","1249233063.898","1700413000","2018521000","1792875000","1860869000","1919376000","1879749000","2651039584.67","3163501558","3658335154","3518172655","5302607558","5682454908","6546279104","8858930928.99","",
"Zambia","ZMB","Taxes on goods and services (% of revenue)","GC.TAX.GSRV.RV.ZS","","","","","","","","","","","","","","","","","","","","","","","","","","","","","","","37.4478593546076","28.052847846353","30.5186330765548","18.3331864917198","26.8552652121723","22.448447741795","47.4629591174562","50.3684210526316","31.671132605712","35.9086965950987","","","","29.5721732573048","31.4901506652418","29.5081289647903","32.760521287541","28.711552786304","31.8751831904582","28.2692401309012","29.7900716217635","23.9123597918165","29.8019159987846","38.1379725868402","42.645345954442","32.4368422776459","27.8568055868686","36.8945167456754","38.004259317375","35.3394418067441","29.152025391212","22.6401190811751","21.2348700264252","28.6192270297582","31.7934972867854","",
"Zambia","ZMB","Revenue, excluding grants (% of GDP)","GC.REV.XGRT.GD.ZS","","","","","","","","","","","","","","","","","","","","","","","","","","","","","","","20.4079760014117","19.0150717578403","19.9254517490572","17.961583596925","19.130004575612","18.2594287778225","17.1481181303962","16.711262738758","16.6587739640274","17.5927243715079","","17.455856592241","15.7352042084497","15.334676882686","15.7160747100157","15.197796170915","14.2334567959108","15.2251921524703","14.9994255436122","13.2058221989992","14.3625876180455","17.4683770602892","16.6680892991001","16.2362093688669","17.7376341640078","18.2957716448269","18.1324357467445","16.8512124005775","19.4109624853589","19.5961045589077","19.5813891552591","21.9673977518021","20.5075493981699","20.709101905525","23.4062502477948","",
"Zambia","ZMB","Grants and other revenue (% of revenue)","GC.REV.GOTR.ZS","","","","","","","","","","","","","","","","","","","","","","","","","","","","","","","5.8154413081864","13.5966222270493","25.6423766925678","26.1523368021076","10.02817929986","14.8776633821448","9.17596365996106","4.43157894736842","30.3052088098817","25.2710908696595","","5.58987489818884","1.87581564457046","28.3830587387196","28.1794571324774","30.9988238349486","22.8063299201411","34.9409409606419","25.4374545093498","29.0001645772023","22.6200715976689","30.1190536376024","18.6697721895451","18.9400617234033","15.8284907539539","27.5223988508438","32.636360876071","23.2323759998437","18.770754583839","19.595859652277","22.7938779851094","31.1778060744742","35.3618742866079","34.2559882942066","25.323330222152","",
"Zambia","ZMB","Net investment in nonfinancial assets (% of GDP)","GC.NFN.TOTL.GD.ZS","","","","","","","","","","","","","","","","","","","","","","","","","","","","","","","","","","","","","","","6.453111729641","7.01765435180061","","1.78913385701984","3.05061389213807","4.06473068293515","2.15159133038948","5.69288977656949","1.68979195288873","4.73735857694139","1.64912077992008","2.70282844045145","3.04460644680268","7.56985627507017","1.54283024010312","4.25722306381376","4.12668490119303","4.65452820331441","3.07726477525475","4.13680577109221","9.08861094870225","6.66011616400331","9.00038769386794","2.87582843345257","1.20927592686762","5.07612571366152","5.21303475912272","",
"Zambia","ZMB","Central government debt, total (% of GDP)","GC.DOD.TOTL.GD.ZS","","","","","","","","","","","","","","","","","","","","","","","","","","","","","","","244.380536439033","277.530307986501","164.700753558863","161.786076869105","149.209889858483","155.279224614308","175.934490736564","150.072548942759","161.232157851948","","","","","","","","","","","","17.3215114809658","18.0499093578444","23.4889192806696","24.2239941438767","44.3958675879332","49.4073473457883","46.4328935811391","52.2809418398754","59.7122211727371","61.9301173816653","103.54315235027","71.4111761686383","","","","",
"Zambia","ZMB","Research and development expenditure (% of GDP)","GB.XPD.RSDV.GD.ZS","","","","","","","","","","","","","","","","","","","","","","","","","","","","","","","","","","","","","0.01104","0.00737","","","","","0.00544","0.00847","0.02223","0.02493","","","0.27819","","","","","","","","","","","","","","","","","",
"Zambia","ZMB","Account ownership at a financial institution or with a mobile-money-service provider, primary education or less (% of population ages 15+)","FX.OWN.TOTL.PL.ZS","","","","","","","","","","","","","","","","","","","","","","","","","","","","","","","","","","","","","","","","","","","","","","","","","","","","9.20527495940134","","","22.4396643611234","","","30.9000325324272","","","","33.0219726794444","","","61.9882588828619","",
"Zambia","ZMB","Account ownership at a financial institution or with a mobile-money-service provider, richest 60% (% of population ages 15+)","FX.OWN.TOTL.60.ZS","","","","","","","","","","","","","","","","","","","","","","","","","","","","","","","","","","","","","","","","","","","","","","","","","","","","29.6627043287053","","","45.6870057464802","","","55.6023649441027","","","","58.906524527199","","","81.9480490077803","",
"Zambia","ZMB","Claims on other sectors of the domestic economy (% of GDP)","FS.AST.DOMO.GD.ZS","","","","","","","","","","","","","","","","","","","","","","","","","","","","","","","","","","","","","","","","","","","","","","","","","","","","13.9060496193532","16.538404427317","16.113063722323","17.2500711970009","19.9478418201464","15.5795693520607","15.0880686113542","15.3209609025286","16.0634579197328","16.4759167717703","12.4381843570412","14.1387671649043","17.3903471936467","18.7649733891856","",
"Zambia","ZMB","Interest rate spread (lending rate minus deposit rate, %)","FR.INR.LNDP","","","","","","","","","","","","","","","","","","","2","2.33333333333333","2.5","3.33333333333333","3.5","6","6.83333333333337","3.2691666666667","9.6533333333333","7.9616666666666","6.95","6.95","9.45","11.5","6.0666666666667","25.1749999999997","24.4166666666666","15.2916666666666","11.6583333333333","12.2166666666667","18.7166666666667","20.25","18.5583333333333","22.825","21.8730166666667","18.6210333333333","19.2168727272727","17.02","12.8283333333333","9.67416666666663","12.5133333333334","14.9725","13.5166666666667","11.8125","5.1508333333333","3.03","3.69666666666663","4.25666666666667","4.7158333333333","3.4875","2.99166666666667","2.00583333333337","0.76323984005214","","","","","",
"Zambia","ZMB","Inflation, consumer prices (annual %)","FP.CPI.TOTL.ZG","","","","","","","","","","","","","","","","","","","","","","","","","","","55.8282208588966","47.0472440944876","51.0040160642574","123.40425531915","107.023809523808","97.6423231742383","165.70652700999","183.312041464393","54.6013218413016","34.9295874166667","43.0730979982882","24.4187215689412","24.4584563516656","26.7876966790029","26.0304117888121","21.3937821792546","22.2333446430947","21.4015783901995","17.9677891087286","18.324439701174","9.01957247226486","10.6573496000153","12.4455793463192","13.3952546325895","8.50176133365265","6.4293968107234","6.57589970757698","6.97767605490307","7.80687553566333","10.1105928909618","17.8697300795268","6.57731154205644","7.4945719272852","9.15031644316296","15.7330604721369","22.0207676245777","10.9932039209136","10.884531691282","14.9856262747939","13.9099095827735",
"Zambia","ZMB","Broad money (% of GDP)","FM.LBL.BMNY.GD.ZS","","","","","","14.1860158311346","16.419209039548","17.6911027568922","19.4573436526999","20.4607558139535","27.8289113250372","26.972647980354","25.5013084112149","25.8680183867515","23.5251721744701","31.4243890020367","32.4273157538878","35.1736810310109","28.4093837472786","31.2795068410765","29.6089567828698","28.0808515521891","36.4155981420187","34.7782933129245","34.5518150476577","29.72058428428","31.3331584793878","29.0557874234836","32.8513447750057","30.3137662827195","21.8249514734427","22.3600600707912","","14.071674661622","13.5634130797137","15.6905365486628","16.0382382551386","15.406776036074","16.6184075444327","17.1955797550204","21.6860252568239","17.860977968843","18.3470905634688","18.2306925769917","18.7743104593352","15.4971016315143","18.0615885624267","18.483666323897","19.101743578019","17.8373653191483","18.4296329419961","19.1220235564735","19.57691458578","20.5127924174127","20.9269794142477","25.7726453305593","20.6235684850474","21.9632481696508","22.8934937900932","23.5980964890188","31.2059620192927","24.3311828486537","27.1271206443926","29.9485428239886","31.0025100607176","30.7509957072337",
"Zambia","ZMB","Net foreign assets (current LCU)","FM.AST.NFRG.CN","","","","","","148594.28663676","157984.28663676","134394.28749375","140230.00183356","267845.71683106","381498.5793721","181914.204727723","75078.00474781","67387.00741696","74910.0423460803","15575.2016388081","-30215.5965453934","-67741.745585207","-699258.069843153","-581965.776450674","-756412.698690064","-1096667.30333512","-1235011.03753618","-1550367.18834658","-2290570.54281565","-4643530.93339793","-11020221.4081045","-8457249.53062432","-11860445.4942317","-25811256.5192137","-51157500.642413","-101735342.122176","","-495902170.82064","-787630180.67976","149341796.658436","245911890.91557","378972203.865929","328289806.972584","508256295.702084","973206786.559538","-3077962287.7664","-3001025702.58232","-3016476647.91396","-2108750932.21542","-352665082.006409","3498340672.55436","4552022398.00885","4984695154.18697","4913220412.79598","6690048705.0019","9392873333.04854","12013703154.0075","11662824730.4422","15306410501.8964","29574728156.2603","21880682191.4193","21984911371.3531","24809871068.9552","24248490465.8872","38980260315.1897","37623800744.5578","50561514840.347","56457283603.2386","81966411711.4303","85432988082.3673",
"Zambia","ZMB","Total reserves minus gold (current US$)","FI.RES.XGLD.CD","","","","","","196040000","204840000","174550000","193540000","362940000","508000000","277092117.736488","158395429.13001","185524126.907563","164363676.005514","142002753.4106","92660691.780345","66311282.2673962","51089885.1139815","79959141.6337015","78200000","56168831.6428858","58195058.0962517","54520939.119532","54209802.0956977","200110984.182777","70324463.9340452","108828373.221354","134026913.91584","116226283.281205","193128453.144784","184628608.619777","","192326097.610916","268127772.141144","222702264.273228","222709084.988899","239085489.886015","69382429.8275874","45429575.7564944","244824131.796944","183446871.748212","535132846.101975","247729406.935735","337106225.049386","559788508.275448","719716911.583293","1089952022.63547","1095608609.0688","1892077713.20001","2093753266.11924","2324018126.65836","3042223849.42812","2683813403.45786","3078362296.84348","2967626716.43206","2352719004.10271","2082083919.53427","1569229906.13102","1448624290.19899","1203448374.22209","2753875454.2912","2967565317.1942","3173177777.1366","4089834507.97439","",
"Zambia","ZMB","Bank liquid reserves to bank assets ratio (%)","FD.RES.LIQU.AS.ZS","","","","","","","","","","","","","","","","","","","","","","","","","","","","","","","","","","","","","","","","","","23.145629240221","31.5684483085747","30.4514702347426","29.4879568009688","39.327075191763","38.6233054984357","28.0170920290656","27.8330767676601","29.2125821125787","38.853721699475","17.1518702529195","25.9339154696898","28.4376864824742","31.9354099425275","29.4533553989576","35.3584276076225","20.7550554368836","14.441583239077","18.8794635228945","23.0030119490551","34.4014657986427","32.3822574751579","38.42095834308","43.0775301923587","42.4417779481389",
"Zambia","ZMB","Commercial bank branches (per 100,000 adults)","FB.CBK.BRCH.P5","","","","","","","","","","","","","","","","","","","","","","","","","","","","","","","","","","","","","","","","","","","","","3.1112705776676","2.95285310152844","2.96838006951915","3.21552112604857","3.53856125551605","3.68072454370777","3.78358833919389","3.9189650540104","4.1294094932024","4.35495516729189","4.59150064777075","4.56051638393319","4.56744818278284","4.40158080811577","3.72542167988228","3.13076725021543","3.00922582341677","2.74229811728282","2.66372651028551","2.60200179563063","2.50834626173463","",
"Zambia","ZMB","Terrestrial and marine protected areas (% of total territorial area)","ER.PTD.TOTL.ZS","","","","","","","","","","","","","","","","","","","","","","","","","","","","","","","","","","","","","","","","","","","","","","","","","","","","","","38","38","38","38","37.9","37.9","41.3","41.3","41.3","41.3","41.3","41.3","41.3",
"Zambia","ZMB","Renewable internal freshwater resources, total (billion cubic meters)","ER.H2O.INTR.K3","","80.2","80.2","80.2","80.2","80.2","80.2","80.2","80.2","80.2","80.2","80.2","80.2","80.2","80.2","80.2","80.2","80.2","80.2","80.2","80.2","80.2","80.2","80.2","80.2","80.2","80.2","80.2","80.2","80.2","80.2","80.2","80.2","80.2","80.2","80.2","80.2","80.2","80.2","80.2","80.2","80.2","80.2","80.2","80.2","80.2","80.2","80.2","80.2","80.2","80.2","80.2","80.2","80.2","80.2","80.2","80.2","80.2","80.2","80.2","80.2","80.2","80.2","","","",
"Zambia","ZMB","Annual freshwater withdrawals, industry (% of total freshwater withdrawal)","ER.H2O.FWIN.ZS","","","","","","","","","","","","","","","","","","","","","","","","","","","","","","","","","6.124785346","6.51607298","6.916764361","7.098141667","7.282857427","7.471004669","7.662679911","7.857983322","8.057018903","8.16198399","8.269720102","8.269720102","8.269720102","8.269720102","8.269720102","8.269720102","8.269720102","8.269720102","8.269720102","8.269720102","8.269720102","8.269720102","8.269720102","8.269720102","8.269720102","8.269720102","8.269720102","8.269720102","8.269720102","8.269720102","8.269720102","","","",
"Zambia","ZMB","Total fisheries production (metric tons)","ER.FSH.PROD.MT","19500","20400","22200","40100","42300","40100","40100","38500","41300","44000","52100","46800","49900","50400","46929","57464","54267","53737","47577","49526","51015","39598","55881","54377","65895","68363","56924","68334","67577","74306","69728","69585","74910","79068","80646","86271","73517","82869","83347","91209","90651","88420","89889","98852","99203","99363","105251","116723","113241","136876","110403","123546","115957","153426","150740","156744","225949","154456","137016","163462","175273","181595","193342.5","199976","211913","",
"Zambia","ZMB","Population in urban agglomerations of more than 1 million","EN.URB.MCTY","90942","101204","112640","125639","141668","159690","180034","202970","228866","257980","277523","296229","316224","337509","360259","384542","410498","438128","467660","499183","532878","553203","572857","593210","614316","636111","658712","682115","706384","731445","757433","784302","812155","840918","870740","901621","933641","966706","1000989","1036489","1073299","1121302","1176111","1233599","1293983","1357143","1423481","1493061","1566144","1642590","1722879","1807094","1895425","1988075","2085252","2187180","2294091","2406227","2523844","2646619","2774133","2905993","3041789","3181250","3324219","3470866",
"Zambia","ZMB","Population living in areas where elevation is below 5 meters (% of total population)","EN.POP.EL5M.ZS","","","","","","","","","","","","","","","","","","","","","","","","","","","","","","","0","","","","","","","","","","0","","","","","","","","","","","","","","","0","","","","","","","","","","",
"Zambia","ZMB","Mammal species, threatened","EN.MAM.THRD.NO","","","","","","","","","","","","","","","","","","","","","","","","","","","","","","","","","","","","","","","","","","","","","","","","","","","","","","","","","","","13","","","","13","","","",
"Zambia","ZMB","Nitrous oxide (N2O) emissions from Waste (Mt CO2e)","EN.GHG.N2O.WA.MT.CE.AR5","","","","","","","","","","","0.0475","0.0492","0.0518","0.0513","0.0549","0.0568","0.0579","0.0626","0.0607","0.0607","0.0606","0.0605","0.0603","0.0611","0.0632","0.0629","0.065","0.0671","0.0693","0.0701","0.0708","0.0713","0.0748","0.0765","0.0799","0.0805","0.0813","0.0817","0.0822","0.0828","0.081","0.0844","0.0876","0.0898","0.0952","0.097","0.099","0.0994","0.1044","0.1092","0.114","0.1186","0.1264","0.1323","0.1382","0.1433","0.1479","0.151","0.149","0.1465","0.1462","0.1525","0.154","0.1546","0.1552","",
"Zambia","ZMB","Nitrous oxide (N2O) emissions from Industrial Processes (Mt CO2e)","EN.GHG.N2O.IP.MT.CE.AR5","","","","","","","","","","","0.783","0.8126","0.8506","0.9251","0.9784","0.9466","0.9562","0.9711","0.9688","0.9791","0.9527","0.928","3.5411","3.7271","2.5551","3.4748","3.7153","2.9672","2.8055","3.4359","3.8741","2.4897","2.9126","2.9374","3.2246","3.157","3.3587","1.5861","3.1806","2.8089","2.5621","3.4636","2.7189","3.0566","3.1187","3.4477","2.8737","2.8621","3.0475","2.7837","3.2602","3.1835","3.314","3.3709","3.2499","3.643","3.6861","3.4476","3.2658","3.5511","3.203","3.0656","3.3766","2.8184","3.227","",
"Zambia","ZMB","Nitrous oxide (N2O) emissions from Agriculture (Mt CO2e)","EN.GHG.N2O.AG.MT.CE.AR5","","","","","","","","","","","1.6091","1.6315","1.6605","1.669","1.7367","1.7626","1.884","1.9258","1.8694","1.917","1.9742","2.0544","2.0967","1.9937","1.9117","2.1117","2.1432","2.2134","2.2235","2.2311","2.2287","2.2805","2.3538","2.294","2.1042","1.9978","1.9163","2.1256","2.0587","2.141","2.0513","2.1098","2.0811","2.0563","2.022","2.1029","2.2547","2.1259","2.1384","2.5098","2.8912","2.806","3.3401","3.621","3.6198","3.4464","3.4716","3.5334","3.4886","3.8202","3.8078","3.9889","4.0791","4.1401","4.2801","",
"Zambia","ZMB","Net official flows from UN agencies, UNFPA (current US$)","DT.NFL.UNFP.CD","","","","","","","","","","","","","","","","","","129999.995231628","","","1110000.01430511","720000.028610229","550000.011920929","500000","569999.992847443","860000.014305115","639999.985694885","540000.021457672","810000.002384186","1139999.98569489","2430000.0667572","419999.986886978","670000.016689301","589999.973773956","540000.021457672","720000.028610229","1730000.01907349","2630000.11444092","1580000.04291534","1019999.98092651","3420000.07629395","1080000.04291534","2430000.0667572","1500000","1480000.01907349","1750000","1179999.94754791","1909999.9666214","3099999.90463257","3279999.97138977","3680000.0667572","2859999.89509583","4004075.050354","3220109.9395752","3504112.00523376","2913996.93489075","2302712.91732788","1913192.98744202","1763200.04463196","2566798.92539978","2637530.08842468","2611324.07188416","3129869.93789673","3262439.96620178","","",
"Zambia","ZMB","Net official flows from UN agencies, UNCOVID (current US$)","DT.NFL.UNCV.CD","","","","","","","","","","","","","","","","","","","","","","","","","","","","","","","","","","","","","","","","","","","","","","","","","","","","","","","","","","","","","","49539.9981737137","","","","",
"Zambia","ZMB","Net official flows from UN agencies, UNCDF (current US$)","DT.NFL.UNCD.CD","","","","","","","","","","","","","","","","","","","","","","","","","","","","","","","","","","","","","","","","","","","","","","","","","","","","","","","","","","","","","","","","","","",
"Zambia","ZMB","Net financial flows, RDB nonconcessional (NFL, current US$)","DT.NFL.RDBN.CD","","","","","","","","","","","","","","","316260.7","","356616.9","4072501.6","2288121.1","-344978","8550111.9","3135988.1","4870901.9","7367340.4","756647.5","16658320.7","22375637.1","16856138","27535258.6","1948533.6","45178269.4","-5231957.2","16804747.2","1885130","-10439735.7","-14189205.1","-14516398.3","-15681921.7","-15478117.7","-14998693.1","-14875738.5","29259.5","-1314280.4","-2503807.9","-15230642.5","-9212692.3","-14803831","-11634916.1","-4983827.4","-5380178.9","-3190724.9","-1079878.5","-531503.9","","","401548.8","4263309.4","11785890.2","54457686.2","61816510.4","91160921.6","56597997.8","52309635.6","17219905.5","99163935.8","",
"Zambia","ZMB","PNG, commercial banks and other creditors (NFL, current US$)","DT.NFL.PNGC.CD","","","","","","","","","","","5000000","5000000","5000000","16300000","28000000","35700000","-5000000","60000000","-25000000","-25000000","-25000000","-36700000","-6500000","-3000000","","","","","","","1948000","1950000","10248000","-1000000","400000","0","2500000","-3500000","16000000","44309000","-8191000","89495000","61609000","27770000","314136000","38728000","220568000","154279000","67800000","-28500000","-12709000","10482000","-9413000","294762000","1508765000","1078732000","2906246000","5888166000","3043157000","2589448000","-45785000","-1234105000","-378595000","-89679000","-1109514000","",
"Zambia","ZMB","PPG, bonds (NFL, current US$)","DT.NFL.PBND.CD","","","","","","","","","","","-7052000","-205000","-20260000","-3433000","-12037000","-1142000","","1726000","-426000","-3331000","-3201000","-2255000","","","","","","","","","","","","","","","","","","","","","","","","","","","","","","","750000000","","1000000000","1250000000","","","","","","","","","-344722000","",
"Zambia","ZMB","Net financial flows, multilateral (NFL, current US$)","DT.NFL.MLAT.CD","","","","","","","","","","","1396000","3259000","9233000","20224000","44472000","58206000","70032000","43956000","29301000","15673000","37836000","50050000","28115000","17475000","67621000","140300000","129443000","69504000","63658000","29325000","68696000","75590000","140317000","141818000","141203000","130552000","124393000","134426000","6219000","158220000","199232000","124994000","164742000","98347000","161415000","88159000","82670000","48934000","74069000","45007000","74385000","54495000","115650000","147471000","158002000","162666000","143162000","137134000","226359000","369127000","761835000","164593000","817352000","189153000","477327000","",
"Zambia","ZMB","Net financial flows, IMF concessional (NFL, current US$)","DT.NFL.IMFC.CD","","","","","","","","","","","","","","","","","","","","","","","","","","","","","","","","","","","","","","","","","","","","","","","","","","","","","","","","","","","","","","","","","","",
"Zambia","ZMB","Net official flows from UN agencies, FAO (current US$)","DT.NFL.FAOG.CD","","","","","","","","","","","","","","","","","","","","","","","","","","","","","","","","","","","","","","","","","","","","","","","","","","","","","","126267.001032829","","","","","771369.993686676","928103.983402252","148289.993405342","244770.005345345","493622.988462448","760569.989681244","","",
"Zambia","ZMB","Net financial flows, bilateral (NFL, current US$)","DT.NFL.BLAT.CD","","","","","","","","","","","14634250.5","21882309.8","31997827","68747504.8","85697038.4","89194736.7","60300878.9","26583173.1","63230606","289116326","236178554.1","129776849.6","143087065.8","78676736.2","81362601.4","78614725.9","65834545.6","30025406.6","99941469.8","43322374.3","5253921.2","34840643.2","10347376.1","-2130487.3","-5169365.6","19096575","-15368395.8","-17547790.3","-20576415.3","-7149063.6","-26199627.3","-2539150.1","-69101833.5","-101702050","-39362036.7","-25038335.8","32005622.7","36227937.2","-20324263","-7335409.2","99342619.3","723325781","481263037.7","30742987","399049290.3","415809213.6","447844969.2","275124977.2","413023107.6","863852498.2","477609145.9","130696006.2","54174399.9","-53695933.3","99534666.6","",
"Zambia","ZMB","IBRD loans and IDA credits (DOD, current US$)","DT.DOD.MWBG.CD","","","","","","","","","","","61433000","64692000","73925000","94149000","138305000","183811000","253486000","293369000","320382000","336119000","347797000","350814000","359486000","366312135.6","323266906.1","474787539.1","649960082.4","814491979","761431474","753801545.4","812713649.6","866228711.8","932078000","1057474000","1243586000","1433537000","1509905000","1555005000","1628288000","1736361000","1848122000","1885659000","2154946000","2408573000","2637410000","2488266000","259933000","323237000","371177000","406921000","430103000","492048000","565101000","631928000","666815000","698021000","760362000","893814000","1002934000","1108251000","1295958000","1377308000","2047030000","2220849000","2509679000","",
"Zambia","ZMB","Short-term debt (% of exports of goods, services and primary income)","DT.DOD.DSTC.XP.ZS","","","","","","","","","","","","","","","","","","","68.2737855957134","42.4665267987487","36.0813123269124","52.225190165897","60.0021522339637","49.765131143861","45.7698996916118","77.2198254149377","140.351471530778","127.350903296703","115.013728789575","108.642424044865","103.764545436522","106.045016301857","","","","","","20.3245613396375","34.1512879462892","11.8989176368564","8.5563708673166","13.1036944133429","8.00321762476779","6.94558333859232","6.49208416615045","8.24700020630286","9.27218185293932","10.4931647552047","11.4490513776318","9.09446607099826","14.2645208714713","5.59210334513557","7.80672206965887","6.45240560189237","7.38805073097768","8.97748240696655","10.1669943879435","9.83548774767976","6.21143809117661","10.1082061795561","8.49051563468318","12.0619792058011","21.8467362007729","29.6099292553621","21.742529844746","",
"Zambia","ZMB","External debt stocks, private nonguaranteed (PNG) (DOD, current US$)","DT.DOD.DPNG.CD","","","","","","","","","","","30000000","35000000","40000000","56300000","84300000","120000000","115000000","175000000","150000000","125000000","86700000","50000000","43500000","24800000","23400000","0","","","","","1948000","3897000","14145000","13145000","13454000","13454000","15954000","12454000","28454000","72763000","64572000","154067000","219528000","252374000","565777000","596153000","826421000","980700000","1048500000","1020000000","794300000","1517471000","762550000","1057312000","2566077000","3644809000","6586034000","12474200000","12300600000","14731348000","13065783000","8300580000","7921985000","7832306000","6722792000","",
"Zambia","ZMB","External debt stocks, total (DOD, current US$)","DT.DOD.DECT.CD","","","","","","","","","","","813521836.3","857443206","943514892.4","1030648296.2","1196332640","1681371684","1893531433.9","2336027269.4","2578001424.9","3039848239.5","3252576758.8","3609972787.2","3662594056.4","3745387537.6","3751427552.9","4487171831.7","5633318265.5","6480343008","6694151924.7","6553433177.3","6904814239.4","6958488380","6700065955.6","6477914987.8","6808521300.7","6957808471.7","7060056954.3","6659848622.4","6870434146.5","5953049690.7","5812480208.3","6194276538.4","6681120453.4","6882252297.9","7548425739.5","5370018799.6","2250620968.8","2740042630","2937007524.5","3640887245.9","4320702678.3","5199610016.1","6181891104.6","6668587065.3","9650598727","12310774475.8","15755769971.2","23739237630.4","24615978773.9","29396610676.8","29531412127.7","26943470807.4","28423406214.6","29076512018.8","28117735300.5","",
"Zambia","ZMB","Net ODA provided to the least developed countries (% of GNI)","DC.ODA.TLDC.GN.ZS","","","","","","","","","","","","","","","","","","","","","","","","","","","","","","","","","","","","","","","","","","","","","","","","","","","","","","","","","","","","","","","","","","",
"Zambia","ZMB","Net bilateral aid flows from DAC donors, Sweden (current US$)","DC.DAC.SWEL.CD","","","","9999.99977648258","","29999.9993294477","","159999.996423721","349999.994039536","330000.013113022","430000.007152557","970000.028610229","1480000.01907349","2390000.10490417","6099999.90463257","14810000.4196167","7110000.1335144","24250000","19350000.3814697","23870000.8392334","31139999.3896484","28819999.6948242","27459999.0844727","29360000.6103516","20370000.8392334","22879999.1607666","44419998.1689453","25440000.5340576","35779998.7792969","36139999.3896484","37169998.1689453","90000000","79500000","34470001.2207031","35490001.6784668","32409999.8474121","31120000.8392334","21319999.6948242","13880000.1144409","15250000","19110000.6103516","17489999.7711182","19399999.6185303","20040000.9155273","26219999.3133545","34200000.7629395","48279998.7792969","53689998.626709","51540000.9155273","24229999.5422363","21860000.6103516","33220001.2207031","31209999.0844727","50190719.6044922","51777885.4370117","50461776.7333984","42321746.8261719","57719692.2302246","55582202.911377","56407199.8596191","55302402.4963379","61697055.8166504","42155776.9775391","39660594.9401855","","",
"Zambia","ZMB","Net bilateral aid flows from DAC donors, Poland (current US$)","DC.DAC.POLL.CD","","","","","","","","","","","","","","","","","","","","","","","","","","","","","","","","","","","","","","","","","","","","","","19999.9995529652","29999.9993294477","59999.9986588955","400000.005960464","400000.005960464","189999.997615814","330000.013113022","59999.9986588955","129999.995231628","70000.0002980232","47766.0000324249","12272.9996219277","33679.9994111061","26514.9995684624","96243.9998984337","65031.997859478","25149.0008085966","68910.0027084351","206220.999360085","","",
"Zambia","ZMB","Urban land area (sq. km)","AG.LND.TOTL.UR.K2","","","","","","","","","","","","","","","","","","","","","","","","","","","","","","","1433.01889086","","","","","","","","","","1684.217586647","","","","","","","","","","","","","","","2079.135102238","","","","","","","","","","",
"Zambia","ZMB","Agricultural irrigated land (% of total agricultural land)","AG.LND.IRIG.AG.ZS","","","","","","","","","","","","","","","","","","","","","","","","","","","","","","","","","","","","","","","","","","","","","","","","","","","","","","","","","","","","","","","","","","",
"Zambia","ZMB","Urban land area where elevation is below 5 meters (% of total land area)","AG.LND.EL5M.UR.ZS","","","","","","","","","","","","","","","","","","","","","","","","","","","","","","","0","","","","","","","","","","0","","","","","","","","","","","","","","","0","","","","","","","","","","",
"Zambia","ZMB","Permanent cropland (% of land area)","AG.LND.CROP.ZS","","0.0107615114542838","0.0107615114542838","0.0107615114542838","0.0107615114542838","0.0121067003860692","0.0121067003860692","0.0121067003860692","0.0134518893178547","0.0134518893178547","0.0147970782496402","0.0147970782496402","0.0147970782496402","0.0161422671814256","0.0161422671814256","0.0161422671814256","0.0161422671814256","0.0174874561132111","0.0174874561132111","0.0188326450449966","0.0188326450449966","0.020177833976782","0.020177833976782","0.0215230229085675","0.0215230229085675","0.022868211840353","0.022868211840353","0.0242134007721384","0.0242134007721384","0.0255585897039239","0.0269037786357094","0.0282489675674949","0.0282489675674949","0.0295941564992803","0.0309393454310658","0.0322845343628513","0.0336297232946367","0.0376652900899931","0.0403556679535641","0.0403556679535641","0.043046045817135","0.0443912347489205","0.045736423680706","0.0470816126124914","0.0470816126124914","0.0470816126124914","0.0470816126124914","0.0470816126124914","0.0470816126124914","0.0484268015442769","0.0484268015442769","0.0484268015442769","0.0484268015442769","0.0497719904760624","0.0511171794078478","0.0524623683396333","0.0524623683396333","0.0524623683396333","0.0524623683396333","0.0524623683396333","0.0524623683396333","0.0524623683396333","0.0524623683396333","0.0524623683396333","","",
"Zambia","ZMB","Arable land (hectares)","AG.LND.ARBL.HA","","2549000","2552000","2576000","2601000","2604000","2658000","2672000","2705000","2734000","2763000","2892000","2902000","2912000","2940000","2925000","2903000","2881000","2722000","2306000","2332000","2388000","2444000","2500000","2556000","2612000","2667000","2723000","2779000","2891000","2891000","2755000","2779000","2780000","2850000","2844000","2844000","2844000","2844000","2844000","2844000","2722000","2582000","2874000","2862000","2727000","3013000","2949000","3052000","3550000","3400000","3600000","3800000","3700000","3700000","3700000","3700000","3800000","3800000","3800000","3800000","3800000","3800000","3800000","","",
"Zambia","ZMB","Fertilizer consumption (% of fertilizer production)","AG.CON.FERT.PT.ZS","","","","","","","","","","","591.100587851078","612.620689655172","605.260869565217","1010.48837209302","815.78947368421","1446.40434192673","1164.17910447761","746.268656716418","629.353233830846","689.134328358209","1234.87824037706","1816.63113006397","891.098018211034","904.502962475313","1119.5223880597","3276.81929681112","383.298476247386","411.87532422618","407.412620220502","734.259259259259","561.320754716981","1323.96186440678","616.788321167883","790.740740740741","983.333333333333","1375","1253.65853658537","1417.5","1595.65217391304","1998.35487661575","3487.88888888889","","","","","","","","","","","","","","","","","","","","","","","","","",
"Zambia","ZMB","Intentional homicides, female (per 100,000 female)","VC.IHR.PSRC.FE.P5","","","","","","","","","","","","","","","","","","","","","","","","","","","","","","","","","","","","","","","","","","","","","","","","","","","","","","","","","","","","","","","","","","",
"Zambia","ZMB","Travel services (% of commercial service exports)","TX.VAL.TRVL.ZS.WT","","","","","","","","","","","","","","","","","","","12.1713729308666","14.4913627639155","16.6666666666667","24.1433021806854","25.593395252838","23.5069885641677","20.32","13.2635253054101","18.5378590078329","15.6327543424318","9.78886756238004","16.0668380462725","13.5449735449735","15.1382823871907","","","","","","25.9159964253798","38.96484375","49.53095684803","58.2056892778993","55.7262569832402","55.7692307692308","61.9350282485876","57.0628500311139","92.4156190372905","89.9158441030312","89.2701238527314","87.6684661966699","89.7269591768937","86.1359453828686","83.4018776705762","52.3230212570164","72.7565027169518","75.3986946996147","76.626540711208","77.1200716703574","75.4447674513626","77.8628451170324","80.9650443346794","74.0709180434635","74.7793802478574","88.2411406863761","85.8343786380306","64.852131916812","",
"Zambia","ZMB","Commercial service exports (current US$)","TX.VAL.SERV.CD.WT","","","","","","","","","","","","","","","","","","","102700000","104200000","126000000","128400000","96900000","78700000","62500000","57300000","38300000","40300000","52100000","77800000","94500000","68700000","","","","","","111900000","102400000","106600000","114250000","143200000","114400000","141600000","160700000","483467860.362124","562284083.571158","671525767.107646","618541333.646143","528549368.3844","570852569.65278","665404101.722232","990095738.478017","758019428.957016","850866423.608197","861512074.073592","885102775.442813","864940286.949804","953204795.028419","1011822349.75931","555624813.639169","525541832.298044","938916417.685748","932798981.245121","1379861354.00094","",
"Zambia","ZMB","Merchandise exports by the reporting economy (current US$)","TX.VAL.MRCH.WL.CD","","","","","456808000","521700000","671900000","649033000","754100000","1068860000","986002000","641811000","735888000","1098802000","1329485000","756409000","989451000","844380000","761008000","1292074000","1220332000","616639000","902463000","786724704.637512","603735960.698427","455444650.06031","601166406.797515","645986569.637507","829664802.610687","610879094.328786","512163772.841338","937057724.450851","706388110.436767","825436144.617342","708756477.568047","911010404.298361","963807577.437994","1055365263.15189","973166492.79999","418921942.007864","707348800","978951000","875225232","947547104","1574786968","2176640308","3682885656","4615325251","5092170636","4219543271","7188712667","8822293564","9362227825.99999","10569734024","8683998512","6935518327","6505560641","7937693398","8727007327","7043160423","7815730587","11140569140","11618204306","10433911381","","",
"Zambia","ZMB","Merchandise exports to low- and middle-income economies in Middle East & North Africa (% of total merchandise exports)","TX.VAL.MRCH.R4.ZS","","","","","0.0380904012188928","0.0383362085489745","0.014883167137967","0.111550568307004","0.0132608407373027","0.0898153172538967","0.418051890361277","0.395287709310062","0.111837670949927","0.166636027236936","0.0780753449644035","0.612367118847079","0.277426572917709","0.462706364433075","0.552425204465656","0.943367020774352","0.568287974092296","0.639109754653857","0.693324823289154","0.693324823289154","1.08560711874718","0.71611746844083","1.93876579027516","0.0674206307455313","0.00147272613272324","0.00113764321565283","","","0.0488007502916014","","","0.00022024692797376","2.06742289723653","0.642987151069542","0.104156724226549","0.0511190527681816","0.0256148027677434","0.00929403003827566","0.0366184598297778","0.210054042864765","0.0542994714444449","3.66673233545577","4.11076354633368","5.02807573420138","7.55845138572061","2.52586204607736","0.685002493228737","0.0870392029498328","0.093030068930946","0.0205755981660641","0.00283834687050439","0.0216287944069043","0.0124683796641286","0.014883832629485","0.0152363800118075","0.00738682592406997","0.0420076787889925","0.0373813397472438","0.0477395719159081","0.00784162305125486","","",
"Zambia","ZMB","Merchandise exports to low- and middle-income economies outside region (% of total merchandise exports)","TX.VAL.MRCH.OR.ZS","","","","","2.32548466751896","0.306689668391796","0.580443518380711","3.07257104030149","2.37369049197719","4.59218232509403","9.91326589601238","14.6712973133835","13.4142695627596","12.4574764152231","9.96746860626483","6.84285882373161","8.64034702072159","6.28093986119993","10.6623057839077","12.8714764015064","10.5703202079434","16.9473549353836","17.0524442553324","17.0524442553324","24.8487467193819","23.4061316159568","27.7860147274097","28.3486514979463","15.3749400337997","15.675265906326","21.4956838735862","26.8627609406975","21.3409801049437","29.4564297485111","35.7508502726495","28.942808356004","34.4730808350716","25.793443981907","13.8884325676125","15.2322257344352","1.86902784029605","4.1830876111266","4.03412466975129","6.39578388706679","3.55584832347939","22.1457994335737","26.1750853011006","18.4107337140734","16.657481683809","16.507692261085","21.7129779183592","17.9180168233178","20.1794098275771","22.6057757420822","10.083488496572","15.4814996713367","19.7178633754588","19.0102600886576","17.164062465786","22.2153717937542","19.368416543399","19.7553427418521","21.6892241574599","19.4964351787032","","",
"Zambia","ZMB","Ores and metals exports (% of merchandise exports)","TX.VAL.MMTL.ZS.UN","","","","","","","97.9083251206724","96.6570837238027","","","99.067702373383","98.0449310787084","98.5303575046949","98.2986622048989","97.6261057105925","97.542255096646","98.3023184795174","97.2614759349268","95.7571904696113","97.6341815139713","","","","","","","","","","","","","","88.1791381986028","","86.5381177779718","78.3539900516249","77.4006651253511","69.8963770609985","62.8673096145898","64.4408880435118","60.42152558648","59.3239690503369","60.0262278586003","46.5515777026805","67.4376806672762","80.8375615687607","78.115678057786","79.7857145794274","78.5949410783729","82.3283419185778","78.5928539303859","69.6772640831742","70.5950312224802","73.0113024824784","74.7917338140349","73.2307379852017","79.5303550713286","77.4606084696989","74.58257510545","78.8010057390337","79.2520502689073","75.6024881567735","71.3565858556083","72.9899534292382","",
"Zambia","ZMB","Fuel exports (% of merchandise exports)","TX.VAL.FUEL.ZS.UN","","","","","","","0.0161661679343768","0.00841849770521223","","","0.0146674525358108","0.0295161418317451","0.0630892009777661","0.047079247832306","0.28228413666014","0.312533919473006","0.328638671053933","0.296438041311742","1.65243499246334","1.21810234721838","","","","","","","","","","","","","","1.71235362608718","","3.25976744039326","3.72686574479687","0.783547830813075","1.48959857824548","0.977858760915913","1.29289752455278","1.15597239860319","1.79506605084816","2.52218765663852","1.98338581633262","0.844028120274815","0.838501559249603","0.475593312463412","0.421744083665289","0.486768260911491","0.473192561204892","0.562369702840533","1.31390015743446","2.05442423414307","1.19101690281408","1.55535306091139","0.87637995732854","0.918961664308822","1.01571316093364","1.36783558895875","1.73850401929445","1.67696240024655","2.81611636018103","4.09782634161287","2.72110717813148","",
"Zambia","ZMB","Export volume index (2015 = 100)","TX.QTY.MRCH.XD.WD","","","","","","","","","","","","","","","","","","","","","","","","","","","","","","","","","","","","","","","","","","","","","","37.9","51.7","59.1","63.6","68.8","84.1","90.2","104.2","126.9","121.7","100","104.4","109.2","116.8","97.8","107.6","103.7","107.6","99.2","100.7","",
"Zambia","ZMB","Transport services (% of commercial service imports)","TM.VAL.TRAN.ZS.WT","","","","","","","","","","","","","","","","","","","58.4108624591401","63.4360242860355","54.5739348370927","48.3194024542059","59.758602978942","59.8192019950125","63.2347702173139","69.5826645264847","67.2433035714286","59.3056894889103","62.826420890937","68.7821612349914","76.7900567414212","57.7065001419245","","","","","","78.8782392616258","73.6690647482014","67.8763440860215","62.7706804216593","64.3753826531335","63.5330005546312","60.5724600309438","55.2656773575874","63.8153980349928","58.181548042577","45.5452640252098","54.5512334664262","53.913127087636","55.8293832442213","63.2933248341709","63.9109071096962","52.9424657305701","56.5842222520785","59.7744296792334","57.4668524906031","59.4130409499865","59.2479296561288","55.4715737247501","49.4576033597436","55.9309935464192","48.800734336534","53.4173316992533","48.2700151626727","",
"Zambia","ZMB","Merchandise imports from low- and middle-income economies within region (% of total merchandise imports)","TM.VAL.MRCH.WR.ZS","","","","","62.5733312527151","55.777166437414","45.872641509434","37.9844175531681","36.5289759464123","36.7331459420871","30.3465900015973","27.1709258036328","22.6964407696367","20.8327284187119","13.2683232583789","9.87741867023644","11.4038446038527","10.6668111442909","9.82460355228242","15.4182897701159","19.1846991790006","21.3757242219561","22.1800908449946","22.1800908449947","29.5843953819626","25.9393668048743","22.9975836958861","29.0305942169372","24.5164385264641","31.2565809594594","30.1947868714461","31.4595176393345","36.5544226256116","52.7920524041833","50.2884662119364","44.8145332460503","51.246133687055","55.6354580803006","52.5977564540703","58.3999051145534","69.6371675498499","68.2533640598952","67.7324516446527","67.7355945769275","57.2282244786551","58.9427175698531","59.7466090478408","59.1072166663848","60.9165265583215","60.4155032552136","63.25731645843","59.5887527703354","55.753887892488","62.3947005319023","62.3322895836368","60.4039474416202","58.1814153339248","58.3859077234776","52.3914422280148","44.6514092934256","43.7547216327678","44.1820022872761","45.4332544342606","37.487227355141","","",
"Zambia","ZMB","Merchandise imports from low- and middle-income economies in South Asia (% of total merchandise imports)","TM.VAL.MRCH.R5.ZS","","","","","0.683651822579488","1.06602475928473","1.29716981132075","1.08715770176536","0.960113670963159","0.811391348133418","1.00389168721587","1.05294404087704","1.59411971941641","1.48879816153168","1.68090017658793","1.23173115773749","1.90978019320891","1.85447350571202","1.76181873903676","1.98765813485635","1.95938922829081","2.93422476181327","2.39408505707583","2.39408505707584","1.84787090486544","1.30880782119778","1.31268736216542","1.16007988711323","4.08421650012396","2.39026167943168","2.88896349664285","4.61080348441684","3.14992980683117","1.30944274968543","4.26524591486647","2.50328829556202","3.32701831355735","3.21617370789462","2.32103463578525","2.47700426844042","1.65042141378994","1.98851087633732","3.99278548154366","2.38570607053741","2.48612387811534","3.20232328056361","2.87202999183083","4.16148951352719","3.79198349656978","3.51143584189114","2.80870158882064","3.49023224587966","3.54452050748191","3.8976451668337","4.42600303662718","4.62971813432936","4.30972737691818","2.98987346783718","4.80918284666313","5.01607992542932","5.75145834666166","6.29861013720852","6.86263877814686","5.73999868778983","","",
"Zambia","ZMB","Merchandise imports from low- and middle-income economies in East Asia & Pacific (% of total merchandise imports)","TM.VAL.MRCH.R1.ZS","","","","","0.0206656010526805","0.103163686382393","0.324292452830189","0.207339967037132","0.46889272302852","0.661605828250189","1.05881940467704","1.55690300374217","2.89978283054663","3.19076233406158","5.29269600959483","3.31665449083956","2.50477840850211","1.84518565843801","2.27111371893138","0.743927646631856","1.01918925138906","0.751105642790314","0.549776667996136","0.549776667996137","0.46677037259165","0.569925788550922","0.730715311315264","0.440523619631383","0.89325510848395","0.447402680960747","0.725823335844008","0.583689145086891","0.730479943121797","0.866508274560055","1.19833897664831","0.704681192761978","1.07315048984208","1.36877976320503","0.98787181248115","1.40307694673163","1.66002253595047","4.71582416620709","3.15257729540001","3.10997307638626","2.45268529495583","3.59857402343161","3.03986595602105","6.69210170127573","4.99828361592058","5.45129697081238","5.84645289059178","10.527303964242","10.6564946594545","6.30198997340691","9.87277773187935","9.25077801081576","9.1237468490414","13.475556992241","14.0831754024201","15.2782323248137","18.2374963430904","15.0783158375014","17.2785445442323","18.0621327931659","","",
"Zambia","ZMB","Merchandise imports from economies in the Arab World (% of total merchandise imports)","TM.VAL.MRCH.AL.ZS","","","","","1.01936240294548","0.481430536451169","0.0589622641509434","0.411374833643279","0.714503196995839","0.197589409207667","0.125437766117","0.124405488516673","0.194013532981474","0.195107096445226","7.72201563375783","12.4446476016342","13.9378403896418","12.9592207214687","14.2648795910856","15.7766911042629","20.2565760467766","19.3055984663471","20.1306912801281","20.130691280128","23.4322288027589","20.5565520961285","18.1630493950526","12.4730008723712","11.014813602583","0.486711481665589","4.88415115933346","13.660575337141","16.0315560354098","10.8111949315051","0.362014215284683","16.3584727601381","10.544672973629","1.1694482065621","9.4138651474239","3.85370748873174","1.68025646652407","1.54153960145395","2.07685591313514","4.59766848942294","7.24085125715279","4.13357997200443","10.7635399723439","6.71016887207553","12.8392770898671","13.8360535474492","12.35450825235","9.13456806599458","10.3009328140341","5.98775116497129","4.49687612309764","4.30007717258871","12.3670155352936","11.4651823042622","11.9309028572966","13.5200402446016","11.3124053964852","13.5463172469968","9.75352082249239","16.2148233168961","","",
"Zambia","ZMB","ICT goods imports (% total goods imports)","TM.VAL.ICTG.ZS.UN","","","","","","","","","","","","","","","","","","","","","","","","","","","","","","","","","","","","","","","","","6.36","4.91","3.27","4.19","3.23","4.65","4.41","3.07","2.86","2.98","2.34","2.96","2.29","2.14","2.37","2.77","5.93","3.43","3.66","2.99","3.47","2.47","1.9","1.81","1.56","",
"Zambia","ZMB","Import unit value index (2015 = 100)","TM.UVI.MRCH.XD.WD","","","","","","","","","","","","","","","","","","","","","57.9","64.4","70.9","62.3","55.2","42.2","32.6","35.1","42.2","69.6","66.3","85.2","98.2","92.3","76.1","75.4","72.1","74.8","65.6","65.6","65","63.5","63.9","68","75.7","82.3","88.7","97.1","110.8","96.6","105.7","119.7","117.9","114.2","112.3","100","96.1","103.9","111.6","108.1","106","125.3","140.2","136.9","133.3","",
"Zambia","ZMB","Tariff rate, applied, simple mean, primary products (%)","TM.TAX.TCOM.SM.AR.ZS","","","","","","","","","","","","","","","","","","","","","","","","","","","","","","","","","","29.36","","","","17.34","","","","28.1","25.22","13.72","32.66","14.87","30.31","23.94","13.12","9.25","9.27","8.41","11.24","11.69","","11.68","13.33","","12.95","","12.97","13.33","12.89","","","",
"Zambia","ZMB","Tariff rate, applied, weighted mean, all products (%)","TM.TAX.MRCH.WM.AR.ZS","","","","","","","","","","","","","","","","","","","","","","","","","","","","","","","","","","17.89","","","","11.33","","","","14.28","10.68","8.7","12.58","9.32","11.56","9.63","5.25","4.1","3.29","3.45","3.55","3.35","","3.95","6.22","","3.39","","4.82","4.81","4.08","","","",
"Zambia","ZMB","Binding coverage, all products (%)","TM.TAX.MRCH.BC.ZS","","","","","","","","","","","","","","","","","","","","","","","","","","","","","","","","","","","","","","18.33","","","","18.33","18.33","18.33","17.77","17.77","17.77","16.99","16.99","16.99","16.99","16.99","17.82","17.82","","17.82","17.82","","17.97","","17.97","17.97","0","","","",
"Zambia","ZMB","Tariff rate, applied, simple mean, manufactured products (%)","TM.TAX.MANF.SM.AR.ZS","","","","","","","","","","","","","","","","","","","","","","","","","","","","","","","","","","24.71","","","","15.14","","","","16.34","13.62","14.61","16.59","14.49","15.89","15.21","11.41","11.22","11.4","10.68","11.1","10.11","","10.5","14.92","","10.51","","11.48","11.45","11.34","","","",
"Zambia","ZMB","Merchandise trade (% of GDP)","TG.VAL.TOTL.GD.ZS","81.8616693721843","82.5078001311332","75.0795259386409","74.5378950208706","83.7547743027813","77.8364427129288","83.6158526219209","81.6028491737081","77.2681946136973","78.3845828174834","82.6261804475006","107.787081886882","70.6573496207103","68.8917075954285","75.3697740540281","71.1925260393648","63.5832841859191","62.2988075612624","52.43624946313","63.2782037788803","67.8846455150803","58.3813909450852","57.4769490724001","50.7972113268918","50.817811313334","63.8414671597096","69.9946253939581","74.5612746939343","54.0108826201213","56.4001085741157","76.907128060918","56.2957897951429","48.7305114087267","49.9464588646239","41.5936730316698","45.705478883445","52.0401726714922","40.2947654607952","60.2644295434051","55.3713940112162","49.4357641914411","50.5319248168591","49.071850004675","52.102567447342","59.9249951936447","52.4252048018378","53.6495704313673","61.3504003822279","56.7197821465716","53.1303375049066","61.7846253392374","68.9656193231028","71.2463512250953","75.5887541217596","71.4821972667357","68.4290228540579","65.1862347638571","61.792712343453","70.3114413308831","60.9730257146967","72.8314654562341","81.4340173584156","70.7967159421938","74.5377926077811","89.0955019894519","91.7076790547943",
"Zambia","ZMB","International tourism, receipts for travel items (current US$)","ST.INT.TVLR.CD","","","","","","","","","","","","","","","","","","","","","","","","","","","","","","","","","","","","","","29000000","40000000","53000000","67000000","80000000","64000000","88000000","92000000","447000000","506000000","599000000","542000000","474000000","492000000","555000000","518000000","552000000","642000000","660000000","683000000","653000000","742000000","819000000","412000000","","","","","",
"Zambia","ZMB","International tourism, receipts (current US$)","ST.INT.RCPT.CD","","","","","","","","","","","","","","","","","","","","","","","","","","","","","","","","","","","","","","","","","","","","","","","","","","","","","","","","","","","","","","","","","","",
"Zambia","ZMB","Urban population (% of total population)","SP.URB.TOTL.IN.ZS","17.2236054096103","18.1489304951479","19.0968960737098","20.0766071239225","21.3053980159543","22.8616347026047","24.5922561421748","26.3574815758633","28.0175302448685","29.4202803234288","30.6503323690615","31.9113710450343","33.1871095776113","34.4439218565519","35.6481817716154","36.766263212561","37.7645400691482","38.6093862311362","39.2671755882844","39.7042820303519","39.8857225974085","39.885445461509","39.8671144139553","39.8363846494455","39.7943148274541","39.7419636074556","39.6803896489242","39.6106516113345","39.533808154161","39.4509179368779","39.3639924846036","39.2536515579652","39.0972462878148","38.8993519782475","38.6659731487597","38.4031143188477","37.9842763417749","37.3758882162063","36.7233466797411","36.1720484699782","35.8735460960387","35.8846482932758","36.0706035730014","36.3858560115875","36.8035881130253","37.2969823813059","37.8392213204204","38.4034874343601","38.9629632271162","39.4908312026796","39.9558857709992","40.3684491825881","40.7698556821596","41.1682266235825","41.5634741658525","41.9555104679652","42.3442476889162","42.7295979877011","43.1114735233156","43.4897864547552","43.8644489410157","44.2353731410926","44.5988511178469","45.0285853521585","45.4703838491279","45.9171510161461",
"Zambia","ZMB","Rural population growth (annual %)","SP.RUR.TOTL.ZG","","2.00843034841065","1.98143764558609","1.94156650250519","1.60608961168571","1.16887736348654","0.927214046538353","0.841004671633072","0.950750603770827","1.21584284968655","1.16737714037204","0.921867234542757","0.922487443820267","0.978333651536455","1.08058482491325","1.24440902735781","1.44341277366388","1.6706294627368","1.94852891625086","2.27605880519996","2.69161234232875","3.06289476110798","3.24321139788338","3.27438664843609","3.14774609171635","3.08775958590847","3.08792394282271","3.0049310218347","2.87247864384742","2.77757787811943","2.70551663440919","2.6614295499839","2.67123883422442","2.7080172222899","2.76890152677514","2.84100885689786","3.13190261836447","3.53115767353687","3.65802417006685","3.54782352750692","3.2770800445841","3.00662459675038","2.78767178411585","2.60919857308094","2.51862215096997","2.51807044882581","2.57635920275474","2.61580115586093","2.65419516720788","2.67032576808836","2.69038579835167","2.63581029316356","2.56717619879822","2.52783460219195","2.49811158454125","2.44699457250396","2.42212194137176","2.39693126232366","2.33699684839894","2.29438932613516","2.238953452659","2.15238561885903","2.10971049894985","2.01537010106656","2.00488822435455","1.9484048915356",
"Zambia","ZMB","Completeness of birth registration, urban (%)","SP.REG.BRTH.UR.ZS","","","","","","","","","","","","","","","","","","","","","","","","","","","","","","","","","","","","","","","","","16","","","","","","","27.7","","","","","","","20.4","","","","25.3","","","","","","","",
"Zambia","ZMB","Population, male (% of total population)","SP.POP.TOTL.MA.ZS","49.5592360662568","49.5457251142947","49.5324439415146","49.5191736191497","49.5032451630074","49.4870516323153","49.4738722592486","49.4608954201642","49.448137086029","49.4246763730142","49.3555803502218","49.2553221422502","49.161295320867","49.0749024016664","48.9963545476058","48.9244375899659","48.8579064329918","48.7955350695401","48.7370944307003","48.681878812329","48.6360541480342","48.6108560024428","48.6143788670543","48.6237586073365","48.6142673265973","48.5969155073041","48.5843854501078","48.5657979433706","48.5344668968428","48.4961819508102","48.4551773792734","48.4117068525931","48.367632294815","48.3237183632375","48.2833325637678","48.2516999377288","48.2327791717796","48.2365877552205","48.2549212968983","48.2857399237208","48.3375860021197","48.4215393311074","48.5082338392117","48.5883767028576","48.6712836844723","48.7656478011991","48.8697069051102","48.9754467259516","49.0778587492332","49.1683190775063","49.2407770124207","49.2863418548331","49.3187070698889","49.3488341707472","49.3786974728908","49.4035735765566","49.4292592777182","49.4557263702361","49.4746702783404","49.487324077555","49.4938952679243","49.4951847639475","49.490833544965","49.4897959922245","49.4968907980336","49.5037025402263",
"Zambia","ZMB","Population, total","SP.POP.TOTL","3153729","3254086","3358099","3465907","3577017","3692086","3812003","3936343","4065593","4197116","4321718","4442525","4569309","4702693","4842746","4990086","5143842","5302480","5465374","5631728","5802833","5983289","6178637","6381038","6580490","6780953","6986471","7191282","7391440","7589216","7786169","7981650","8176680","8373921","8576269","8785763","9004053","9237063","9482408","9740005","10017631","10325185","10647949","10983595","11338198","11718819","12129553","12565085","13021324","13490389","13965594","14437796","14913629","15398997","15895315","16399089","16914423","17441320","17973569","18513839","19059395","19603607","20152938","20723965","21314956","21913874",
"Zambia","ZMB","Age dependency ratio, young (% of working-age population)","SP.POP.DPND.YG","89.9980093504715","90.5721461721274","91.1874580513554","91.9921255530481","92.8471041086047","93.362890821623","93.6511508865736","93.9457294718709","94.2544645561","94.6904698497424","95.6294937421862","96.9470719438833","98.2350801152181","99.4658403901155","100.605939368448","101.665854753114","102.605938146677","103.37728846067","103.962108871111","104.343354836438","104.454891922805","104.218009979702","103.604223551186","102.896224263614","102.358660870481","101.846749736429","101.245132950998","100.671624877186","100.179293135766","99.7419969441941","99.3020386680382","98.8928659913116","98.5440527649407","98.2784901360163","98.1509368094452","98.1394886542009","98.145687373651","97.9727469522917","97.6918394665562","97.3407833896607","96.7864273705948","95.8907431960623","94.9732598686761","94.1545537816072","93.4133689098646","92.710609572993","91.9911463399584","91.277575146296","90.540740115302","89.8014691850922","89.0956794576377","88.4768307535514","87.836264854181","87.0613731375175","86.1271026709785","85.1083463370074","84.0076541381804","82.8261538024915","81.6174653813498","80.3521624163764","78.9947447624087","77.592886856316","76.1844800313266","74.7250075479024","73.2514951018752","71.8425208493902",
"Zambia","ZMB","Population ages 80 and above, male (% of male population)","SP.POP.80UP.MA.5Y","0.326495044031724","0.329568329683696","0.331139265163013","0.331529247113977","0.331132840262501","0.330085025217489","0.328986264180557","0.32802580240227","0.32630979682987","0.323151969402399","0.319947079454423","0.316633000941422","0.312331461318154","0.308621647409138","0.307341403090946","0.308658473321246","0.312015801532246","0.317194312532441","0.323257677534089","0.328344697007001","0.331594956326799","0.332951926197719","0.331973235729462","0.329922219382403","0.328206041935789","0.32670436441344","0.325159467931048","0.323936683241692","0.322908270663697","0.32150697735078","0.319616518489902","0.317257553144328","0.314422749794462","0.311138475711837","0.307408386348068","0.303188241495225","0.298429277177373","0.293066534609423","0.287232950993487","0.280659280866275","0.273135739127903","0.264550449749766","0.255608181939977","0.24661074187373","0.237594040279271","0.228548610457346","0.219478895358165","0.210552589640851","0.20188286302964","0.193570101601878","0.185668643419211","0.178425338941743","0.171755826381004","0.165589243272226","0.159914138281424","0.154781641860461","0.15031084814454","0.146520906661655","0.143212760971098","0.140045788020055","0.13571164043221","0.130302035749012","0.126986982067218","0.125762364560607","0.124883409055936","0.124537030592876",
"Zambia","ZMB","Population ages 70-74, male (% of male population)","SP.POP.7074.MA.5Y","0.786070568483983","0.772238729411283","0.753630402768873","0.736123112133213","0.727295008667283","0.728119073616459","0.737720347093897","0.755848697745526","0.776726749618663","0.793164903194208","0.805763126175276","0.81499236808672","0.818356507042705","0.81894687764587","0.821614076552348","0.826707447023118","0.833010368561827","0.840814215808853","0.84853028600261","0.853160035030243","0.853426950695867","0.849278397869988","0.83997901259311","0.827956029279006","0.816084112273693","0.804152173952625","0.79184888819885","0.780514607930958","0.770210374013578","0.759235208451072","0.747136909498973","0.733892625178796","0.718962321484177","0.702962160366857","0.686999000340143","0.671163420302101","0.655137517399068","0.63858340551707","0.62156222774144","0.603472205758262","0.584011956348671","0.563333545683081","0.543161336438256","0.524242233171665","0.506800238074248","0.490580703504855","0.47590312360137","0.463428573564299","0.452501468174989","0.442107810232101","0.432194372733583","0.423413243779408","0.41572578019197","0.409515417064542","0.405509078056102","0.403876403773216","0.403657647696824","0.403867196654568","0.401479291670921","0.398029754081626","0.399412227182049","0.404257866110665","0.412924508542683","0.428031771462625","0.446705456619686","0.464492704259397",
"Zambia","ZMB","Population ages 65 and above, male (% of male population)","SP.POP.65UP.MA.ZS","2.67437381795102","2.6757462581264","2.68521599652749","2.69881704071983","2.70926355909494","2.71653791106696","2.72274642155524","2.72605800712447","2.72787031374239","2.73376394552478","2.75172303539272","2.77771938323173","2.8037936520055","2.82894149599496","2.85105774119978","2.86867443156439","2.88225168651275","2.89218060171456","2.89905128817837","2.90204991116602","2.89811192662923","2.88479258236469","2.86015009458316","2.82951853884728","2.79746456573538","2.76188999354845","2.72169699244432","2.67998299786958","2.63923990559728","2.59884580272138","2.558217664455","2.51703328085821","2.47481172879034","2.43079945944617","2.38360736538854","2.33261281012191","2.27788772722406","2.21870308968839","2.15757993508575","2.09586004437349","2.03279198377789","1.96823214434476","1.90783120353943","1.85140751848901","1.79588585302041","1.74016117567883","1.68530606509093","1.63370414444262","1.58691212559973","1.5465783003838","1.51310201436227","1.48666468564628","1.46505014337458","1.44248910629116","1.42071509515442","1.41076554456971","1.41068770292921","1.41475537466011","1.42419383641965","1.43930309566024","1.45472871373468","1.46848219668434","1.49453716851966","1.53454752654187","1.58079808701991","1.63314967424487",
"Zambia","ZMB","Population ages 65-69, male (% of male population)","SP.POP.6569.MA.5Y","1.08857273743989","1.10242730625727","1.12943859930736","1.16137200669584","1.18552164222914","1.19971211287802","1.20618575833336","1.2038313249361","1.19714906711959","1.19458005187979","1.20058096332458","1.21198895886079","1.22542020178233","1.23840800193427","1.24694001964372","1.25017843453977","1.24951555284274","1.24520121374073","1.23840671375843","1.23061783296147","1.22123391165653","1.20932306651337","1.19462424085446","1.17881162251857","1.16265493821227","1.14466393998302","1.12390219643939","1.10128737165188","1.07863739065364","1.05725340173021","1.03719980041362","1.01803727847418","0.999629191023262","0.981085187641299","0.960719127215682","0.938060126004873","0.913593550860541","0.887357796915305","0.860933947457765","0.835684032444166","0.811425441852714","0.788330937981506","0.768712203289287","0.751431044040751","0.733793468868458","0.715104646600959","0.695871249394999","0.677198683676625","0.660737425216181","0.648552935531786","0.640991617136367","0.636992442868653","0.634604672688431","0.628478520607133","0.620443668567804","0.621366828047717","0.629919310333114","0.641139826807732","0.658986744132381","0.682170662781345","0.701641477980543","0.717624831859822","0.7386209768197","0.765128729336498","0.794536389952438","0.826396762074077",
"Zambia","ZMB","Population ages 55-59, male (% of male population)","SP.POP.5559.MA.5Y","2.16582083784399","2.17644729248158","2.19409823016644","2.21419586095349","2.22864515079717","2.23580472933958","2.23747246075575","2.23285080950954","2.22335855850658","2.21245934388123","2.20127997584633","2.18901095887907","2.17550259167002","2.15948492141143","2.13899923233135","2.1137913668608","2.08439606648803","2.05130841204573","2.0170520724363","1.98504102120234","1.95592658884157","1.92927487718874","1.90504663239345","1.88163474340583","1.856202959778","1.82782686064599","1.79730371299588","1.7651091831404","1.73246810047342","1.70066132678346","1.66935587007271","1.63905619306982","1.61090140463654","1.58254214257657","1.54969615967124","1.51203724311236","1.4713883909503","1.42935582705394","1.38847835923832","1.3526801371923","1.32440682397407","1.30317073509782","1.28502040218914","1.25952112619842","1.2304731050668","1.21895800312104","1.22239285305188","1.23112408302698","1.25288960153426","1.28432884227681","1.30979426814955","1.33088593700144","1.35658959521069","1.38699002944445","1.42184264176143","1.46050797014368","1.50221740496041","1.54546312970674","1.58959979595977","1.63444600299487","1.67880345202837","1.72192857113043","1.76996722531715","1.82682790041739","1.8899379592342","1.95996489364713",
"Zambia","ZMB","Population ages 45-49, male (% of male population)","SP.POP.4549.MA.5Y","3.50625478257976","3.49009976985729","3.47395629959687","3.45579911075582","3.43204068130857","3.40336214941123","3.37043232968088","3.33228810901972","3.29209775664502","3.25420083098287","3.21557480535713","3.17590417607327","3.13900686519332","3.10250875059904","3.06241422203641","3.01760711141258","2.96986997318928","2.92014332684155","2.87046285296065","2.82370238737452","2.78040519532426","2.74283073774776","2.71398066255486","2.68733596953106","2.65323458549901","2.6120569265513","2.56733683730935","2.51879489884548","2.469353471243","2.42502336651741","2.38827767952338","2.35637295865248","2.3250089478368","2.27763347934514","2.21965783595556","2.18683335532999","2.1763312805599","2.17459049405546","2.19454672627539","2.23078359956398","2.2574278527","2.28085631019278","2.31160597638163","2.3470368344932","2.38726605395196","2.43245645747379","2.48171416897378","2.53240798744582","2.58381585290991","2.63444996021784","2.6836884250986","2.73242389554659","2.78468633590154","2.84414510399777","2.91247199687039","2.99159340664766","3.081623562885","3.18033316942453","3.28547054529032","3.39507073971321","3.50894944698991","3.61898625263538","3.72410091702739","3.82526826574396","3.91528515392611","3.98815321907944",
"Zambia","ZMB","Population ages 35-39, male (% of male population)","SP.POP.3539.MA.5Y","4.92279412705603","4.88844699724393","4.86160897731293","4.83837512213852","4.81205733536751","4.7822648397328","4.75114597721567","4.71804496313594","4.68503270186253","4.65093465084788","4.59777713080442","4.53038598287161","4.46752850147006","4.40474261236254","4.33369289924407","4.25312165723242","4.16706125401584","4.07799725822292","3.99192540952511","3.91847042873385","3.86463938494867","3.83185240093958","3.81806674821038","3.78757089387601","3.73619417594088","3.7199871090457","3.7385089772384","3.76320310058386","3.81187303940337","3.87862452723558","3.92123626932499","3.94374766598698","3.96999494167502","3.99874907035936","4.02894678788483","4.06103111129353","4.0949088225508","4.13284859975893","4.17028676417318","4.20507317245348","4.24340305736078","4.29654212270608","4.35560020537713","4.41980564765019","4.49366501967538","4.58386864325664","4.69174518112238","4.81244374417332","4.94263672492057","5.07572933654807","5.20913388515272","5.33302257217907","5.44456996395344","5.54340044258458","5.62672512242003","5.68694783439006","5.73203189120877","5.7744377969567","5.81488229676608","5.85472380577021","5.89805524328792","5.93875000431575","5.96600191881636","5.98150512741112","5.99021415672941","5.99150327442053",
"Zambia","ZMB","Population ages 25-29, male (% of male population)","SP.POP.2529.MA.5Y","7.01590055817025","6.9972563366776","6.98981602472362","6.98576987908213","6.97208708564981","6.94834177565055","6.91897165611935","6.88422741102046","6.85096372066787","6.81899584990631","6.75339391441855","6.66035243901324","6.5694667060494","6.44769009316929","6.30780036063358","6.22246552808534","6.18574360549647","6.16695003001114","6.19779630655437","6.2692061769071","6.32579784666129","6.38436349933712","6.48577124392334","6.60190911080378","6.70550623113214","6.80578964074658","6.90970498046082","7.0004367926904","7.0687056755505","7.11619136634352","7.14531174107312","7.16087486377645","7.1705960239113","7.18048935270322","7.19522056572851","7.22571908133939","7.27744447552963","7.35802808281228","7.45650665243797","7.56543622323762","7.69503050318641","7.84864670038994","7.98787910938191","8.09748366538776","8.17630469009712","8.22098678544218","8.24733702595469","8.27229388246982","8.29955057336673","8.32348421660041","8.34199413765218","8.34347323932598","8.32524269534693","8.29199633567921","8.25273020759152","8.20727187358364","8.1607894291776","8.1172651849875","8.07750335006529","8.04828878312478","8.03249764807657","8.02851927448264","8.02769179465878","8.03671089076629","8.05870728728885","8.08170200731385",
"Zambia","ZMB","Population ages 15-64 (% of total population)","SP.POP.1564.TO.ZS","51.1311847023","50.9729074503705","50.8011973440926","50.5787301017122","50.3458398919882","50.2036856395428","50.1209928377539","50.0375920032365","49.9515999205528","49.8328137702175","49.5830883015634","49.2386931712604","48.9071595844316","48.594969796558","48.309533475429","48.0478192159414","47.8181437320447","47.6306603354148","47.488708000587","47.3962254569113","47.369552079131","47.4280951496744","47.5800811732426","47.7584487227275","47.8985343113861","48.0342807272075","48.1935766860281","48.3473113695166","48.4819940363447","48.6046977711532","48.7299145446239","48.8493732498919","48.9558170308732","49.0434588527883","49.0986873196258","49.1269711505437","49.1527204471142","49.2249619400107","49.3253480906249","49.4444561373428","49.6160844007888","49.8762225627811","50.1426706683137","50.384072792196","50.6065029028422","50.820364236362","51.0396879423339","51.2574068835425","51.4804907703702","51.7026398681817","51.913735284013","52.0985942763907","52.2881251773126","52.5167743067941","52.7905958453796","53.0836302273751","53.3980822165793","53.7380099022898","54.0877190278681","54.4562325929206","54.8573210219947","55.2798254096854","55.7051954409824","56.1460270754173","56.5959028157483","57.0289283401009",
"Zambia","ZMB","Population ages 15-64, female (% of female population)","SP.POP.1564.FE.ZS","51.3254314747936","51.1344076656113","50.9288830420761","50.6788194112031","50.4426785039061","50.3122148932845","50.2366621972605","50.1564799697596","50.0720112999353","49.9672116474027","49.7796761059428","49.5322921885754","49.2958173929402","49.0738565935535","48.8709917398033","48.6834833795625","48.5202335451996","48.3918402464139","48.3024203615685","48.2569270166365","48.2652866596244","48.3356267365171","48.4676832346908","48.6191857915788","48.7491841476676","48.8787644317982","49.0243273015478","49.1682186429925","49.3046675202321","49.4372477445394","49.57715673363","49.7162908366215","49.845605448938","49.9577626437361","50.0364964696782","50.0838890192705","50.1203351620674","50.1838261821438","50.2637730603993","50.3533323545706","50.4772382083107","50.6595253993374","50.8487790126864","51.0239037040953","51.1814035358726","51.3233626373883","51.465000267661","51.6060642194845","51.7578136487694","51.921357274019","52.0895770202884","52.2545204586657","52.4352642483482","52.6554207389281","52.9173829017405","53.1986859663971","53.4986472013617","53.8224676561563","54.1605932252383","54.520556177418","54.9154577082852","55.3364860860261","55.764415274817","56.2013140018974","56.6410675990957","57.0656791100785",
"Zambia","ZMB","Population ages 10-14, male (% of male population)","SP.POP.1014.MA.5Y","12.1358841278494","12.1933149140601","12.2510706565702","12.3588451595273","12.5004553182442","12.5715544536302","12.5827635482477","12.5944650364763","12.6078445173612","12.6361892604696","12.7123701775286","12.8249047153342","12.9359580275663","13.0401907929572","13.1325917383006","13.2090916929275","13.2775526087728","13.3470705615309","13.4236875552458","13.5117745604715","13.6137118066548","13.7136551547725","13.7894487676224","13.8557663145756","13.9309468491892","14.0069868486776","14.0611510150222","14.0926558842389","14.1050619857604","14.090064339434","14.0337587244495","13.9589053255739","13.9005324199945","13.8665871923537","13.8578768403117","13.876446722504","13.9095605360928","13.9220518876791","13.9082989735951","13.8762460441755","13.8177751353133","13.7199605529507","13.6122077809435","13.5127827317391","13.4244936505228","13.3387275541677","13.2496254434916","13.1627299978696","13.0831799958282","13.0112140099555","12.9479303283069","12.8991760168463","12.8634753954646","12.8386833631927","12.8345126600232","12.8664276397059","12.9296992084609","13.0071055422952","13.0818868863218","13.1337267007156","13.1494689017921","13.1298393362398","13.0740645268927","12.9757685266581","12.8384466685854","12.6786256015871",
"Zambia","ZMB","Population ages 0-14 (% of total population)","SP.POP.0014.TO.ZS","46.0170325351354","46.167242327455","46.3243192055982","46.5284488983044","46.7446404007362","46.8715995684283","46.9388857955891","47.0081808175991","47.0816246340478","47.1869135854239","47.4160568301707","47.7354603817131","48.043987399844","48.3353844632623","48.6022599574704","48.8482362829017","49.0642549805909","49.2392851306639","49.3702718240325","49.4548209714674","49.4798144285731","49.4286085796625","49.2949820486298","49.141648338276","49.0282981185065","48.9213536799326","48.7936435438118","48.672030939685","48.5689053824424","48.4793027369362","48.389798628825","48.3085452256112","48.2430583072836","48.1991590319517","48.1908158431131","48.2129526932975","48.2412697926145","48.2270527020901","48.1868451459352","48.1296108164216","48.0216356530982","47.8266806925648","47.622124223172","47.438903200637","47.2732395394753","47.1158655151172","46.9519899043271","46.7865180861682","46.6108246749716","46.4297268807546","46.2529019531858","46.095184683839","45.92793611803","45.7218187652092","45.4670133935691","45.1785994081317","44.858476697668","44.5091267320686","44.1450304054804","43.7567582888466","43.3344027971507","42.8932123845063","42.4387153873048","41.9551205572872","41.4573443514813","40.9710213721225",
"Zambia","ZMB","Population ages 0-14, female (% of female population)","SP.POP.0014.FE.ZS","45.6484773049445","45.8249534359914","46.0108729869087","46.23805132376","46.4514855694891","46.5591213639385","46.6103685897228","46.6659914184836","46.7275243244926","46.811615368127","46.9766773525678","47.2010168805092","47.4183558425245","47.62453856723","47.8129861506836","47.9872108076444","48.1373270710468","48.2514221817818","48.3265127951345","48.3598993390187","48.3449695519087","48.2765489740503","48.1568733304755","48.0250126779198","47.9168151490803","47.8098151289627","47.6878387433441","47.5672171231665","47.4540183360153","47.3481196990536","47.2397923289587","47.1365944748843","47.0475898568234","46.9794599696048","46.947818559506","46.9506979350852","46.9679357960743","46.9613413925866","46.9404668737313","46.9125445716737","46.8521987061553","46.7346418375341","46.6076106497809","46.4913368873536","46.3907608426236","46.3048510000148","46.2179427644152","46.1284360053927","46.0233832227096","45.9004604082718","45.7663799666715","45.6286959155873","45.4704819261168","45.2724544558773","45.0264468694166","44.7442482406286","44.4326692307665","44.0938426342066","43.7362332421744","43.3517867507514","42.9298042412246","42.4852380108771","42.0252329262337","41.5428884827513","41.0535160475684","40.5745820755045",
"Zambia","ZMB","Teenage mothers (% of women ages 15-19 who have had children or are currently pregnant)","SP.MTR.1519.ZS","","","","","","","","","","","","","","","","","","","","","","","","","","","","","","","","","33.8","","","","30.7","","","","","","31.6","","","","","27.9","","","","","","","28.5","","","","29.2","","","","","","","",
"Zambia","ZMB","Wanted fertility rate (births per woman)","SP.DYN.WFRT","","","","","","","","","","","","","","","","","","","","","","","","","","","","","","","","","5.4","","","","5.2","","","","","","4.9","","","","","5.2","","","","","","","4.5","","","","4","","","","","","","",
"Zambia","ZMB","Life expectancy at birth, male (years)","SP.DYN.LE00.MA.IN","49.581","49.998","50.258","50.558","49.851","50.949","51.148","51.337","51.535","51.835","52.217","52.683","53.141","53.723","54.155","54.479","54.753","54.835","54.855","54.386","53.793","53.228","52.534","51.932","51.095","50.231","49.457","48.826","48.2","47.472","46.912","46.197","45.749","45.43","45.199","44.916","44.714","44.72","44.805","45.125","45.797","46.645","47.702","48.72","49.901","51.029","51.932","52.877","53.693","54.719","55.479","56.186","56.954","57.623","58.094","58.545","58.919","59.207","59.693","60.349","60.731","59.79","62.768","63.936","64.1","",
"Zambia","ZMB","Mortality rate, infant (per 1,000 live births)","SP.DYN.IMRT.IN","99.4","98.1","96.9","96","95.3","94.8","94.6","94.6","94.2","93.5","92","90","87.6","85.3","83.1","81.7","80.9","81.1","81.6","82.3","83.2","84.1","85.2","87","89.3","92","94.9","97.5","99.7","101.4","102.3","102.6","102.4","101.5","100.3","98.5","96.9","95.6","94.5","92.5","89.3","84.6","78.7","72.3","65.8","60.2","56.4","54.3","52.1","50.2","48.6","47.4","46.1","44.5","43","42.4","40.6","38.8","37.7","36.1","35.7","35.6","35.4","35","34.6","",
"Zambia","ZMB","Death rate, crude (per 1,000 people)","SP.DYN.CDRT.IN","16.498","16.25","16.062","15.891","16.087","15.573","15.43","15.281","15.139","14.94","14.759","14.489","14.211","13.902","13.627","13.43","13.223","13.099","13.029","13.092","13.259","13.432","13.684","13.989","14.378","14.802","15.224","15.594","15.963","16.356","16.68","17.045","17.205","17.265","17.344","17.401","17.428","17.273","17.123","16.815","16.198","15.459","14.651","13.792","13.109","12.371","11.702","11.047","10.411","9.829","9.29","8.818","8.389","8.017","7.686","7.402","7.203","7.005","6.775","6.482","6.26","6.607","5.583","5.207","5.165","",
"Zambia","ZMB","Adolescent fertility rate (births per 1,000 women ages 15-19)","SP.ADO.TFRT","179.232","180.865","182.541","185.144","185.017","183.473","181.572","182.084","183.933","184.894","189.017","192.559","195.648","196.676","195.734","197.697","192.602","190.243","184.407","179.826","169.357","169.605","166.549","164.657","161.807","161.604","159.663","156.116","155.245","154.542","149.169","150.777","150.201","151.973","153.492","152.584","153.57","151.322","153.972","156.299","155.69","151.673","147.335","145.231","142.93","140.835","139.079","137.241","135.285","133.402","131.374","131.144","131.003","130.043","128.961","128.133","127.286","126.058","124.398","122.903","120.712","118.744","117.398","115.907","115.479","",
"Zambia","ZMB","Prevalence of moderate or severe food insecurity in the population (%)","SN.ITK.MSFI.ZS","","","","","","","","","","","","","","","","","","","","","","","","","","","","","","","","","","","","","","","","","","","","","","","","","","","","","","","","51.2","52.4","52","54.2","52.5","51.8","47.9","46.1","45.3","","",
"Zambia","ZMB","Refugees under the mandate of the UNRWA by country or territory of origin","SM.POP.RRWA.EO","","","","","","","","","","","","","","","","","","","","","","","","","","","","","","","","","","","","","","","","","","","","","","","","","","","","","","","","","","","","","","","","","","",
"Zambia","ZMB","Other people in need of international protection by country or territory of origin","SM.POP.OPIP.EO","","","","","","","","","","","","","","","","","","","","","","","","","","","","","","","","","","","","","","","","","","","","","","","","","","","","","","","","","","","","","","","","","","",
"Zambia","ZMB","Forcibly displaced people","SM.POP.FDIP","","","","","","","","","","","","","","","","","","","","","","","","","","","","","","","","","","","","","","","","","","","","","","","","","","","48177","46645","26837","25801","27740","28842","32656","45941","53177","62585","70363","79548","63933","77960","89108","96131",
"Zambia","ZMB","Children in employment, wage workers, male (% of male children in employment, ages 7-14)","SL.WAG.0714.MA.ZS","","","","","","","","","","","","","","","","","","","","","","","","","","","","","","","","","","","","","","","","","","","","","","","","","4.51","","","","","","","","","","","","","","","","","",
"Zambia","ZMB","Other people in need of international protection by country or territory of asylum","SM.POP.OPIP.EA","","","","","","","","","","","","","","","","","","","","","","","","","","","","","","","","","","","","","","","","","","","","","","","","","","","","","","","","","","","","","","","","","","",
"Zambia","ZMB","Asylum-seekers by country or territory of origin","SM.POP.ASYS.EO","","","","","","","","","","","","","","","","","","","","","","","","","","","","","","","","","","","","","","","","","117","103","172","260","373","478","65","492","490","46","42","182","244","294","293","427","294","164","254","459","475","489","471","628","983","545",
"Zambia","ZMB","Children in employment, wage workers, female (% of female children in employment, ages 7-14)","SL.WAG.0714.FE.ZS","","","","","","","","","","","","","","","","","","","","","","","","","","","","","","","","","","","","","","","","","","","","","","","","","3.29","","","","","","","","","","","","","","","","","",
"Zambia","ZMB","Unemployment, male (% of male labor force) (national estimate)","SL.UEM.TOTL.MA.NE.ZS","","","","","","","","","","","","","","","","","","","","","","","","","","","8.7","","","","14.053","16.723","","18.865","","","14.9","","13","","14.119","","","","","","","","8.142","","","","7.146","","","6.225","","4.313","4.984","5.809","5.572","4.767","5.734","5.71","5.197","",
"Zambia","ZMB","Share of youth not in education, employment or training, total (% of youth population)  (modeled ILO estimate)","SL.UEM.NEET.ME.ZS","","","","","","","","","","","","","","","","","","","","","","","","","","","","","","","","","","","","","","","","","","","","","","39.321","37.929","36.465","34.984","36.428","37.854","36.204","34.482","34.079","33.66","33.349","32.985","32.63","32.826","32.543","31.055","31.361","29.368","28.926","29.021","29.098",
"Zambia","ZMB","Share of youth not in education, employment or training, female (% of female youth population) (modeled ILO estimate)","SL.UEM.NEET.FE.ME.ZS","","","","","","","","","","","","","","","","","","","","","","","","","","","","","","","","","","","","","","","","","","","","","","43.405","42.17","40.857","39.514","40.783","42.034","40.497","38.89","38.488","38.072","37.753","37.381","37.014","37.096","37.927","35.953","36.143","33.45","32.365","32.462","32.549",
"Zambia","ZMB","Unemployment with basic education (% of total labor force with basic education)","SL.UEM.BASC.ZS","","","","","","","","","","","","","","","","","","","","","","","","","","","","","","","","","","","","","","","","","","","","","","","","","","","","","","","","14.303","","3.142","3.993","4.792","4.627","4.293","4.467","3.688","3.626","",
"Zambia","ZMB","Unemployment with advanced education, male (% of male labor force with advanced education)","SL.UEM.ADVN.MA.ZS","","","","","","","","","","","","","","","","","","","","","","","","","","","","","","","","","","","","","","","","","","","","","","","","","","","","","","","","0.837","","2.856","4.77","5.898","7.761","5.125","7.397","6.762","7.058","",
"Zambia","ZMB","Unemployment, youth male (% of male labor force ages 15-24) (modeled ILO estimate)","SL.UEM.1524.MA.ZS","","","","","","","","","","","","","","","","","","","","","","","","","","","","","","","","26.318","28.943","30.873","29.212","26.433","24.089","21.697","20.309","21.806","23.265","24.789","26.752","28.501","30.366","32.15","27.253","22.14","16.896","23.114","29.517","23.538","17.432","16","14.306","12.689","10.849","8.875","9.404","12.165","11.294","8.825","9.822","10.26","10.33","10.77",
"Zambia","ZMB","Labor force, total","SL.TLF.TOTL.IN","","","","","","","","","","","","","","","","","","","","","","","","","","","","","","","2397170","2460274","2522822","2585349","2648159","2711960","2778194","2850681","2928130","3010189","3100873","3205152","3315125","3428701","3547801","3675118","3812820","3958969","4112860","4271856","4433254","4593175","4755565","4924206","5100623","5282918","5472448","5669282","5870382","6200188","6574250","6728077","6905885","7453413","7724343","8011366",
"Zambia","ZMB","Part time employment, female (% of total female employment)","SL.TLF.PART.FE.ZS","","","","","","","","","","","","","","","","","","","","","","","","","","","","","","","","","","","","","","","","","","","","","","","","","","","","","","","","","","18.886","16.801","22.616","20.179","17.823","17.939","18.233","20.805","",
"Zambia","ZMB","Labor force participation rate, total (% of total population ages 15+) (modeled ILO estimate)","SL.TLF.CACT.ZS","","","","","","","","","","","","","","","","","","","","","","","","","","","","","","","59.654","59.631","59.613","59.601","59.599","59.605","59.613","59.609","59.598","59.582","59.552","59.498","59.441","59.391","59.345","59.301","59.256","59.21","59.161","59.111","59.062","59.018","58.972","58.914","58.843","58.763","58.674","58.577","58.475","59.544","60.872","60.099","59.532","61.961","61.902","61.933",
"Zambia","ZMB","Ratio of female to male labor force participation rate (%) (modeled ILO estimate)","SL.TLF.CACT.FM.ZS","","","","","","","","","","","","","","","","","","","","","","","","","","","","","","","73.5894253802419","73.7033666969973","73.795724877513","73.8567194390226","73.8691069957063","73.8374613450478","73.7979345706651","73.8178823733368","73.8745771532657","73.9552584360711","74.1096148549727","74.387123040684","74.6830826683783","74.9491609731833","75.1917970984729","75.4243021443068","75.669537517697","75.917600780811","76.1838378145902","76.4590398001071","76.7318389930354","76.9776967232719","77.2383307110212","77.5635341679316","77.9700132738023","78.436629104568","78.9607425441266","79.5436471523827","80.1592792460372","77.6611738787419","80.5227481277566","81.6519574564381","82.6538426195362","83.1786183385233","83.3459019059871","83.4358549713137",
"Zambia","ZMB","Labor force with basic education (% of total working-age population with basic education)","SL.TLF.BASC.ZS","","","","","","","","","","","","","","","","","","","","","","","","","","","","","","","","","","","","","","","","","","","","","","","","","","","","","","","","72.257","","64.238","57.916","59.815","61.049","59.585","58.409","61.462","62.775","",
"Zambia","ZMB","Labor force with advanced education, male (% of male working-age population with advanced education)","SL.TLF.ADVN.MA.ZS","","","","","","","","","","","","","","","","","","","","","","","","","","","","","","","","","","","","","","","","","","","","","","","","","","","","","","","","88.287","","81.698","84.745","83.298","86.938","83.708","85.765","88.457","89.095","",
"Zambia","ZMB","Labor force participation rate, female (% of female population ages 15-64) (modeled ILO estimate)","SL.TLF.ACTI.FE.ZS","","","","","","","","","","","","","","","","","","","","","","","","","","","","","","","50.713","50.74","50.758","50.798","50.777","50.783","50.795","50.807","50.81","50.829","50.857","50.907","50.957","51.011","51.06","51.103","51.147","51.194","51.245","51.305","51.37","51.426","51.494","51.57","51.663","51.766","51.882","52.011","52.149","52.617","54.718","54.523","54.393","56.641","56.678","56.748",
"Zambia","ZMB","Labor force participation rate for ages 15-24, male (%) (national estimate)","SL.TLF.ACTI.1524.MA.NE.ZS","","","","","","","","","","14.62","","","","","","","","","","","57.012","","","","","","","","","","","","","","","","","","","","44.061","","","","","","","","","","","","","","","25.233","","43.471","37.368","40.037","41.451","41.969","37.996","39.594","41.425","",
"Zambia","ZMB","Children in employment, work only (% of children in employment, ages 7-14)","SL.TLF.0714.WK.ZS","","","","","","","","","","","","","","","","","","","","","","","","","","","","","","","","","","","","","","","","","","","","","","25.92283","","","18.5753910835086","","","","","","","","","","","","","","","","","",
"Zambia","ZMB","Children in employment, work only, female (% of female children in employment, ages 7-14)","SL.TLF.0714.WK.FE.ZS","","","","","","","","","","","","","","","","","","","","","","","","","","","","","","","","","","","","","","","","","","","","","","","","","18.3472830772203","","","","","","","","","","","","","","","","","",
"Zambia","ZMB","Children in employment, study and work, male (% of male children in employment, ages 7-14)","SL.TLF.0714.SW.MA.ZS","","","","","","","","","","","","","","","","","","","","","","","","","","","","","","","","","","","","","","","","","","","","","","","","","81.2104661656586","","","","","","","","","","","","","","","","","",
"Zambia","ZMB","Children in employment, male (% of male children ages 7-14)","SL.TLF.0714.MA.ZS","","","","","","","","","","","","","","","","","","","","","","","","","","","","","","","","","","","","","","","","","","","","","","48.9289","","","35.4","","","","","","","","","","","","","","","","","",
"Zambia","ZMB","Employment in services, female (% of female employment) (modeled ILO estimate)","SL.SRV.EMPL.FE.ZS","","","","","","","","","","","","","","","","","","","","","","","","","","","","","","","","10.8745799907173","10.8468595071837","10.8897352627217","11.4443573190021","11.5582510950083","11.7173931451044","11.8832753869003","11.8740951758278","11.6434517826915","12.1333949624608","11.7396834436029","11.3946981574355","11.1464049588933","10.943772032817","10.770437909081","11.1315664625061","11.525691600449","11.9556775930847","14.7428764554508","18.0164839026113","21.6072397184627","26.0189757390376","26.475011373269","27.2756284540193","28.3857748160668","28.6908801819487","28.9762831745288","29.9582551399966","34.3768596568173","32.1729478112971","33.5521627570649","36.571647234326","36.9975211449453","37.6798647881153","38.3909349906375",
"Zambia","ZMB","Children in employment, self-employed (% of children in employment, ages 7-14)","SL.SLF.0714.ZS","","","","","","","","","","","","","","","","","","","","","","","","","","","","","","","","","","","","","","","","","","","","","","","","","2.89","","","","","","","","","","","","","","","","","",
"Zambia","ZMB","Child employment in manufacturing, male (% of male economically active children ages 7-14)","SL.MNF.0714.MA.ZS","","","","","","","","","","","","","","","","","","","","","","","","","","","","","","","","","","","","","","","","","","","","","","0.68","","","0.55","","","","","","","","","","","","","","","","","",
"Zambia","ZMB","Employment in industry, female (% of female employment) (modeled ILO estimate)","SL.IND.EMPL.FE.ZS","","","","","","","","","","","","","","","","","","","","","","","","","","","","","","","","3.20659653297746","3.09243746370674","3.13573980132073","2.8703873018628","2.7972997829164","2.78523647790458","2.73115020480734","2.56590091830366","2.06264216567922","1.66872097091555","1.78984059537759","1.91041145207774","2.08906123416342","2.29104923857203","2.48119628650602","2.29919187646006","2.13811312708139","1.99574570888157","2.16768827669601","2.36839216610979","2.47401704821469","2.6304582058837","2.75446128411919","2.88276028186531","2.9921384874999","2.98719687009827","2.97663797027336","3.03802124222104","2.99052856146587","3.32715065795363","3.74462231193017","3.73130427440011","3.49499121924305","3.50516808018412","3.61580833783271",
"Zambia","ZMB","Contributing family workers, female (% of female employment) (modeled ILO estimate)","SL.FAM.WORK.FE.ZS","","","","","","","","","","","","","","","","","","","","","","","","","","","","","","","","15.8035762857232","15.9980128915896","16.0509673278917","16.2452102529772","16.4344190136516","16.5097987562212","16.4681625076308","16.465188946392","16.3970753544223","16.2732995015102","16.1311594412629","15.9540443816911","15.7011994028698","15.39900222165","15.0576562080987","14.6632618404345","14.2392238270544","13.8008143255299","13.1889220492478","12.5446552766551","12.1387383972587","11.6908629467546","11.0206364231571","10.3993716748511","9.55936774169239","9.08006823075993","8.91778328953697","8.53809935316231","4.63788628853438","3.89963437458934","4.87505939844217","4.11708057842655","3.54001362089657","3.31894811916649","3.10293627726912",
"Zambia","ZMB","Wage and salaried workers, total (% of total employment) (modeled ILO estimate)","SL.EMP.WORK.ZS","","","","","","","","","","","","","","","","","","","","","","","","","","","","","","","","17.2862331497179","17.1351171808008","17.0059025894516","16.8337711999993","16.6516584620337","16.5662184673965","16.4813202885725","16.3010562567212","16.1547141043475","16.0687128925565","15.7288137303082","15.4598016702305","15.2207021299149","15.0198378483109","14.7721599709071","15.0641907229489","15.3456730189473","15.6190194001515","17.0596990113214","18.5468152648604","18.3545403655658","18.1402452590843","20.6888033269158","23.0128902622646","25.0837314531385","25.3567621908734","25.5785178554437","25.8325375192556","25.6143200745931","24.6763348052991","26.6470974558301","26.0989096470039","27.7007316954984","27.937246474809","28.2736738479174",
"Zambia","ZMB","Vulnerable employment, male (% of male employment) (modeled ILO estimate)","SL.EMP.VULN.MA.ZS","","","","","","","","","","","","","","","","","","","","","","","","","","","","","","","","70.8229472723994","70.9169631085131","71.1496384606322","71.4635236946233","71.9001432867146","72.0576176340652","72.1714111985288","72.6321740982655","73.0111817048097","73.0826694254783","73.4174179870714","73.6397361242518","73.8333652392406","73.9169531058188","74.11500542759","74.1024387144187","74.1749951064583","74.2513565909094","72.367335755351","70.3634930770613","70.6357678957411","71.063226582583","68.1228660558571","65.7015282951608","63.8607837775777","63.5477125126736","63.3133478235851","63.0124773965559","65.3660254489399","65.8570883719638","60.6986244321268","62.4292760916556","63.0997333135591","62.8738949071787","62.5015165488772",
"Zambia","ZMB","Employment to population ratio, 15+, male (%) (modeled ILO estimate)","SL.EMP.TOTL.SP.MA.ZS","","","","","","","","","","","","","","","","","","","","","","","","","","","","","","","","58.043","56.872","56.073","56.706","57.941","58.956","60.035","60.572","59.882","59.182","58.704","58.037","57.523","56.998","56.54","58.399","60.215","61.952","59.981","58.082","59.777","61.482","61.718","61.989","62.178","62.385","62.563","61.8","63.284","63.789","63.124","61.549","63.89","63.743","63.765",
"Zambia","ZMB","Female share of employment in senior and middle management (%)","SL.EMP.SMGT.FE.ZS","","","","","","","","","","","","","","","","","","","","","","","","","","","","","","","","","","","","","","","","","","","","","","","","","","","","","","","","29.766","","29.594","40.207","29.95","39.622","39.512","36.458","36.693","29.594","",
"Zambia","ZMB","Employers, total (% of total employment) (modeled ILO estimate)","SL.EMP.MPYR.ZS","","","","","","","","","","","","","","","","","","","","","","","","","","","","","","","","2.3094853738273","2.27191189312685","2.10949895907493","2.08415863885312","1.97319095712442","1.95434147004828","1.92662079320214","1.76936680869362","1.62917696798139","1.6312274762679","1.73981561679885","1.85571015708513","1.96192208662589","2.10819167642635","2.23011161882071","2.03852471057199","1.79043206973981","1.53671129364361","1.51939461927432","1.56021867226677","1.57266288607102","1.50985013770408","1.54848142341329","1.56139531711514","1.54928094903899","1.58707323192536","1.60644952096953","1.62503919279699","1.24469829384134","2.05795703241346","3.67628994603181","3.01824114690853","1.56475091853866","1.55561715864684","1.55695335946145",
"Zambia","ZMB","Employment to population ratio, ages 15-24, total (%) (national estimate)","SL.EMP.1524.SP.NE.ZS","","","","","","","","","","","","","","","","","","","","","","","","","","","","","","","","","","","","","","","","","31.413","","","","","","","","48.237","","","","48.05","","","16.952","","37.194","32.632","32.887","35.019","34.665","31.914","33.36","34.651","",
"Zambia","ZMB","Employment to population ratio, ages 15-24, female (%) (national estimate)","SL.EMP.1524.SP.FE.NE.ZS","","","","","","","","","","","","","","","","","","","","","","","","","","","","","","","","","","","","","","","","","29.151","","","","","","","","","","","","","","","15.6","","35.124","31.546","30.932","33.583","31.045","29.554","31.238","32.214","",
"Zambia","ZMB","Child employment in agriculture (% of economically active children ages 7-14)","SL.AGR.0714.ZS","","","","","","","","","","","","","","","","","","","","","","","","","","","","","","","","","","","","","","","","","","","","","","95.91","","","91.9","","","","","","","","","","","","","","","","","",
"Zambia","ZMB","Annualized average growth rate in per capita real survey mean consumption or income, total population (%)","SI.SPR.PCAP.ZG","","","","","","","","","","","","","","","","","","","","","","","","","","","","","","","","","","","","","","","","","","","","","","","","","","","","","","","","","","","","","","","-2.31","","","",
"Zambia","ZMB","Average transaction cost of sending remittances from a specific country (%)","SI.RMT.COST.OB.ZS","","","","","","","","","","","","","","","","","","","","","","","","","","","","","","","","","","","","","","","","","","","","","","","","","","","","","","","","","","","","","","","","","","",
"Zambia","ZMB","Poverty headcount ratio at societal poverty line (% of population)","SI.POV.SOPO","","","","","","","","","","","","","","","","","","","","","","","","","","","","","","","","63","","67.1","","","56.1","","56.6","","","","68","","68.9","","72","","","","71.4","","","","","67.9","","","","","","","71.7","","","",
"Zambia","ZMB","Poverty gap at $4.20 a day (2021 PPP) (%)","SI.POV.LMIC.GP","","","","","","","","","","","","","","","","","","","","","","","","","","","","","","","","48.5","","47.3","","","36.2","","37","","","","42.4","","47.9","","50.8","","","","49.4","","","","","48.2","","","","","","","50.4","","","",
"Zambia","ZMB","Poverty headcount ratio at $3.00 a day (2021 PPP) (% of population)","SI.POV.DDAY","","","","","","","","","","","","","","","","","","","","","","","","","","","","","","","","63","","67.1","","","56.1","","56.6","","","","68","","68.9","","72","","","","71.4","","","","","67.9","","","","","","","71.7","","","",
"Zambia","ZMB","Income share held by highest 10%","SI.DST.10TH.10","","","","","","","","","","","","","","","","","","","","","","","","","","","","","","","","42.6","","39.3","","","37.3","","38.2","","","","33.7","","42.7","","43.1","","","","41","","","","","43.4","","","","","","","39.1","","","",
"Zambia","ZMB","Income share held by second 20%","SI.DST.02ND.20","","","","","","","","","","","","","","","","","","","","","","","","","","","","","","","","4.3","","7","","","8.3","","8.1","","","","10.2","","6.9","","6.8","","","","7.5","","","","","6.3","","","","","","","7.3","","","",
"Zambia","ZMB","UHC service coverage sub-index on service capacity and access","SH_UHC_SCI_CAPACITY","","","","","","","","","","","","","","","","","","","","","","","","","","","","","","","","","","","","","","","","","45","45","45","45","45","44","43","44","44","44","44","45","48","51","52","50","49","48","43","55","57","59","68","67","","",
"Zambia","ZMB","Proportion of population facing impoverishing out-of-pocket health expenditure, based on the societal poverty line (%)","SH_UHC_FH40_IMPOV","","","","","","","","","","","","","","","","","","","","","","","","","","","","","","","","","","","","","23.88","","","","","","","","25.44","","34.4","","","","23.31","","","","","13.97","","","","","","","","","","",
"Zambia","ZMB","Domestic private health expenditure per capita (current US$)","SH.XPD.PVTD.PC.CD","","","","","","","","","","","","","","","","","","","","","","","","","","","","","","","","","","","","","","","","","8.57938728","9.37656106","8.53850165","10.10460797","12.36824021","15.57578665","21.07663913","17.13825612","16.46062554","10.92679359","10.21841978","9.17771791","10.69717884","12.67442142","11.76730225","9.41302245","10.56441279","11.28970912","8.46114435","7.2883115","6.01106737","6.00117294","7.62462926","9.05069298","","",
"Zambia","ZMB","Out-of-pocket expenditure (% of current health expenditure)","SH.XPD.OOPC.CH.ZS","","","","","","","","","","","","","","","","","","","","","","","","","","","","","","","","","","","","","","","","","45.51237106","38.81297302","28.43986702","28.41941071","31.0702076","26.0978756","25.69581223","24.83168411","20.41286659","14.68929386","14.23348141","12.19155598","12.6315794","11.70914459","13.8197403","12.25534916","12.13953686","10.65581131","10.27590275","7.25238276","8.11366367","7.07829428","8.91543388","10.28683281","","",
"Zambia","ZMB","Domestic general government health expenditure (% of GDP)","SH.XPD.GHED.GD.ZS","","","","","","","","","","","","","","","","","","","","","","","","","","","","","","","","","","","","","","","","","1.47394264","1.92502928","1.89818621","1.45376873","1.31544065","1.24335968","1.32859325","1.48783338","1.58524466","1.66772234","1.55979979","1.5735333","1.54221773","1.30987322","1.89382219","2.0905416","1.71430743","2.51039147","2.08801126","2.25830793","3.59365153","2.82306838","2.50694346","2.43413329","","",
"Zambia","ZMB","Changes in inventories (current LCU)","NE.GDI.STKB.CN","","","","","","","","","","","","","","","","","","","","","","","","","","","","","","","","","","","","","","","","","","","","","","","","","","","3871900000","5604000000","10029300000","12110400000","5064300000","7980700000","3858737400","5404158600","9716300000","10531600000","8058500000","12635000000","9267673800","27913000000","14468539100","",
"Zambia","ZMB","Gross fixed capital formation (annual % growth)","NE.GDI.FTOT.KD.ZG","","","","","","","","","","","","","","","","","","","","","","","","","","","","","","","","","","","","","","","","","","","","","","","","","","","","","","","","","","","","","","","","","","",
"Zambia","ZMB","Gross fixed capital formation, private sector (% of GDP)","NE.GDI.FPRV.ZS","","","","","","","","","","","","","","","","","","","","","","","","","","","","","","","","","","","","","","","","","","","","","","","","","","","","","","","","","","","","","","","","","","",
"Zambia","ZMB","Exports of goods and services (annual % growth)","NE.EXP.GNFS.KD.ZG","","-2.56840016159013","0.0955092122485723","6.46946930300159","17.5837945299114","-5.59451084799505","-14.5648480053294","1.09620883796597","7.30978976844506","25.5574552484103","-7.93671619398532","-6.37529248213924","13.6027325788109","-8.57307484537776","6.02916664999825","-3.31822317904694","21.5300830643386","-2.77435006799863","-6.43632570038584","-10.7221039545239","-3.0790578664835","-12.754843985611","15.6883931259252","-9.74006035965073","-6.85284726137442","-1.69491577157518","1.89461406705477","-5.93154753447911","-5.85096574530692","-1.40667126336173","-7.24021061212639","4.56841968639017","3.6223891439946","3.45339225059953","8.75134641971916","-10.5070805592605","11.9716360455743","18.1270584590435","4.74067919462719","87.4513021409417","-3.0376258123901","20.7437610816085","34.8278931482342","57.9052418070563","57.1564559366442","39.7500549526363","10.4228280313029","10.7112102647903","-5.60414929077338","61.3276740124387","17.2441530736192","","","","","","","","","","","","","","","",
"Zambia","ZMB","Gross national expenditure (% of GDP)","NE.DAB.TOTL.ZS","","","","","","","","","","","","","","","","","","","","","","","","","","","","","","","","","","","","","","","","","","","","","","","","","","","93.8489337107039","93.5322708860099","90.6277749250179","93.2237928778638","93.610972326148","104.18055071136","98.7732107192107","94.6690860175755","96.1950993579111","99.1235142115065","84.2426905858195","78.8949214959919","77.0142000791962","91.8629616324762","84.4980664525974","",
"Zambia","ZMB","Gross national expenditure (current US$)","NE.DAB.TOTL.CD","","","","","","","","","","","","","","","","","","","","","","","","","","","","","","","","","","","","","","","","","","","","","","","","","","","19019011486.1062","21942217376.0981","23112856196.4525","26137378045.3914","25406976051.9902","22139634693.8302","20701296979.8658","24494301833.4647","25310380564.4743","23104370620.6362","15279741189.7116","17432950791.9355","22460253528.3347","25333927572.1999","21380702365.1192","",
"Zambia","ZMB","Final consumption expenditure (annual % growth)","NE.CON.TOTL.KD.ZG","","","","","","","","","","","","","","","","","","","","","","","","","","","","","","","","","","","","","","","","","","","","","","","","","","","","","","","","","","","","","","","","","","",
"Zambia","ZMB","Households and NPISHs final consumption expenditure (% of GDP)","NE.CON.PRVT.ZS","","","","","","","","","","","","","","","","","","","","","","","","","","","","","","","","","","","","","","","","","","","","","","","","","","","54.5917813782166","50.3972592977667","47.2124259120495","47.2365007830517","45.0178395479279","46.594826890463","44.495103610399","39.9464699169956","44.8978891375841","42.1773491836957","37.3081978875597","35.9969558637374","35.580862908892","47.1051102997818","48.0310666494123","",
"Zambia","ZMB","Households and NPISHs Final consumption expenditure per capita (constant 2015 US$)","NE.CON.PRVT.PC.KD","","","","","","","","","","","","","","","","","","","","","","","","","","","","","","","","","","","","","","","","","","","","","","","","","","","","","","","","603.812058066566","","","","","","","","","","",
"Zambia","ZMB","Households and NPISHs final consumption expenditure: linked series (current LCU)","NE.CON.PRVT.CN.AD","","","","","","","","","","","","","","","","","","","","","","","","","","","","","","","","","","","","","","","","","","","","","","","","","","","53071900000","57467826400.0003","61976649899.9999","71483468999.9999","75203651500","85446059500.0001","96153028999.9999","98368981100.0002","123547544100","126721309000","124132151900","159227795300","175756760900","262566783000","318010690200","",
"Zambia","ZMB","Households and NPISHs Final consumption expenditure per capita, PPP (current international $)","NE.CON.PCAP.PP.CD","","","","","","","","","","","","","","","","","","","","","","","","","","","","","","","","","","","","","","","","","","","","","","","","","","","1501.36376491689","1524.19668350508","1541.30559314106","1592.87907342635","1507.55378176486","1502.67038489242","1427.68631146717","1333.92131110809","1547.09396149485","1441.28569356691","1215.88707036013","1312.26450458338","1371.04208213938","1870.21685320796","1971.80110308991","",
"Zambia","ZMB","General government final consumption expenditure (constant 2015 US$)","NE.CON.GOVT.KD","","","","","","","","","","","","","","","","","","","","","","","","","","","","","","","","","","","","","","","","","","","","","","","","","","","","","","","","3141058916.23789","","","","","","","","","","",
"Zambia","ZMB","Military expenditure (% of general government expenditure)","MS.MIL.XPND.ZS","","","","","","","","","","","","","","","","","","","","","","","","","","","","","","","","","","","","","","","","","","","","","6.79288914583032","7.45748502994012","8.19467462158877","8.29422785261843","7.9783974260763","8.0955492630509","7.65302055457496","6.74765347824134","6.21404915461042","5.65986357134998","6.7160875984252","6.34142011834319","5.97346587502659","5.21096621028326","5.18342877360345","4.21083765835147","3.42550805020004","3.22006388545087","3.96037756164089","4.69327815652436","4.7484075605127","",
"Zambia","ZMB","Armed forces personnel (% of total labor force)","MS.MIL.TOTL.TF.ZS","","","","","","","","","","","","","","","","","","","","","","","","","","","","","","","0.667453705828122","0.650334068481803","0.634210419918647","0.618871958872864","0.604193328270697","0.848095104647561","0.827875951067492","0.806824755207615","0.785484251040767","0.764071624738513","0.741726604088591","0.717594672577151","0.693789826929603","0.568728506801847","0.450983581097136","0.435360170748259","0.419636909164345","0.404145624782614","0.389023696405907","0.38624897468454","0.372187111318233","0.359228638142461","0.346961927762527","0.335079401633482","0.323489895253972","0.312327391793702","0.301510402657092","0.282222687105704","0.274258131753606","0.258056691184203","0.243373768870974","","","","","",
"Zambia","ZMB","Logistics performance index: Frequency with which shipments reach consignee within scheduled or expected time (1=low to 5=high)","LP.LPI.TIME.XQ","","","","","","","","","","","","","","","","","","","","","","","","","","","","","","","","","","","","","","","","","","","","","","","","2.5","","","2.85","","","","2.912626","","2.73847","","3.05","","","","","","","",
"Zambia","ZMB","Logistics performance index: Quality of trade and transport-related infrastructure (1=low to 5=high)","LP.LPI.INFR.XQ","","","","","","","","","","","","","","","","","","","","","","","","","","","","","","","","","","","","","","","","","","","","","","","","2","","","1.83","","","","2.310606","","2.262771","","2.3","","","","","","","",
"Zambia","ZMB","Individuals using the Internet (% of population)","IT.NET.USER.ZS","","","","","","","","","","","","","","","","","","","","","","","","","","","","","","","0","","","","0.00678","0.00878","0.00907","0.00933","0.0302","0.147","0.191071642503428","0.233129556342332","0.477750906947484","0.980483039426114","1.1","1.299999952","1.600000024","1.899999976","2.200000048","2.5","3","3.5","4.099999905","4.8","6.5","8.8","10.30000019","12.19999981","14.2999970950012","14.47189999","14.64579964","14.82190037","15","16.45070076","17.10099983","",
"Zambia","ZMB","Secure Internet servers","IT.NET.SECR","","","","","","","","","","","","","","","","","","","","","","","","","","","","","","","","","","","","","","","","","","","","","","","","","","","5","13","28","45","63","90","145","714","715","648","745","869","1004","1139","1716","",
"Zambia","ZMB","Fixed telephone subscriptions","IT.MLT.MAIN","15000","15000","15000","15000","15000","17100","17100","17100","17100","17100","23200","23200","23200","23200","23200","28400","28200","29500","30000","30698","32659","34927","36330","37493","41819","43772","47164","50919","58492","65750","65057","68935","75880","77966","79786","76769","77935","77377","77700","83084","83326","85662","87674","88426","91719","94665","93427","91789","90600","90341","118388","85727","82542","115762","114420","116165","101407","101444","100444","96719","71844","65913","96284","81264","73688","",
"Zambia","ZMB","Liner shipping connectivity index (maximum value in 2004 = 100)","IS.SHP.GCNW.XQ","","","","","","","","","","","","","","","","","","","","","","","","","","","","","","","","","","","","","","","","","","","","","","","","","","","","","","","","","","","","","","","","","","",
"Zambia","ZMB","Air transport, passengers carried","IS.AIR.PSGR","","","","","","","","","","","187800","214200","230100","230600","240600","232600","256800","299400","317100","295700","257400","278300","253100","236700","245600","253900","237700","257900","303500","365300","407200","292500","246000","219000","234700","","","49600","48800","77700","89628","48517","47075","50977","49888","53880","58679","61589","62467","","260502","306034.3","127296.65","10032","8592","203617","144060","154573","16633.1389415488","17505.6896363636","8717.833","136609.957","228650.645","321738.797","","",
"Zambia","ZMB","Statistical performance indicators (SPI): Pillar 4 data sources score (scale 0-100)","IQ.SPI.PIL4","","","","","","","","","","","","","","","","","","","","","","","","","","","","","","","","","","","","","","","","","","","","","","","","","","","","","","","","41.775","44.05","42.675","42.675","42.675","42.55","32.5166666666667","37.3333333333333","37.3333333333333","42.2833333333333","",
"Zambia","ZMB","Statistical performance indicators (SPI): Overall score (scale 0-100)","IQ.SPI.OVRL","","","","","","","","","","","","","","","","","","","","","","","","","","","","","","","","","","","","","","","","","","","","","","","","","","","","","","","","","56.2475","60.2804166666667","60.6825","60.1875","62.8283333333333","62.2979166666667","62.2145833333333","63.5008333333333","64.1683333333333","",
"Zambia","ZMB","CPIA policies for social inclusion/equity cluster average (1=low to 6=high)","IQ.CPA.SOCI.XQ","","","","","","","","","","","","","","","","","","","","","","","","","","","","","","","","","","","","","","","","","","","","","","3.4","3.4","3.4","3.5","3.5","3.5","3.4","3.3","3.3","3.3","3.3","3.3","3.3","3.4","3.1","3.1","3.2","3.4","3.4","3.4","3.4",
"Zambia","ZMB","CPIA property rights and rule-based governance rating (1=low to 6=high)","IQ.CPA.PROP.XQ","","","","","","","","","","","","","","","","","","","","","","","","","","","","","","","","","","","","","","","","","","","","","","3","3","3","3","3","3","3","3","3","3","3","3","3","3","3","3","3","3","3","3","3",
"Zambia","ZMB","IDA resource allocation index (1=low to 6=high)","IQ.CPA.IRAI.XQ","","","","","","","","","","","","","","","","","","","","","","","","","","","","","","","","","","","","","","","","","","","","","","3.31666666666667","3.4","3.48333333333333","3.5","3.425","3.44166666666667","3.45833333333333","3.45833333333333","3.41666666666667","3.41667","3.29167","3.29166666666667","3.29166666666667","3.25","3.15","3.10833333333333","3.108333","3.158333","3.241667","3.283333","3.308333",
"Zambia","ZMB","CPIA financial sector rating (1=low to 6=high)","IQ.CPA.FINS.XQ","","","","","","","","","","","","","","","","","","","","","","","","","","","","","","","","","","","","","","","","","","","","","","3","3","3.5","3.5","3.5","3.5","3.5","3.5","3.5","3.5","3.5","3.5","3.5","3.5","3.5","3.5","3.5","3.5","3.5","3.5","3.5",
"Zambia","ZMB","CPIA debt policy rating (1=low to 6=high)","IQ.CPA.DEBT.XQ","","","","","","","","","","","","","","","","","","","","","","","","","","","","","","","","","","","","","","","","","","","","","","3","3.5","3.5","3.5","3.5","3.5","3.5","3.5","3.5","4","3.5","3.5","3","3","3","2.5","2.5","2.5","2.5","3","3",
"Zambia","ZMB","GNI per capita (constant LCU)","NY.GNP.PCAP.KN","","","","","","","","","","","","","","","","","","","","","","","","","","","","","","","","","","","","","","","","","","","","","","","","","","","6492.91881892027","","","","","","","","","","","","","","","",
"Zambia","ZMB","GNI per capita, Atlas method (current US$)","NY.GNP.PCAP.CD","","","180","180","200","250","260","310","350","380","430","410","420","450","560","570","540","490","490","520","620","720","620","520","430","350","260","270","340","420","450","410","380","390","370","390","420","420","370","370","350","360","370","420","470","570","720","900","1170","1260","1310","1380","1640","1710","1740","1530","1320","1260","1390","1380","1110","1050","1170","1270","1190","1200",
"Zambia","ZMB","GNI growth (annual %)","NY.GNP.MKTP.KD.ZG","","","","","","","","","","","","","","","","","","","","","","","","","","","","","","","","","","","","","","","","","","","","","","","","","","","","","","","","","","","","","","","","","","",
"Zambia","ZMB","GNI (current US$)","NY.GNP.MKTP.CD","626219749.762588","617959753.063282","610679755.972369","636299745.734621","725899709.930476","997499601.399159","1157799537.3433","1269799492.58812","1500799400.28056","1859899256.78426","1742019303.88909","1602999361.31624","1783380642.05816","2245872913.07314","2722779975.01442","2271971147.39049","2492924825.53519","2403739518.95676","2634554537.88509","3065294117.64706","3594674556.21302","3895543842.83661","3635100942.12651","3070452740.27006","2442713710.42992","1985863567.49654","1357613020.74961","1921345452.349","3318172882.37091","3587772642.3082","3008135304.85271","2992917279.30394","2867357362.39173","3018507033.48109","3420406172.36181","3564983295.12486","3391220962.00017","4052488554.56608","3315041923.79552","3240377400.68232","3444515379.10612","3929495407.69911","4043342044.44828","4758802549.01948","5822422913.34258","7700141839.36373","11588306430.5737","12512434228.6071","16512263315.2682","14909632547.9083","18902559483.8548","22302537247.7215","25071084452.0428","26888392774.4326","26589065800.1625","20833312712.3651","20311309747.7842","24728890673.58","25904291345.4062","22915264161.2237","17362880630.4704","20387750627.3888","27550148024.3043","25909655971.667","22553078736.056","26313122397.8926",
"Zambia","ZMB","Gross domestic savings (current LCU)","NY.GDS.TOTL.CN","","","","","","","","","","","","","","","","","","","","","","","","","","","","","","","","","","","","","","","","","","","","","","","","","","","35025515400","44878587600","53677312300","61408902800","67586790300","70830114900","85213972300","114095286200","116655990700","120595295400","159713194500","232102967900","246815724600","220633099700","260139413800","",
"Zambia","ZMB","GDP per capita, PPP (constant 2021 international $)","NY.GDP.PCAP.PP.KD","","","","","","","","","","","","","","","","","","","","","","","","","","","","","","","2425.11128678382","2364.86234039956","2268.49812195378","2365.62953630778","2110.5832556481","2119.95642928697","2197.19564925242","2223.45745445731","2157.57339335667","2198.18912998648","2220.5653712714","2268.96965564597","2299.33289188114","2383.87611741089","2471.72073328685","2564.47560965912","2673.46151928529","2796.3529332184","2908.14362510668","3065.84420108998","3266.50749293828","3335.64339500657","3474.55252844092","3535.22449043144","3585.57748507131","3576.92544834125","3598.17166023389","3612.50597664593","3646.95966481655","3591.56418883108","3391.59541156095","3503.03491418372","3585.12379084347","3673.4841969922","3708.06904295647","3742.25646316492",
"Zambia","ZMB","GDP per capita (constant 2015 US$)","NY.GDP.PCAP.KD","1187.70460116133","1166.74596436267","1102.4458219947","1103.10813202806","1199.39219025665","1355.45680953779","1239.68921603925","1295.60864749847","1270.07901687655","1224.90387889791","1246.65383007205","1211.70972726075","1286.57716971439","1238.05913338778","1279.53707253685","1213.57721788882","1250.5415032312","1157.75814389903","1129.47163480066","1062.9629308153","1062.93600223771","1094.46195855082","1030.04718157436","977.759709968015","944.930593972368","931.808263595704","910.944542362099","908.680042753164","939.599679398111","905.747380200891","878.589205998477","856.761723583768","821.850104215064","857.039669609389","764.639411345433","768.035201563368","796.018059633101","805.53240180321","781.663383813883","796.377985981253","804.48463418783","822.020935308251","833.021177549004","863.650190656785","895.475258534826","929.079255855905","968.563565019492","1013.08567432637","1053.58612301068","1110.71918102486","1183.41712409199","1208.46424569634","1258.78938578996","1280.77012176778","1299.01241762504","1295.87788680068","1303.57513869133","1308.76829240086","1321.25045711573","1301.18132976178","1228.73500113195","1269.10821808895","1298.8480495593","1330.85998216751","1343.38966380353","1355.77536277733",
"Zambia","ZMB","GDP, PPP (constant 2021 international $)","NY.GDP.MKTP.PP.KD","","","","","","","","","","","","","","","","","","","","","","","","","","","","","","","18882326322.7063","18875503499.2502","18548783223.817","19809594852.308","18100929747.3339","18625434758.0416","19783666077.2382","20538216584.6418","20458991205.7525","21410373117.0139","22244804500.7749","23427531453.9309","24483179366.7729","26183529803.8137","28024859074.7115","30052625499.5098","32427893191.6314","35136412295.8885","37867880381.0486","41359430886.098","45618717444.334","48159338865.8523","51818187350.1798","54438911322.4803","56993883582.1163","58658318773.7131","60860997487.8084","63006872740.5941","65548881175.7971","66493641150.1842","64641756629.1277","68672119764.9363","72250777479.1933","76129157926.5195","79037328495.5792","82007336609.4816",
"Zambia","ZMB","GDP (constant 2015 US$)","NY.GDP.MKTP.KD","3745698444.11593","3796691708.18908","3702122212.39459","3823270196.55299","4290246254.21526","5004463110.09913","4725699010.60927","5099960030.32005","5163624360.46018","5141063668.58449","5387686297.19132","5383050756.09907","5878768640.77048","5822212020.16877","6196473039.87955","6055854684.90596","6432587907.06376","6138989402.86171","6172984906.577","5986318100.43461","6168040110.67307","6548482197.51558","6364287627.82108","6239121864.17488","6218106324.32923","6318548040.45408","6364287627.82108","6534574435.21006","6944994654.29038","6873912509.77869","6840844039.47996","6838372211.04238","6720005310.13323","7176782487.17512","6557753279.70008","6747775256.59298","7167388797.89361","7440753543.99756","7412051123.98383","7756725565.34734","8059030210.46366","8487518230.93072","8869967014.46174","9485983915.84691","10153075785.3691","10887711636.03","11748243095.7729","12729507610.1931","13719086269.626","14984033821.7868","16527123087.7163","17447560252.6576","18773117888.8094","19722575262.7917","20648211567.0616","21251216798.7762","22049221308.1088","22826646593.6169","23747586257.2512","24089861649.0155","23418945736.8993","24879098747.8861","26175604214.1895","27580695690.34","28634291574.827","29710290472.2068",
"Zambia","ZMB","Mineral rents (% of GDP)","NY.GDP.MINR.RT.ZS","","","","","","","","","","","35.2026852617918","22.3070806877181","19.1890033140709","36.8531105246598","30.171431824933","9.90010136071954","13.6862872955893","9.5694954636339","6.07598193689886","13.6758088655696","13.182674580184","5.94713424903595","2.23503835889941","5.67888075842783","2.81846737883512","4.15804486657171","0.0941774334798157","5.1050851624305","15.02533387428","17.6910584931942","15.6008574368536","0.61280754986568","0.025640357037106","0.0338854697037428","0.0287090399838673","0.00472101130328813","0.015439400554149","0.0155533135873438","0.0381697860302422","0.0258822432234426","0.620250874620162","0.00592324713346475","0.0086656835468358","0.00376024840571146","4.45216198463444","6.70355262144712","14.114181525681","14.9940005747353","9.58783644589246","8.96226154084205","13.332916385834","12.0864380495102","7.78670394690198","6.58363211831429","4.6410142846678","2.93259706646679","2.90152055038361","5.68799518266873","6.34088466305535","2.18381315797062","8.22847200529854","28.2490949914965","","","","",
"Zambia","ZMB","Gross value added at basic prices (GVA) (current LCU)","NY.GDP.FCST.CN","","","","","","694000","810000","877000","1029000","1260000","1170000","1081000","1225000","1454000","1715000","1439000","1760000","1796600","2004300","2423400","2842600","3128100","3250100","3549100","4383500","6349700","11633800","19478600","29018000","49715800","100126200","198065300","508697000","1324668200","2134430500","2896746600","3825575000","4968532900","5796466100","7195607100","9896446300","13008733900","16410739800","20759337400","26782781300","33617563800","41881632200","51463718300","61369022300","72190648800","91836294400","107732899000","124085976800","142129872600","155753808400","173953345900","205915775600","230054038600","253355886400","277634199400","322260340900","423624774900","463893753400","524823882600","630767340800","700031000000",
"Zambia","ZMB","GDP deflator: linked series (base year varies by country)","NY.GDP.DEFL.ZS.AD","","","","","","","","","","","","","","","","","","","","","","","","","","","","","","","0.281665341285523","0.542641175213355","1.44089656753379","3.51086468145347","6.34561401674524","8.28807784017216","10.3061634259713","12.9241908424904","15.1092673504459","17.8174332515955","23.6283878607846","29.6137558602608","35.3561365355832","41.5815473621037","49.78010754164","58.0685945460204","66.5130762902781","75.1399624505151","83.1350384107039","87.7570852198721","100","111.107413268618","118.876296094847","130.444019154565","137.540858081461","146.700105596621","166.616260348068","183.399244810868","196.992009958915","212.029336888599","241.530824495239","302.258382569342","320.818009618509","343.578859100779","393.090851760017","415.216694704799",
"Zambia","ZMB","Coal rents (% of GDP)","NY.GDP.COAL.RT.ZS","","","","","","","","","","","","0.172108049577647","0.201609643417902","0.205726991184596","0.223595242133272","0.519858928483688","0.475585727689128","0.493010055753964","0.403760789819133","0.281463372263317","0.365501611312727","0.478456833641457","0.573714532084292","0.330688831538789","0.351470414299134","0.47082919372632","0.539766127684834","0.239690563066536","0.210728095976817","0.182288404362118","0.216095479590034","0.187071038507058","0.216706537030998","0.119969573384027","0.0552950143925616","0.0712241531841928","0.0553428895161234","0.0228886192553501","0.0494283743884752","0.0340713756953788","0.0485167841095833","0.0780233257446906","0.0522863702250223","0.0534393284778969","0.0681266115624081","0.0509403192640637","0.0154837278408601","0.0043651010415675","0.000527261809037224","0.000206887621654018","0.000284656620519031","0.000315343316168428","0.0238959126594908","0.0215837920499144","0.0173226067647872","0.0161176960545101","0.0367635481547346","0.0966563371679943","0.164818813977928","0.11555289649655","0.138990289033945","0.231179863199288","","","","",
"Zambia","ZMB","Adjusted net savings, including particulate emission damage (% of GNI)","NY.ADJ.SVNG.GN.ZS","","","","","","","","","","","","","","","","","","","","","","","","","","","","","","","","","","","","","","","","","","","","","","","","","","","6.19548353690852","8.12496462163501","15.7677625685113","15.1755966329419","15.7827095878216","17.9056711971187","14.2796063372716","18.9292949166794","22.4898613988108","22.8310678289682","22.4509165549466","","","","","",
"Zambia","ZMB","Adjusted net national income per capita (current US$)","NY.ADJ.NNTY.PC.CD","","","","","","","","","","","","257.902236878629","280.367614344836","268.83802418473","406.441683522264","358.077259435378","349.507348208351","330.456312067333","372.864378269258","403.666806461271","458.795840138038","513.882908683869","496.037134297309","379.498834552764","294.655713487152","228.116303665663","126.599050288351","181.717425514371","307.215225376955","321.174585838296","259.908446922503","278.987487167313","261.742772584367","278.956156876457","314.013247605174","309.839858570027","286.640333248721","341.412143684455","265.28687352561","261.401807575679","257.421405982197","294.562764056838","289.631503576648","319.351276082766","377.813608739748","486.039517827435","682.221142000889","688.941663414731","940.023613478814","833.974000131827","986.16101080267","1169.48491963674","1329.50791519421","1394.07251066492","1361.68346189524","1040.46877283228","979.960863480569","1129.38635629236","1134.04609888327","1003.09511870682","693.425361843464","610.556200427829","","","","",
"Zambia","ZMB","Adjusted savings: net national savings (% of GNI)","NY.ADJ.NNAT.GN.ZS","","","","","","","","","","","","","","","","","","","","","","","","","","","","","","","","","","","","","","","","","","","","","","","","","","","16.5403442109591","15.6399543625237","20.0971836373438","18.6221860562765","17.3355475331513","18.1140444859538","14.940204728522","20.8746658997954","25.5208361563237","22.8223224759795","27.2120664930667","27.1862915653353","","","","",
"Zambia","ZMB","Adjusted savings: particulate emission damage (% of GNI)","NY.ADJ.DPEM.GN.ZS","","","","","","","","","","","","","","","","","","","","","","","","","","","","","","","5.26506802324463","5.44005340528673","5.29248888824242","4.75236642622208","4.89994626702971","4.52602897604227","3.98661379219623","3.65371391917183","3.46344737587016","3.17104004366401","2.99284526776657","2.80259495183187","2.66684178549629","2.58134780357974","2.67655561253944","2.68399774480225","2.66895282925221","2.63057314280763","2.45894430831612","2.1728260294853","2.101006039967","1.93513541451357","1.76341884231606","1.72968074116596","1.57817511950169","1.44881336404241","1.3607425032696","1.20044589260386","1.0713098871332","1.02027231113409","1.02355386138947","","","","","",
"Zambia","ZMB","Adjusted savings: mineral depletion (% of GNI)","NY.ADJ.DMIN.GN.ZS","","","","","","","","","","","19.5926615408914","12.4649600850836","10.9170205209148","21.7231905720986","17.5674510263527","5.78119920399264","8.17776082987078","5.41079536354918","3.48967514282513","8.06362255922845","7.67900526529245","3.28769015052054","1.26826918785148","3.3109450017377","1.68631006645595","2.52265211282449","0.0411684275876409","3.22932327140871","8.76720449158645","10.3836243681564","9.13198850063219","0.374503458397469","0.0073362962760691","0.00383893145947999","0.0221128486769783","0.00375975608531619","0.0123308278763536","0.012907429768618","0.0327117471849468","0.0200092080663868","0.307000695244811","0.00427354847970401","0.00874258958194066","0.00271485642774238","2.21015639014752","3.5326814710434","8.00343402230182","9.04240428738464","5.72582498041352","5.66943470508819","8.64506438086118","7.670686742874","4.92283643471806","4.42329667118298","2.95700873273763","1.86798999526427","1.91965551000189","3.26906755852246","4.33917567092444","1.31344186057573","5.58825865332331","21.0200061902774","","","","",
"Zambia","ZMB","Adjusted savings: net forest depletion (% of GNI)","NY.ADJ.DFOR.GN.ZS","","","","","","","","","","","1.30050384254887","1.26254826489796","1.28888719113584","1.7844649355695","1.45268540388094","2.49842044026923","2.27413069634822","4.11250300136762","3.92986367174855","3.43166415792053","3.56833463368357","2.92516969271727","4.03524326622779","3.4879517925373","3.86817318842072","3.66267767581767","8.48297360253084","5.92545249571498","3.75370348927067","3.63833414988197","5.64604596665527","5.66399465179599","6.1959328126499","5.35101431777981","5.75791206753814","7.64312346724166","7.78212191235232","6.10140740157259","7.78234877155737","5.40005199045384","8.83555038306847","6.48350582780459","7.4695664760526","10.3919370600349","7.70604381340771","6.15349496389923","3.85253864696022","4.50631801001336","3.373041414328","2.91315399426","1.33569180261668","0","0","0","0","0","0","0","0","0","0","0","","","","",
"Zambia","ZMB","Adjusted savings: education expenditure (% of GNI)","NY.ADJ.AEDU.GN.ZS","","","","","","","","","","","3.6","4.7","4.7","4.4","4","5.2","5.4","5","4.7","4.3","4.2","4","5.5","5.4","5.2","4.4","3.8","2.7","2.5916309","2.4","2.6158576","2.8","2.2","2","1.8","2","2.0247224","2.0247224","2.5","2.15952522110925","1.81905044221834","2.01678783166375","2.21452522110916","2.41226261055458","2.61","1.86","1.45999999999979","1.06","1.41969573933602","1.77939147867194","2.13908721800795","2.49878295734387","2.85847869667988","3.21817443601589","3.57787017535181","3.93756591468773","3.56386353324634","3.56386353324634","3.56386353324634","3.56386353324634","3.56386353324634","3.56386353324634","","","","",
"Zambia","ZMB","Services, value added (annual % growth)","NV.SRV.TOTL.KD.ZG","","","","","","","-9.3378531824374","12.931269525153","2.77512291559918","-5.92089349413673","10.7386904056115","-2.21641774110556","7.50532665948069","-2.33075239486212","4.66128318576875","-3.45334378702354","9.01330365857147","-6.72442738740634","-6.38844237709455","4.19603290657935","10.3260349988507","7.31651278727725","-7.06687572567405","-9.62354989162236","0.50386244684131","3.57950487557123","-3.41842823346616","7.32117557166123","12.7364092579157","-8.89713763797224","-7.24022630151381","5.54443246283891","-4.49205063229667","7.25001888464905","-10.6521777819164","-2.19069480237525","16.9077287913721","4.93300023319215","4.59009499585956","7.69953482735171","5.27615530548802","7.02116015933885","6.06050336378144","7.03289293610914","6.70361994932563","8.83363385218958","9.86561804899695","11.1143538498379","11.6748373924053","9.02574208013149","15.3870687002746","5.99103449244325","11.7157291838992","7.89095193151199","5.61847476392299","2.20349974500498","2.80734030333889","1.67822407896539","7.26225460528252","3.52100846688079","-6.10273880104272","5.9935104263302","12.0446280336699","10.032945984385","5.56933593017862","0.836887353222139",
"Zambia","ZMB","Services, value added per worker (constant 2015 US$)","NV.SRV.EMPL.KD","","","","","","","","","","","","","","","","","","","","","","","","","","","","","","","","7589.58807991488","7190.57048593692","7579.90780345231","6299.98077126236","5858.61951118501","6484.33169786609","6432.38519841088","6480.51335708459","6875.49883617547","6935.00987012452","7513.12504217475","8030.02011965986","8582.68475802149","9081.76311521437","9721.2558639818","9907.9735473034","10201.9055352111","10561.6985301607","10011.180675265","10063.6419584577","8860.44396492536","8197.85398913855","8506.41336273995","8562.65283535577","8307.13901298771","8123.01898619226","7853.68010191752","7935.3003385079","7059.03005393248","6542.54755377447","6759.07412696629","6962.67577242444","7110.04531942867","7129.29675088631","6828.97514894032",
"Zambia","ZMB","Machinery and transport equipment (% of value added in manufacturing)","NV.MNF.MTRN.ZS.UN","","","","3.08471454880295","3.73491668262785","3.64593393857446","4.06530719297095","7.6608951323097","5.37016985486323","4.32438064969912","3.42340139381342","3.54077186333119","4.83494169020837","4.76025714956964","5.61004767963758","7.45567461466679","","","","","5.89460887880541","6.14162680819155","5.68805438580772","","","","","","","","2.44322156709264","1.14725359293177","1.14725445096446","0.586869896621041","5.26760217849958","","","","","","","","","","","","","","","","22.0406450234536","28.2382250498562","24.9543712567501","24.1634686573144","34.7853272324798","41.0627810950853","","","","","","","","","","",
"Zambia","ZMB","Industry (including construction), value added (constant LCU)","NV.IND.TOTL.KN","","","","","","9330814600","9024050600","9447968500","9389390500","9993666000","9776314000","9969001700","11268500500","11359453300","12395351200","12031555200","12364523300","11530558500","12030014300","11413406600","11673921700","12253532900","12179540000","11795701300","11465817000","11603011600","11623051200","12125586700","12933342300","12839311800","13423545600","13260142800","14536522200","13375757900","12057759400","11054175200","11005241900","12264095200","11377527500","11142594800","11627964300","12806627500","14214888300","15852061700","17858229500","20011877600","22237967900","24597327500","26002412700","29187044200","31341356100","32665454100","33323510000","34194000000","35524000000","37943213600","40064000000","42229031200","44187928300","42743788600","43286774900","46375566300","45343070700","45738037300","47347938600","49814000000",
"Zambia","ZMB","Industry (including construction), value added (current US$)","NV.IND.TOTL.CD","434279826.461781","405439837.986241","394239842.461759","406699837.482745","478239808.895372","571059771.804515","729119708.643764","699019720.671719","859179656.671809","1202179519.60906","978879608.839708","763699695.718785","890780361.521005","1305187541.27885","1594815531.02728","1017831880.52317","1112721810.53931","947161755.34934","1106702747.71024","1408109243.69748","1518892645.81572","1477029228.55774","1366352624.49529","1330341540.90548","1066905166.47325","946795945.522817","738221419.569496","931595492.398478","1642312961.7924","1888821088.49099","1489441983.95952","1562910826.87177","1391996088.29282","1225695120.84689","1364900929.37997","1306309779.09293","1194349283.88112","1393432245.61772","965003713.611042","776852445.478868","836927116.885321","956486533.266315","1001304962.15269","1183064945.99612","1598584269.31025","2237075814.94343","3877589797.67422","4485530368.51967","5550685345.86326","4632910049.34504","6533396447.85391","8080461579.60788","8163695510.26752","9127929597.03567","8941378976.44192","7152574977.98174","7309700459.71215","9651899837.14211","9073607897.16679","8144510318.07603","7290962458.59634","9243359535.61326","10290096692.5999","9682007754.00061","8918508237.60026","10203873703.0392",
"Zambia","ZMB","Manufacturing, value added (constant 2015 US$)","NV.IND.MANF.KD","","","","","","176553179.671427","211518490.669531","247886699.912896","276592792.446407","279506550.055555","301953518.276611","337242461.558224","380301482.668317","386560936.513256","420662652.71449","396381443.918407","418828270.911256","380948982.615681","399834803.124386","424008317.566235","413863973.881275","464261573.569852","447965815.618694","413000630.156774","414727301.913752","450124269.082083","458973518.720177","499550516.851464","590309223.818122","587179700.891953","633152510.99524","633044502.800545","709018577.944324","653225197.667793","596892215.794432","595807285.012356","630463682.844578","664252641.334281","678757500.078093","700367032.104714","728460319.753838","762658573.280913","810639318.962436","877881834.641042","925438534.78352","959842369.504654","1024430532.40725","1066277109.35591","1098423411.18008","1138440643.46491","1156078116.46344","1278592268.34398","1340101452.32667","1423266491.18805","1516433751.08156","1598582684.37399","1629302753.91461","1700559854.00379","1769795601.83503","1812741483.45889","1830528218.98072","2070290342.57228","2167746263.75107","2265939066.64056","2318783319.48797","2484204170.0108",
"Zambia","ZMB","Financial intermediary services indirectly Measured (FISIM) (constant LCU)","NV.FSM.TOTL.KN","","","","","","","","","","","","","","","","","","","","","","","","","","","","","","","","","","","","","","","","","","","","","","","","","","","","","","","","","","","","","","","","","","",
"Zambia","ZMB","Agriculture, forestry, and fishing, value added (annual % growth)","NV.AGR.TOTL.KD.ZG","","","","","","","2.50521906794125","-0.488795102666344","0.818660074797009","1.33983086898822","4.24679928160801","2.42121559581196","4.46528438996077","-1.18538099034029","4.58019210134457","4.65763447099678","7.00766822699086","1.05521241192224","0.5835413138674","-5.43508679401839","-1.87283908165647","8.16057633452067","-11.682388645774","8.3706562396457","5.59440499492752","3.49194191309023","8.72593293914983","-2.19366235997821","19.3107333362421","-2.68225675773417","-8.90459458686496","5.17196630560983","-33.0710821637012","68.1117396972732","-18.9029752881513","32.4812895727392","-1.38009421508066","-5.96053225067624","0.211107766658557","8.78381006626296","0.164657562907422","-4.11076445239678","-3.52605288948293","2.7548961556046","1.59545724478872","-3.55211706854061","-1.42545251274272","-3.8260339683069","-2.65512426969423","0.63309544598502","-5.97800914269838","7.77876106098066","3.38511681162805","-3.84311012235081","1.0594761137493","-7.73663388345034","3.7195214783159","9.78828294406975","-21.1774973993924","7.70265914529082","17.2067659706331","6.93445589123259","-10.617077146954","-20.4518464039556","-9.2300124709617","51.1283485977671",
"Zambia","ZMB","Agriculture, forestry, and fishing, value added per worker (constant 2015 US$)","NV.AGR.EMPL.KD","","","","","","","","","","","","","","","","","","","","","","","","","","","","","","","","715.007295215999","468.027158813764","768.284811797557","602.960582525776","761.996083162671","722.118825957904","646.491495867455","618.692524426223","651.670249190992","634.788895076954","588.069443491676","550.349782067297","549.384466774493","543.448379468549","510.006469950448","470.611117676024","424.009074458691","387.100900335571","401.298768230911","392.276732582378","415.3363791398","427.691726927116","397.009462816084","388.186574108172","347.441023212957","346.579374237562","365.869903347335","285.099957345056","304.548325567824","328.423048198582","347.812374591087","314.954600838686","232.198431166173","205.825899591367","304.357159307968",
"Zambia","ZMB","External balance on goods and services (current LCU)","NE.RSB.GNFS.CN","","","","","","","","","","","","","","","","","","","","","","","","","","","","","","","","","","","-18353400","-112662600","-298231900","-199699900","-462100000","-787999900","-1404577700","-2136233100","-1964452200","-2539426200","-1109850300","-364030300","3368764300","793829900","-1084267300","1841365900","5979700000","9290011600","6298573100","770565900","2424072900","-10247728500","-7151136100","-3939980600","2824500000","1445700000","47357900000","80610000000","54784000000","19232523900","49186005100","",
"Zambia","ZMB","Imports of goods and services (annual % growth)","NE.IMP.GNFS.KD.ZG","","-5.87312368445855","6.16386495133791","-6.09129424464308","-2.79508640820045","21.5814980798573","24.4601390121578","19.7252934482962","7.2888776653984","-7.15549473464725","1.20367722280876","5.97244385050517","1.60678456211608","-17.3315315100111","16.6009861483677","-6.84254184018394","-25.3893898423094","-1.20979669167177","-17.2049596651348","-8.71521438766501","12.8514946779412","-16.0473078197379","-21.9650967614534","-15.6210172850244","-2.47002637633986","21.462079286416","13.2631462657255","2.75196840744016","-0.184748529758124","-16.2287233218248","-6.38390367848794","-18.7588513184428","5.2280048728706","-7.3971814132059","12.7066539144692","40.6340395572424","32.1321087601113","12.6677170384484","17.0532530271947","52.1204070404503","40.6765957280491","43.1984849952145","19.169802451785","21.934193932777","30.3893779843588","6.01632564578509","-1.15424272307678","55.9166632119578","20.8085695379318","-13.4527513559196","43.9367441374588","","","","","","","","","","","","","","","",
"Zambia","ZMB","Gross capital formation (% of GDP)","NE.GDI.TOTL.ZS","","","","","","","","","","","","","","","","","","","","","","","","","","","","","","","","","","","","","","","","","","","","","","","","","","","29.8775153023967","32.889211245159","31.5179510511994","33.8029886804422","34.0692641856177","42.8051164515408","38.2062329128451","41.0018208583077","38.5885582958265","39.2619086467844","32.2448509806584","31.3669178305336","26.980508150543","31.4450686240954","23.7884862636697","",
"Zambia","ZMB","CPIA business regulatory environment rating (1=low to 6=high)","IQ.CPA.BREG.XQ","","","","","","","","","","","","","","","","","","","","","","","","","","","","","","","","","","","","","","","","","","","","","","3","3","3.5","3.5","3","3.5","3.5","3.5","3.5","3.5","3.5","3.5","4","4","4","4","4","4","4","4","3.5",
"Zambia","ZMB","Patent applications, nonresidents","IP.PAT.NRES","","","","","","","","","","","","","","","","","","","","","113","107","91","91","79","105","108","99","74","50","50","47","64","60","","39","36","","","34","","25","6","10","27","22","9","20","17","9","12","21","31","26","25","12","18","10","13","21","10","13","","","","",
"Zambia","ZMB","Public private partnerships investment in water and sanitation (current US$)","IE.PPN.WATR.CD","","","","","","","","","","","","","","","","","","","","","","","","","","","","","","","","","","","","","","","","","","","","","","","","","","","","","","","","","","","","","","","","","","",
"Zambia","ZMB","Investment in water and sanitation with private participation (current US$)","IE.PPI.WATR.CD","","","","","","","","","","","","","","","","","","","","","","","","","","","","","","","","","","","","","","","","","","","","","","","","","","","","","","","","","","","","","","","","","","",
"Zambia","ZMB","Number of visits or required meetings with tax officials (average for affected firms)","IC.TAX.METG","","","","","","","","","","","","","","","","","","","","","","","","","","","","","","","","","","","","","","","","","","","","","","","","2.3577106","","","","","","2.226568937","","","","","","3.283217669","","","","","","2.077867746",
"Zambia","ZMB","Firms offering formal training (% of firms)","IC.FRM.TRNG.ZS","","","","","","","","","","","","","","","","","","","","","","","","","","","","","","","","","","","","","","","","","","","","","","","","26.02182198","","","","","","33.18987274","","","","","","36.55764008","","","","","","25.95100594",
"Zambia","ZMB","Firms visited or required meetings with tax officials (% of firms)","IC.FRM.METG.ZS","","","","","","","","","","","","","","","","","","","","","","","","","","","","","","","","","","","","","","","","","","","","","","","","81.09885406","","","","","","60.32896042","","","","","","75.82781219","","","","","","59.26931381",
"Zambia","ZMB","Firms with female participation in ownership (% of firms)","IC.FRM.FEMO.ZS","","","","","","","","","","","","","","","","","","","","","","","","","","","","","","","","","","","","","","","","","","","","","","","","37.20550156","","","","","","43.70295715","","","","","","41.48259354","","","","","","32.90969086",
"Zambia","ZMB","Time required to obtain an operating license (days)","IC.FRM.DURS","","","","","","","","","","","","","","","","","","","","","","","","","","","","","","","","","","","","","","","","","","","","","","","","48.28340912","","","","","","23.61445427","","","","","","20.00737953","","","","","","14.56796741",
"Zambia","ZMB","Firms monitoring own CO2 emissions (% of firms)","IC.FRM.CO2.ZS","","","","","","","","","","","","","","","","","","","","","","","","","","","","","","","","","","","","","","","","","","","","","","","","","","","","","","","","","","","","","","","","","","13.66634083",
"Zambia","ZMB","Firms using banks to finance investment (% of firms)","IC.FRM.BNKS.ZS","","","","","","","","","","","","","","","","","","","","","","","","","","","","","","","","","","","","","","","","","","","","","","","","10.20401669","","","","","","13.9306469","","","","","","8.948500633","","","","","","1.98175633",
"Zambia","ZMB","Time to obtain an electrical connection (days)","IC.ELC.DURS","","","","","","","","","","","","","","","","","","","","","","","","","","","","","","","","","","","","","","","","","","","","","","","","96.96651459","","","","","","20.45731163","","","","","","61.69402313","","","","","","10.29055691",
"Zambia","ZMB","New business density (new registrations per 1,000 people ages 15-64)","IC.BUS.NDNS.ZS","","","","","","","","","","","","","","","","","","","","","","","","","","","","","","","","","","","","","","","","","","","","","","","0.599914131838318","0.860176721288924","0.898941170819409","0.741517389457349","0.876544228173497","1.03351697957787","1.13476985356737","1.16284591079869","1.12021691212923","1.04959867812828","0.9826198627388","1.00292148895858","1.05333604073613","0.952792910173331","1.02683053872067","1.29096673938159","1.54103326191134","1.5329568534997","1.50115324114478","",
"Zambia","ZMB","B-READY: Utility Services: Overall Score","IC.BRE.US.OS","","","","","","","","","","","","","","","","","","","","","","","","","","","","","","","","","","","","","","","","","","","","","","","","","","","","","","","","","","","","","","","","","","",
"Zambia","ZMB","B-READY: Taxation: Overall Score","IC.BRE.TX.OS","","","","","","","","","","","","","","","","","","","","","","","","","","","","","","","","","","","","","","","","","","","","","","","","","","","","","","","","","","","","","","","","","","",
"Zambia","ZMB","B-READY: Market Competition Pillar 3:  Implementation of Key Services Promoting Market Competition","IC.BRE.MC.P3","","","","","","","","","","","","","","","","","","","","","","","","","","","","","","","","","","","","","","","","","","","","","","","","","","","","","","","","","","","","","","","","","","",
"Zambia","ZMB","B-READY: Labor Pillar 3: Operational Efficiency of Labor Regulations and Public Services in Practice","IC.BRE.LB.P3","","","","","","","","","","","","","","","","","","","","","","","","","","","","","","","","","","","","","","","","","","","","","","","","","","","","","","","","","","","","","","","","","","",
"Zambia","ZMB","B-READY: International Trade Pillar 3: Efficiency of Importing Goods, Exporting Goods, and Engaging in Digital Trade","IC.BRE.IT.P3","","","","","","","","","","","","","","","","","","","","","","","","","","","","","","","","","","","","","","","","","","","","","","","","","","","","","","","","","","","","","","","","","","",
"Zambia","ZMB","B-READY: Financial Services Pillar 3: Operational Efficiency of Receiving Financial Services","IC.BRE.FS.P3","","","","","","","","","","","","","","","","","","","","","","","","","","","","","","","","","","","","","","","","","","","","","","","","","","","","","","","","","","","","","","","","","","",
"Zambia","ZMB","B-READY: Dispute Resolution Pillar 3:  Ease of Resolving a Commercial Dispute","IC.BRE.DR.P3","","","","","","","","","","","","","","","","","","","","","","","","","","","","","","","","","","","","","","","","","","","","","","","","","","","","","","","","","","","","","","","","","","",
"Zambia","ZMB","B-READY: Business Location Pillar 3: Operational Efficiency of Establishing a Business Location","IC.BRE.BL.P3","","","","","","","","","","","","","","","","","","","","","","","","","","","","","","","","","","","","","","","","","","","","","","","","","","","","","","","","","","","","","","","","","","",
"Zambia","ZMB","B-READY: Business Insolvency Pillar 3: Operational Efficiency of Resolving Judicial Insolvency Proceedings","IC.BRE.BI.P3","","","","","","","","","","","","","","","","","","","","","","","","","","","","","","","","","","","","","","","","","","","","","","","","","","","","","","","","","","","","","","","","","","",
"Zambia","ZMB","B-READY: Business Entry Pillar 3: Operational Efficiency of Business Entry","IC.BRE.BE.P3","","","","","","","","","","","","","","","","","","","","","","","","","","","","","","","","","","","","","","","","","","","","","","","","","","","","","","","","","","","","","","","","","","",
"Zambia","ZMB","Human capital index plus (HCI+): overall score, total (scale 0–325)","HD_HCIP_OVRL_TO","","","","","","","","","","","","","","","","","","","","","","","","","","","","","","","","","","","","","","","","","","","","","","","","","","","115.574801758008","","","","","128.570115555737","","","","","120.150046724398","","","","","129.684500367016",
"Zambia","ZMB","Human capital index plus (HCI+): on-the-job learning pillar score, male (scale -30–87)","HD_HCIP_OTJL_MA","","","","","","","","","","","","","","","","","","","","","","","","","","","","","","","","","","","","","","","","","","","","","","","","","","","","","","","","33.3304871745704","","","","","31.3583048077407","","","","","34.5035509149048",
"Zambia","ZMB","Human capital index plus (HCI+): health pillar score, female (scale 0–50)","HD_HCIP_HLTH_FE","","","","","","","","","","","","","","","","","","","","","","","","","","","","","","","","","","","","","","","","","","","","","","","","","","","29.8911153888702","","","","","34.1066049313545","","","","","37.5644778120518","","","","","39.5346286833286",
"Zambia","ZMB","Voice and Accountability - Governance score (0-100)","GOV_WGI_VA_SC","","","","","","","","","","","","","","","","","","","","","","","","","","","","","","","","","","","","","45.3294669","","44.0583382","","44.4497918","","48.2757397","48.6357064","49.5977272","52.1742441","54.5786275","54.5687158","55.1698861","54.682083","54.5736183","55.3578926","53.3350074","54.0561414","53.827881","53.4617289","51.3262502","50.3897813","48.5761874","48.4067563","48.6310279","47.1118942","50.0932016","50.3098947","49.7157692","",
"Zambia","ZMB","Regulatory Quality - Governance score (0-100)","GOV_WGI_RQ_SC","","","","","","","","","","","","","","","","","","","","","","","","","","","","","","","","","","","","","44.9708433","","49.2583166","","47.9768224","","41.6489831","41.9330153","43.7407766","45.3549421","44.5137702","46.930783","48.0166074","48.0863786","46.8625968","47.111708","46.8392456","46.563771","47.8940398","48.8337847","47.7012942","47.7215573","47.9651579","46.8385501","45.1981836","46.7843516","47.6502058","47.5213202","48.2283671","",
"Zambia","ZMB","Rule of Law - Governance score (0-100)","GOV_WGI_RL_SC","","","","","","","","","","","","","","","","","","","","","","","","","","","","","","","","","","","","","49.0494339","","49.0121314","","49.7976744","","51.0256374","49.8974655","48.8746024","50.3316675","49.0629701","49.8859584","51.2609112","51.0673493","50.4359936","51.3890001","48.5500103","49.9073737","49.712163","50.8371527","50.0226372","49.2119064","48.6730341","46.7905153","45.6611421","46.5926198","46.0981769","46.4837036","47.3064578","",
"Zambia","ZMB","Political Stability - Governance score (0-100)","GOV_WGI_PV_SC","","","","","","","","","","","","","","","","","","","","","","","","","","","","","","","","","","","","","63.8671575","","66.461803","","66.3845823","","59.564193","63.9244184","63.2091674","65.1633486","70.397865","70.7487603","70.1297949","72.4437129","72.283906","72.6105933","73.698915","71.2322807","64.9027312","67.2997785","62.3541274","62.2884333","60.9123088","59.590169","59.6094593","63.1907654","66.6738711","65.7039949","64.1728259","",
"Zambia","ZMB","Carbon dioxide (CO2) emissions from Industrial Processes (Mt CO2e)","EN.GHG.CO2.IP.MT.CE.AR5","","","","","","","","","","","0.2973","0.4544","0.4495","0.4003","0.4264","0.4015","0.4108","0.4686","0.455","0.4543","0.3972","0.4076","0.4318","0.4692","0.4052","0.4332","0.4394","0.4726","0.4404","0.4709","0.421","0.3612","0.352","0.3695","0.3079","0.3111","0.3248","0.3258","0.2985","0.2665","0.2891","0.2114","0.2245","0.2789","0.3411","0.3313","0.4146","0.4068","0.3502","0.4445","0.5552","0.5122","0.8094","0.8892","0.9166","0.9473","1.1422","1.2432","1.4762","1.3446","1.4912","1.468","1.2893","1.2905","1.3019","",
"Zambia","ZMB","Carbon dioxide (CO2) emissions from Agriculture (Mt CO2e)","EN.GHG.CO2.AG.MT.CE.AR5","","","","","","","","","","","0.0346","0.0346","0.0346","0.0346","0.0569","0.0506","0.0619","0.0671","0.044","0.0534","0.0687","0.0773","0.0676","0.0515","0.0418","0.0613","0.0652","0.071","0.0658","0.0685","0.046","0.049","0.0795","0.1042","0.0496","0.0435","0.0393","0.0451","0.0149","0.02","0.0094","0.0075","0.0124","0.0157","0.0112","0.0214","0.0327","0.0327","0.044","0.0621","0.1476","0.1874","0.1264","0.2072","0.2211","0.1739","0.1863","0.1495","0.1326","0.2099","0.1841","0.3074","0.2393","0.2517","0.2651","",
"Zambia","ZMB","Methane (CH4) emissions from Power Industry (Energy) (Mt CO2e)","EN.GHG.CH4.PI.MT.CE.AR5","","","","","","","","","","","0.0001","0.0001","0.0001","0.0001","0.0001","0.0001","0.0001","0.0001","0.0001","0.0001","0.0001","0.0001","0.0001","0.0001","0.0001","0.0001","0.0001","0.0001","0.0001","0","0","0","0","0","0","0","0","0.0001","0.0001","0","0.0008","0.0008","0.0008","0.0008","0.0008","0.0008","0.0008","0.0008","0.0007","0.0011","0.0013","0.0013","0.0014","0.0014","0.0017","0.0016","0.0017","0.0023","0.0027","0.0026","0.0026","0.0022","0.0024","0.0026","0.0026","",
"Zambia","ZMB","Methane (CH4) emissions from Fugitive Emissions (Energy) (Mt CO2e)","EN.GHG.CH4.FE.MT.CE.AR5","","","","","","","","","","","1.2208","1.2115","1.2399","1.2698","1.2924","1.322","1.3471","1.3699","1.4004","1.427","1.4578","1.4882","1.5252","1.5611","1.5955","1.63","1.7565","1.7937","1.8302","1.857","1.8862","1.9281","1.9804","2.0198","2.0633","2.0963","2.1278","2.212","2.3001","2.3879","2.4169","2.4584","2.5463","2.6592","2.775","2.9025","3.0364","3.1808","3.5415","3.7636","4.0216","4.2698","4.5769","4.8897","5.0402","5.2334","5.5249","5.7895","6.3282","6.9604","7.3248","7.8734","8.5649","8.5611","8.5633","",
"Zambia","ZMB","Total greenhouse gas emissions excluding LULUCF (Mt CO2e)","EN.GHG.ALL.MT.CE.AR5","","","","","","","","","","","10.0803","10.3364","10.9175","11.3773","11.5942","11.8849","12.3134","12.0597","11.8767","11.6785","11.7372","11.7092","14.4935","14.4432","13.0805","14.5798","15.1851","14.6411","14.9227","15.8006","15.8641","14.8157","15.381","14.9245","14.3828","14.0202","13.6595","13.2725","14.8502","14.5327","14.01","15.1786","14.4562","15.0111","15.2732","16.2935","16.2946","15.7682","16.7026","18.2625","19.9409","19.7789","23.2692","24.5537","25.548","26.2109","27.0611","29.2846","30.9647","32.3912","33.0129","34.1493","37.1091","37.492","38.519","",
"Zambia","ZMB","Disaster risk reduction progress score (1-5 scale; 5=best)","EN.CLC.DRSK.XQ","","","","","","","","","","","","","","","","","","","","","","","","","","","","","","","","","","","","","","","","","","","","","","","","","","","","3.75","","","","","","","","","","","","","","",
"Zambia","ZMB","PM2.5 pollution, population exposed to levels exceeding WHO Interim Target-2 value (% of total)","EN.ATM.PM25.MC.T2.ZS","","","","","","","","","","","","","","","","","","","","","","","","","","","","","","","100","","","","","100","","","","","100","","","","","100","","","","","100","100","100","100","100","93.6670333546299","98.3833994712738","98.0335661903731","","","","","","","","",
"Zambia","ZMB","Electric power consumption (kWh per capita)","EG.USE.ELEC.KH.PC","","","","","","","","","","","","","","","","","","","","","","","","","","","","","","","786.394438651409","761.246108260823","760.210745681621","764.994081028469","755.573315156043","734.369911867643","709.569346160001","661.357403321813","604.065971428354","607.391885322441","623.201233904503","642.894049840269","666.513335103314","683.109674018388","703.462754839878","706.385174137428","712.722059914327","660.958521171962","581.814875353689","556.989127592985","575.485725848825","613.459284228701","711.3627407521","724.33288999277","695.173389140133","718.149648434739","661.329091746139","719.383624633915","748.821783809326","714.546561628844","618.645030442991","675.079846275229","704.8103854634","726.743169079855","","",
"Zambia","ZMB","Alternative and nuclear energy (% of total energy use)","EG.USE.COMM.CL.ZS","","","","","","","","","","","","","","","","","","","","","","","","","","","","","","","12.56","13.8","9.86","12.3","12.14","11.61","10.59","11.25","10.65","10.82","11.16","11.01","10.82","10.56","10.48","10.71","11.33","11.02","10.18","10.15","10.2","10.58","10.75","11.04","11.13","9.96","8.21","8.77","9.04","7.81","7.72","9.26","9.3","8.9","","",
"Zambia","ZMB","Renewable energy consumption (% of total final energy consumption)","EG.FEC.RNEW.ZS","","","","","","","","","","","","","","","","","","","","","","","","","","","","","","","83","82.3","82.7","85.2","86.9","87.1","89.6","87","87.8","89.8","90","89.8","89.6","89.3","89.4","88.9","89.7","90.7","89.8","89.2","89.2","87.9","85.4","85.3","84.6","84","84","83.5","83.8","86.1","85.4","83","","","","",
"Zambia","ZMB","Electricity production from oil sources (% of total)","EG.ELC.PETR.ZS","","","","","","","","","","","","","","","","","","","","","","","","","","","","","","","0.287033570448022","0.254227920857743","0.30409001064315","0.207367650646499","0.368550368550369","0.517415446744069","0.474528960223308","0.390379045460269","0.539260818098119","0.489438433797012","0.433839479392625","0.438486594838386","0.42724609375","0.419262098706277","0.40950040950041","0.412256267409471","0.133731097623701","0.144568360181743","0.125418060200669","0.12063938876043","0.123668188736682","0.129746561716115","0.14475271411339","0.142151728265749","2.82310817324244","2.99148463532025","2.92566763054941","4.861445368906","2.80184331797235","4.06026212673963","2.10547028728847","0.671254512635379","0.0102600933668496","0.0410930758167249","","",
"Zambia","ZMB","Electricity production from hydroelectric sources (% of total)","EG.ELC.HYRO.ZS","","","","","","","","","","","","","","","","","","","","","","","","","","","","","","","99.2262573318358","99.2815297888803","99.0725254675384","99.2925103683825","99.3980343980344","99.3311458859162","99.288206559665","99.3073920161189","99.1582270156517","99.3302421432251","98.8898813321424","98.8849912302681","98.9013671875","98.9099185433637","98.982098982099","98.974930362117","99.4650756095052","99.4527054935977","99.5192307692308","99.3364833618176","99.267503805175","99.3253178790762","99.3164455166868","99.3640580577585","96.6880121187083","96.5346168085894","93.7659465895561","85.8694904765179","84.2150537634409","83.3063099581138","83.9039748130657","90.658844765343","87.6622377263633","87.7850832134785","","",
"Zambia","ZMB","Access to electricity, urban (% of urban population)","EG.ELC.ACCS.UR.ZS","","","","","","","","","","","","","","","","","","","","","","","","","","","","","","","34.7","35.1093902587891","39.2","37.5866508483887","38.8173828125","40.0386352539063","44.1","42.440071105957","48","44.7673645019531","44.1","47","45.1","48","47.6","51.6","52.7","47.8","55.2","56.4","49.8","58.9","60.1","61.4","61.5","67.7","69.9","75.2","76.3","79.5","82.6","85.7","87","89.9","80.3","",
"Zambia","ZMB","Access to clean fuels and technologies for cooking, urban (% of urban population)","EG.CFT.ACCS.UR.ZS","","","","","","","","","","","","","","","","","","","","","","","","","","","","","","","","","","","","","","","","","38.2","38.6","39.1","39.5","39.8","39.8","39.9","39.6","39.3","38.7","37.9","36.6","35.5","33.9","32.1","30.3","28.5","26.6","24.9","23","21.3","19.9","18.3","16.8","","",
"Zambia","ZMB","Public and publicly guaranteed debt service (% of exports of goods, services and primary income)","DT.TDS.DPPG.XP.ZS","","","","","","","","","","","","","","","","","","","25.2872541080059","16.708313008342","17.7018763739307","25.0167970326663","16.0756897385984","11.6424932754246","11.5708875308388","9.97779445597049","21.0530174676026","18.4903962592963","15.0589672369683","12.0462329617946","12.5638129671782","38.7535918451205","","","","","","17.8447952403467","19.0354828562507","13.5949924878049","17.4374584179409","11.7041137308648","12.612496664686","34.2332038843272","5.7834213534468","3.52619821913414","1.58033397690047","0.797191173285384","1.29042720010996","1.44204437224903","0.796271408571338","0.788259275977625","1.42879909201041","2.25205317541847","1.90071933708591","3.88569574777822","6.86201797903871","6.12939634788248","8.14032581587709","12.4943001827744","8.17063751280602","2.91018833815648","3.50838969555197","3.03359008087003","5.35156289771187","",
"Zambia","ZMB","IMF repurchases and charges (TDS, current US$)","DT.TDS.DIMF.CD","","","","","","","","","","","3570000","","","","","46152900","21936355","22160573.5","","34050751.6","83539491.6","87032483.6","149096312.2","175228792.8","130462891.5","49855292.7","229821701.5","4509727.5","569954.6","18111107","26537838","99973763.3","105679745.6","129269638.8","61759129","2244250652.6","10962428.7","5789210.7","5721530.7","9423115.8","9562961.9","49086685.3","68722017","77078466.1","255614871.5","85817341.9","4393706.4","3998844.2","1330521.9","2683379.3","3187840","5996187.1","12014349.2","18711976.8","35449971.1","61101171.7","69890752.5","65968535.3","61969725.8","50558554.8","17424484","3685351.6","24780431.9","71758499.2","71875798.5","",
"Zambia","ZMB","Net ODA received (% of central government expense)","DT.ODA.ODAT.XP.ZS","","","","","","","","","","","","","","","","","","","","","","","","","","","","","","","","","","","","","","","50.1844496466174","114.172734967502","","98.8506267024974","136.401810756902","99.8327244365173","103.972870270252","71.017923368425","80.9624523986973","49.2587345747653","37.9860411539025","57.1759034039456","29.7696470973522","30.3906224376713","22.7014220096056","22.879420409715","18.1479256544491","16.1556875199984","20.5783846900673","19.2210954876505","18.9044402805185","18.5371610192799","22.0999712719692","19.6068558838518","","","","",
"Zambia","ZMB","Net ODA received (% of GNI)","DT.ODA.ODAT.GN.ZS","0.146913286755662","0.147258785335953","0.962861476401547","0.845513478593269","2.891583986599","1.08872220514617","2.52116187583191","4.80627052818432","2.01892399686435","1.08876864841658","0.760037488767185","1.33437354410951","1.20669698606395","1.99966790578366","2.09712128773162","3.79406213178581","2.47139424258913","4.49258320263581","6.98372354215385","9.02719219868801","8.82444256064333","5.92471840552299","8.67898843133129","7.00189918813911","9.65033252652641","16.0781442275731","33.2429043225735","21.9830324942767","14.3084768518769","10.2213835095407","15.7841968342526","29.3349227115062","35.9487813697935","28.7201577897395","20.9077509759319","56.9615584657091","17.9304151623301","15.0448749030798","10.5021846768248","19.2326915951506","23.0700094775098","14.5270567243065","20.050971725985","16.1899846425487","19.3810241410627","15.1821345999271","12.6875440616236","8.17179405512954","6.7507524867077","8.52345319493535","4.68174678386279","4.63385959292291","3.81771924367104","4.25925918108282","3.75239855986919","3.82887273515553","4.75825898812421","4.20760688609291","3.86158215017163","4.13992284224419","5.85750157191414","5.34165217395963","6.61955080354939","5.48803893185948","","",
"Zambia","ZMB","Net official aid received (current US$)","DT.ODA.OATL.CD","","","","","","","","","","","","","","","","","","","","","","","","","","","","","","","","","","","","","","","","","","","","","","","","","","","","","","","","","","","","","","","","","","",
"Zambia","ZMB","Net official flows from UN agencies, WHO (current US$)","DT.NFL.WHOL.CD","","","","","","","","","","","","","","","","","","","","","","","","","","","","","","","","","","","","","","","","","","","","","","","","","","","","1500000","1392369.03190613","1468418.95580292","1975955.96313477","1892560.00518799","1439335.94226837","1810472.01156616","1626235.00823975","959927.976131439","614759.981632233","1828999.9961853","2191610.09788513","2186474.08485413","","",
"Zambia","ZMB","Net official flows from UN agencies, UNTA (current US$)","DT.NFL.UNTA.CD","","","","","","","","","","259999.990463257","319999.992847443","230000.004172325","310000.002384186","189999.997615814","129999.995231628","140000.000596046","239999.994635582","600000.023841858","600000.023841858","439999.997615814","280000.001192093","899999.976158142","1120000.00476837","1379999.99523163","1309999.94277954","1720000.02861023","1750000","2400000.09536743","1789999.96185303","1889999.98569489","1460000.03814697","1919999.95708466","1710000.03814697","2380000.11444092","1850000.02384186","3579999.92370605","1470000.02861023","2470000.02861023","1840000.0333786","2660000.08583069","2829999.92370605","2079999.92370605","2420000.07629395","2400000.09536743","2950000.04768372","3170000.07629395","2200000.04768372","2599999.90463257","1629999.99523163","","","","","","","","","","","","","","","","","",
"Zambia","ZMB","Net official flows from UN agencies, UNIDIR (current US$)","DT.NFL.UNID.CD","","","","","","","","","","","","","","","","","","","","","","","","","","","","","","","","","","","","","","","","","","","","","","","","","","","","","","","","","","","","","","","","","","",
"Zambia","ZMB","Net bilateral aid flows from DAC donors, Netherlands (current US$)","DC.DAC.NLDL.CD","","","","","","","","","","","490000.009536743","639999.985694885","769999.980926514","1110000.01430511","1700000.04768372","1899999.97615814","2309999.94277954","4900000.09536743","8079999.92370605","14189999.5803833","27829999.9237061","18750000","15300000.1907349","12090000.1525879","19639999.3896484","15680000.3051758","47450000.7629395","29549999.2370605","25780000.6866455","23170000.0762939","43009998.3215332","17229999.5422363","42130001.0681152","27479999.5422363","28190000.5340576","41950000.7629395","26620000.8392334","24340000.1525879","22469999.3133545","13470000.2670288","51189998.626709","29639999.3896484","35450000.7629395","35009998.3215332","53549999.2370605","55939998.626709","55700000.7629395","71540000.9155273","85050003.0517578","64790000.9155273","36270000.4577637","21879999.1607666","8490887.64190674","7100918.76983643","42353.0004918575","9925.99967867136","","","","","","","","","","",
"Zambia","ZMB","Net bilateral aid flows from DAC donors, Japan (current US$)","DC.DAC.JPNL.CD","","","","","","","","","","","50000.0007450581","59999.9986588955","100000.001490116","7989999.77111816","7949999.80926514","5630000.11444092","629999.995231628","750000","27950000.7629395","23500000","13079999.9237061","13789999.961853","23739999.7711182","19110000.6103516","4900000.09536743","41250000","52220001.2207031","41680000.3051758","90589996.3378906","63020000.4577637","40110000.6103516","83150001.5258789","116550003.051758","90860000.6103516","106309997.558594","78500000","42279998.7792969","43500000","33599998.4741211","59409999.8474121","31930000.3051758","47040000.9155273","68379997.253418","28319999.6948242","14250000","131940002.441406","31530000.6866455","94610000.6103516","37139999.3896484","36639999.3896484","46139999.3896484","46459999.0844727","47819999.6948242","66599998.4741211","50119998.9318848","24350000.3814697","38939998.626709","25354370.1171875","34425788.8793945","45079227.4475098","20156858.4442139","26460611.3433838","17212221.1456299","25835525.5126953","","",
"Zambia","ZMB","Net bilateral aid flows from DAC donors, Hungary (current US$)","DC.DAC.HUNL.CD","","","","","","","","","","","","","","","","","","","","","","","","","","","","","","","","","","","","","","","","","","","","","","","","","","","","9999.99977648258","","","","1278.99996004999","2114.00003172457","2167.99997724593","","4257.99982622266","4867.99981445074","20339.9993479252","","","","",
"Zambia","ZMB","Net bilateral aid flows from DAC donors, Finland (current US$)","DC.DAC.FINL.CD","","","","","","","","","","","","50000.0007450581","100000.001490116","620000.004768372","2410000.08583069","2990000.00953674","6409999.84741211","5170000.07629395","6010000.22888184","6769999.98092651","7550000.19073486","6380000.11444092","8579999.92370605","10239999.7711182","9350000.38146973","11810000.4196167","16620000.8392334","26299999.2370605","23840000.1525879","25090000.1525879","24940000.5340576","25379999.1607666","31100000.3814697","15159999.8474121","13079999.9237061","11890000.3433228","11739999.7711182","8479999.54223633","7119999.88555908","3779999.97138977","3349999.90463257","4000000","5320000.17166138","4670000.07629395","6070000.17166138","8819999.69482422","8539999.96185303","21209999.0844727","16510000.2288818","24520000.4577637","21680000.3051758","18809999.4659424","14139589.3096924","40565044.4030762","28638437.2711182","15891890.5258179","10978996.2768555","10902852.0584106","6393094.06280518","8560803.41339111","2708440.06538391","4495435.23788452","4873649.12033081","4686256.88552856","","",
"Zambia","ZMB","Net bilateral aid flows from DAC donors, Germany (current US$)","DC.DAC.DEUL.CD","","","","","79999.9982118607","129999.995231628","109999.999403954","319999.992847443","839999.973773956","1220000.02861023","1250000","1600000.02384186","1809999.94277954","7019999.98092651","7909999.84741211","5460000.03814697","3809999.94277954","5380000.11444092","17270000.4577637","22540000.9155273","35340000.1525879","17559999.4659424","28799999.2370605","25020000.4577637","19219999.3133545","18729999.5422363","32529998.7792969","37220001.2207031","52000000","28219999.3133545","78610000.6103516","113069999.694824","128960006.713867","128619995.117188","54500000","70949996.9482422","79650001.5258789","16940000.5340576","49970001.2207031","64730003.3569336","112230003.356934","13810000.4196167","44220001.2207031","233160003.662109","36220001.2207031","118150001.525879","287540008.544922","40680000.3051758","45470001.2207031","55529998.7792969","33279998.7792969","39560001.373291","34071384.4299316","35825469.9707031","38180297.8515625","31993589.4012451","27436401.3671875","32846145.6298828","39614269.2565918","33518409.7290039","57196353.9123535","47506797.7905273","56707832.3364258","50476978.302002","","",
"Zambia","ZMB","Net bilateral aid flows from DAC donors, Canada (current US$)","DC.DAC.CANL.CD","","","","","9999.99977648258","109999.999403954","419999.986886978","439999.997615814","600000.023841858","550000.011920929","560000.002384186","1389999.98569489","1700000.04768372","2589999.91416931","3910000.08583069","6320000.17166138","6000000","11539999.961853","15939999.5803833","3470000.02861023","15960000.038147","6139999.8664856","16989999.7711182","10829999.9237061","18829999.9237061","10909999.8474121","13350000.3814697","25659999.8474121","30389999.3896484","15899999.6185303","13949999.8092651","23229999.5422363","25959999.0844727","13579999.9237061","10130000.1144409","18739999.7711182","9529999.73297119","11760000.2288818","7829999.92370605","9319999.69482422","8409999.84741211","8939999.5803833","12210000.038147","17530000.6866455","24979999.5422363","49700000.7629395","10619999.8855591","23829999.9237061","14250000","12949999.8092651","8689999.5803833","7530000.20980835","6353242.87414551","5686153.88870239","7842755.79452515","2801572.08442688","1312811.01703644","1931521.05808258","4248189.92614746","3979917.04940796","5046219.82574463","8002450.94299316","17744426.7272949","5734551.90658569","","",
"Zambia","ZMB","Stocks traded, turnover ratio of domestic shares (%)","CM.MKT.TRNR","","","","","","","","","","","","","","","","","","","","","","","","","","","","","","","","","","","","0.0514066735208898","1.22552407279429","1.5943559798314","0.458314382675017","2.0801345324267","","1.66666666666667","","0.8628333223053","0.132728881562201","0.441050255888617","0.407781721624624","","","","","0.643749195313506","","","","","","","","","0.3215","1.6996","0.378","0.6108","0.1863","",
"Zambia","ZMB","Market capitalization of listed domestic companies (% of GDP)","CM.MKT.LCAP.GD.ZS","","","","","","","","","","","","","","","","","","","","","","","","","","","","","","","","","","","","11.2414464039995","6.0338245076642","11.6601525174528","8.07944741857011","8.03516770176556","","7.32700698166154","","15.4155462378951","26.522275635625","30.2059435505681","23.1448824770365","","","","","13.5743213898165","","","","","","","","","14.9769831640579","18.259838291498","13.8433005038651","12.5325819685149","30.6883496878705","51.6189405371113",
"Zambia","ZMB","Personal remittances, received (current US$)","BX.TRF.PWKR.CD.DT","","","","","","","","","","","","","","","","","","","","","","","","","","","","","","","","","","","","","","","","","","","","36300000","48400000","52870000","57680000","59300000","68195000","41264000","43657312","46276750.72","72864000","53980262.0605766","58300302.4332848","47046538.1293303","38464441.0005245","93644095.262211","106965625.944342","98259120.8108228","134864831.718128","239709361.21013","243486022.923906","245688116.971317","334313585.697514","",
"Zambia","ZMB","Foreign direct investment, net inflows (% of GDP)","BX.KLT.DINV.WD.GD.ZS","","","","","","","","","","","0.532206515289301","0.509296980195756","1.54880055857944","1.31457044904813","1.30540173840158","1.55567336946283","1.13020745972677","1.70794944022453","1.37316094252159","1.04966671678444","1.58835139487313","-0.95805359499627","1.00746112980836","0.773852004209318","0.632464800715879","2.28639468617875","1.7002986254498","3.28881880680764","2.50209302306719","4.09795728965057","6.16412608064376","1.01575254601441","1.41384462501141","9.6043832825919","1.09385070431742","2.81062427616587","3.53328309110399","4.81956998648727","5.59679036097289","4.7587086630329","3.37996207983055","3.54138670780308","7.11494136195091","7.07893144253237","5.85168864010044","4.28403218909524","4.82712872237458","9.41811167277731","5.24050811284723","4.53277977632725","8.53319643791576","4.72516156867912","6.78938124085044","7.48932505567266","5.55542791808588","7.44741668984243","3.16251974813899","4.28050117059574","1.55231886738395","2.3509190433173","1.35190577412928","1.78407846118257","-0.223286755156161","2.32465335614826","9.32437789659637","",
"Zambia","ZMB","Exports of goods, services and primary income (BoP, current US$)","BX.GSR.TOTL.CD","","","","","","","","","","","","","","","","","","","951800000","1534400000","1624900000","1169400000","1078800000","1024600000","972800000","867600000","740800000","900900000","1250800000","1426500000","1361900000","1265500000","","","","","","1269000000","960700000","922500000","891370000","1076225000","1146069000","1283517000","2108306000","2841615061.69112","4566821169.12716","5262387091.80765","5661200313.64614","4905923150.59378","8062708256.11946","9430146357.34017","10520978347.5216","11606702752.5418","11076961547.7681","8231734362.70432","7490084828.83633","9153633486.17242","10010121570.4497","8303036759.35565","8595051621.11666","11740148622.6982","12470403739.7752","11513858981.8907","12842764555.6377","",
"Zambia","ZMB","Insurance and financial services (% of service exports, BoP)","BX.GSR.INSF.ZS","","","","","","","","","","","","","","","","","","","5.50133096716948","4.15584415584416","4.02906208718626","2.68324607329843","2.38290879211175","2.94117647058824","3.04635761589404","3.9647577092511","4.46808510638298","5.24109014675052","6.19621342512909","4.68933177022274","3.65168539325843","3.7394451145959","","","","","","","","0.375234521575985","4.42570211285975","3.88780894196057","5.37634408602151","4.12121212121212","4.5297670405522","1.45595412891441","1.51169137600608","2.68046304128112","3.0923559929695","1.13271099316608","1.27816088774691","1.14645164514247","34.0695458924541","9.91026798578492","9.33873701453104","9.75635175592022","10.0454562113652","9.86447933344938","8.97913051765412","8.92510819820712","9.20469606444879","2.41510998317086","0.755511179353627","1.07375540149546","1.44125451463136","",
"Zambia","ZMB","ICT service exports (% of service exports, BoP)","BX.GSR.CCIS.ZS","","","","","","","","","","","","","","","","","","","","","","","","","","","","","","","","","","","","","","2.68096514745308","2.83203125","2.25140712945591","0.0521693765759499","2.84643154679256","3.7287547693375","2.72727272727273","4.4434857635893","2.18393119337161","3.77033613780339","3.51806306729745","3.87365899361339","3.56636506020586","4.0457030812785","3.92328209766546","2.79423392353226","3.86836818949964","3.65302479275086","3.82435767107329","3.94577242853034","4.28001681882376","3.14629563872988","1.8300028794426","4.14690628206342","8.01516227025348","2.72916859324152","2.68120744982854","1.81427980260639","",
"Zambia","ZMB","Net capital account (BoP, current US$)","BN.TRF.KOGT.CD","","","","","","","","","","","","","","","","","","","","","","","","","","","","","","","","","","","","","","","203000000","196000000","152700000","222000000","236000000","240000000","239000000","287000000","229400000","222800000","230000000","237310000","149692826.086956","151000000","223000000","277900000","51000000","81000000","55000000","58445655.7176279","66180725.2898673","96570245.1793123","79841562.1987986","77113821.260543","76033045.8694321","77563869.8706186","1335346408.05258","",
"Zambia","ZMB","Foreign direct investment, net (BoP, current US$)","BN.KLT.DINV.CD","","","","","","","","","","","","","","","","","","","-38600000","-35200000","-61700000","38400000","-39000000","-25700000","-17200000","-51500000","-28300000","-74500000","-93300000","-163700000","-202700000","-34300000","","","","","","-207400000","-198000000","-162000000","-121700000","-145000000","-298390000","-347000000","-389040000","-356940000","-615790000","-1323900000","-938620000","-425242000","-633900000.000001","-1109900000","-2433397000","-1690332000","-2483800000","-1724246017.62667","-486094167.875033","-1179567675.0405","-363115724.398513","148245626.875647","-181166849.039795","-674299354.830292","-187643340.863564","-487876885.093601","-2048820281.14575","",
"Zambia","ZMB","Net primary income (BoP, current US$)","BN.GSR.FCTY.CD","","","","","","","","","","","","","","","","","","","-153700000","-169500000","-205000000","-109600000","-188300000","-238100000","-182600000","-410400000","-352300000","-327800000","-600700000","-507700000","-437400000","-685800000","","","","","","-248800000","-214200000","-133700000","-235700000","-183300000","-265003351.955307","-165608346.972177","-375400000","-593790000","-1166957000","-1486126506.7","-1399320000","-418706999.999999","-1363012065","-1156978041.63362","-333475968.155416","-1153266000","-1516556280","-349069539.41112","-653955014.255189","-1144710587.25527","-407862251.63545","-403908054.20031","-774884300.180538","-1708666304.6201","-1613634116.18156","-1668300499.57697","-2750106606.19511","",
"Zambia","ZMB","Personal remittances, paid (current US$)","BM.TRF.PWKR.CD.DT","","","","","","","","","","","","","","","","","","","70300003.05","113900001.5","82400001.53","69400001.53","36799999.24","39000000","25799999.24","23700000.76","41900001.53","19100000.38","23600000.38","25700000.76","14900000","18700000","","","","","","59000000","39200000","21800000","24100000","28400000","37500000","71500000","76100000","93662000","115457000","123930000","138885000","65617000","68063986","70413825.16","96922000","77324470.741963","81199881.1354425","72104698.870737","63405836.4378632","121370620.673676","132001364.063928","103806723.85359","88510886.0824227","122331951.706984","131254122.967163","135387612.5706","118804959.83059","",
"Zambia","ZMB","Travel services (% of service imports, BoP)","BM.GSR.TRVL.ZS","","","","","","","","","","","","","","","","","","","9.59273797841021","7.12719298245614","8.52403624635233","11.3601368691189","20.9985315712188","6.25748502994012","8.26161790017212","8.56581532416503","15.6941649899396","20.5829596412556","16.9145624351435","22.1671547645866","14.011914011914","23.8974641675854","","","","","","9.22967696130635","8.63309352517986","14.0614780902551","13.029448346306","11.8922085849745","12.5667022411953","12.0475954387705","12.2736418511066","13.7368279278766","12.3158689015855","8.70857705871062","14.0944168572399","14.2626832173499","11.7675495840366","10.1497941237043","12.3692559309972","11.5434340094879","13.5147822628685","16.3682046407704","17.7532054910102","15.1458432419611","16.6490732618803","19.4525639483471","21.6730639141828","19.0620865186853","26.8087928739929","13.8892675869612","12.0251078174214","",
"Zambia","ZMB","Service imports (BoP, current US$)","BM.GSR.NFSV.CD","","","","","","","","","","","","","","","","","","","407600000","456000000","651100000","584500000","408600000","334000000","290500000","254500000","198800000","223000000","289100000","443900000","386100000","362800000","","","","","","281700000","278000000","305800000","334626600","366626600","374800000","403400000","447300000","412244225.184782","514040595.298691","834994092.369695","834726858.25286","671765199.608027","888111627.592682","1093019088.0308","1333943758.34939","1816236562.32796","1644387981.17263","1432401478.32059","1393289891.57974","1474251547.16778","1677527474.34681","1533998038.24856","1079349932.65968","1304928009.0097","1884975976.87408","1731999218.07188","1992304745.68674","",
"Zambia","ZMB","Primary income payments (BoP, current US$)","BM.GSR.FCTY.CD","","","","","","","","","","","","","","","","","","","162100000","180600000","221200000","130000000","203400000","241000000","187300000","412900000","353600000","328900000","603900000","508900000","439000000","696200000","","","","","","295500000","258100000","177600000","255100000","204700000","306603351.955307","197608346.972177","407400000","607710000","1186687000","1521365506.7","1428856000","424170999.999999","1371379000","1168104643.85122","343567849.705416","1158575000","1522500000","357338577.74312","724117781.846449","1217854128.47083","435377470.844246","449064642.666844","811457702.760777","1721293394.74539","1640339171.78991","1728259291.22286","2846221906.93081","",
"Zambia","ZMB","Intentional homicides, male (per 100,000 male)","VC.IHR.PSRC.MA.P5","","","","","","","","","","","","","","","","","","","","","","","","","","","","","","","","","","","","","","","","","","","","","","","","","","","","","","","","","","","","","","","","","","",
"Zambia","ZMB","Battle-related deaths (number of people)","VC.BTL.DETH","","","","","","","","","","","","","","","","","","","","","","","","","","","","","","","","","","","","","","","","","","","","","","","","","","","","","","","","","","","","","","","","","","",
"Zambia","ZMB","High-technology exports (current US$)","TX.VAL.TECH.CD","","","","","","","","","","","","","","","","","","","","","","","","","","","","","","","","","","","","","","","","","","","","","","","","","4001399","4979110","2600041","11889970","46122333","16747925","18101351","29388136","182881125","36185168","25103534","21464462","10714229","10218867","8748554","14668136","23417908","",
"Zambia","ZMB","Merchandise exports to low- and middle-income economies within region (% of total merchandise exports)","TX.VAL.MRCH.WR.ZS","","","","","13.2699077073957","11.1941728963006","8.57270427146897","7.74336589973083","3.48760111391062","2.07323690661078","2.25334228530977","4.23489158023156","3.80873176352923","2.15161603273383","3.36400937205008","3.26331389499596","3.00590933760237","3.22496980032687","3.1128450686458","3.15902959118441","3.8944320070276","4.54382547973774","5.92700199343353","5.92700199343353","5.6676474645264","7.99156324107493","6.80714474577299","6.31397621869782","6.54373048820143","9.09537455599327","8.24734299990253","14.0035919417595","9.88975901795588","5.57854541127611","12.9641680270133","13.0285866567807","23.1213474235868","13.690580454488","23.8419995867673","44.6579238026367","44.7393513638533","31.3121741537625","36.3523220500572","45.5227507085495","49.348742134117","24.3149453795744","19.9619214297974","24.073357273342","20.721271740981","23.2581634307407","19.3051831153401","22.527588280557","28.8656957748339","30.85656691639","24.6585806761824","24.485495386681","21.9470861127893","19.4997812007956","20.7747158454975","24.0106368510016","21.0831715686415","19.2675044248233","24.8625992272166","29.5399723790313","","",
"Zambia","ZMB","Merchandise exports to low- and middle-income economies in South Asia (% of total merchandise exports)","TX.VAL.MRCH.R5.ZS","","","","","1.61993660356211","0.191681042744873","0.133948504241703","0.80319490688455","1.00782389603501","1.89978107516419","3.62463767821972","4.2507841093406","4.48628052094884","4.4730533799538","3.03358067221518","1.12227644039138","5.55176557505122","2.37843151187854","6.63067930954734","6.03788947072691","5.36771960417329","10.3827360903219","9.15849181628498","9.15849181628499","7.08147625759692","8.91873954933551","12.8413759991662","12.7092279589745","6.82758751419868","7.24387207296845","6.59552024291394","13.5163334722224","4.67950826934986","13.2997160732468","16.6159304106681","11.8370530813523","10.7785267295326","11.4024256185688","5.15004379870491","7.35982818709943","1.58318597557527","3.26550184840712","3.32743606276653","3.62286063195018","1.08008628123217","2.64090179662335","4.97181107704746","2.17917452249347","1.24411901188301","1.92480315483889","0.307365811147672","0.434177322735029","0.743862212011076","1.20102725112811","0.421729862682409","0.330804691419857","1.08608799301176","2.21716065581902","2.13080879885","0.781310231416832","0.536977030270299","1.05465952882188","0.478085860233279","1.25623361377867","","",
"Zambia","ZMB","Merchandise exports to low- and middle-income economies in East Asia & Pacific (% of total merchandise exports)","TX.VAL.MRCH.R1.ZS","","","","","0.667457662737955","","0.0892990028278018","1.34939209562534","0.318260177695266","1.38530771101922","4.8389354179809","6.99349185352074","2.41803100471811","2.51737801714959","2.66622037856764","2.71969265304881","2.81115487275267","3.43920983443473","3.47473351134285","4.4998970647192","3.85731096127939","3.13132967587194","5.95957950630663","5.95957950630663","16.3092281172609","13.5554602907968","12.8792431859354","15.5268118969281","8.54563190887177","8.41139027348232","14.8843317314064","13.3464274684752","16.6126710853023","16.0937989788098","19.1349198619814","17.0701322548101","21.3919009774682","13.7132868393073","8.58432159791569","7.19808856095932","0.13473692186938","0.855617799052251","0.610518619051879","2.10626858714984","2.40457952532409","15.830039383797","17.0825686367712","11.2016115416348","7.8413409829026","12.0356566429912","20.6468069980519","17.3571172835209","19.3319622384503","21.3749011930671","9.4945832252349","15.0695842145094","18.606038799662","16.7639970112134","15.0036966045508","21.4115321592754","18.7597674034308","18.6236824701399","21.0175587525083","18.1418987748637","","",
"Zambia","ZMB","Merchandise exports to economies in the Arab World (% of total merchandise exports)","TX.VAL.MRCH.AL.ZS","","","","","","","0.014883167137967","","0.0132608407373027","0.0237636360234268","0.28742335208245","0.272198513269483","0.076370317222186","0.124590235547442","0.0715314576696992","0.612367118847079","0.278942565119445","0.462824794523793","0.551768181149213","0.945379289421504","0.638268930094433","0.751168836223463","0.69343563115607","0.69343563115607","1.08560711874718","1.82616947787064","10.9560044372739","8.55284201700541","5.76515413318401","6.29556349957066","5.70670994052467","3.08599121911826","11.8684006707814","8.6290919510775","12.247963708435","9.67930135492466","12.4370334614787","10.5253824944586","10.2285840105833","4.64590247773299","0.0716523446424169","0.423238037450291","0.618531756406218","0.840379224039083","0.122840361224021","6.43383366949943","8.60563413049933","10.7878328378292","10.7185767330991","9.35612178012903","3.64767158108477","1.22550656714919","2.58292575756851","5.28156571142116","2.71073677263661","1.05220406838094","5.59408058863408","3.71491186689446","2.72963428440124","0.68312022033294","0.353712025923495","0.337909486732022","0.372064553707978","0.408278319073832","","",
"Zambia","ZMB","ICT goods exports (% of total goods exports)","TX.VAL.ICTG.ZS.UN","","","","","","","","","","","","","","","","","","","","","","","","","","","","","","","","","","","","","","","","","0.02","0.1","0.76","0.03","0.02","0.04","0.06","0.15","0.1","0.09","0.04","0.04","0.12","0.23","0.1","0.49","3.9","0.4","0.12","0.09","0.04","0.03","0.03","0.05","0.06","",
"Zambia","ZMB","Export unit value index (2015 = 100)","TX.UVI.MRCH.XD.WD","","","","","","","","","","","","","","","","","","","","","86.8","71","57.4","64.9","60.5","53","44.7","60.5","89","78","92.5","87.6","83.7","76.7","77.6","96.4","74.1","71.4","50","38.6","43.8","40.5","39.8","44","58.7","70.3","109.4","117.3","119.8","94.2","129","150.1","135.5","126","120","100","92.4","110.8","117.1","109","111.5","160.6","163.8","159.4","168.5","",
"Zambia","ZMB","Travel services (% of commercial service imports)","TM.VAL.TRVL.ZS.WT","","","","","","","","","","","","","","","","","","","9.83153130500377","7.30829772880594","8.69360902255639","11.8086430730927","22.0338983050847","6.51496259351621","8.55005343783399","8.74799357945425","17.4107142857143","22.1311475409836","18.778801843318","24.1117373192845","14.6176708997568","24.6097076355379","","","","","","9.22967696130635","8.63309352517986","14.4489247311828","13.5266527801305","12.3468467116326","13.0615640599002","12.5322331098504","13.1402584968885","14.6281743769301","12.9852911590123","9.01174063402572","14.6157736364448","14.9658313281035","12.3036271504438","10.5455329672661","12.7860014990834","11.8439756944075","13.9285799277937","16.9821346662428","18.4813008622652","15.7681615133037","17.2845465481802","20.2509983868112","22.4769111905648","19.4934165510201","27.2522191259469","14.1500150267232","12.2229800217061","",
"Zambia","ZMB","Import value index (2015 = 100)","TM.VAL.MRCH.XD.WD","","","","","","","","","","","","","","","","","","","","","","","","","","","","","","","","","","","","","","","","","","","","","","31.9","38.4","50.1","63.4","48","67","90.3","110.8","127.8","122.2","100","91.9","100.6","118.6","90.1","66.6","88","113.3","127.6","141","",
"Zambia","ZMB","Merchandise imports from low- and middle-income economies in Sub-Saharan Africa (% of total merchandise imports)","TM.VAL.MRCH.R6.ZS","","","","","62.5733312527151","55.777166437414","45.872641509434","37.9844175531681","36.5289759464123","36.7331459420871","30.3465900015973","27.1709258036328","22.6964407696367","20.8327284187119","13.2683232583789","9.87741867023644","11.4038446038527","10.6668111442909","9.82460355228242","15.4182897701159","19.1846991790006","21.3757242219561","22.1800908449946","22.1800908449947","29.5843953819626","25.9393668048743","22.9975836958861","29.0305942169372","24.5164385264641","31.2565809594594","30.1947868714461","31.4595176393345","36.5544226256116","52.7920524041833","50.2884662119364","44.8145332460503","51.246133687055","55.6354580803006","52.5977564540703","58.3999051145534","69.6371675498499","68.2533640598952","67.7324516446527","67.7355945769275","57.2282244786551","58.9427175698531","59.7466090478408","59.1072166663848","60.9165265583215","60.4155032552136","63.25731645843","59.5887527703354","55.753887892488","62.3947005319023","62.3322895836368","60.4039474416202","58.1814153339248","58.3859077234776","52.3914422280148","44.6514092934256","43.7547216327678","44.1820022872761","45.4332544342606","37.487227355141","","",
"Zambia","ZMB","Merchandise imports from low- and middle-income economies in Europe & Central Asia (% of total merchandise imports)","TM.VAL.MRCH.R2.ZS","","","","","","","","","","0.000637385190992474","0.000973895699666151","0.104560645174201","0.00248099147035132","0.000531144545676661","0.000964302718730978","0.000204064141440938","0.00014392796693111","0.00126652462827502","0.00369612322874844","0.00125578603415236","0.00472081042827025","0.000764206322606423","0.00132316887604365","0.00132316887604363","0.0012182322512932","","","","0.032940968239709","","0.00042525871025179","0.0145678604268091","0.00344085880300161","0.0339274124503964","0.0121621316290785","0.00382805210990853","0.0146041127195778","0.0235921184848618","0.0480883810699173","0.0510854752100146","0.0150668759330524","0.0540114376814645","0.115291064302831","0.0359616032295706","0.0457119611978068","0.039310555111257","0.083264462801181","0.0661460530149406","0.0700041476546614","0.09433755401366","0.130598970397493","0.0805753781407411","0.238584057806131","0.203570234858601","0.147687658376433","0.720443229422114","0.742600813911734","0.145089061493455","0.359098038022906","0.631205611592093","0.67929104549131","0.532341019231331","0.73665446945772","0.479081036673355","","",
"Zambia","ZMB","Merchandise imports (current US$)","TM.VAL.MRCH.CD.WT","210000000","228000000","175000000","164000000","219000000","299000000","345000000","440000000","457000000","437000000","477000000","556000000","565000000","533000000","787000000","929000000","674000000","671000000","618000000","749000000","1339000000","1261000000","1201000000","851000000","730000000","654000000","648000000","816000000","835000000","906000000","1220000000","818000000","795000000","809000000","594000000","700000000","835000000","819000000","1100000000","822000000","888000000","1082000000","1102000000","1574000000","2152000000","2558000000","3074000000","4007000000","5060000000","3832000000","5321000000","7178000000","8805000000","10586000000","9707000000","7935000000","7290000000","7988000000","9466000000","7173000000","5286000000","6981000000","9004000000","10125000000","11268000000","13171000000",
"Zambia","ZMB","Insurance and financial services (% of commercial service imports)","TM.VAL.INSF.ZS.WT","","","","","","","","","","","","","","","","","","","4.65174754840332","4.25005621767484","4.11967418546366","3.50346789969767","4.21160760143811","4.27057356608479","4.63127894549341","5.4975922953451","6.02678571428571","5.3519768563163","5.68356374807988","4.92526341582945","5.26884625776817","3.49134260573375","","","","","","-0.035498757543486","0.107913669064748","0.30241935483871","6.14283773042622","7.16456930743818","6.738768718802","7.24600309437855","8.35327908089995","3.85928877388772","3.72755909461572","3.02640863157396","3.75995884449129","3.70980898800359","3.7783339864061","9.3773960046203","11.2091425326603","7.71261478423673","9.22652816917045","11.0997278295294","10.7793551490861","11.3874614581607","8.89947781326024","9.48195754237497","6.89572783853519","2.44021121459774","10.7354763622125","11.5317034991653","7.89983720606855","",
"Zambia","ZMB","Agricultural raw materials imports (% of merchandise imports)","TM.VAL.AGRI.ZS.UN","","","","","","","1.22340281653908","1.00045965620309","","","1.10863096635759","1.25560690956089","1.10102043117215","0.958699563810397","1.54653841654711","1.22421179720062","0.651004230444252","0.831280327288479","1.24693298210241","1.14953681859703","","","","","","","","","","","","","","","","2.31152412100854","2.10612243802612","2.21560097121564","3.48249207709618","3.22251224843189","2.48169915889146","1.98327199115538","1.53078740535269","1.26615969690712","1.0914453584583","1.2804911393478","0.696093745832294","0.426353047473406","0.438605331987028","0.681523824388453","0.572941559809103","0.54901100159547","0.547919944153018","0.528701135613211","0.441981388332881","0.511148534497069","0.67649770747142","0.504077404365783","0.513398134085886","0.722744755557184","0.729295121977928","0.801474694392821","1.20472912867907","1.07313976263078","0.697535607097161","",
"Zambia","ZMB","Tariff rate, most favored nation, simple mean, primary products (%)","TM.TAX.TCOM.SM.FN.ZS","","","","","","","","","","","","","","","","","","","","","","","","","","","","","","","","","","29.28","","","","15.97","","","","18.67","18.09","16.27","19.85","16.4","19.75","18.24","18.22","16.55","16.54","16.52","17.31","17.24","","17","18.24","","17.66","","17.67","19.72","19.92","","","",
"Zambia","ZMB","Tariff rate, most favored nation, weighted mean, all products (%)","TM.TAX.MRCH.WM.FN.ZS","","","","","","","","","","","","","","","","","","","","","","","","","","","","","","","","","","17.89","","","","11.33","","","","14.28","10.68","10.98","12.58","10.45","11.56","9.63","9.61","8.73","7.81","8.47","8.41","8.57","","8.94","16.88","","7.44","","9.39","9.39","8.67","","","",
"Zambia","ZMB","Bound rate, simple mean, all products (%)","TM.TAX.MRCH.BR.ZS","","","","","","","","","","","","","","","","","","","","","","","","","","","","","","","","","","","","","","105.26","","","","105.26","105.26","105.26","105.79","105.79","105.79","106.1","106.1","106.1","106.1","106.1","107.26","107.26","","107.26","107.26","","107.61","","107.61","107.61","","","","",
"Zambia","ZMB","Tariff rate, most favored nation, simple mean, manufactured products (%)","TM.TAX.MANF.SM.FN.ZS","","","","","","","","","","","","","","","","","","","","","","","","","","","","","","","","","","25.98","","","","13.62","","","","13.66","11.7","13.28","13.53","13.18","13.35","13.08","13.01","12.72","12.44","12.46","12.4","11.76","","11.69","13.59","","11.9","","12.76","12.59","12.54","","","",
"Zambia","ZMB","Import volume index (2015 = 100)","TM.QTY.MRCH.XD.WD","","","","","","","","","","","","","","","","","","","","","","","","","","","","","","","","","","","","","","","","","","","","","","38.7","43.3","51.5","57.2","49.7","63.4","75.4","94","112","108.8","100","95.7","96.8","106.3","83.3","62.8","70.2","80.8","93.2","105.8","",
"Zambia","ZMB","International tourism, expenditures for travel items (current US$)","ST.INT.TVLX.CD","","","","","","","","","","","","","","","","","","","","","","","","","","","","","","","","","","","","","","26000000","24000000","43000000","44000000","44000000","47000000","49000000","55000000","57000000","63000000","73000000","118000000","96000000","105000000","111000000","165000000","210000000","222000000","234000000","247000000","223000000","279000000","298000000","234000000","","","","","",
"Zambia","ZMB","International tourism, receipts (% of total exports)","ST.INT.RCPT.XP.ZS","","","","","","","","","","","","","","","","","","","","","","","","","","","","","","","","","","","","","","","","","","","","","","","","","","","","","","","","","","","","","","","","","","",
"Zambia","ZMB","Unmet need for contraception (% of married women ages 15-49)","SP.UWT.TFRT","","","","","","","","","","","","","","","","","","","","","","","","","","","","","","","","","30","","","","25.2","","","","","","27.5","","","","","26.6","","","","","","","21.1","","","","19.7","","","","","","","",
"Zambia","ZMB","Rural population (% of total population)","SP.RUR.TOTL.ZS","82.7763945903897","81.8510695048521","80.9031039262902","79.9233928760775","78.6946019840457","77.1383652973953","75.4077438578252","73.6425184241367","71.9824697551315","70.5797196765712","69.3496676309385","68.0886289549657","66.8128904223887","65.5560781434481","64.3518182283846","63.233736787439","62.2354599308518","61.3906137688638","60.7328244117156","60.2957179696481","60.1142774025915","60.114554538491","60.1328855860447","60.1636153505545","60.2056851725459","60.2580363925444","60.3196103510758","60.3893483886655","60.466191845839","60.5490820631221","60.6360075153964","60.7463484420348","60.9027537121852","61.1006480217525","61.3340268512403","61.5968856811523","62.0157236582251","62.6241117837937","63.2766533202589","63.8279515300218","64.1264539039613","64.1153517067242","63.9293964269986","63.6141439884125","63.1964118869747","62.7030176186941","62.1607786795796","61.5965125656399","61.0370367728838","60.5091687973204","60.0441142290008","59.6315508174119","59.2301443178404","58.8317733764175","58.4365258341475","58.0444895320348","57.6557523110838","57.2704020122989","56.8885264766844","56.5102135452448","56.1355510589843","55.7646268589074","55.4011488821531","54.9714146478415","54.5296161508721","54.0828489838539",
"Zambia","ZMB","Completeness of birth registration (%)","SP.REG.BRTH.ZS","","","","","","","","","","","","","","","","","","","","","","","","","","","","","","","","","","","","","","","","","10","","","","","","","14","","","","","","","11.3","","","","14","","","","","","","",
"Zambia","ZMB","Completeness of birth registration, female (%)","SP.REG.BRTH.FE.ZS","","","","","","","","","","","","","","","","","","","","","","","","","","","","","","","","","","","","","","","","","","","","","","","","14","","","","","","","10.9","","","","14","","","","","","","",
"Zambia","ZMB","Population, female","SP.POP.TOTL.FE.IN","1590765","1641825","1694750","1749618","1806278","1864981","1926058","1989393","2055233","2122705","2188709","2254345","2322978","2394851","2469977","2548714","2630668","2715107","2801710","2890097","2980564","3074761","3174931","3278337","3381433","3485619","3592137","3698779","3804044","3908736","4013367","4117597","4221813","4327331","4435361","4546483","4661148","4781419","4906679","5036972","5175350","5325571","5482817","5646844","5819751","6004061","6201876","6411278","6630737","6857391","7088827","7321935","7558420","7799772","8046415","8297353","8553749","8815589","9081205","9351835","9626158","9900765","10179081","10467717","10764716","11065695",
"Zambia","ZMB","Population growth (annual %)","SP.POP.GROW","","3.13258752466894","3.14636025971389","3.15993187951411","3.15548540012184","3.16623971255614","3.1963162802989","3.20973469220019","3.23074921170895","3.18380109399261","2.92553856262887","2.75699001074402","2.81390814797676","2.87733333771679","2.93465918654467","2.99712288686215","3.03471269831588","3.03743645768228","3.02579191416923","2.99837674494052","2.99299243412746","3.06241701917685","3.21272802150477","3.22330830648932","3.07784306018052","3.0008441896861","2.98579121207901","2.88938943703434","2.74531148561589","2.64057183708488","2.56206623134577","2.47962024274958","2.41410432516202","2.38360333328893","2.38767368508148","2.41336000162319","2.45422388426954","2.55491686835174","2.62143144676206","2.68033385502673","2.8105009556372","3.02394158044151","3.07812350873629","3.10355045228564","3.17745831747123","3.30186320062968","3.44488603404196","3.52770643018252","3.56663855229215","3.53891846603377","3.46192274224024","3.32527568350911","3.24260026203654","3.20268845716982","3.17220342906789","3.12013727876838","3.09409054089327","3.06754137743233","3.0060186177754","2.96162166175699","2.9041649369132","2.81534240626742","2.76365042984169","2.79406758723844","2.81182258530958","2.77109662765952",
"Zambia","ZMB","Sex ratio at birth (male births per female births)","SP.POP.BRTH.MF","1.011","1.011","1.011","1.011","1.011","1.011","1.011","1.011","1.011","1.011","1.01","1.01","1.01","1.01","1.009","1.009","1.009","1.008","1.008","1.007","1.007","1.006","1.004","1.004","1.004","1.004","1.004","1.004","1.004","1.004","1.004","1.004","1.004","1.004","1.004","1.005","1.006","1.006","1.006","1.006","1.007","1.006","1.006","1.007","1.008","1.009","1.009","1.01","1.011","1.012","1.012","1.012","1.012","1.012","1.012","1.012","1.012","1.011","1.011","1.011","1.011","1.011","1.011","1.011","1.011","",
"Zambia","ZMB","Population ages 75-79, female (% of female population)","SP.POP.7579.FE.5Y","0.547786756686248","0.544942034052329","0.540787567255475","0.535631053283902","0.529680663597001","0.52416069542781","0.518857822261277","0.512995930414921","0.508312196232739","0.507889697343719","0.512767911867701","0.52210275665376","0.534981620567057","0.54942886831558","0.562778405876167","0.573897154820597","0.583691939900447","0.592555025005465","0.600080058264427","0.6057409145783","0.608844398435263","0.608583886682575","0.604658809907995","0.598367312700416","0.591716588795342","0.585720929338519","0.580448351496616","0.576082076826174","0.57218062832352","0.567510827029505","0.561847516293366","0.555287464994753","0.54767933259013","0.539686072048345","0.532245349617015","0.525241158935379","0.518434514415762","0.511751846052396","0.504434770557689","0.495277767603013","0.484218411873746","0.471536203059502","0.457866822839427","0.4441418565714","0.431315667000558","0.419499402154642","0.408497364345885","0.398610043223048","0.389685188840999","0.381267397284565","0.373348087067155","0.366433240179439","0.360472162171459","0.355298869973306","0.350802167747862","0.347080589862851","0.344153189437754","0.342058862097457","0.341111119064045","0.341526519498417","0.343075589291408","0.343927934464869","0.345212892991027","0.346489115057276","0.34900598854684","0.357799487515244",
"Zambia","ZMB","Population ages 65 and above, total","SP.POP.65UP.TO","89938","93062","96528","100262","104074","107983","112078","116289","120617","125085","129688","134424","139312","144356","149554","154889","160364","165971","171669","177341","182826","188073","193078","197806","202229","206437","210487","214348","217981","221302","224264","226845","229039","230901","232459","233708","234646","235359","235904","236286","236644","237179","238003","239115","240399","241850","243601","245782","248536","251951","256040","260779","266050","271239","276958","284979","294893","305723","317638","330844","344647","358150","374057","393517","414950","438288",
"Zambia","ZMB","Population ages 65 and above, female","SP.POP.65UP.FE.IN","48138","49922","51863","53943","56100","58349","60728","63214","65777","68376","70994","73642","76329","79069","81905","84854","87928","91139","94448","97777","101033","104168","107168","110014","112737","115424","118104","120749","123301","125651","127748","129585","131163","132537","133757","134822","135720","136502","137179","137717","138211","138775","139462","140310","141294","142404","143701","145247","147123","149366","151988","154990","158293","161621","165448","170682","176950","183690","190993","198975","207418","215666","224994","236131","248172","261122",
"Zambia","ZMB","Population ages 60-64, female (% of female population)","SP.POP.6064.FE.5Y","1.79501686295587","1.81855446314043","1.83705507093817","1.84986041242705","1.85688573790177","1.85924096298006","1.85653855089996","1.84807720147663","1.83643411720228","1.82634892742986","1.8202278557296","1.81729020684718","1.81669900304652","1.81679399194229","1.81459142846443","1.80936311226699","1.80184238340939","1.79197390599595","1.78168007782391","1.77450791444024","1.77030223637167","1.76787724314182","1.76710926946129","1.76565103501394","1.75947593815995","1.7470498066484","1.72842795249736","1.70415719676104","1.67700500796061","1.65027773684383","1.6248827511766","1.60075160342306","1.57832647036635","1.55619035800478","1.53157787286963","1.50371177017488","1.47352111539904","1.44201961802553","1.40988407640197","1.37751424640779","1.34617935538859","1.31642197307632","1.28923690139576","1.26575116421215","1.24604976690156","1.22957611523267","1.21555155246574","1.20217051871947","1.184860747757","1.17177200895034","1.17667563335937","1.1928405800981","1.21223747820312","1.23870295431091","1.26629056130646","1.28474715278156","1.29937761793104","1.31707039848051","1.33776299510913","1.36183418956449","1.38864844163952","1.41616820355112","1.44679563901692","1.48167456189349","1.51777822264686","1.5546922267422",
"Zambia","ZMB","Population ages 50-54, female (% of female population)","SP.POP.5054.FE.5Y","2.91161799511556","2.90466224800923","2.90228561667337","2.90174686653119","2.89806048573945","2.89072572569755","2.87982056610459","2.86414140601752","2.8466115520722","2.83310681418285","2.8245868170262","2.81995372936402","2.81959313415501","2.81898598680794","2.81083532137439","2.79334935317392","2.76809867910001","2.73556488483969","2.69935194922957","2.66553337137127","2.63555779450503","2.60851168594892","2.58465459564318","2.5619692908372","2.53673516523912","2.50741690356863","2.47528142718387","2.44171150016147","2.40732000041535","2.37222467825916","2.33710277892637","2.30235013285661","2.26851565091637","2.2370604694973","2.20925672219879","2.18512859280459","2.1627182831354","2.13885250382784","2.10485501398094","2.07432184200367","2.07242968374799","2.08775695831359","2.10669989532753","2.13668890652116","2.16559933873465","2.17413680507243","2.1735923130356","2.17745961277458","2.1858656134303","2.1990794751124","2.21700995101164","2.2395858799055","2.26580422892615","2.29528518880329","2.32747115780934","2.362126955556","2.399924290507","2.44179968483101","2.48906945719208","2.54271460705684","2.60446054363223","2.67182357405478","2.74613199364461","2.82822892518015","2.91393223136888","3.00282991714483",
"Zambia","ZMB","Population ages 40-44, female (% of female population)","SP.POP.4044.FE.5Y","4.26200601597345","4.2584902419623","4.26260384640689","4.26750174395161","4.26249683741752","4.24532361312967","4.21708593850391","4.17713050017292","4.13035894227078","4.08478804167324","4.03961786614441","3.99457403490281","3.95361211066661","3.91387687874462","3.86993403786067","3.81978836782229","3.76674217979194","3.71326133984063","3.66014035359483","3.60868510641684","3.56075166298196","3.51721646007608","3.47913072756542","3.44683852714981","3.42073907719006","3.40156224762374","3.38713417667533","3.37109940484406","3.33942027739693","3.31228560844222","3.32674576318908","3.36502090903991","3.40652186554427","3.46275839111434","3.51564433150361","3.53453427627465","3.53516987660551","3.539785992401","3.54700123097492","3.5564128167094","3.56988381753081","3.58874126572695","3.60983231794897","3.6323826519395","3.65357524286046","3.67264756304108","3.69443052392534","3.72169139119444","3.75682220543508","3.80073065678614","3.85567316003057","3.92134100088856","3.99615263507452","4.07895282573342","4.16798013972806","4.26284167148497","4.35790201466047","4.44751388109335","4.52840234308112","4.5977976944848","4.65154921353103","4.69403579480618","4.73734809655213","4.78593374276358","4.8395243162499","4.89870270236076",
"Zambia","ZMB","Population ages 30-34, female (% of female population)","SP.POP.3034.FE.5Y","6.03307213824795","5.9871448009716","5.94934180577023","5.91528953311822","5.8771716630395","5.83241710440559","5.78406927103682","5.73421427250135","5.68324856597768","5.62859653131264","5.55859514476453","5.47699986537112","5.39766429026202","5.32457036462193","5.26235562874561","5.21105835902766","5.16762184212872","5.12517648939369","5.06478276923428","5.01664823014591","5.03669690758244","5.1023803150879","5.18589222883899","5.29608376196777","5.39933809127669","5.45386630036157","5.48520281938022","5.52003857489709","5.55479978081218","5.59006799128926","5.62636131038618","5.66196740477516","5.69448413578667","5.72311266726681","5.74518125415059","5.76094752801231","5.77504726303477","5.79454551044366","5.81997399463588","5.85267357577862","5.90170656074405","5.97232560183206","6.05343931778135","6.14006636803971","6.22771436203075","6.31710770426883","6.40536831113682","6.48504818500709","6.55263509923557","6.60285280468143","6.62792306823118","6.63572629854353","6.64554893747635","6.66357982410126","6.69176852724048","6.73065896621844","6.77514619612991","6.81296585094494","6.83733050845124","6.85180428741479","6.85935100694634","6.85981771511416","6.85292709626733","6.84844651417305","6.8568187824759","6.87541541674517",
"Zambia","ZMB","Population ages 20-24, female (% of female population)","SP.POP.2024.FE.5Y","8.29839731198511","8.24085499925083","8.18869798238738","8.14654737589938","8.1205983356927","8.11037535761079","8.10822106816645","8.10184719753573","8.06217591874011","8.02395999444105","8.04295864755007","8.09177209083524","8.1498224046127","8.24220551554262","8.33400304253784","8.36019491394584","8.35424531825275","8.36129264174352","8.38034778409396","8.41265881387372","8.46193732764381","8.52895558386489","8.60944694546118","8.68859597280634","8.75188122905289","8.8032426951999","8.85134670531775","8.89520689059915","8.93596511186058","8.97879774945148","9.03193117299404","9.09525628661571","9.16558725296605","9.23988819434984","9.31321140637836","9.38820182545497","9.45860333119652","9.5190047138726","9.55979399512501","9.57594260757679","9.56468552226559","9.5467491567103","9.5326453536567","9.52349582142735","9.52331899394674","9.53697006076387","9.5577289839397","9.56682040875311","9.55828137958118","9.53420775711816","9.49492772217463","9.43849671411952","9.37532579560278","9.32098459551027","9.28561916793882","9.26634730777076","9.26262858543078","9.27304565503742","9.291542256782","9.31087756457663","9.32786427732309","9.34328212584764","9.35635053891407","9.37102139845775","9.3935882185455","9.43077231027965",
"Zambia","ZMB","Population ages 15-64, male","SP.POP.1564.MA.IN","796072","819165","842837","866326","889744","915250","943026","971842","1001732","1030885","1053309","1070812","1089588","1110026","1132406","1156825","1183283","1211716","1242142","1274555","1310198","1351555","1400985","1453584","1503537","1553455","1606009","1658168","1707946","1756344","1804480","1851870","1898572","1945023","1991536","2039124","2089554","2147442","2210949","2279609","2357982","2451903","2551220","2652742","2759235","2874060","2999090","3131928","3271517","3414437","3557521","3695847","3834780","3980054","4133279","4291149","4455838","4627851","4803059","4983267","5169225","5358104","5549929","5752689","5966142","6182533",
"Zambia","ZMB","Population ages 15-19, female (% of female population)","SP.POP.1519.FE.5Y","9.79805313795564","9.79988135161704","9.79625024450502","9.75292613789806","9.71971630043454","9.78511046892422","9.90323497611052","10.0229617893306","10.171815069143","10.3059068499862","10.3476500650269","10.3414494362111","10.3455608901853","10.3583292568785","10.3802160141135","10.4099929591957","10.4469643362514","10.4884651854356","10.5340507286712","10.5819458654848","10.6310398583892","10.6825701249626","10.7347214789865","10.7864275719019","10.8393394161588","10.9022672873885","10.975166036262","11.052473134036","11.1321019331141","11.210951571045","11.290944896261","11.3626709947574","11.416030101756","11.4448387984232","11.4435568427865","11.4038807579397","11.3454239170265","11.2986333136669","11.2690760351195","11.2589876674903","11.2724152692653","11.2988238634273","11.311083335446","11.2993548874951","11.2716840229347","11.2293912403621","11.1701281999189","11.0991278884547","11.029573334005","10.970993053919","10.9238735830343","10.8871371962654","10.863222737027","10.8537987298731","10.8518134565634","10.8515396929322","10.8507041766131","10.8530763915011","10.8588838155289","10.8759606135095","10.9179326311737","10.9899981476181","11.07316564236","11.1468718537194","11.1973888765285","11.2137285547812",
"Zambia","ZMB","Population ages 05-09, female (% of female population)","SP.POP.0509.FE.5Y","14.9060357752402","14.9108979879719","14.9190692081224","14.9305405721304","14.9487592434604","14.9759662495312","15.0099101402736","15.0451494728038","15.0799447069992","15.1162785219802","15.1683903231562","15.2327138852496","15.2944260748169","15.3569920126538","15.4227518266867","15.4976950144867","15.5806974538981","15.6659416490661","15.7492416683457","15.8261643121321","15.8973744738623","15.9413853629599","15.9345510185891","15.8852009593277","15.8052370104627","15.6778035694664","15.5244078942423","15.3955961407259","15.3074747962267","15.260304098307","15.2569171043811","15.2851286806358","15.3144495842841","15.3297165538893","15.3346047068778","15.3288926847412","15.3107560626695","15.2794180974309","15.2513715995337","15.2391173942517","15.2343208445496","15.2259231496635","15.2237891580186","15.2271326047671","15.2228149260325","15.2005867362107","15.1535438631795","15.0947428036389","15.0333891994208","14.9875419109772","14.9785077277242","15.0122221806424","15.0647622122084","15.1091477487514","15.1260831608808","15.1009132129797","15.027539386531","14.9123178170305","14.7638832071294","14.5814255083173","14.3758592796909","14.1644747487215","13.9530523433304","13.7502332170425","13.5710188332901","13.4108295954298",
"Zambia","ZMB","Population ages 0-14, male","SP.POP.0014.MA.IN","725093","749956","775847","803644","833021","862221","891569","922033","953788","986817","1021006","1056586","1093760","1132528","1172714","1214512","1257454","1300825","1344301","1387513","1430278","1473068","1516811","1561326","1606027","1650866","1695941","1740737","1784770","1828486","1871805","1914924","1958419","2003203","2050669","2101270","2154425","2209345","2266055","2324855","2385865","2449307","2515370","2585204","2660107","2741251","2828687","2921343","3017657","3115977","3215193","3314225","3412672","3509553","3604110","3696290","3786893","3875847","3962661","4046868","4126784","4202253","4274866","4346173","4417320","4488479",
"Zambia","ZMB","Population ages 00-04, female (% of female population)","SP.POP.0004.FE.5Y","19.023834444434","19.0501003151369","19.0804487150173","19.1129380490661","19.1395616508431","19.1578039782164","19.1741160375534","19.1911146722215","19.2127607915988","19.2468100843028","19.3209971446645","19.4228657497265","19.5206840188258","19.6089066937581","19.6818392070373","19.741402970007","19.7726547453622","19.7622818847069","19.706878960863","19.6052070224633","19.4446723095575","19.2512686351882","19.0678002136109","18.9205809346963","18.826855359843","18.7836938001543","18.7688693387808","18.7533668209653","18.7270334842386","18.6948926711858","18.655323404927","18.6056576202091","18.5504049385412","18.5043758501922","18.4789488926548","18.4688692336472","18.4667811449025","18.4651564734235","18.4657752288717","18.4562787381267","18.4231773287626","18.3599902508125","18.2916555485985","18.2256922428092","18.1718497774347","18.1453103158013","18.1448323055798","18.1526508324354","18.1437523460816","18.1013277350923","18.011202699685","17.8727437313693","17.689649424086","17.468171984269","17.2100235191683","16.9268570908612","16.63180086299","16.3378778590833","16.0646467071275","15.8225133545969","15.6019298871923","15.4003134706951","15.2187068754046","15.0428789773357","14.8692835806614","14.708326047302",
"Zambia","ZMB","Female headed households (% of households with a female head)","SP.HOU.FEMA.ZS","","","","","","","","","","","","","","","","","","","","","","","","","","","","","","","","","16.2","","","","23.1","","","","","","22.6","","","","","24.3","","","","","","","26.6","","","","26.8","","","","","","","",
"Zambia","ZMB","Fertility rate, total (births per woman)","SP.DYN.TFRT.IN","6.947","6.982","7.012","7.06","7.085","7.116","7.138","7.154","7.18","7.18","7.224","7.26","7.3","7.339","7.364","7.421","7.388","7.353","7.294","7.222","7.139","7.073","7.039","7.007","6.974","6.928","6.868","6.798","6.703","6.635","6.567","6.458","6.349","6.298","6.26","6.232","6.182","6.124","6.067","5.998","5.921","5.848","5.774","5.71","5.698","5.697","5.679","5.613","5.53","5.453","5.359","5.256","5.136","5.014","4.89","4.775","4.669","4.567","4.492","4.418","4.323","4.246","4.175","4.101","4.036","",
"Zambia","ZMB","Mortality rate, infant, male (per 1,000 live births)","SP.DYN.IMRT.MA.IN","105.3","103.8","102.6","101.7","100.9","100.4","100.1","100","99.7","98.9","97.4","95.2","92.7","90.3","88.1","86.9","86.3","86.5","87.3","88.1","89.1","90.1","91.4","93.3","95.8","98.5","101.5","104.2","106.4","108.1","108.8","109","108.7","107.7","106.3","104.6","102.9","101.7","100.4","98.6","95.5","90.7","84.6","78.1","71.3","65.4","61.3","59.2","56.9","54.8","53.2","51.9","50.5","48.7","47.1","46.4","44.5","42.5","41.3","39.7","39.3","39.1","38.9","38.5","38.1","",
"Zambia","ZMB","Contraceptive prevalence, any modern method (% of married women ages 15-49)","SP.DYN.CONM.ZS","","","","","","","","","","","","","","","","","","","","","","","","","","","","","","","","","8.9","","","","14.4","","","","","","25.3","","","","","32.7","","","","","","","44.8","","","","47.5","","","","","","","",
"Zambia","ZMB","Mortality rate, adult, female (per 1,000 female adults)","SP.DYN.AMRT.FE","282.595","279.445","276.925","275.05","279.023","269.982","268.521","266.478","266.133","262.774","260.636","256.527","252.268","248.491","243.737","239.936","233.583","229.474","227.991","229.717","239.565","247.787","256.769","271.126","284.257","302.819","321.964","338.781","357.816","377.842","397.45","418.085","434.771","446.948","464.933","479.716","498.391","506.798","521.007","527.43","525.315","518.388","504.563","487.107","488.01","476.903","454.92","437.954","411.519","391.812","367.188","340.42","320.483","303.975","286.036","268.497","261.777","248.802","235.116","215.69","203.387","229.545","172.209","155.33","153.349","",
"Zambia","ZMB","Consumption of iodized salt (% of households)","SN.ITK.SALT.ZS","","","","","","","","","","","","","","","","","","","","","","","","","","","","","","","","","","","","","80.2","","","55.5","","","79.7","","","","","","","","","","","88.4","","","","","","","","","","","","",
"Zambia","ZMB","International migrant stock, total","SM.POP.TOTL","","","","","","","","","","","","","","","","","","","","","","","","","","","","","","","279463","","","","","244338","","","","","343703","","","","","252895","","","","","149962","","","","","132107","","","","","187955","","","","249205","",
"Zambia","ZMB","Refugees under the mandate of the UNHCR by country or territory of asylum","SM.POP.RHCR.EA","","","","","","5000","6290","10710","13190","12640","16000","17000","25000","37310","40430","36050","34070","64900","79140","57790","36410","40560","89110","103000","96480","103780","138270","144100","143568","137180","138049","140676","142104","141126","141126","129965","131139","165072","168564","206386","250940","284173","246765","226697","173907","155718","120253","112931","83484","56786","47853","45627","25647","23584","25566","26434","29338","41266","49877","57518","66070","75154","61159","72411","79275","83225",
"Zambia","ZMB","Internally displaced people (IDP) by country or territory of asylum / origin","SM.POP.IDPC","","","","","","","","","","","","","","","","","","","","","","","","","","","","","","","","","","","","","","","","","","","","","","","","","","","","","","","","","","","","","","","","","190","",
"Zambia","ZMB","Children in employment, wage workers (% of children in employment, ages 7-14)","SL.WAG.0714.ZS","","","","","","","","","","","","","","","","","","","","","","","","","","","","","","","","","","","","","","","","","","","","","","","","","3.92","","","","","","","","","","","","","","","","","",
"Zambia","ZMB","Unemployment, total (% of total labor force) (national estimate)","SL.UEM.TOTL.NE.ZS","","","","","","","","","","","","","","","","","","","","","","","","","","","13","","","","14.999","19.398","","19.697","","","15.3","","12","","12.931","","","","","15.9","","","7.934","","13.186","","7.855","","","11.888","","4.529","5.032","5.538","6.032","5.197","5.993","5.861","5.67","",
"Zambia","ZMB","School enrollment, secondary, male (% net)","SE.SEC.NENR.MA","","","","","","","","","","","","","","","","","","","","","","","","","","","","","","","","","","","","","","","","","","","","","","","","","","","","","","","","","","","","","","","","","","",
"Zambia","ZMB","School enrollment, secondary, female (% gross)","SE.SEC.ENRR.FE","","","","","","","","","","","7.8953800201416","","8.71121978759766","","8.9780797958374","","","","","10.7876996994019","11.0093603134155","11.0782499313354","11.2175903320312","","","","14.4006004333496","","14.5736103057861","","","","","","","","","","","","","","","","","","","","","","","","","","","","","","","","","","","","59.0707702636719","",
"Zambia","ZMB","Pupil-teacher ratio, upper secondary","SE.SEC.ENRL.UP.TC.ZS","","","","","","","","","","","","","","","","","","","","","","","","","","","","","","","","","","","","","","","","","","","","","","","","","","","","","","","","","","","","","","","","","","",
"Zambia","ZMB","Secondary education, general pupils","SE.SEC.ENRL.GC","","","","","","","","","","","52472","56036","60051","61354","65764","73049","78805","83887","88980","91795","95771","98862","104859","115088","125811","131502","146979","150639","161349","","181814","195419","","","199154","","","","228491","237307","276301","304132","351442","","363613","442969","","607296","733883","776191","747935","695355","743995","743175","801594","802341","822160","854549","","","","","","","","",
"Zambia","ZMB","Educational attainment, at least completed upper secondary, population 25+, total (%) (cumulative)","SE.SEC.CUAT.UP.ZS","","","","","","","","","","","","","","","","","","","","","","","","","","","","","","","15.9228496551514","","","","","","","","","","","","","","","","","","","","","","","","","24.021322426791","","","19.9344501495361","","","","","","24.3801898956299","",
"Zambia","ZMB","Educational attainment, at least completed post-secondary, population 25+, male (%) (cumulative)","SE.SEC.CUAT.PO.MA.ZS","","","","","","","","","","","","","","","","","","","","","","","","","","","","","","","","","","","","","","","","","","","","","","","","","","","","","","","","10.4462120506788","","10.7791210151488","","","","","","11.6620085755453","","",
"Zambia","ZMB","Educational attainment, at least completed lower secondary, population 25+, female (%) (cumulative)","SE.SEC.CUAT.LO.FE.ZS","","","","","","","","","","","","","","","","","","","","","6.16389989852905","","","","","","","","","","13.0810203552246","","","","","","","","","","","","","","","","","","","","","","","","","31.8708380509312","","","29.5523490905762","","","","","","37.7523612976074","",
"Zambia","ZMB","Lower secondary school starting age (years)","SE.SEC.AGES","","","","","","","","","","","14","14","14","14","14","14","14","14","14","14","14","14","14","14","14","14","14","14","14","14","14","14","14","14","14","14","14","14","14","14","14","14","14","14","14","14","14","14","14","14","14","14","14","14","14","14","14","14","14","14","14","14","14","14","14","14",
"Zambia","ZMB","Children out of school, female (% of female primary school age)","SE.PRM.UNER.FE.ZS","","","","","","","","","","","","","28.9322204589844","","","","25.5387306213379","25.2991008758545","25.9427700042725","25.9092502593994","25.6594104766846","25.2969493865967","25.1625499725342","23.5883903503418","22.5747509002686","","20.4175701141357","","21.0277004241943","","","","","","27.2753601074219","29.2959995269775","","","32.2541389465332","33.8426094055176","33.5496292114258","33.4356384277344","30.6851501464844","","17.2296390533447","8.11660957336426","9.40513038635254","7.87899017333984","","9.04366016387939","11.5609083989904","7.63014775491792","5.7730598449707","9.417990939027","","","","13.7873725270594","","","","","","","","",
"Zambia","ZMB","Adjusted net enrollment rate, primary, female (% of primary school age children)","SE.PRM.TENR.FE","","","","","","","","","","","","","71.00342","","","","74.98088","75.45329","74.92966","74.97083","75.19486","75.42786","75.36027","76.85251","77.8042","","79.6513","","78.2114","","","","","","71.50885","69.75318","","","66.95256","65.44581","65.87326","66.06223","68.88243","","82.30445","91.33884","90.18648","91.65866","","89.8037","86.8924","90.43112","92.15733","89.07801","","","","87.03175","","","","","","","","",
"Zambia","ZMB","Trained teachers in primary education (% of total teachers)","SE.PRM.TCAQ.ZS","","","","","","","","","","","","","","","","","","","","","","","","","","","","","","","","","","","","","","","89.9253921508789","94.1815719604492","","","","","","","","","","","","","92.6558550638178","","","","","98.7503041012049","","","","","","","","",
"Zambia","ZMB","Repeaters, primary, male (% of male enrollment)","SE.PRM.REPT.MA.ZS","","","","","","","","","","","","","2.24916","2.17703","2.29375","2.30395","1.94543","1.49583","1.27644","1.7478","2.07032","1.63176","1.4507","1.60103","1.92529","","2.41332","","","","","","","","2.5581","3.01535","","","6.23178","6.35306","6.47512","","8.02431","","7.05219","6.62248","7.22481","6.83178","6.10226","6.45928","6.37655","6.1508","5.56183","5.70256","","","","","","","","","","","","",
"Zambia","ZMB","Persistence to last grade of primary, female (% of cohort)","SE.PRM.PRSL.FE.ZS","","","","","","","","","","","","","52.8290481567383","","54.7822685241699","","63.8177909851074","","","","","","","","","","","","","","","","","","","","","","56.1366386413574","62.0358581542969","","","","","","72.0996932983398","66.1904602050781","73.7242279052734","51.6085586547852","","","","53.7601699829102","","","","","","","","","","","","","",
"Zambia","ZMB","School enrollment, primary, private (% of total primary)","SE.PRM.PRIV.ZS","","","","","","","","","","","27.437780380249","26.2120800018311","25.7090797424316","","25.0534000396729","","","","","","0.558570027351379","0.655229985713959","","","","0.279830008745193","1.25094997882843","","0.659049987792969","","","","","","","","4.24090003967285","","","","","","2.5360701084137","","2.43883991241455","3.43911004066467","2.98837995529175","3.13394999504089","3.23351001739502","2.3479700088501","2.51433992385864","2.76514005661011","3.09215998649597","3.17925000190735","","","","","","","","","","","","",
"Zambia","ZMB","Net intake rate in grade 1 (% of official school-age population)","SE.PRM.NINT.ZS","","","","","","","","","","","","","","","","","","","","","","","","","","","","","","","","","","","","","","","37.3782","36.63005","37.65304","","35.13628","","38.61591","45.07856","43.25807","44.39797","49.34587","","46.10669","48.55762","51.67743","50.44043","","","","","","","","","","","","",
"Zambia","ZMB","School enrollment, primary, female (% net)","SE.PRM.NENR.FE","","","","","","","","","","","","","71.00342","","","","74.98088","75.45329","74.92966","74.97083","75.19486","75.42786","75.36027","76.85251","77.8042","","79.6513","","78.2114","","","","","","71.50885","69.75318","","","66.95256","65.04711","65.10989","65.34285","67.17891","","81.09181","89.96537","90.18648","90.23191","","87.95141","85.56765","88.66623","90.34955","87.39131","","","","84.92941","","","","","","","","",
"Zambia","ZMB","Gross intake ratio in first grade of primary education, female (% of relevant age group)","SE.PRM.GINT.FE.ZS","","","","","","","","","","","","","98.41138","95.62867","95.32118","93.38877","93.21995","92.34591","91.36508","90.06593","90.1197","90.03261","90.14677","92.63235","95.4634","","95.91245","","","","","","","","","","85.79668","","82.2186","82.38879","88.43826","86.3497","86.32726","","107.76595","124.09778","118.19609","119.99206","120.74193","111.83428","106.4194","112.91363","115.65201","109.74868","107.45266","103.2923","102.01713","110.00865","","","","","","","","",
"Zambia","ZMB","Pupil-teacher ratio, primary","SE.PRM.ENRL.TC.ZS","","","","","","","","","","","46.77283","49.61932","47.16955","47.88617","47.99458","48.20911","47.55969","48.1877","48.54414","44.35234","48.56388","48.21651","47.86923","46.50928","46.77766","49.38532","45.62973","45.56304","44.08727","","44.01223","","","","41.08401","39.09751","38.19415","","44.0078","51.22681","49.87587","48.02502","48.08873","","53.54891","56.47904","57.00626","55.35345","54.17641","","52.98507","55.86195","49.22433","","41.0469","42.74181","43.31661","42.05996","","","","","","","","",
"Zambia","ZMB","Educational attainment, at least completed primary, population 25+ years, total (%) (cumulative)","SE.PRM.CUAT.ZS","","","","","","","","","","","","","","","","","","","","","","","","","","","","","","","","","","","","","","","","","","","","","","","","","","","","","","","","","","","60.810718536377","","","","","","66.5055236816406","",
"Zambia","ZMB","Primary completion rate, male (% of relevant age group)","SE.PRM.CMPT.MA.ZS","","","","","","","","","","","","","84.4992828369141","85.792236328125","90.2431182861328","92.2810668945312","92.7386627197266","93.5217895507812","97.3950805664062","95.6757507324219","96.5404663085938","95.7331619262695","97.6224670410156","100.487586975098","108.097839355469","","102.787086486816","","","","","","","","","","","","72.8841094970703","70.2457122802734","66.4507293701172","","66.0883026123047","","76.5137634277344","95.5148468017578","89.6914978027344","93.8459091186523","97.7992477416992","91.2987213134766","95.1735732192892","92.7018339950841","90.1624173644167","83.9192337839434","","","","","","","","","","","","",
"Zambia","ZMB","Trained teachers in preprimary education, male (% of male teachers)","SE.PRE.TCAQ.MA.ZS","","","","","","","","","","","","","","","","","","","","","","","","","","","","","","","","","","","","","","","","","","","","","","","","","","","","","","","","","","","","","","","","","","",
"Zambia","ZMB","School enrollment, preprimary (% gross)","SE.PRE.ENRR","","","","","","","","","","","","","","","","","","","","0.749960005283356","","","","","","","","","","","","","","","","","","","","","","","","","","","","","","","","2.53657007217407","2.75803995132446","3.11529994010925","6.46808004379272","6.8905200958252","7.56510019302368","8.70263004302979","","","","","","","","",
"Zambia","ZMB","Female primary school age children out-of-school (%)","SE.LPV.PRIM.SD.FE","","","","","","","","","","","","","","","","","","","","","","","","","","","","","","","","","","","","","","","","","","","","","","","","","","","","","","","","","","","","","","","","","","",
"Zambia","ZMB","Female pupils below minimum reading proficiency at end of primary (%). Low GAML threshold","SE.LPV.PRIM.LD.FE","","","","","","","","","","","","","","","","","","","","","","","","","","","","","","","","","","","","","","","","","","","","","","","","","","","","","","","","","","","","","","","","","","",
"Zambia","ZMB","School enrollment, tertiary (gross), gender parity index (GPI)","SE.ENR.TERT.FM.ZS","","","","","","","","","","","0.17637999355793","","","","0.29585999250412","0.15489000082016","","","","0.290749996900559","","0.251920014619827","0.26936000585556","","","","","","0.365170001983643","0.380089998245239","","","","","","","","","0.447100013494492","0.447919994592667","","","","","","","","","","","","0.378587670462813","0.753353021103103","","","","","","","","","","","","","",
"Zambia","ZMB","Compulsory education, duration (years)","SE.COM.DURS","","","","","","","","","","","","","","","","","","","","","","","","","","","","","","","","","","","","","","","7","7","7","7","7","7","7","7","7","7","7","7","7","7","7","7","7","7","7","7","7","7","7","7","7","7","7","7",
"Zambia","ZMB","Literacy rate, youth total (% of people ages 15-24)","SE.ADT.1524.LT.ZS","","","","","","","","","","","","","","","","","","","","","","","","","","","","","","","66.379997253418","","","","","","","","","69.4599990844727","","","69.0899963378906","","","","","","","","88.7099990844727","","","","","","","","77.6900024414062","84.0416067670309","85.8567532849787","84.1453910320871","84.4848995233983","","77.6500015258789","",
"Zambia","ZMB","Real effective exchange rate index (2010 = 100)","PX.REX.REER","","","","","","","","","","","","","","","","","","","","","","","","","","","","","50.1239220437365","64.841800283285","53.1545559483483","49.0708675934784","46.7511306666735","53.065291256009","51.0091495544734","48.9378066519754","53.5287307228827","61.9586772904267","57.8274454112536","57.9639487521406","59.4967573962866","68.0460551914031","69.7596416024783","61.734878909381","64.947136592944","80.2164919865635","105.356713517431","97.47203688591","112.477806759769","95.4399455663048","100","97.2963979664557","99.9376284075928","103.19487848615","98.518167400502","86.6779893824347","85.6422593636867","94.1838714419167","88.4355837145211","79.680222555637","66.3594270745804","69.724138012267","90.8786154960757","84.4676585020547","73.2420815981183","83.3118377700411",
"Zambia","ZMB","Coverage of social insurance programs in 2nd quintile (% of population)","per_si_allsi.cov_q2_tot","","","","","","","","","","","","","","","","","","","","","","","","","","","","","","","","","","","","","","","","","","","","","","","","","","","0.289908296768674","","","","","0.354823113156546","","","","","","","","","","",
"Zambia","ZMB","Adequacy of social insurance programs (% of total welfare of beneficiary households)","per_si_allsi.adq_pop_tot","","","","","","","","","","","","","","","","","","","","","","","","","","","","","","","","","","","","","","","","","","","","","","","","","","","34.5653134109138","","","","","3.39923046767475","","","","","","","","","","",
"Zambia","ZMB","Coverage of social safety net programs in 2nd quintile (% of population)","per_sa_allsa.cov_q2_tot","","","","","","","","","","","","","","","","","","","","","","","","","","","","","","","","","","","","","","","","","","","","","","","","","","","0.537592591618464","","","","","1.01664690537828","","","","","","","","","","",
"Zambia","ZMB","Adequacy of social safety net programs (% of total welfare of beneficiary households)","per_sa_allsa.adq_pop_tot","","","","","","","","","","","","","","","","","","","","","","","","","","","","","","","","","","","","","","","","","","","","","","","","","","","27.5866936825783","","","","","2.42330076430781","","","","","","","","","","",
"Zambia","ZMB","Coverage of unemployment benefits and ALMP in 2nd quintile (% of population)","per_lm_alllm.cov_q2_tot","","","","","","","","","","","","","","","","","","","","","","","","","","","","","","","","","","","","","","","","","","","","","","","","","","","","","","","","","","","","","","","","","","",
"Zambia","ZMB","Adequacy of unemployment benefits and ALMP (% of total welfare of beneficiary households)","per_lm_alllm.adq_pop_tot","","","","","","","","","","","","","","","","","","","","","","","","","","","","","","","","","","","","","","","","","","","","","","","","","","","","","","","","","","","","","","","","","","",
"Zambia","ZMB","PPP conversion factor, households and NPISHs Final consumption expenditure (LCU per international $)","PA.NUS.PRVT.PP","","","","","","","","","","","","","","","","","","","","","","","","","","","","","","","0.00916123171381284","0.0173708230922541","0.044798543646003","0.123280841017691","0.185750474656603","0.243792934105984","0.338869156576504","0.411985723600196","0.504913406703038","0.626460942775913","0.763740866877978","0.901651704292435","1.08491198793963","1.28786452955409","1.47965153831678","1.69333869701655","1.78837851673596","1.92408444009271","2.08355801388276","2.37108622379954","2.53115822113978","2.61145687103271","2.69622423207142","2.91427398174945","3.13831819620148","3.46743707991627","3.98174081565713","4.22813272476196","4.44306945800781","4.74901008605957","5.35651016235352","6.18958473205566","6.36096324810547","6.77446442912701","7.56648496930387","8.39252772382659",
"Zambia","ZMB","Official exchange rate (LCU per US$, period average)","PA.NUS.FCRF","0.714285999714286","0.714285999714286","0.714285999714286","0.714285999714286","0.714285999714286","0.714285999714286","0.714285999714286","0.714285999714286","0.714285999714286","0.714285999714286","0.714285999714286","0.714285998878894","0.000714317499","0.000652396665666667","0.000643459999","0.0006432299995","0.000700983833166667","0.000789727832416667","0.000800666666666667","0.000793333333333333","0.000788666666666667","0.000869583333333333","0.00092875","0.001259","0.00181318833275","0.00313964166625","0.00778844916658333","0.009519475","0.008266025","0.0138136958333333","0.0302891083333333","0.0646397083333333","0.172213783333333","0.452762666666667","0.669370621666667","0.864119166666667","1.2079","1.3144975","1.86206916666667","2.38801916666667","3.11084416666667","3.610935","4.398595","4.73327104649872","4.77887538643578","4.465","3.60166666666666","4.00166666666667","3.745","5.045","4.7975","4.86166666666666","5.1475","5.39648333333333","6.15416666666667","8.63166666666667","10.3075","9.5175","10.4583333333333","12.89","18.3440926453379","20.0184865859688","16.9375943252989","20.212017866195","26.1664181859876","25.2756892021939",
"Zambia","ZMB","Net secondary income (Net current transfers from abroad) (current LCU)","NY.TRF.NCTR.CN","","","","","","","","","","","","","","","","","","","","","-138700","-107300","-26200","-12300","-64000","-119300","-350500","-285600","-289300","-386800","-1482100","-2585600","-5887500","-8602500","-12718000","-17282400","-20534300","-21032000","-50275900","-37047300","42307500","39720300","335458800","200135000","92103200","476764600","1303721200","2123290200","2097944500","2603676300","1441577400","1170510900","1642525300","1765267000","1854823000","1955091396.26448","2184766335.22598","3415220898.37283","2885711009.45316","4156388258.00431","4058037987.24775","6034813953.73309","4824992914.09857","5193761959.89829","24733618182.9471","16913326634.3215",
"Zambia","ZMB","Taxes less subsidies on products (current US$)","NY.TAX.NIND.CD","","","","","","89599964.1958543","104999958.042017","112839954.909154","133139946.797277","162399935.104986","150779939.748336","139859944.275539","157492991.782356","205549793.641215","245702918.978185","205525239.965118","232102357.14711","240335964.124739","307743547.04413","298739495.798319","280219780.21978","410886439.865836","371682368.775236","502065131.056394","301954292.398091","230026250.372259","170688666.198638","219066702.733081","218363723.797109","395650813.941599","383377619.494281","312663848.911241","340134115.67477","347762515.929968","468095271.531034","454729151.887645","430091977.812733","523493531.370911","424825019.910648","391073060.976483","419358379.912332","491846986.999212","462945486.00178","516036521.044326","616698888.33669","800210283.40988","1133081540.89534","1199064584.6346","1526999199.08161","1022115950.9324","1121431906.77701","1295444462.73171","1396057350.45558","1704661472.90412","1835693241.26726","1092537674.40782","987537387.981534","1701890181.24507","2086242463.30653","1769940131.88518","570238375.917523","934738984.020121","1775373048.85216","1612024588.53935","1197198936.54535","1019253098.01601",
"Zambia","ZMB","Gross savings (% of GDP)","NY.GNS.ICTR.ZS","","","","","","","","","","","","","","","","","","","","","","","","","","","","","","","","","","","","","","","","","","","","","","","","","","","31.433427558359","36.0364280077834","40.9760363147014","37.9153889261217","39.5203593283278","37.7242071718474","37.356473073642","43.2953738788602","41.8944705588083","39.8339880699051","44.949597929866","46.103523709766","45.4100908413675","34.4644817853127","32.1574686858244","",
"Zambia","ZMB","Adolescents out of school, female (% of female lower secondary school age)","SE.SEC.UNER.LO.FE.ZS","","","","","","","","","","","","","","","","","","","","","","","","","","","","","","","","","","","","","","","","","","","","","","","","","","","","16.0931549423447","","20.3584575396198","","","","20.7496933542854","","","","","","","11.0988798141479","",
"Zambia","ZMB","Trained teachers in secondary education (% of total teachers)","SE.SEC.TCAQ.ZS","","","","","","","","","","","","","","","","","","","","","","","","","","","","","","","","","","","","","","","","","","","","","","","","","","","","","","","","","","","","","","","","","","",
"Zambia","ZMB","Trained teachers in secondary education, male (% of male teachers)","SE.SEC.TCAQ.MA.ZS","","","","","","","","","","","","","","","","","","","","","","","","","","","","","","","","","","","","","","","","","","","","","","","","","","","","","","","","","","","","","","","","","","",
"Zambia","ZMB","Trained teachers in secondary education, female (% of female teachers)","SE.SEC.TCAQ.FE.ZS","","","","","","","","","","","","","","","","","","","","","","","","","","","","","","","","","","","","","","","","","","","","","","","","","","","","","","","","","","","","","","","","","","",
"Zambia","ZMB","School enrollment, secondary, private (% of total secondary)","SE.SEC.PRIV.ZS","","","","","","","","","","","","","","","","","","","","","","","","","","","","","","","","","","","","","","","","","","","","","","","","","","","","","","","","","","","","","","","","","","",
"Zambia","ZMB","School enrollment, secondary, male (% gross)","SE.SEC.ENRR.MA","","","","","","","","","","","16.5119495391846","","17.8165092468262","","18.2352104187012","","","","","20.5529403686523","20.7002391815186","20.3190307617188","20.7217807769775","","","","24.5373802185059","","24.95751953125","","","","","","","","","","","","","","","","","","","","","","","","","","","","","","","","","","","","54.4917602539062","",
"Zambia","ZMB","Secondary education, vocational pupils","SE.SEC.ENRL.VO","","","","","","","","","","","3710","4199","4644","4140","5048","4623","4832","5383","5648","5578","6248","5790","5557","","","9241","9112","7532","8950","8218","7982","","","","9486","","","","","","","","","","","","","","","","","","","","","","","","","","","","","","","",
"Zambia","ZMB","Secondary education, general pupils (% female)","SE.SEC.ENRL.GC.FE.ZS","","","","","","","","","","","32.90707","32.99129","33.48487","34.23738","33.75707","34.31395","34.17803","33.84195","33.98854","34.41909","34.77984","35.26734","35.5115","36.0611","36.16218","36.77967","37.37269","","37.27634","","","","","","38.36077","","","","42.80431","43.39948","44.51522","43.44988","45.19494","","44.10376","44.61734","","46.88916","45.36963","48.25951","45.34953","46.81781","46.30717","46.82706","47.40592","47.36851","47.65228","48.47013","","","","","","","","",
"Zambia","ZMB","Secondary education, duration (years)","SE.SEC.DURS","","","","","","","","","","","5","5","5","5","5","5","5","5","5","5","5","5","5","5","5","5","5","5","5","5","5","5","5","5","5","5","5","5","5","5","5","5","5","5","5","5","5","5","5","5","5","5","5","5","5","5","5","5","5","5","5","5","5","5","5","5",
"Zambia","ZMB","Educational attainment, at least completed post-secondary, population 25+, total (%) (cumulative)","SE.SEC.CUAT.PO.ZS","","","","","","","","","","","","","","","","","","","","","","","","","","","","","","","","","","","","","","","","","","","","","","","","","","","","","","","","8.13527871759008","","9.0535778244698","","","","","","10.0558784064055","","",
"Zambia","ZMB","Educational attainment, at least completed lower secondary, population 25+, male (%) (cumulative)","SE.SEC.CUAT.LO.MA.ZS","","","","","","","","","","","","","","","","","","","","","20.6565399169922","","","","","","","","","","30.7052497863769","","","","","","","","","","","","","","","","","","","","","","","","","49.3324586395708","","","47.5273895263672","","","","","","51.9719505310059","",
"Zambia","ZMB","Lower secondary completion rate, female (% of relevant age group)","SE.SEC.CMPT.LO.FE.ZS","","","","","","","","","","","","","","","","","11.2170400619507","12.2710304260254","","","","","","","","","","","","","","","","","","","","","","","21.7075595855713","23.5921993255615","34.9569511413574","","33.072868347168","37.6069793701172","","46.5175094604492","58.7006797790527","58.0302886962891","55.4130895993685","51.4999760959985","53.388925020905","51.046547072039","","","","","","","","","","","","",
"Zambia","ZMB","Children out of school, primary, male","SE.PRM.UNER.MA","","","","","","","","","","","","","73193","","","","79312","85422","97725","106802","112043","116078","119831","112789","107833","","106142","","123640","","","","","","190437","214835","","","262679","282379","296407","310654","285923","","167682","84952","115886","75567","","118258","154530","104322","92108","133805","","","","263055","","","","","","","","",
"Zambia","ZMB","Adjusted net enrollment rate, primary, male (% of primary school age children)","SE.PRM.TENR.MA","","","","","","","","","","","","","81.60143","","","","83.03719","82.64441","81.05621","80.05813","79.77315","79.6443","79.47282","81.08597","82.26314","","82.92254","","80.22794","","","","","","74.08579","72.23732","","","69.61823","68.47504","68.016","67.49059","70.75552","","82.96542","90.5931","88.30263","91.82986","","88.07905","85.13933","88.69188","89.61495","87.39534","","","","83.202","","","","","","","","",
"Zambia","ZMB","Primary education, teachers","SE.PRM.TCHR","","","","","","","","","","","14852","14708","16491","16920","17881","18096","19089","19441","19868","22470","21455","22258","23431","25697","27080","27302","30189","30534","32348","","33200","","","","36697","38528","39716","","35386","30369","31870","33850","36008","","42043","45554","46988","50409","53703","","54716","54243","63697","64139","78395","75236","73949","78099","","","","","","","116859","",
"Zambia","ZMB","Repeaters, primary, total (% of total enrollment)","SE.PRM.REPT.ZS","","","","","","","","","","","","","2.00187","1.92734","2.03999","2.05435","1.72514","1.32128","1.14881","1.58098","1.85021","1.46328","1.28537","1.46074","1.75324","","2.16411","","","","","","","","2.40472","2.79902","","","6.2023","6.08501","6.17957","","7.56489","","6.93448","6.32626","6.85602","6.49999","5.88221","6.17844","6.02232","5.90343","5.34776","5.5269","","","","","","","","","","","","",
"Zambia","ZMB","Persistence to last grade of primary, male (% of cohort)","SE.PRM.PRSL.MA.ZS","","","","","","","","","","","","","80.0924606323242","","77.4226303100586","","84.5857391357422","","","","","","","","","","","","","","","","","","","","","","71.3155822753906","70.49169921875","","","","","","77.9232482910156","82.7546615600586","81.5569686889648","54.5582084655762","","","","57.2635383605957","","","","","","","","","","","","","",
"Zambia","ZMB","Persistence to grade 5, female (% of cohort)","SE.PRM.PRS5.FE.ZS","","","","","","","","","","","","65.6844635009766","66.3593368530273","","66.4357223510742","","75.6086807250977","75.617317199707","77.9085311889648","","80.1377792358398","","","","","83.4614105224609","","","","","","","","","","","","","73.0250701904297","78.1031188964844","","","","","","85.3943176269531","83.4366989135742","87.178581237793","70.4443511962891","78.17529296875","","","73.2956619262695","","","","","","","","","","","","","",
"Zambia","ZMB","Over-age students, primary, female (% of female enrollment)","SE.PRM.OENR.FE.ZS","","","","","","","","","","","0","0","7.65823","0","0","0","8.98913","9.38267","10.20693","10.36534","10.98218","10.49904","11.19591","11.72454","12.46456","0","12.92904","0","12.59986","0","0","0","0","0","12.4372","12.52394","0","0","12.03509","12.065","12.17027","11.91434","12.5879","","15.32436","15.37861","16.65626","16.82967","","16.31012","18.35745","15.26383","14.26903","12.79605","","","","13.07925","","","","","","","","",
"Zambia","ZMB","School enrollment, primary, male (% net)","SE.PRM.NENR.MA","","","","","","","","","","","","","81.60143","","","","83.03719","82.64441","81.05621","80.05813","79.77315","79.6443","79.47282","81.08597","82.26314","","82.92254","","80.22794","","","","","","74.08579","72.23732","","","69.61823","68.1891","67.43739","66.96184","69.38242","","82.03714","89.52501","88.30263","90.6867","","86.61376","84.0516","87.21453","88.06815","85.8387","","","","81.42986","","","","","","","","",
"Zambia","ZMB","Gross intake ratio in first grade of primary education, male (% of relevant age group)","SE.PRM.GINT.MA.ZS","","","","","","","","","","","","","103.41299","99.72862","100.32519","97.14823","95.94319","95.36252","92.71002","90.93903","91.31243","91.29027","91.68493","93.76589","96.86081","","96.69859","","","","","","","","","","87.55821","","84.48597","82.49378","88.44386","86.97343","86.75596","","108.04685","120.33017","113.58651","117.89433","116.93117","109.23843","103.63218","109.51588","111.51058","105.45668","103.73028","99.5699","97.23406","104.87554","","","","","","","","",
"Zambia","ZMB","School enrollment, primary (% gross)","SE.PRM.ENRR","","","","","","","","","","","85.6979293823242","86.9798583984375","89.5780029296875","90.1459884643555","92.2649078369141","90.6272964477539","91.0705718994141","90.7121505737305","90.0658798217773","89.7294311523438","90.4394912719727","89.800422668457","90.5214385986328","93.0147323608398","95.2895965576172","98.2908096313477","97.5525436401367","95.9571304321289","96.0965270996094","95.3428573608398","94.2844314575195","95.3369827270508","","","88.6602172851562","86.3098297119141","84.7140274047852","","82.668571472168","80.559196472168","80.3700714111328","80.1720123291016","83.1586837768555","","102.254737854004","113.556289672852","114.722457885742","115.843597412109","117.088676452637","110.933853149414","109.873668045679","111.4007333775","111.618507192772","105.88755640154","107.06889082465","103.413818253854","99.5715577511118","98.7950035279193","","","","","","","115.550919335782","",
"Zambia","ZMB","Primary education, duration (years)","SE.PRM.DURS","","","","","","","","","","","7","7","7","7","7","7","7","7","7","7","7","7","7","7","7","7","7","7","7","7","7","7","7","7","7","7","7","7","7","7","7","7","7","7","7","7","7","7","7","7","7","7","7","7","7","7","7","7","7","7","7","7","7","7","7","7",
"Zambia","ZMB","Primary completion rate, total (% of relevant age group)","SE.PRM.CMPT.ZS","","","","","","","","","","","","","66.4364318847656","68.4078063964844","72.4782180786133","74.6447219848633","75.2836303710938","77.0801010131836","81.6121520996094","80.5375518798828","81.1150512695312","81.6732788085938","83.5613708496094","85.9847183227539","91.0072326660156","","89.6280364990234","","","","","","","","","","","","65.5891494750977","62.9449195861816","60.3723182678223","","59.7388801574707","","70.4507369995117","81.793212890625","83.4072799682617","87.1371078491211","91.108039855957","85.4069976806641","98.6889442874386","88.3177251637012","89.4070043100488","81.8270884471825","","","","","","","","","","","","",
"Zambia","ZMB","Trained teachers in preprimary education (% of total teachers)","SE.PRE.TCAQ.ZS","","","","","","","","","","","","","","","","","","","","","","","","","","","","","","","","","","","","","","","","","","","","","","","","","","","","","","","","","","","","","","","","","","",
"Zambia","ZMB","School enrollment, preprimary, female (% gross)","SE.PRE.ENRR.FE","","","","","","","","","","","","","","","","","","","","","","","","","","","","","","","","","","","","","","","","","","","","","","","","","","","","2.69602990150452","2.92193007469177","3.27622008323669","6.79452991485596","7.23754978179932","7.85226011276245","9.13259029388428","","","","","","","","",
"Zambia","ZMB","Male primary school age children out-of-school (%)","SE.LPV.PRIM.SD.MA","","","","","","","","","","","","","","","","","","","","","","","","","","","","","","","","","","","","","","","","","","","","","","","","","","","","","","","","","","","","","","","","","","",
"Zambia","ZMB","Male pupils below minimum reading proficiency at end of primary (%). Low GAML threshold","SE.LPV.PRIM.LD.MA","","","","","","","","","","","","","","","","","","","","","","","","","","","","","","","","","","","","","","","","","","","","","","","","","","","","","","","","","","","","","","","","","","",
"Zambia","ZMB","Learning poverty: Share of Children at the End-of-Primary age below minimum reading proficiency adjusted by Out-of-School Children (%)","SE.LPV.PRIM","","","","","","","","","","","","","","","","","","","","","","","","","","","","","","","","","","","","","","","","","","","","","","","","","","","","","","","","","","","","98.5042114257812","","","","","","",
"Zambia","ZMB","School enrollment, primary (gross), gender parity index (GPI)","SE.ENR.PRIM.FM.ZS","","","","","","","","","","","0.808440029621124","0.82166999578476","0.822589993476868","0.82915997505188","0.833970010280609","0.841729998588562","0.851019978523254","0.865639984607697","0.877439975738525","0.885599970817566","0.889620006084442","0.900520026683807","0.901189982891083","0.90158998966217","0.897819995880127","0.905160009860992","0.914780020713806","","0.923460006713867","","","","","","0.924610018730164","0.925499975681305","0.917840003967285","","0.92069000005722","0.913709998130798","0.922399997711182","0.925119996070862","0.920780003070831","","0.942780017852783","0.943300008773804","0.969500005245209","0.959519982337952","0.968770027160645","0.981299996376038","1.0062700510025","0.989239990711212","1.00451004505157","1.00346004962921","1.00349998474121","1.00302004814148","1.02006995677948","1.02419996261597","","","","","","","","",
"Zambia","ZMB","Literacy rate, adult female (% of females ages 15 and above)","SE.ADT.LITR.FE.ZS","","","","","","","","","","","","","","","","","","","","","","","","","","","","","","","57.3600006103516","","","","","","","","","59.7999992370605","","","61.8400001525879","","","","","","","","78.0699996948242","","","","","","","","62.1800003051758","","","74.4631701906389","74.2369830427259","","64.4400024414062","",
"Zambia","ZMB","Literacy rate, youth female (% of females ages 15-24)","SE.ADT.1524.LT.FE.ZS","","","","","","","","","","","","","","","","","","","","","","","","","","","","","","","65.5199966430664","","","","","","","","","66.2300033569336","","","66.3099975585938","","","","","","","","86.5100021362305","","","","","","","","72.9100036621094","","83.8309461614368","82.9514816941701","82.1807208487442","","75.9599990844727","",
"Zambia","ZMB","Coverage of social insurance programs in 3rd quintile (% of population)","per_si_allsi.cov_q3_tot","","","","","","","","","","","","","","","","","","","","","","","","","","","","","","","","","","","","","","","","","","","","","","","","","","","1.09919464902167","","","","","0.550345593686631","","","","","","","","","","",
"Zambia","ZMB","Benefit incidence of social insurance programs to poorest quintile (% of total social insurance benefits)","per_si_allsi.ben_q1_tot","","","","","","","","","","","","","","","","","","","","","","","","","","","","","","","","","","","","","","","","","","","","","","","","","","","1.85655004751367","","","","","0.0370828470680166","","","","","","","","","","",
"Zambia","ZMB","Coverage of social safety net programs in 3rd quintile (% of population)","per_sa_allsa.cov_q3_tot","","","","","","","","","","","","","","","","","","","","","","","","","","","","","","","","","","","","","","","","","","","","","","","","","","","0.730873641288585","","","","","1.3559368308231","","","","","","","","","","",
"Zambia","ZMB","Benefit incidence of social safety net programs to poorest quintile (% of total safety net benefits)","per_sa_allsa.ben_q1_tot","","","","","","","","","","","","","","","","","","","","","","","","","","","","","","","","","","","","","","","","","","","","","","","","","","","2.73084597706512","","","","","1.04653592892676","","","","","","","","","","",
"Zambia","ZMB","Coverage of unemployment benefits and ALMP in 3rd quintile (% of population)","per_lm_alllm.cov_q3_tot","","","","","","","","","","","","","","","","","","","","","","","","","","","","","","","","","","","","","","","","","","","","","","","","","","","","","","","","","","","","","","","","","","",
"Zambia","ZMB","Benefit incidence of unemployment benefits and ALMP to poorest quintile (% of total U/ALMP benefits)","per_lm_alllm.ben_q1_tot","","","","","","","","","","","","","","","","","","","","","","","","","","","","","","","","","","","","","","","","","","","","","","","","","","","","","","","","","","","","","","","","","","",
"Zambia","ZMB","Adequacy of social protection and labor programs (% of total welfare of beneficiary households)","per_allsp.adq_pop_tot","","","","","","","","","","","","","","","","","","","","","","","","","","","","","","","","","","","","","","","","","","","","","","","","","","","32.6215730972015","","","","","3.01674684890075","","","","","","","","","","",
"Zambia","ZMB","Control of Corruption - Governance estimate (approx. -2.5 to +2.5)","GOV_WGI_CC_EST","","","","","","","","","","","","","","","","","","","","","","","","","","","","","","","","","","","","","-0.825604599999999","","-0.8234682","","-0.9273562","","-0.8018168","-0.809389799999999","-0.6055574","-0.603934499999999","-0.392071","-0.3472209","-0.345906899999999","-0.3090289","-0.369043","-0.273636999999999","-0.269322599999999","-0.305174","-0.390403499999999","-0.395175899999999","-0.423830999999999","-0.464061199999999","-0.6165275","-0.6455711","-0.6050749","-0.6928953","-0.4180775","-0.39812","-0.4568294","",
"Zambia","ZMB","WBL: Legal Framework Index (scale 0-100)","GD_WBL_OVL_LAW","","","","","","","","","","","","","","","","","","","","","","","","","","","","","","","","","","","","","","","","","","","","","","","","","","","","","","","","","","","","","","","","","","76.68",
"Zambia","ZMB","Expense (% of GDP)","GC.XPN.TOTL.GD.ZS","","","","","","","","","","","","","","","","","","","","","","","","","","","","","","","","","","","","","","","19.6098088269825","16.0342023620896","","14.1039364197112","14.1723814032495","15.7437951637883","17.4458663383882","19.757004537823","14.2354148398887","14.7667398304801","16.3839400422928","14.5002101105047","14.6688561532361","14.4956773687217","16.5322416609076","17.8533057349122","20.2562396253045","23.233787759937","22.4086833420161","20.9220759632247","20.1107118421132","21.9561627239835","25.3722344097293","25.1370961006544","","","","",
"Zambia","ZMB","Interest payments (% of expense)","GC.XPN.INTP.ZS","","","","","","","","","","","","","","","","","","","","","","","","","","","","","","","","","","","","","","","15.9467409815761","19.8925968546222","","6.55230064089435","16.0569729189254","26.0257717943419","25.7855723246773","19.4148420245442","9.55495781880425","6.84334052563648","9.9341230173723","9.38190759972148","10.7330707082571","6.43666558288864","8.4321467103869","8.94106470173515","14.2857668053872","16.8918557224064","21.9730878117026","22.8319448041918","33.7181097423077","41.9961157356403","32.5132130875563","26.5318916491576","","","","",
"Zambia","ZMB","Goods and services expense (current LCU)","GC.XPN.GSRV.CN","","","","","","","","","","","","","","","","","","","","","","","","","","","","","","","5542300","8726400","19583600","60949000","","","","","414800000","369200000","","727598794.901","529392038.82411","676680548.92525","890152147.92064","1873203863.92858","2117200000","2016069878.44265","2608180307.6741","2570823598.56989","3440687603.0963","6507449789.90883","5394746706.6","7762789937.19999","7342421089.09","8956639190.91","14259674228.84","12440333282.49","8807746359.02001","9273553017.98","14471618265.74","28197421043.11","37072476856.39","24575016016.04","23670391947.06","",
"Zambia","ZMB","Taxes on income, profits and capital gains (% of revenue)","GC.TAX.YPKG.RV.ZS","","","","","","","","","","","","","","","","","","","","","","","","","","","","","","","39.4682293932492","30.6108410944274","30.8794443645743","25.0423466923871","28.1523405540479","26.7534035541451","31.4990266060999","32.1157894736842","25.8675903535717","25.9000216872696","","35.8075212462296","42.5915621530656","33.2059461315751","31.8166363915527","30.1375375508867","35.3118416540101","28.8705980647267","32.7755630876941","34.6924678069823","39.8426725547936","37.5205065647243","42.4079309482944","35.4505120730699","34.6105686397784","33.589804130946","34.0206529035352","33.0664167938843","35.9596139807697","37.2496302876118","40.8445798775124","39.0457309361727","36.9828227590459","30.6396749191146","35.1216739103673","",
"Zambia","ZMB","Other taxes (% of revenue)","GC.TAX.OTHR.RV.ZS","","","","","","","","","","","","","","","","","","","","","","","","","","","","","","","0.107053595038855","0.151827816847231","0.0955417124368929","0.0445824387587666","0.135052472535207","0.154285657734571","0.181752109020117","0.0631578947368421","0.137245931638455","0.124701800043375","","","","2.26835221916697E-05","","","","","","","","1.36687388461653","0.722884418702097","0.777788654652772","0.966621192125217","1.18073013913588","1.0979453415426","1.36412275942902","1.63544569659522","1.94480753062342","2.23708903671487","2.21977299085706","1.99493443783373","2.01524639945267","2.45527984491907","",
"Zambia","ZMB","Customs and other import duties (% of tax revenue)","GC.TAX.IMPT.ZS","","","","","","","","","","","","","","","","","","","","","","","","","","","","","","","17.9287108446284","31.925792461922","17.2876785082579","41.1867911214071","38.3732874845405","42.0238565306701","12.8607714319397","13.6248485516026","17.2449362340585","17.1225422622071","","","","","","","","11.4924935877173","13.2932682854032","11.3213325595022","10.0118782554219","10.1316161380017","10.3147601292924","8.23497127621591","7.05990601943677","7.26109973198383","6.50573791381315","7.0022069271445","6.8879868370583","7.06272242136544","6.40540018634504","7.10238424184374","6.79063470867272","6.73801123148939","6.81302780673913","",
"Zambia","ZMB","Taxes on goods and services (current LCU)","GC.TAX.GSRV.CN","","","","","","","","","","","","","","","","","","","","","","","","","","","","","","","8780100","12397900","43729600","55350200","125912200","136100000","365702100","478500000","484600000","662300000","","","","1423624290.977","1996618066.904","2352942905.945","2674700000","3496647071.688","3802787707.821","3599399466.251","4803647539.707","5742085000","7163539000","10215124000","13339680000","11813253000","11932770000","17971080879.54","21354903166","22023471936","20626113553","24417763635","27266124183","41913909418.4","53080434576.82","",
"Zambia","ZMB","Revenue, excluding grants (current LCU)","GC.REV.XGRT.CN","","","","","","","","","","","","","","","","","","","","","","","","","","","","","","","23130400","41505300","113488200","266212600","468256600","600678000","745100000","945300000","1097400000","1430200000","","2580806747.489","2902680924.994","3557933022.015","4672374568.215","5651954391.335","6542300000","8566145947.87","10062920084.659","10214485323.949","13962721028.01","19919132000","21880518000","24570418000","29631250000","33550969000","39183831000","41496447560.67","53414019896","58876246826","65151363793","97169891969.15","101299973118.93","115433808169.6","154971319929.79","",
"Zambia","ZMB","Grants and other revenue (current LCU)","GC.REV.GOTR.CN","","","","","","","","","","","","","","","","","","","","","","","","","","","","","","","1363500","6009000","36742500","78957200","47017600","90200000","70700800","42100000","463700000","466100000","","144795132.118","54448942.903","1366379519.053","1786705113.747","2471809131.718","1862000000","4255295413.71","3034750851.42","3692464898.845","3647485399.087","7232501000","4487686000","5073030000","4951232000","10023449817","13980145238","11316340338.46","10547440042","12212101919.26","16127494036","33625808091.15","45405564264.93","50169153377.49","42278248315.98","",
"Zambia","ZMB","Net investment in nonfinancial assets (current LCU)","GC.NFN.TOTL.CN","","","","","","","","","","","","","","","","","","","","","","","","","","","","","","","","","","","","","","","425100000","570500000","","264519171.887","562748257.7872","943093854.08318","639666125.21236","2117146000","776700000","2665378838.64338","1106373745.45011","2090593150.66619","2959842027.58664","8631881819.5727","2025302614.7","6442498234.7","6893750927.99","8535520364.52","6649907634.03","10186966947.43","25009540171.29","20010234278.09","29946166141.32","12720848475.44","5973391384.15","28294637041.66","34515177309.84","",
"Zambia","ZMB","Central government debt, total (current LCU)","GC.DOD.TOTL.CN","","","","","","","","","","","","","","","","","","","","","","","","","","","","","","","276980900","605781500","938076200","2397867200","3652300000","5108200000","7644500000","8489100000","10621200000","","","","","","","","","","","","16839265947.337","20582251336.0028","30834351310.38","36658412577.87","74164628681.67","90603687636.18","100340554370.97","128742864899.53","164312808917.16","186068249736.33","344509653199.69","315877936572.04","","","","",
"Zambia","ZMB","Account ownership at a financial institution or with a mobile-money-service provider (% of population ages 15+)","FX.OWN.TOTL.ZS","","","","","","","","","","","","","","","","","","","","","","","","","","","","","","","","","","","","","","","","","","","","","","","","","","","","21.3649091881019","","","35.644871301019","","","45.8632574748937","","","","48.521887299618","","","72.7024245599811","",
"Zambia","ZMB","Account ownership at a financial institution or with a mobile-money-service provider, older adults (% of population ages 25+)","FX.OWN.TOTL.OL.ZS","","","","","","","","","","","","","","","","","","","","","","","","","","","","","","","","","","","","","","","","","","","","","","","","","","","","26.2977993769305","","","39.5770247903742","","","48.444166542131","","","","50.7426626863776","","","79.6105946241842","",
"Zambia","ZMB","Account ownership at a financial institution or with a mobile-money-service provider, poorest 40% (% of population ages 15+)","FX.OWN.TOTL.40.ZS","","","","","","","","","","","","","","","","","","","","","","","","","","","","","","","","","","","","","","","","","","","","","","","","","","","","8.76669321829372","","","20.5722722568914","","","31.2449634949863","","","","32.9143886287809","","","58.7956699275909","",
"Zambia","ZMB","Claims on central government, etc. (% GDP)","FS.AST.CGOV.GD.ZS","","","","","","-11.7076895299156","-9.68974990245876","-7.06393979675752","-3.22302302584823","-8.62105500225727","-12.8096248603733","0.801725288255568","9.10820522691663","10.7726213714502","2.60904383108216","19.2655295315682","27.3599625526603","37.5523560209424","45.2445905718221","41.5012190007833","44.2131116014516","42.8458763436845","55.3459314220115","50.9100689383883","47.3297379449868","40.6204782743005","29.976800827656","20.920703572621","52.1932525848555","57.0052617543837","55.1745934113376","72.8236006342343","","27.6457534774389","41.4015993412732","49.5579301518287","43.7217574567962","32.9450437228543","51.7670966240193","45.2558337346721","53.0612010711951","35.1590479012397","35.2737353766859","27.318262045512","23.0389955366787","12.1388341969987","5.22583814913459","2.98217381440616","2.8114027071875","5.12374645219738","5.70725527661743","7.17902354822773","5.39473886114301","10.1558440219603","8.55640379896496","9.71952613482179","11.4640629350328","16.1255226021454","16.5544156936521","18.3681313695917","25.8848614450573","22.3164870476341","17.6208492627411","19.7321005381818","16.4039384228732","9.09980830741372",
"Zambia","ZMB","Lending interest rate (%)","FR.INR.LEND","","","","","","","","","","","","","","","","","","","8.25","9.08333333333333","9.5","9.5","9.5","13","14.5416666666667","18.6025","27.395","21.1958333333333","18.39","18.39","35.1041666666667","43","54.5666666666667","113.308333333333","70.5583333333333","45.5333333333333","53.7833333333333","46.6916666666667","31.8","40.5166666666667","38.8","46.2333333333333","45.1980166666667","40.5710333333333","30.7271","28.2091666666667","23.1533333333333","18.8908333333333","19.0641666666667","22.0625","20.9166666666667","18.8366666666667","12.1508333333333","9.52083333333333","11.5733333333333","13.25","15.5","12.375","9.79166666666667","10.2916666666667","9.47916666666667","","","","","",
"Zambia","ZMB","Consumer price index (2010 = 100)","FP.CPI.TOTL","","","","","","","","","","","","","","","","","","","","","","","","","","0.0135519380102761","0.0211177438933138","0.0310530604100499","0.0468913683300353","0.104757312226675","0.216872578526413","0.428632002527477","1.13890320756913","3.22664992766756","4.98844343936545","6.73088615124958","9.63008733933052","11.9816315535675","14.9121536773142","18.9067761726999","23.8282878664427","28.9260598696352","35.3572904521191","42.9243086848799","50.6368579457588","59.9157784465985","65.3199255059111","72.2812983255456","81.2771246612011","92.1644024676162","100","106.429396810723","113.428087204376","121.34273168477","130.815807718974","144.042061474463","169.781989060935","180.949079423773","194.510438332948","212.308758955396","245.711424389492","299.818966181342","332.778676527232","369.000077035667","424.297049533934","483.31638548648",
"Zambia","ZMB","Broad money (current LCU)","FM.LBL.BMNY.CN","","","","","","107530","145310","169410","218720","281540","355570","318520","341080","410810","440650","493740","623480","698690","639410","832160","907100","978730","1309250","1454150","1703750","2101810","4061780","6265590","10125770","16727500","24736400","48806600","","208559400","331999800","516169494","696874796","871509569","1094740854.19738","1397914140.31699","2429052729.94606","2640702976.4","3384496896.4","4229863050.26866","5581585245.96905","5763264004.4763","8301871607.59936","10399460433.5119","12815112055.0822","13796907418.9235","17916536369.4215","21804779574.766","25698988305.861","31042213893.1948","34959146920.8832","47262134733.633","44567119024.8178","54084937882.7284","62997058168.3077","70900180662.6754","103828741051.471","107625784155.129","133998291981.009","166935020314.958","205265681362.125","223141832759.928",
"Zambia","ZMB","Net domestic credit (current LCU)","FM.AST.DOMS.CN","","","","","","-46064.28663676","-18004.28663676","29185.71250625","56319.99816644","-4375.71683105999","-20748.57684099","192567.57392901","287182.24491001","347910","386130","697060","927260","1217940","1444360","1589568.43029684","1863242.88702207","2266640.17408278","2910012.27241558","3180661.80245189","3553949.3780673","4223419.60308026","5834322.6448907","7047250.5184","20477156.24423","40382887.49921","76848384.17241","181806796.87318","","530002222.00064","1179700388.03595","1921137679","2324634171","2316919566","3963302368.95741","4491302898.55744","7164436704.81681","6629550934.74","7636760877.02","7863211297.8434","9119703238.91911","7227807131.10542","6422964019.97598","7572071128.05222","10337814097.2049","11976019682.7815","14688609614.7731","16850316167.534","19739298589.4091","28404020847.774","31986702129.4888","40427849604.9505","41339307047.5443","53576763397.8765","62219295566.871","73134033841.6293","102654913479.66","103413837244.87","99281823085.9407","140474009362.817","152072377314.574","172447740000",
"Zambia","ZMB","Total reserves in months of imports","FI.RES.TOTL.MO","","","","","","","","","","","","","","","","","","","0.975154181500192","1.64638639925637","1.24519633507853","0.960285413931133","1.16874546403901","1.28114242238892","0.603648798191001","1.94793655972984","0.801687504399685","1.16881575682048","1.05829766294778","0.855259151630247","1.03358650645837","1.27478671788722","","","","","","1.75668985955926","0.552444534490776","0.402803981881138","1.8743514529343","1.20671755331927","3.40597050825706","1.49119423147485","1.5669398911516","2.11194435581262","1.99159276043448","2.19199542115321","1.92836906641275","5.03509185823866","3.60505486354118","3.19989697582887","3.8015737894156","2.64628606332016","3.14073661293898","3.85992865254806","3.26164878932214","2.51169346017072","1.7717393063951","2.04878637669559","2.16264307026379","3.51108126321395","3.05350657340863","3.02003524718782","3.29291146061725","",
"Zambia","ZMB","Domestic credit to private sector by banks (% of GDP)","FD.AST.PRVT.GD.ZS","","","","","","5.56728232189974","7.60790960451977","9.72013366750209","8.19411084423094","8.15770348837209","11.029193081318","12.7241934118046","11.7405607476636","10.5283042629557","17.385617425658","21.1984470468432","16.9386799812763","17.0046314941603","13.1123650419869","13.9291084047512","14.1467554511033","17.8805875939634","19.7160181347871","19.1906629675691","11.284729263841","8.66683635232399","8.46365095038262","7.64672602485624","9.20205690555754","11.184425130298","8.04473266278454","7.08658495353127","5.12469186957041","4.64566988104421","5.55732179625454","7.29582759355169","8.06068953984587","6.82487892466516","5.9620012363986","6.42165191770167","7.37021378653458","6.35976875507778","5.29850614328049","5.85061642988986","6.93128308160159","6.52900140403279","8.0804190505426","9.62480938735228","12.1733057666154","9.95345735994429","9.14801976343666","10.0119687889206","11.9333061022404","11.6417339844204","13.3305882284632","15.6777895420111","12.0594319019234","11.1419350739032","11.6375261154353","12.4966812101482","12.2481632887171","8.49521203441012","10.2140226983252","12.784093242723","12.9651426720317","13.6797934515828",
"Zambia","ZMB","Bank capital to assets ratio (%)","FB.BNK.CAPA.ZS","","","","","","","","","","","","","","","","","","","","","","","","","","","","","","","","","","","","","","","","","","","","","","","","15.2171156023275","17.4751079368956","3.49856511403874","8.98677777119571","8.91589065952456","10.9781597459474","13.4838819880056","13.7494893821572","11.1603852797878","12.0867086689314","11.6547162298363","11.1582405977525","11.0903739287636","8.48029657275252","10.2572198898277","10.1339166257345","10.8893649895067","11.4137042771183","12.6013101326149",
"Zambia","ZMB","Marine protected areas (% of territorial waters)","ER.MRN.PTMR.ZS","","","","","","","","","","","","","","","","","","","","","","","","","","","","","","","","","","","","","","","","","","","","","","","","","","","","","","","","","","","","","","","","","","",
"Zambia","ZMB","Annual freshwater withdrawals, total (% of internal resources)","ER.H2O.FWTL.ZS","","","","","","","","","","","","","","","","","","","","","","","","","","","","","","","","","2.1783042394015","2.15274314214464","2.12718204488778","2.10629675810474","2.0854114713217","2.06452618453865","2.04364089775561","2.02275561097257","2.00187032418953","1.98098503740648","1.96009975062344","1.96009975062344","1.96009975062344","1.96009975062344","1.96009975062344","1.96009975062344","1.96009975062344","1.96009975062344","1.96009975062344","1.96009975062344","1.96009975062344","1.96009975062344","1.96009975062344","1.96009975062344","1.96009975062344","1.96009975062344","1.96009975062344","1.96009975062344","1.96009975062344","1.96009975062344","1.96009975062344","","","",
"Zambia","ZMB","Annual freshwater withdrawals, domestic (% of total freshwater withdrawal)","ER.H2O.FWDM.ZS","","","","","","","","","","","","","","","","","","","","","","","","","","","","","","","","","17.22953635","16.53634521","15.82649472","16.16798935","16.51576958","16.87001054","17.23089398","17.59860848","17.97334986","18.20750275","18.44783715","18.44783715","18.44783715","18.44783715","18.44783715","18.44783715","18.44783715","18.44783715","18.44783715","18.44783715","18.44783715","18.44783715","18.44783715","18.44783715","18.44783715","18.44783715","18.44783715","18.44783715","18.44783715","18.44783715","18.44783715","","","",
"Zambia","ZMB","Capture fisheries production (metric tons)","ER.FSH.CAPT.MT","19500","20400","22200","40100","42300","40100","40100","38500","41300","44000","52100","46800","49900","50400","46929","57464","54267","53734","47569","49511","50988","39553","55809","54175","65555","68000","56229","67243","66430","73126","68268","67115","71210","74413","76116","82190","68747","78151","79188","87029","86411","83900","85259","94351","94078","94238","100041","110847","107601","128371","100113","113016","102969","133155","131459","133990","204349","132889","107451","124982","129603","118240","117694.5","118426","122963","",
"Zambia","ZMB","Population in the largest city (% of urban population)","EN.URB.LCTY.UR.ZS","18.2199099387687","18.0945237071228","17.9947387543603","18.0558090472338","18.5892103115347","18.9190245844248","19.2044870276855","19.562977520455","20.0921972927251","20.89240145999","20.9511248877981","20.8954686947818","20.8532980924835","20.8365642008357","20.8682359496997","20.959759476919","21.1319359933448","21.400753692139","21.7911763582092","22.3244516973556","23.0234408957089","23.1808942195158","23.2562019840503","23.3365788412553","23.4591648174391","23.6043926194968","23.7608390846598","23.9463453576145","24.1736986665152","24.4302383254593","24.7127601227688","25.032866924623","25.4047960230939","25.8156118942679","26.2579694568737","26.7225586668907","27.2984546759123","28.0007090649669","28.7454002546623","29.4193080698316","29.8663013585799","30.2632871598389","30.6216785709357","30.8671766994664","31.0094697550651","31.0504611777432","31.01449584812","30.9415055359822","30.8691406750456","30.8324762968968","30.8755416815933","31.0054331321202","31.1733945806638","31.3601527188132","31.5629491216798","31.7889191813988","32.0301551809234","32.2870550247793","32.5713186908205","32.8706029550045","33.18222231047","33.5111141042346","33.8428583333361","34.0907580905875","34.2986147739288","34.4940140984695",
"Zambia","ZMB","Urban population living in areas where elevation is below 5 meters (% of total population)","EN.POP.EL5M.UR.ZS","","","","","","","","","","","","","","","","","","","","","","","","","","","","","","","0","","","","","","","","","","0","","","","","","","","","","","","","","","0","","","","","","","","","","",
"Zambia","ZMB","Plant species (higher), threatened","EN.HPT.THRD.NO","","","","","","","","","","","","","","","","","","","","","","","","","","","","","","","","","","","","","","","","","","","","","","","","","","","","","","","","","","","23","","","","57","","","",
"Zambia","ZMB","Nitrous oxide (N2O) emissions from Transport (Energy) (Mt CO2e)","EN.GHG.N2O.TR.MT.CE.AR5","","","","","","","","","","","0.0064","0.0068","0.008","0.0098","0.0097","0.0102","0.01","0.009","0.0087","0.0085","0.0169","0.0163","0.0143","0.0144","0.0153","0.014","0.0136","0.0151","0.0171","0.0154","0.0157","0.0196","0.0183","0.0129","0.0157","0.0147","0.0118","0.0118","0.0115","0.0112","0.0124","0.013","0.0136","0.0145","0.0156","0.0169","0.0169","0.0098","0.0117","0.0143","0.016","0.0183","0.0216","0.0207","0.0227","0.0246","0.0285","0.0215","0.0211","0.0209","0.0217","0.0283","0.0268","0.0273","0.0278","",
"Zambia","ZMB","Nitrous oxide (N2O) emissions from Industrial Combustion (Energy) (Mt CO2e)","EN.GHG.N2O.IC.MT.CE.AR5","","","","","","","","","","","0.0204","0.0204","0.022","0.0227","0.0222","0.0229","0.0231","0.0225","0.0229","0.0222","0.0223","0.0217","0.0225","0.0225","0.0229","0.0236","0.0247","0.0246","0.0257","0.0262","0.0255","0.0262","0.0268","0.0272","0.026","0.0261","0.0264","0.028","0.0284","0.0284","0.0137","0.0148","0.0173","0.0196","0.0194","0.0164","0.0163","0.0164","0.0174","0.0193","0.0205","0.0219","0.0236","0.0242","0.0272","0.0272","0.0269","0.0283","0.0287","0.031","0.0349","0.0393","0.0383","0.0392","0.0394","",
"Zambia","ZMB","F-gases emissions from Industrial Processes (Mt CO2e)","EN.GHG.FGAS.IP.MT.CE.AR5","","","","","","","","","","","","","","","","","","","","","","","","","","","","","","","0","0","0","0","0","0","0","0","0","0","0","0.0001","0.0001","0.0001","0.0001","0.0001","0.0001","0.0001","0.0001","0.0001","0.0001","0.0001","0.0001","0.0001","0.0001","0.0001","0.0001","0.0001","0.0001","0.0001","0.0001","0.0001","0.0001","0.0001","0.0001","",
"Zambia","ZMB","Carbon intensity of GDP (kg CO2e per 2021 PPP $ of GDP)","EN.GHG.CO2.RT.GDP.PP.KD","","","","","","","","","","","","","","","","","","","","","","","","","","","","","","","0.160398668481751","0.166151859213959","0.169164735073889","0.143632417584174","0.131877203730466","0.126552750613368","0.100304968363934","0.121743774085515","0.114585317351368","0.0900965148742365","0.0877598182502342","0.083995191890771","0.0844579851751727","0.0855194092155542","0.0821913142849128","0.0823056208530048","0.0742848135635793","0.0622915049370624","0.068863109679227","0.0695101440809799","0.0704228479005391","0.0717866997640898","0.0833549033819109","0.0869929226164443","0.0966086122569075","0.099696004288154","0.103951631769876","0.127579732977622","0.138874986677289","0.135862615488233","0.147443394131175","0.14096259199709","0.146312612387379","0.149201702860859","0.146427013922255","",
"Zambia","ZMB","Carbon dioxide (CO2) emissions (total) excluding LULUCF (Mt CO2e)","EN.GHG.CO2.MT.CE.AR5","","","","","","","","","","","3.7004","3.8575","4.2658","4.5698","4.6144","4.7791","4.7829","4.3363","4.1272","3.7517","3.747","3.4469","3.3381","3.2461","3.1867","3.1912","3.2862","3.2524","3.5293","3.6516","3.0287","3.1362","3.1378","2.8453","2.3871","2.3571","1.9844","2.5004","2.3443","1.929","1.9522","1.9678","2.0678","2.2392","2.3034","2.4735","2.4089","2.1887","2.6077","2.8749","3.2126","3.4572","4.3193","4.7358","5.5061","5.848","6.3266","8.0384","9.1031","9.034","9.531","9.6802","10.5712","11.3586","11.5732","",
"Zambia","ZMB","Carbon dioxide (CO2) net fluxes from LULUCF - Forest Land (Mt CO2e)","EN.GHG.CO2.LU.FL.MT.CE.AR5","","","","","","","","","","","","","","","","","","","","","","","","","","","","","","","","","","","","","","","","","-81.466","-80.3563","-79.2467","-78.137","-77.0274","-75.9177","-74.8876","-73.8574","-72.8273","-71.7971","-70.767","-70.2215","-69.1256","-68.0005","-66.8451","-65.6586","-65.3667","-65.3667","-65.3667","-65.3667","-65.3667","-65.3667","-65.3667","-65.3667","","",
"Zambia","ZMB","Carbon dioxide (CO2) emissions from Fugitive Emissions (Energy) (Mt CO2e)","EN.GHG.CO2.FE.MT.CE.AR5","","","","","","","","","","","0.0006","0.0006","0.0007","0.0629","0.1223","0.1282","0.131","0.1281","0.1222","0.1159","0.0744","0.0854","0.0792","0.0791","0.0708","0.0649","0.0617","0.0648","0.0676","0.0707","0.0679","0.0711","0.0711","0.0711","0.0709","0.0709","0.0551","0.0741","0.082","0.0421","0.0219","0.033","0.0385","0.0413","0.0468","0.0413","0.0412","0.0249","0.0277","0.0332","0.036","0.0332","0.0361","0.0361","0.039","0.0335","0.0307","0.0351","0.037","0.0398","0.0219","0.0042","0.0015","0.0014","0.0014","",
"Zambia","ZMB","Methane (CH4) emissions from Waste (Mt CO2e)","EN.GHG.CH4.WA.MT.CE.AR5","","","","","","","","","","","0.1639","0.1755","0.1847","0.1937","0.2042","0.215","0.2287","0.239","0.2506","0.2636","0.2764","0.2855","0.2974","0.3073","0.3168","0.3244","0.334","0.3453","0.351","0.3592","0.3672","0.3723","0.3772","0.3828","0.3846","0.388","0.3955","0.4029","0.4087","0.4176","0.4231","0.4373","0.4536","0.4694","0.4855","0.5053","0.5235","0.5427","0.5627","0.5928","0.622","0.6459","0.6725","0.7003","0.725","0.7451","0.7705","0.8033","0.8299","0.8648","0.899","0.937","0.9769","1.0103","1.0425","",
"Zambia","ZMB","Methane (CH4) emissions from Industrial Processes (Mt CO2e)","EN.GHG.CH4.IP.MT.CE.AR5","","","","","","","","","","","","","","","","","","","","","","","","","","","","","","","","","","","","","","","","","","","","","","","","","","","","","","","","","","","","","","","","","","",
"Zambia","ZMB","Methane (CH4) emissions from Agriculture (Mt CO2e)","EN.GHG.CH4.AG.MT.CE.AR5","","","","","","","","","","","1.9359","1.9788","2.0238","2.0381","2.0371","2.1056","2.3398","2.4216","2.4468","2.5082","2.4616","2.62","2.7854","2.6731","2.5496","2.8596","2.9255","3.0122","3.0939","3.1463","3.3409","3.4449","3.4254","3.233","2.9747","2.7409","2.5799","3.1221","3.2043","3.4526","3.1931","3.2911","3.0962","2.9946","2.9884","3.2412","3.5271","3.1606","3.0213","3.8885","4.0168","3.4332","4.9852","5.1072","5.2147","5.0097","4.8563","4.9661","4.9885","5.1817","5.133","5.5268","6.1897","6.1719","6.3873","",
"Zambia","ZMB","Fish species, threatened","EN.FSH.THRD.NO","","","","","","","","","","","","","","","","","","","","","","","","","","","","","","","","","","","","","","","","","","","","","","","","","","","","","","","","","","","20","","","","26","","","",
"Zambia","ZMB","Net official flows from UN agencies, UNAIDS (current US$)","DT.NFL.UNAI.CD","","","","","","","","","","","","","","","","","","","","","","","","","","","","","","","","","","","","","","","","","","","","","","779999.971389771","1230000.01907349","2009999.99046326","790000.021457672","870000.004768372","949999.988079071","1370000.00476837","1326625.9431839","1542253.01742554","1288439.03541565","1196109.05647278","1083971.97723389","1030099.9879837","329876.989126205","1234763.9799118","","","105885.997414589","580860.018730164","","",
"Zambia","ZMB","Net financial flows, RDB concessional (NFL, current US$)","DT.NFL.RDBC.CD","","","","","","","","","","","","","","","","","","","","","","999747.8","1365939.8","4379039.1","2754589.2","5124365.6","9475961.1","4740001.8","10112844.4","617517.4","25145432.2","29712522","20015029.2","10676817.2","16932706.9","13183276.6","14362509","8504236.2","11363011.6","18845771.2","24974041.1","10930355.8","24560857.5","10975864.9","9200333.5","17617279.5","27890529.3","18798043.9","45590910.6","32370537.4","51727586.7","2628651.7","41507851.6","33175219.4","29698164.7","60618473.9","32849863","22503991.7","17448322.8","33030520.6","23045509.9","29576834.3","8552775.2","13678005.3","4805792","",
"Zambia","ZMB","PNG, bonds (NFL, current US$)","DT.NFL.PNGB.CD","","","","","","","","","","","","","","","","","","","","","","","","","","","","","","","","","","","","","","","","","","","","","","","","","","","","","","","","","","","","","","","","","","",
"Zambia","ZMB","PPG, official creditors (NFL, US$)","DT.NFL.OFFT.CD","","","","","","","","","","","16030250.5","25141309.8","41230827","88971504.8","130169299.1","147400736.7","130332495.8","70538674.7","92531727.1","304789387.6","274014922.1","179827256.1","171201839.4","96151996.5","148983730.4","218914566.3","195277837.5","99529439.2","163599482.2","72647863","73949856.9","110430839.1","150663905.3","139687689.9","136033526.2","149648412.2","109024391.7","116877716.4","-14357029.3","151070911.8","173032663.4","122455134.7","95640091","-3355096.2","122052813.9","63120679.2","114675751.7","85162359.4","53744759.4","37671351.1","173727204.3","777820703.7","596912626.9","178213498.6","557051285.8","578474944.6","591006845.6","412258622.8","639382115.3","1232979904.9","1239444194.5","295288718.8","871526189.5","135457162.7","576861457.4","",
"Zambia","ZMB","Net financial flows, IDA (NFL, current US$)","DT.NFL.MIDA.CD","","","","","","","","","","","","","","","","","","","","580000","1537000","2145000","7472000","9346000","15554000","63161000","73441000","42095000","5460000","4168000","2827000","208832000","172976000","173325000","184949000","206811000","177980000","165625000","39422000","151592000","205840000","121575000","140549000","74289000","140663000","75779000","39145000","51165000","50689000","32510000","29947000","65254000","72325000","64830000","76187000","60598000","86342000","86263000","132065000","111593000","138770000","119078000","735599000","161234000","334580000","",
"Zambia","ZMB","Net official flows from UN agencies, ILO (current US$)","DT.NFL.ILOG.CD","","","","","","","","","","","","","","","","","","","","","","","","","","","","","","","","","","","","","","","","","","","","","","","","","","","","","615939.021110535","1176020.02620697","839110.016822815","1013460.04009247","689979.97045517","1240869.99893188","1038812.04128265","2032480.00144959","1898661.01741791","1183699.96547699","824060.97650528","806267.023086548","","",
"Zambia","ZMB","Net flows on external debt, private nonguaranteed (PNG) (NFL, current US$)","DT.NFL.DPNG.CD","","","","","","","","","","","5000000","5000000","5000000","16300000","28000000","35700000","-5000000","60000000","-25000000","-25000000","-25000000","-36700000","-6500000","-3000000","","","","","","","1948000","1950000","10248000","-1000000","400000","0","2500000","-3500000","16000000","44309000","-8191000","89495000","61609000","27770000","314136000","38728000","220568000","154279000","67800000","-28500000","-12709000","10482000","-9413000","294762000","1508765000","1078732000","2906246000","5888166000","3043157000","2589448000","-45785000","-1234105000","-378595000","-89679000","-1109514000","",
"Zambia","ZMB","Present value of external debt (% of GNI)","DT.DOD.PVLX.GN.ZS","","","","","","","","","","","","","","","","","","","","","","","","","","","","","","","","","","","","","","","","","","","","","","","","","","","","","","","","","","","","","","","","","55.2701887059322","",
"Zambia","ZMB","PPG, IDA (DOD, current US$)","DT.DOD.MIDA.CD","","","","","","","","","","","","","","","","","","","0","580000","2117000","4261000","11732000","21024135.6","36021906.1","105014539.1","189604082.4","259569979","253593474","252793545.4","273558649.6","493163711.8","643160000","817426000","1042542000","1270408000","1404660000","1492586000","1586930000","1703843000","1823436000","1868756000","2144469000","2405290000","2637410000","2488266000","259933000","323237000","371177000","406921000","430103000","492048000","565101000","631928000","666815000","698021000","760362000","893814000","1002934000","1108251000","1295958000","1377308000","2047030000","2220849000","2509679000","",
"Zambia","ZMB","Short-term debt (% of total reserves)","DT.DOD.DSTC.IR.ZS","","","","","","","","","","","31.0776942161167","58.778639132628","107.950130855488","96.6466372470156","119.573413565564","200.079440023369","323.777775303118","687.843027041794","673.288019410045","341.042433212594","284.436724941357","428.798078807014","411.397938947898","371.354422246806","812.107975684473","333.160572273761","1454.21670439841","1035.8024978819","1032.28331488528","1259.54390818563","702.323488918581","697.476724529391","","674.003188024143","302.061858916151","186.2137829417","213.950082693641","107.877179632676","472.873930929335","241.621264060139","31.1525348584742","76.8752466891684","17.1401170509577","35.9859348160174","40.6023353558506","41.8636675343623","58.8347941926879","50.6619498961814","59.1592405476707","23.580824047941","54.9303836612859","22.6910248182209","26.9981296331759","27.9047543929504","26.5846401328119","24.9021381330767","32.3675076739744","43.2405481620253","39.6227794136933","57.9369047225291","60.6394272767804","51.4218710723968","91.8050966701506","107.439473566981","68.2751810850897","",
"Zambia","ZMB","External debt stocks, long-term (DOD, current US$)","DT.DOD.DLXF.CD","","","","","","","","","","","653521836.3","668825763","717269149.4","760907624.2","892554084","1261219401.5","1409590442.1","1573608449.5","1610303801.5","1936342334.4","2218906996.4","2218767680.2","2333209720.3","2525114905.4","2567307151.1","3016525693.4","3735388719.6","4341683368.2","4315185045","4103445455.8","4543084917.5","4698679001.8","4520348878.5","4404415795.3","5193916915.9","5304217817.7","5385128780.2","5263929347.6","5354765136.3","4578198570.8","4509221851","4985202975.2","5481556478.1","5832884114.7","6415178795.7","4446914162.2","1683040441.1","1992973672.2","2088144288.8","2114470773.8","2053596023.9","3535547181.7","4234445571.3","4809339953.1","7821098917","10664854266","14181489305.8","22045312966.9","23279415896.8","27890781311.5","28123313164.4","23558570669.3","23640776313","23216924393.9","22196046703.4","",
"Zambia","ZMB","Net ODA provided, total (constant 2023 US$)","DC.ODA.TOTL.KD","","","","","","","","","","","","","","","","","","","","","","","","","","","","","","","","","","","","","","","","","","","","","","","","","","","","","","","","","","","","","","","","","","",
"Zambia","ZMB","Net ODA provided, to the least developed countries (current US$)","DC.ODA.TLDC.CD","","","","","","","","","","","","","","","","","","","","","","","","","","","","","","","","","","","","","","","","","","","","","","","","","","","","","","","","","","","","","","","","","","",
"Zambia","ZMB","Net bilateral aid flows from DAC donors, Slovenia (current US$)","DC.DAC.SVNL.CD","","","","","","","","","","","","","","","","","","","","","","","","","","","","","","","","","","","","","","","","","","","","","","","","","","","","","","","","","","","","","","","","","","",
"Zambia","ZMB","Net bilateral aid flows from DAC donors, New Zealand (current US$)","DC.DAC.NZLL.CD","","","","","","","","","","","","","19999.9995529652","9999.99977648258","90000.0035762787","9999.99977648258","109999.999403954","50000.0007450581","9999.99977648258","9999.99977648258","29999.9993294477","50000.0007450581","29999.9993294477","19999.9995529652","9999.99977648258","9999.99977648258","","","29999.9993294477","19999.9995529652","50000.0007450581","39999.9991059303","50000.0007450581","119999.997317791","180000.007152557","90000.0035762787","250000","330000.013113022","119999.997317791","239999.994635582","250000","109999.999403954","280000.001192093","250000","569999.992847443","689999.997615814","670000.016689301","660000.026226044","1169999.95708466","1870000.00476837","1320000.05245209","1840000.0333786","879999.995231628","419999.986886978","319999.992847443","170000.001788139","500000","1340000.0333786","1382269.97852325","1003232.0022583","969213.008880615","918721.02022171","639798.998832703","516249.001026154","","",
"Zambia","ZMB","Net bilateral aid flows from DAC donors, Lithuania (current US$)","DC.DAC.LTUL.CD","","","","","","","","","","","","","","","","","","","","","","","","","","","","","","","","","","","","","","","","","","","","","","","","","","","","","","","","","","","","","","","","","","",
"Zambia","ZMB","Net bilateral aid flows from DAC donors, Iceland (current US$)","DC.DAC.ISLL.CD","","","","","","","","","","","","","","","","","","","","","","","","","","","","","","","","","","","","","","","","","","","","","","","","","","","","","","","","","","","","","","","22471.9997495413","","","",
"Zambia","ZMB","Refugees under the mandate of the UNHCR by country or territory of origin","SM.POP.RHCR.EO","","","","","","","","","15000","13000","9000","750","750","750","4000","750","750","","","1000","1210","1200","1200","1200","","","","","","","","","1990","1573","15","22","39","62","75","86","91","55","84","95","119","146","199","192","191","201","221","234","240","230","309","334","256","260","266","259","252","255","296","324","337","346",
"Zambia","ZMB","Net migration","SM.POP.NETM","-3898","-4043","-4428","-4676","-4851","-5023","-5129","-5298","-5447","-11469","-31370","-31651","-31672","-31472","-31178","-30886","-30612","-30423","-30284","-29515","-24664","-16072","-3676","-11849","-18652","-18474","-16610","-26338","-31270","-36736","-38619","-44203","-43656","-47739","-45504","-45423","-38358","-26276","-26796","-16888","-4338","23582","3206","20845","7819","35316","29517","49945","39249","44867","22761","13569","8958","15542","16574","16261","25860","25789","18431","18385","8156","8143","-8566","9521","7381","6562",
"Zambia","ZMB","Asylum-seekers by country or territory of asylum","SM.POP.ASYS.EA","","","","","","","","","","","","","","","","","","","","","","","","","","","","","","","","","","","","","","","","","261","500","945","180","86","146","215","25","56","76","324","1018","1190","2217","2174","2408","3318","4675","3300","5067","4293","4394","2774","5549","9643","12906",
"Zambia","ZMB","Unemployment, total (% of total labor force) (modeled ILO estimate)","SL.UEM.TOTL.ZS","","","","","","","","","","","","","","","","","","","","","","","","","","","","","","","","18.9","19.568","19.7","18.689","16.834","15.3","13.273","12","12.498","12.93","13.404","14.131","14.704","15.332","15.9","13.229","10.559","7.93","10.583","13.19","10.548","7.85","7.272","6.576","5.951","5.244","4.529","5.032","5.538","6.032","5.197","5.993","5.861","5.898","5.918",
"Zambia","ZMB","Unemployment, female (% of female labor force) (modeled ILO estimate)","SL.UEM.TOTL.FE.ZS","","","","","","","","","","","","","","","","","","","","","","","","","","","","","","","","22.219","21.701","20.631","19.492","17.506","15.843","13.278","11.478","11.474","11.384","11.91","12.669","13.32","14.043","14.745","12.433","10.074","7.693","10.327","12.955","10.43","7.822","7.306","6.673","6.105","5.451","4.78","5.087","5.214","6.563","5.703","6.294","6.037","6.073","6.158",
"Zambia","ZMB","Share of youth not in education, employment or training, male (% of male youth population)","SL.UEM.NEET.MA.ZS","","","","","","","","","","","","","","","","","","","","","","","","","","","","","","","","","","","","","","","","","","","","","","","","","9.19","","","","","","","35.642","","23.247","28.329","26.828","25.771","26.533","25.247","25.422","22.013","",
"Zambia","ZMB","Unemployment with intermediate education (% of total labor force with intermediate education)","SL.UEM.INTM.ZS","","","","","","","","","","","","","","","","","","","","","","","","","","","","","","","","","","","","","","","","","","","","","","","","","","","","","","","","4.744","","9.659","11.74","10.359","11.057","9.502","11.044","11.021","10.944","",
"Zambia","ZMB","Unemployment with basic education, male (% of male labor force with basic education)","SL.UEM.BASC.MA.ZS","","","","","","","","","","","","","","","","","","","","","","","","","","","","","","","","","","","","","","","","","","","","","","","","","","","","","","","","7.488","","3.364","4.044","5.071","4.665","3.56","3.909","4.473","3.317","",
"Zambia","ZMB","Unemployment with advanced education, female (% of female labor force with advanced education)","SL.UEM.ADVN.FE.ZS","","","","","","","","","","","","","","","","","","","","","","","","","","","","","","","","","","","","","","","","","","","","","","","","","","","","","","","","","","10.757","11.694","11.705","10.861","10.946","15.076","13.692","11.725","",
"Zambia","ZMB","Unemployment, youth male (% of male labor force ages 15-24) (national estimate)","SL.UEM.1524.MA.NE.ZS","","","","","","","","","","","","","","","","","","","","","","","","","","","","","","","","","","","","","","","","","23.107","","","","","","","","","","","","14.57","","","27.156","","8.794","9.451","12.309","11.409","8.739","9.765","10.24","10.461","",
"Zambia","ZMB","Labor force, female (% of total labor force)","SL.TLF.TOTL.FE.ZS","","","","","","","","","","","","","","","","","","","","","","","","","","","","","","","45.0456162892077","45.1482639738501","45.2458397778361","45.3337634493448","45.4019943666525","45.4430375079278","45.4609721279364","45.4556297249675","45.4358583806047","45.4009698394353","45.350583529219","45.27769665838","45.208431054636","45.1465438368642","45.0769927625591","44.9873990440579","44.8865668979915","44.7870645109876","44.7026400120597","44.6443419441105","44.6184224950792","44.6321335459677","44.6732196910357","44.738928468874","44.8278573029216","44.9431923796659","45.0716205983136","45.2154258687432","45.379568143947","44.5774870052327","45.4634977373845","45.8077545783141","46.1173767011759","46.2714195496748","46.3037568373129","46.3152101651579",
"Zambia","ZMB","Labor force with intermediate education (% of total working-age population with intermediate education)","SL.TLF.INTM.ZS","","","","","","","","","","","","","","","","","","","","","","","","","","","","","","","","","","","","","","","","","","","","","","","","","","","","","","","","60.904","","53.482","52.962","54.52","58.565","57.04","58.521","57.48","58.247","",
"Zambia","ZMB","Labor force participation rate, total (% of total population ages 15+) (national estimate)","SL.TLF.CACT.NE.ZS","","","","","","","","","","28.448","","","","","","","","","","","58.763","","","","","","","","","","46.61","62.9","","","","","66.7","","62","","55.7","","","","","80","","","74.5","","62.3","","74.6","","","50.743","","62.671","58.475","59.544","60.872","60.099","59.532","61.961","63.245","",
"Zambia","ZMB","Ratio of female to male labor force participation rate (%) (national estimate)","SL.TLF.CACT.FM.NE.ZS","","","","","","","","","","40.0883422407692","","","","","","","","","","","48.6008322743017","","","","","","","","","","51.3353927341764","79.1489361702128","","","","","","","83.8235294117647","","66.983241889313","","","","","86.046511627907","","","89.2131979695431","","90.0914634146341","","86.875","","","77.7077953799986","","81.2937213921755","80.1606277971921","77.6598740274176","80.5232129697863","81.6519156250471","82.6554822513738","83.1786320371873","82.8754261281562","",
"Zambia","ZMB","Labor force with basic education, male (% of male working-age population with basic education)","SL.TLF.BASC.MA.ZS","","","","","","","","","","","","","","","","","","","","","","","","","","","","","","","","","","","","","","","","","","","","","","","","","","","","","","","","84.079","","69.951","66.336","69.35","67.872","66.539","63.898","66.394","67.002","",
"Zambia","ZMB","Labor force with advanced education, female (% of female working-age population with advanced education)","SL.TLF.ADVN.FE.ZS","","","","","","","","","","","","","","","","","","","","","","","","","","","","","","","","","","","","","","","","","","","","","","","","","","","","","","","","75.8","","70.651","71.695","69.897","67.884","74.861","72.186","82.044","80.311","",
"Zambia","ZMB","Labor force participation rate for ages 15-24, total (%) (modeled ILO estimate)","SL.TLF.ACTI.1524.ZS","","","","","","","","","","","","","","","","","","","","","","","","","","","","","","","42.057","41.933","41.834","41.767","41.755","41.789","41.833","41.811","41.75","41.662","41.498","41.202","40.892","40.614","40.364","40.127","39.881","39.632","39.37","39.099","38.835","38.602","38.353","38.049","37.674","37.251","36.784","36.276","35.751","36.66","39.341","38.219","35.389","37.07","36.924","36.893",
"Zambia","ZMB","Labor force participation rate for ages 15-24, female (%) (modeled ILO estimate)","SL.TLF.ACTI.1524.FE.ZS","","","","","","","","","","","","","","","","","","","","","","","","","","","","","","","38.108","38.034","37.985","37.914","37.962","37.982","37.997","37.985","37.972","37.92","37.827","37.646","37.464","37.295","37.146","37.006","36.856","36.703","36.543","36.369","36.191","36.051","35.887","35.693","35.451","35.182","34.875","34.54","34.187","33.32","37.167","34.659","32.922","34.592","34.532","34.435",
"Zambia","ZMB","Average working hours of children, working only, ages 7-14 (hours per week)","SL.TLF.0714.WK.TM","","","","","","","","","","","","","","","","","","","","","","","","","","","","","","","","","","","","","","","","","","","","","","","","","4.8","","","","","","","","","","","","","","","","","",
"Zambia","ZMB","Average working hours of children, working only, female, ages 7-14 (hours per week)","SL.TLF.0714.WK.FE.TM","","","","","","","","","","","","","","","","","","","","","","","","","","","","","","","","","","","","","","","","","","","","","","","","","4.6","","","","","","","","","","","","","","","","","",
"Zambia","ZMB","Average working hours of children, study and work, male, ages 7-14 (hours per week)","SL.TLF.0714.SW.MA.TM","","","","","","","","","","","","","","","","","","","","","","","","","","","","","","","","","","","","","","","","","","","","","","","","","4.2","","","","","","","","","","","","","","","","","",
"Zambia","ZMB","Children in employment, female (% of female children ages 7-14)","SL.TLF.0714.FE.ZS","","","","","","","","","","","","","","","","","","","","","","","","","","","","","","","","","","","","","","","","","","","","","","46.76866","","","33.3","","","","","","","","","","","","","","","","","",
"Zambia","ZMB","Child employment in services (% of economically active children ages 7-14)","SL.SRV.0714.ZS","","","","","","","","","","","","","","","","","","","","","","","","","","","","","","","","","","","","","","","","","","","","","","3.47","","","6.95","","","","","","","","","","","","","","","","","",
"Zambia","ZMB","Children in employment, self-employed, male (% of male children in employment, ages 7-14)","SL.SLF.0714.MA.ZS","","","","","","","","","","","","","","","","","","","","","","","","","","","","","","","","","","","","","","","","","","","","","","","","","2.76","","","","","","","","","","","","","","","","","",
"Zambia","ZMB","Child employment in manufacturing, female (% of female economically active children ages 7-14)","SL.MNF.0714.FE.ZS","","","","","","","","","","","","","","","","","","","","","","","","","","","","","","","","","","","","","","","","","","","","","","0.45","","","0.76","","","","","","","","","","","","","","","","","",
"Zambia","ZMB","GDP per person employed (constant 2021 PPP $)","SL.GDP.PCAP.EM.KD","","","","","","","","","","","","","","","","","","","","","","","","","","","","","","","","9460.01589703877","9141.11867222679","9541.95504366365","8406.44697120306","8258.06356500667","8407.41554609311","8307.31171005603","7939.86486263956","8128.60864146548","8239.01787998334","8440.71420143292","8600.55080174368","8953.05436616737","9329.68081002726","9723.36153007745","9801.62530501913","9922.90249848516","10000.1215770836","10827.7989462904","11853.5464964234","11721.2967558267","11824.7051308236","11922.3123008531","11960.3109221563","11805.9705332791","11736.8560335647","11640.9603928292","11757.5814691967","11353.0862603223","10463.7779442582","10766.4463114632","11129.2239924685","10849.814829468","10873.5656933431","10880.2324406081",
"Zambia","ZMB","Children in employment, unpaid family workers (% of children in employment, ages 7-14)","SL.FAM.0714.ZS","","","","","","","","","","","","","","","","","","","","","","","","","","","","","","","","","","","","","","","","","","","","","","","","","93.1","","","","","","","","","","","","","","","","","",
"Zambia","ZMB","Wage and salaried workers, male (% of male employment) (modeled ILO estimate)","SL.EMP.WORK.MA.ZS","","","","","","","","","","","","","","","","","","","","","","","","","","","","","","","","25.4827971474131","25.410269937494","25.4006170388246","25.1208564992533","24.8584286896329","24.7276067057811","24.6472189059522","24.4343564737181","24.2778657858371","24.1957096258958","23.696015474818","23.2995522955825","22.9515301883586","22.6536336852443","22.2870823357968","22.6406743416963","22.9912203953571","23.3389627648756","25.2766011103864","27.2469810005934","26.9812576127747","26.6686001634534","29.5681360589711","31.9829224968058","33.8490030559783","34.1141758292209","34.3288062233377","34.6037434487349","32.9035516686386","31.5409383529531","34.4373512095908","33.5231468098051","34.8718077738965","35.1102387724411","35.4824351582882",
"Zambia","ZMB","Vulnerable employment, female (% of female employment) (modeled ILO estimate)","SL.EMP.VULN.FE.ZS","","","","","","","","","","","","","","","","","","","","","","","","","","","","","","","","92.9505572537903","92.8850106460228","92.8751949759364","92.8602938365809","92.9201433322284","92.9163883374573","92.8976327222182","92.974106638703","93.0511565012695","93.0530010496211","93.2049315424251","93.3119554288264","93.4153207264239","93.4852697478784","93.5924776632741","93.5179297197424","93.470576798851","93.4245865029374","92.5885038545019","91.6633223003123","91.7521146887819","91.8447727353967","89.6780177359335","87.4163924070505","85.0473816937913","84.6900157198319","84.3830940306665","84.0250666909239","82.7479959126199","82.2452715944039","80.4029356335943","80.8186781004513","79.6306188126985","79.3896235951645","79.0997599053407",
"Zambia","ZMB","Employment to population ratio, 15+, male (%) (national estimate)","SL.EMP.TOTL.SP.MA.NE.ZS","","","","","","","","","","","","","","","","","","","","","","","","","","","71.3","","","","53.42","57.2","","","","","","","59","","57.602","","","","","","","","72.423","","","","","","","53.749","","66.478","61.992","63.555","64.069","63.162","61.583","63.896","65.63","",
"Zambia","ZMB","Self-employed, total (% of total employment) (modeled ILO estimate)","SL.EMP.SELF.ZS","","","","","","","","","","","","","","","","","","","","","","","","","","","","","","","","82.7138169682347","82.8648828191992","82.9941455792235","83.1662288000007","83.3483415379663","83.4337390358333","83.5187201594623","83.6989437432788","83.8452858956525","83.9312871074435","84.2712222989245","84.5401983297695","84.7793320636136","84.9801621516891","85.2278400290929","84.9358092770511","84.6542987399084","84.3809805998485","82.9403009886786","81.4531847351396","81.6454596344342","81.8597547409157","79.3111966730842","76.9871307231033","74.9162886734052","74.6432378091265","74.4214821445563","74.1674624807444","74.3856799254069","75.3236651947009","73.3529025441699","73.9010903529961","72.2992683045016","72.0627397676769","71.7263261520826",
"Zambia","ZMB","Employers, male (% of male employment) (modeled ILO estimate)","SL.EMP.MPYR.MA.ZS","","","","","","","","","","","","","","","","","","","","","","","","","","","","","","","","3.69416718817951","3.67267888015881","3.44974450054329","3.41553543858465","3.2414280236524","3.21477566015362","3.18136989551896","2.93346942801635","2.7109525093532","2.72162094862584","2.88656653811061","3.06071158016575","3.21510457240082","3.4294132089369","3.59791223661318","3.25688694388498","2.83373312241869","2.40968064421498","2.3560631342627","2.38952592234534","2.38301849596215","2.2681732539637","2.30899788517172","2.31554920803345","2.29017665971457","2.33811165810545","2.35784595307729","2.38374633068433","1.73042288242145","2.60194373238332","4.86402435828241","4.04757709853937","2.02845891254433","2.01586632038016","2.01604829283449",
"Zambia","ZMB","Employment to population ratio, ages 15-24, male (%) (modeled ILO estimate)","SL.EMP.1524.SP.MA.ZS","","","","","","","","","","","","","","","","","","","","","","","","","","","","","","","","33.844","32.535","31.613","32.323","33.629","34.756","35.826","36.37","35.586","34.735","33.725","32.516","31.458","30.389","29.379","31.245","33.169","35.094","32.184","29.257","31.489","33.732","33.968","34.218","34.359","34.521","34.663","33.826","35.174","36.852","38.135","34.168","35.518","35.279","35.135",
"Zambia","ZMB","Employment in agriculture (% of total employment) (modeled ILO estimate)","SL.AGR.EMPL.ZS","","","","","","","","","","","","","","","","","","","","","","","","","","","","","","","","74.5925034568858","74.996156067598","75.0695314825644","74.7914192685173","74.8518798829316","74.6612582443734","74.643733709554","74.994304821478","75.770928120615","76.0099706288682","76.5326835581317","76.9223581352688","77.0729734100955","77.0681264801818","76.9769641194945","76.8217899651254","76.6180203404076","76.3920149427354","73.5150906670471","70.1812057116294","66.9170053788303","62.9907241142224","62.6224362707234","62.0198206800308","61.316461117631","61.0880969604029","60.8662845630868","59.7734566241489","57.3663003656749","59.1117281711374","57.8091361014727","56.0632844045911","55.9688338193251","55.3243375687222","54.5286060377699",
"Zambia","ZMB","Child employment in agriculture, male (% of male economically active children ages 7-14)","SL.AGR.0714.MA.ZS","","","","","","","","","","","","","","","","","","","","","","","","","","","","","","","","","","","","","","","","","","","","","","96.47","","","93.57","","","","","","","","","","","","","","","","","",
"Zambia","ZMB","Survey mean consumption or income per capita, total population (2021 PPP $ per day)","SI.SPR.PCAP","","","","","","","","","","","","","","","","","","","","","","","","","","","","","","","","","","","","","","","","","","","","","","","","","","","","","","","","3.37","","","","","","","2.86","","","",
"Zambia","ZMB","Average transaction cost of sending remittances to a specific country (%)","SI.RMT.COST.IB.ZS","","","","","","","","","","","","","","","","","","","","","","","","","","","","","","","","","","","","","","","","","","","","","","","","","","","","","","","","","12.64669","11.490275","10.18701","11.39692","9.179685","7.581665","5.4633335","8.1283335","","",
"Zambia","ZMB","Poverty headcount ratio at national poverty lines (% of population)","SI.POV.NAHC","","","","","","","","","","","","","","","","","","","","","","","","","","","","","","","","","","","","","","","","","","","","","","","","","","","57","","","","","54.4","","","","","","","60","","","",
"Zambia","ZMB","Poverty headcount ratio at $4.20 a day (2021 PPP) (% of population)","SI.POV.LMIC","","","","","","","","","","","","","","","","","","","","","","","","","","","","","","","","72.8","","78.4","","","70.3","","71.1","","","","81.9","","79.2","","81.5","","","","81.4","","","","","78.4","","","","","","","81.4","","","",
"Zambia","ZMB","Income share held by lowest 20%","SI.DST.FRST.20","","","","","","","","","","","","","","","","","","","","","","","","","","","","","","","","1.7","","3.1","","","4.5","","4.3","","","","6.1","","3.6","","3.6","","","","4.1","","","","","3.1","","","","","","","3.9","","","",
"Zambia","ZMB","Income share held by highest 20%","SI.DST.05TH.20","","","","","","","","","","","","","","","","","","","","","","","","","","","","","","","","61.4","","56.6","","","53.6","","54.2","","","","48.8","","59","","59.4","","","","57.5","","","","","60.2","","","","","","","56.4","","","",
"Zambia","ZMB","UHC service coverage sub-index on reproductive, maternal, newborn and child health","SH_UHC_SCI_RMNCH","","","","","","","","","","","","","","","","","","","","","","","","","","","","","","","","","","","","","","","","","59","60","60","61","61","61","62","62","63","64","64","65","65","66","68","69","70","71","72","72","73","74","73","74","","",
"Zambia","ZMB","UHC service coverage index","SH_UHC_SCI","","","","","","","","","","","","","","","","","","","","","","","","","","","","","","","","","","","","","","","","","32","33","31","32","34","37","42","45","45","44","47","49","51","52","55","55","51","55","54","55","56","56","55","62","","",
"Zambia","ZMB","Proportion of population further impoverished due to out-of-pocket health expenditure, based on the societal poverty line (%)","SH_UHC_FH40_FURTHER","","","","","","","","","","","","","","","","","","","","","","","","","","","","","","","","","","","","","22.75","","","","","","","","24.83","","34.07","","","","23.19","","","","","13.9","","","","","","","","","","",
"Zambia","ZMB","Domestic private health expenditure (% of current health expenditure)","SH.XPD.PVTD.CH.ZS","","","","","","","","","","","","","","","","","","","","","","","","","","","","","","","","","","","","","","","","","57.93151855","49.48173141","36.81583786","37.76347351","41.24041748","34.61594772","35.91685104","33.58852005","26.62546349","18.39865494","17.03419876","14.26926136","15.46370411","15.21655846","17.99484825","16.40252113","19.07094765","15.91605377","12.11717987","8.57211399","10.01547432","8.0188818","10.11206818","11.37645531","","",
"Zambia","ZMB","Domestic general government health expenditure per capita, PPP (current international $)","SH.XPD.GHED.PP.CD","","","","","","","","","","","","","","","","","","","","","","","","","","","","","","","","","","","","","","","","","25.1825264466337","34.3636174017834","34.8708358024205","28.2354648054428","27.2025714872074","27.5129877668633","31.593682320825","38.0095363619156","42.9287437871215","47.9045080073504","48.3173971675781","50.8014703500468","51.2576957774189","45.5479828168405","65.1723858875589","69.7712612521887","56.8010251397355","85.143131709206","71.8751818607568","75.9110287700125","113.462412425298","98.8931025145166","96.2847316223686","99.2394684660934","","",
"Zambia","ZMB","Domestic general government health expenditure (% of current health expenditure)","SH.XPD.GHED.CH.ZS","","","","","","","","","","","","","","","","","","","","","","","","","","","","","","","","","","","","","","","","","35.77278137","40.28491211","32.23574066","24.24751854","24.06642342","19.63957977","23.82091522","32.62834549","35.27698517","31.91394424","37.72855377","39.74438477","38.12258911","28.63796806","49.45684052","47.19329453","38.35799026","52.50148773","43.77412415","33.44005203","56.98109055","42.51919937","48.11394882","40.71538925","","",
"Zambia","ZMB","Current health expenditure per capita, PPP (current international $)","SH.XPD.CHEX.PP.CD","","","","","","","","","","","","","","","","","","","","","","","","","","","","","","","","","","","","","","","","","70.3957779305479","85.301452760071","108.17445546184","116.446821349464","113.031216336957","140.089489043552","132.630006451562","116.492375597995","121.690506405882","150.105259686111","128.06586443791","127.820499918404","134.454923895274","159.047546459549","131.776280966488","147.84147758589","148.081336743733","162.172789641641","164.195587044866","227.006291136825","199.122922384094","232.58457673966","200.118124632668","243.739440602984","","",
"Zambia","ZMB","Incidence of tuberculosis (per 100,000 people)","SH.TBS.INCD","","","","","","","","","","","","","","","","","","","","","","","","","","","","","","","","","","","","","","","","","759","728","695","662","631","602","577","554","534","514","495","475","456","437","406","391","376","361","346","333","319","307","295","283","272","",
"Zambia","ZMB","External health expenditure (% of current health expenditure)","SH.XPD.EHEX.CH.ZS","","","","","","","","","","","","","","","","","","","","","","","","","","","","","","","","","","","","","","","","","6.2957015","10.23335361","30.94842148","37.98900604","34.69316101","45.7444725","40.26222992","33.78313446","38.09754944","49.68740463","45.23725128","45.98635483","46.41370773","56.14547729","32.54830933","36.40418625","42.57106018","31.58245468","44.10869217","57.9878273","33.00343323","49.46191788","41.773983","47.90814972","","",
"Zambia","ZMB","Newborns protected against tetanus (%)","SH.VAC.TTNS.ZS","","","","","","","","","","","","","","","","","","","","","","","","","","","36","42","44","51","62","73","46","60","75","85","87","66","70","74","78","85","87","89","90","91","90","89","90","90","90","81","81","81","85","85","85","85","85","85","85","83","83","83","85","",
"Zambia","ZMB","Prevalence of severe wasting, weight for height (% of children under 5)","SH.SVR.WAST.ZS","","","","","","","","","","","","","","","","","","","","","","","","","","","","","","","","","2.2","","","","1.7","","","2","","","2.3","","","","","2.3","","","","","","2.5","","","","","1.5","","","","","","","",
"Zambia","ZMB","Prevalence of wasting, weight for height, male (% of children under 5)","SH.STA.WAST.MA.ZS","","","","","","","","","","","","","","","","","","","","","","","","","","","","","","","","","6.4","","","","6.3","","","7.3","","","6.6","","","","","6","","","","","","6.5","","","","","4.8","","","","","","","",
"Zambia","ZMB","Suicide mortality rate (per 100,000 population)","SH.STA.SUIC.P5","","","","","","","","","","","","","","","","","","","","","","","","","","","","","","","","","","","","","","","","","6.84","6.63","6.74","6","6.25","6","6.34","6.21","6.11","5.86","6","5.89","5.76","5.8","5.65","5.7","5.53","5.64","5.52","5.76","6","7.13","","","","",
"Zambia","ZMB","Prevalence of stunting, height for age (modeled estimate, % of children under 5)","SH.STA.STNT.ME.ZS","","","","","","","","","","","","","","","","","","","","","","","","","","","","","","","","","","","","","","","","","52.1","52","51.8","51.2","50.5","49.7","48.8","47.7","46.4","45","43.6","42.1","40.8","39.6","38.6","37.7","36.5","35.2","33.9","32.8","32","31.6","31.8","32","32.3","",
"Zambia","ZMB","Prevalence of stunting, height for age, female (% of children under 5)","SH.STA.STNT.FE.ZS","","","","","","","","","","","","","","","","","","","","","","","","","","","","","","","","","43.1","","","","47.1","","","58.8","","","50.8","","","","","42.9","","","","","","37.7","","","","","31","","","","","","","",
"Zambia","ZMB","Mortality rate attributed to unintentional poisoning, male (per 100,000 male population)","SH.STA.POIS.P5.MA","","","","","","","","","","","","","","","","","","","","","","","","","","","","","","","","","","","","","","","","","1.55","1.48","1.52","1.4","1.56","1.51","1.46","1.47","1.4","1.4","1.42","1.32","1.22","1.18","1.22","1.23","1.29","1.24","1.18","1.21","1.23","1.35","","","","",
"Zambia","ZMB","Prevalence of overweight, weight for height (modeled estimate, % of children under 5)","SH.STA.OWGH.ME.ZS","","","","","","","","","","","","","","","","","","","","","","","","","","","","","","","","","","","","","","","","","8.3","8.5","8.7","8.8","8.8","8.7","8.5","8.2","7.9","7.5","7.2","6.8","6.4","6.1","5.8","5.5","5.3","5.2","5.1","5.1","5.1","5.3","5.5","5.8","6.3","",
"Zambia","ZMB","Prevalence of overweight, weight for height, female (% of children under 5)","SH.STA.OWGH.FE.ZS","","","","","","","","","","","","","","","","","","","","","","","","","","","","","","","","","4.2","","","","6","","","14.7","","","5.4","","","","","8.3","","","","","","5.9","","","","","5","","","","","","","",
"Zambia","ZMB","People practicing open defecation, urban (% of urban population)","SH.STA.ODFC.UR.ZS","","","","","","","","","","","","","","","","","","","","","","","","","","","","","","","","","","","","","","","","","3.33676980751321","3.22618597019562","3.115602132878","3.0050182955604","2.89443445824279","2.78385062092519","2.6732667836076","2.56268294628998","2.45209910897239","2.34151527165477","2.23093143433718","2.12034759701956","2.00976375970197","1.89917992238438","1.78859608506676","1.67801224774917","1.56742841043155","1.45684457311395","1.34626073579636","1.23567689847874","1.12509306116115","1.01450922384353","0.903925386525941","0.793341549208321","0.68275771189073","",
"Zambia","ZMB","Prevalence of underweight, weight for age (% of children under 5)","SH.STA.MALN.ZS","","","","","","","","","","","","","","","","","","","","","","","","","","","","","","","","","21.2","","","","19.6","","","18.9","","","23.2","","","","","14.9","","","","","","14.9","","","","","11.8","","","","","","","",
"Zambia","ZMB","People with basic handwashing facilities including soap and water, urban (% of urban population)","SH.STA.HYGN.UR.ZS","","","","","","","","","","","","","","","","","","","","","","","","","","","","","","","","","","","","","","","","","","","","","","","","","28.7287723642425","28.7287723642425","28.7287723642425","28.7287723642425","28.7287723642425","28.7287723642425","28.7287723642425","28.7287723642425","28.7287723642425","28.7287723642425","28.7287723642425","28.7287723642425","28.7287723642425","28.7287723642425","28.7287723642425","28.7287723642425","28.7287723642425","",
"Zambia","ZMB","Low-birthweight babies (% of births)","SH.STA.BRTW.ZS","","","","","","","","","","","","","","","","","","","","","","","","","","","","","","","","","","","","","","","","","13.08620842","13.01561809","12.93706938","12.84829539","12.75344997","12.66022794","12.56663465","12.47431845","12.38397074","12.29642585","12.2098878","12.12708802","12.04674461","11.96620426","11.87839846","11.7820269","11.67952658","11.56909689","11.46022147","11.35540522","11.24687551","","","","","",
"Zambia","ZMB","People using at least basic sanitation services, urban (% of urban population)","SH.STA.BASS.UR.ZS","","","","","","","","","","","","","","","","","","","","","","","","","","","","","","","","","","","","","","","","","45.6974006179211","45.6019022314468","45.4969708319266","45.3826064193604","45.2588089937485","45.1255785550908","44.982915103387","44.8308186386373","44.6692891608418","44.4983266700004","44.3179311661131","44.1281026491797","43.9288411192007","43.7201465761757","43.5020190201047","43.2744584509881","43.0374648688255","42.791038273617","42.5351786653624","42.2698860440621","41.995160409716","42.3219073719781","42.6486543342402","42.9754012965023","43.3021482587645","",
"Zambia","ZMB","Mortality rate attributed to household and ambient air pollution, age-standardized (per 100,000 population)","SH.STA.AIRP.P5","","","","","","","","","","","","","","","","","","","","","","","","","","","","","","","","","","","","","","","","","","","","","","","","","","","","","","","","","","","","174","","","","","","",
"Zambia","ZMB","Risk of impoverishing expenditure for surgical care (% of people at risk)","SH.SGR.IRSK.ZS","","","","","","","","","","","","","","","","","","","","","","","","","","","","","","","","","","","","","","","","","","","","","","","","","","","","","","","","","","","","","","","","","","",
"Zambia","ZMB","Prevalence of current tobacco use (% of adults)","SH.PRV.SMOK","","","","","","","","","","","","","","","","","","","","","","","","","","","","","","","","","","","","","","","","","19.8","","","","","18.3","","17.8","","","17","","","","","15.9","","","","","14.9","","14.6","14.4","14.3","",
"Zambia","ZMB","Number of maternal deaths","SH.MMR.DTHS","","","","","","","","","","","","","","","","","","","","","","","","","","1900","2000","2100","2200","2300","2300","2300","2200","2100","2000","1900","1800","1700","1700","1700","1500","1400","1300","1200","1300","1400","1400","1800","2200","2300","1900","1700","1500","1300","1100","950","980","890","750","670","650","930","600","590","","",
"Zambia","ZMB","Specialist surgical workforce (per 100,000 population)","SH.MED.SAOP.P5","","","","","","","","","","","","","","","","","","","","","","","","","","","","","","","","","","","","","","","","","","","","","","","","","","","","","1.08","","","","1.48","","","","","","","","","",
"Zambia","ZMB","Hospital beds (per 1,000 people)","SH.MED.BEDS.ZS","2.80165553092957","","","","","","","","","","3.16109991073608","","","","","3.33680009841919","","","","","","3.48219990730286","","","","","","","","","","","","","","","","","","","","","","","","","","","1.9","","2","","","","","","","","","","","","","","","",
"Zambia","ZMB","Antiretroviral therapy coverage for PMTCT (% of pregnant women living with HIV)","SH.HIV.PMTC.ZS","","","","","","","","","","","","","","","","","","","","","","","","","","","","","","","","","","","","","","","","","0","0","0","0","12","32","43","46","66","77","64","67","71","80","85","79","84","89","89","100","98","93","91","93","98","",
"Zambia","ZMB","Incidence of HIV, all (per 1,000 uninfected population)","SH.HIV.INCD.TL.P3","","","","","","","","","","","","","","","","","","","","","","","","","","","","","","","12.3","12.7","12.6","12","11.5","11","10.4","9.8","9.4","8.9","8.5","8","7.7","7.4","6.9","6.3","5.9","5.5","5","4.9","4.9","4.9","5","5","4.9","4.9","4.8","4.7","4.3","3.5","2.8","2.3","2","1.7","1.5","",
"Zambia","ZMB","Antiretroviral therapy coverage (% of people living with HIV)","SH.HIV.ARTC.ZS","","","","","","","","","","","","","","","","","","","","","","","","","","","","","","","","","","","","","","","","","0","0","0","2","4","7","10","19","26","31","37","43","47","53","59","65","66","67","74","80","87","87","92","92","94","",
"Zambia","ZMB","People using safely managed drinking water services (% of population)","SH.H2O.SMDW.ZS","","","","","","","","","","","","","","","","","","","","","","","","","","","","","","","","","","","","","","","","","","","","","","","","","","","","","","","","","","","","","","","","","","",
"Zambia","ZMB","People using at least basic drinking water services, urban (% of urban population)","SH.H2O.BASW.UR.ZS","","","","","","","","","","","","","","","","","","","","","","","","","","","","","","","","","","","","","","","","","82.3107009194221","82.6462612038542","82.9819319911853","83.3177132814155","83.6536050745446","83.9896073705726","84.3257201694998","84.6619434713259","84.9982772760511","85.3347215836752","85.6712763941985","86.0079417076206","86.3447175239417","86.681603843162","87.0186006652811","87.3557079902994","87.6929258182165","88.0302541490327","88.3676929827479","88.7052423193621","89.0429021588754","89.3653602292704","89.6878182996653","90.0102763700604","90.3327344404554","",
"Zambia","ZMB","Mortality from CVD, cancer, diabetes or CRD between exact ages 30 and 70 (%)","SH.DYN.NCOM.ZS","","","","","","","","","","","","","","","","","","","","","","","","","","","","","","","","","","","","","","","","","25.8","25.2","25.3","25.2","24.4","23.6","23.2","23","22.9","22.9","23.1","23.4","23.2","22.6","22.8","22.7","23.1","22.9","22.7","23.2","24.1","23.6","","","","",
"Zambia","ZMB","Mortality rate, under-5, female (per 1,000 live births)","SH.DYN.MORT.FE","197.5","193.9","190.7","187.5","185","183.2","181.8","180.8","179.4","177.1","173.7","169.2","164","158.7","153.9","150.3","148.1","147.5","147.7","148.2","148.6","149","150.2","152.2","155.1","158.5","162.3","165.8","168.8","171","172.1","172.4","171.7","170.1","167.3","163.7","160.1","156.8","153.5","149","142.7","134.2","124.1","113.5","103.5","94.8","87.3","81.8","77.2","71.7","67.7","65.4","63","59.9","56.7","54.5","51.7","49.9","49.5","48.4","47.5","45.5","44.7","44.5","43.7","",
"Zambia","ZMB","Probability of dying among youth ages 20-24 years (per 1,000)","SH.DYN.2024","","","","","","","","","","","","","","","","","","","","","","","","","","","","","","","30.3","31","31.6","32","32.3","32.2","32","31.4","30.8","30","29.1","28.2","27.1","25.9","24.7","23.4","22.2","21","19.8","18.6","17.5","16.4","15.3","14.3","13.4","12.5","11.7","11","10.3","9.6","9","8.4","7.9","7.4","7.1","",
"Zambia","ZMB","Cause of death, by other COVID-19 pandemic-related outcomes (% of total)","SH.DTH.OCVD.ZS","","","","","","","","","","","","","","","","","","","","","","","","","","","","","","","","","","","","","","","","","0","","","","","","","","","","0","","","","","0","","","","0","0.444492946953755","2.60126259976337","","","","",
"Zambia","ZMB","Cause of death, by injury (% of total)","SH.DTH.INJR.ZS","","","","","","","","","","","","","","","","","","","","","","","","","","","","","","","","","","","","","","","","","3.40414322736847","","","","","","","","","","5.73757011129171","","","","","6.38717265746182","","","","6.78025345001386","6.83910423791984","7.37230358663534","","","","",
"Zambia","ZMB","Number of deaths ages 15-19 years","SH.DTH.1519","","","","","","","","","","","","","","","","","","","","","","","","","","","","","","","3283","3438","3575","3691","3771","3813","3823","3824","3812","3792","3783","3770","3743","3697","3640","3571","3495","3415","3345","3267","3188","3111","3035","2963","2893","2829","2765","2707","2655","2604","2559","2512","2473","2435","2400","",
"Zambia","ZMB","Condom use, population ages 15-24, female (% of females ages 15-24)","SH.CON.1524.FE.ZS","","","","","","","","","","","","","","","","","","","","","","","","","","","","","","","","","","","","","11.4","","","","","","16.5","","","","","17.3","","","","","","","20.2","","","","","","","","","","","",
"Zambia","ZMB","Total alcohol consumption per capita, male (liters of pure alcohol, projected estimates, male 15+ years of age)","SH.ALC.PCAP.MA.LI","","","","","","","","","","","","","","","","","","","","","","","","","","","","","","","","","","","","","","","","","5.96","5.96","5.77","5.63","5.47","5.55","5.25","5.18","5.04","5.33","5.47","5.52","5.59","5.88","6.05","6.14","6.18","6.3","6.34","6.34","5.96","","","","","",
"Zambia","ZMB","Women who believe a husband is justified in beating his wife (any of five reasons) (%)","SG.VAW.REAS.ZS","","","","","","","","","","","","","","","","","","","","","","","","","","","","","","","","","","","","","","","","","","","85.4","","","","","61.9","","","","","","","46.9","","","","45.1","","","","","","34.4","",
"Zambia","ZMB","Women who believe a husband is justified in beating his wife when she argues with him (%)","SG.VAW.ARGU.ZS","","","","","","","","","","","","","","","","","","","","","","","","","","","","","","","","","","","","","","","","","","","52.1","","","","","43.1","","","","","","","33.5","","","","32.2","","","","","","21.7","",
"Zambia","ZMB","Proportion of seats held by women in national parliaments (%)","SG.GEN.PARL.ZS","","","","","","","","","","","","","","","","","","","","","","","","","","","","","","","","","","","","","","9.67741935483871","10.2564102564103","10.126582278481","10.126582278481","10.126582278481","12.0253164556962","12.0253164556962","12.0253164556962","12.6582278481013","14.6496815286624","15.1898734177215","15.1898734177215","14.0127388535032","14.0127388535032","11.4649681528662","11.4649681528662","11.4649681528662","10.7594936708861","12.6582278481013","17.9640718562874","17.9640718562874","17.9640718562874","17.9640718562874","16.7664670658683","15.0602409638554","15.0602409638554","14.9700598802395","14.9700598802395","14.9700598802395",
"Zambia","ZMB","Government expenditure on education, total (% of government expenditure)","SE.XPD.TOTL.GB.ZS","","","","","","","","","","","","","","","","","","","","","","0","0","0","0","0","0","0","","","","0","0","0","0","0","","","0","0","8.35262012481689","","","","10.5849895477295","7.72973012924194","","6.22791004180908","5.65180015563965","","19.8644558494539","18.643060952214","17.5119682867479","17.4679158828022","20.1654093060307","16.726110458374","15.6636199951172","14.9343395233154","17.0909004211426","15.2918654031949","12.3780247373065","11.514138278853","","13.8587750080111","15.3772099653715","14.5059984415104",
"Zambia","ZMB","Government expenditure per student, secondary (% of GDP per capita)","SE.XPD.SECO.PC.ZS","","","","","","","","","","","","","","","","","","","","","","","","","","","","","","","","","","","","","","","","","","","","","","","","","","","","","","","","","","","","","","","","","","",
"Zambia","ZMB","Current education expenditure, tertiary (% of total expenditure in tertiary public institutions)","SE.XPD.CTER.ZS","","","","","","","","","","","","","","","","","","","","","","","","","","","","","","","","","","","","","","","","","100","","","","95.2423477172852","","","","","","","","","","","57.313850402832","56.225471496582","","","","","","","","","",
"Zambia","ZMB","School enrollment, tertiary, male (% gross)","SE.TER.ENRR.MA","","","","","","","","","","","0.666339993476868","","","","1.75169003009796","3.44569993019104","","","","2.34908008575439","","2.30556988716125","2.32816004753113","","","","","","3.17370009422302","2.96007990837097","","","","","","","","","3.3374400138855","3.31168007850647","","","","","","","","","","","","5.79994452564396","4.52209978517708","","","","","","","","","","","","","",
"Zambia","ZMB","Educational attainment, at least completed short-cycle tertiary, population 25+, total (%) (cumulative)","SE.TER.CUAT.ST.ZS","","","","","","","","","","","","","","","","","","","","","0.416979998350143","","","","","","","","","","0.286779999732971","","","","","","","","","","","","","","","","","","","","","","","","","5.42241224541139","","9.0535778244698","","","","","","10.0558784064055","","",
"Zambia","ZMB","Patent applications, residents","IP.PAT.RESD","","","","","","","","","","","","","","","","","","","","","2","1","1","1","","","","","7","3","7","1","7","4","","4","6","","","5","","6","3","3","1","5","4","19","26","9","5","3","7","13","14","20","15","12","11","2","17","13","","","","",
"Zambia","ZMB","Industrial design applications, nonresident, by count","IP.IDS.NRCT","","","","","","","","","","","","","","","","","","","","","","","","","","","","","","","","","","","","","","","","","","","53","9","10","13","5","7","6","1","1","3","3","3","11","","1","","","","","","","","","",
"Zambia","ZMB","Public private partnerships investment in energy (current US$)","IE.PPN.ENGY.CD","","","","","","","","","","","","","","","","","","","","","","","","","","","","","","","","","","","","","","","","","","","","","","","","","","","","239000000","1610000000","","","830000000","","59000000","45000000","","","336000000","","7500000","96700000","",
"Zambia","ZMB","Investment in energy with private participation (current US$)","IE.PPI.ENGY.CD","","","","","","","","","","","","","","","","","","","","","","","","","","","","","","","","","","","","","","274000000","","","","3000000","","","","","","","","","","239000000","1610000000","","","830000000","","59000000","45000000","","","336000000","","7500000","96700000","",
"Zambia","ZMB","Time spent dealing with the requirements of government regulations (% of senior management time)","IC.GOV.DURS.ZS","","","","","","","","","","","","","","","","","","","","","","","","","","","","","","","","","","","","","","","","","","","","","","","","4.577507973","","","","","","9.058691025","","","","","","8.104908943","","","","","","6.761161804",
"Zambia","ZMB","Firms that introduced a new product/service and process, and spent on R&D","IC.FRM.NPRD.ZS","","","","","","","","","","","","","","","","","","","","","","","","","","","","","","","","","","","","","","","","","","","","","","","","","","","","","","20.72877693","","","","","","2.467876911","","","","","","",
"Zambia","ZMB","Firms with at least 10% foreign ownership","IC.FRM.FO.ZS","","","","","","","","","","","","","","","","","","","","","","","","","","","","","","","","","","","","","","","","","","","","","","","","27.37635612","","","","","","27.92320824","","","","","","25.67836571","","","","","","10.49410343",
"Zambia","ZMB","Firms adopting energy management measures to reduce emissions (% of firms)","IC.FRM.ENGM.ZS","","","","","","","","","","","","","","","","","","","","","","","","","","","","","","","","","","","","","","","","","","","","","","","","","","","","","","","","","","","","","","","","","","24.30490303",
"Zambia","ZMB","Informal payments to public officials (% of firms)","IC.FRM.CORR.ZS","","","","","","","","","","","","","","","","","","","","","","","","","","","","","","","","","","","","","","","","","","","","","","","","14.33037567","","","","","","11.09034061","","","","","","82.96557617","","","","","","5.185033798",
"Zambia","ZMB","Bribery incidence (% of firms experiencing at least one bribe payment request)","IC.FRM.BRIB.ZS","","","","","","","","","","","","","","","","","","","","","","","","","","","","","","","","","","","","","","","","","","","","","","","","7.143701553","","","","","","14.68663502","","","","","","9.593511581","","","","","","6.132908344",
"Zambia","ZMB","Firms experiencing electrical outages (% of firms)","IC.ELC.OUTG.ZS","","","","","","","","","","","","","","","","","","","","","","","","","","","","","","","","","","","","","","","","","","","","","","","","68.94580841","","","","","","82.06906891","","","","","","87.13105774","","","","","","89.64607239",
"Zambia","ZMB","New businesses registered (number)","IC.BUS.NREG","","","","","","","","","","","","","","","","","","","","","","","","","","","","","","","","","","","","","","","","","","","","","","","3714","5540","6026","5172","6355","7774","8849","9404","9400","9137","8875","9400","10240","9606","10736","13990","17300","17837","18109","",
"Zambia","ZMB","B-READY: Utility Services Pillar 1: Quality of Regulations on Utility Services","IC.BRE.US.P1","","","","","","","","","","","","","","","","","","","","","","","","","","","","","","","","","","","","","","","","","","","","","","","","","","","","","","","","","","","","","","","","","","",
"Zambia","ZMB","B-READY: Taxation Pillar 1: Quality of Regulations on Taxation","IC.BRE.TX.P1","","","","","","","","","","","","","","","","","","","","","","","","","","","","","","","","","","","","","","","","","","","","","","","","","","","","","","","","","","","","","","","","","","",
"Zambia","ZMB","B-READY: Pillar 1: Regulatory Framework","IC.BRE.P1.RF","","","","","","","","","","","","","","","","","","","","","","","","","","","","","","","","","","","","","","","","","","","","","","","","","","","","","","","","","","","","","","","","","","",
"Zambia","ZMB","B-READY: Market Competition: Overall Score","IC.BRE.MC.OS","","","","","","","","","","","","","","","","","","","","","","","","","","","","","","","","","","","","","","","","","","","","","","","","","","","","","","","","","","","","","","","","","","",
"Zambia","ZMB","B-READY: Labor: Overall Score","IC.BRE.LB.OS","","","","","","","","","","","","","","","","","","","","","","","","","","","","","","","","","","","","","","","","","","","","","","","","","","","","","","","","","","","","","","","","","","",
"Zambia","ZMB","B-READY: International Trade: Overall Score","IC.BRE.IT.OS","","","","","","","","","","","","","","","","","","","","","","","","","","","","","","","","","","","","","","","","","","","","","","","","","","","","","","","","","","","","","","","","","","",
"Zambia","ZMB","B-READY: Financial Services: Overall Score","IC.BRE.FS.OS","","","","","","","","","","","","","","","","","","","","","","","","","","","","","","","","","","","","","","","","","","","","","","","","","","","","","","","","","","","","","","","","","","",
"Zambia","ZMB","B-READY: Dispute Resolution: Overall Score","IC.BRE.DR.OS","","","","","","","","","","","","","","","","","","","","","","","","","","","","","","","","","","","","","","","","","","","","","","","","","","","","","","","","","","","","","","","","","","",
"Zambia","ZMB","B-READY: Business Location: Overall Score","IC.BRE.BL.OS","","","","","","","","","","","","","","","","","","","","","","","","","","","","","","","","","","","","","","","","","","","","","","","","","","","","","","","","","","","","","","","","","","",
"Zambia","ZMB","B-READY: Business Insolvency: Overall Score","IC.BRE.BI.OS","","","","","","","","","","","","","","","","","","","","","","","","","","","","","","","","","","","","","","","","","","","","","","","","","","","","","","","","","","","","","","","","","","",
"Zambia","ZMB","B-READY: Business Entry: Overall Score","IC.BRE.BE.OS","","","","","","","","","","","","","","","","","","","","","","","","","","","","","","","","","","","","","","","","","","","","","","","","","","","","","","","","","","","","","","","","","","",
"Zambia","ZMB","Human capital index plus (HCI+): on-the-job learning pillar score, total (scale -30–87)","HD_HCIP_OTJL_TO","","","","","","","","","","","","","","","","","","","","","","","","","","","","","","","","","","","","","","","","","","","","","","","","","","","28.9787237244554","","","","","34.4835122013836","","","","","23.2244683812325","","","","","27.5084284809255",
"Zambia","ZMB","Human capital index plus (HCI+): health pillar score, male (scale 0–50)","HD_HCIP_HLTH_MA","","","","","","","","","","","","","","","","","","","","","","","","","","","","","","","","","","","","","","","","","","","","","","","","","","","27.8258609104156","","","","","30.8976761484146","","","","","33.1081634545326","","","","","35.7493605065346",
"Zambia","ZMB","Human capital index plus (HCI+): education pillar score, female (scale 0–188)","HD_HCIP_EDUC_FE","","","","","","","","","","","","","","","","","","","","","","","","","","","","","","","","","","","","","","","","","","","","","","","","","","","55.4582169282359","","","","","59.4193104161308","","","","","59.4775534145674","","","","","63.1115406596649",
"Zambia","ZMB","Voice and Accountability - Governance estimate (approx. -2.5 to +2.5)","GOV_WGI_VA_EST","","","","","","","","","","","","","","","","","","","","","","","","","","","","","","","","","","","","","-0.6581791","","-0.7308047","","-0.7084391","","-0.489844599999999","-0.469278","-0.4143132","-0.267104599999999","-0.1297308","-0.1302971","-0.0959493999999999","-0.1238199","-0.130017","-0.0852077","-0.200784699999999","-0.1595829","-0.1726245","-0.193544499999999","-0.315554499999999","-0.3690594","-0.4726786","-0.482359","-0.4695453","-0.5563406","-0.386004399999999","-0.3736237","-0.407568899999999","",
"Zambia","ZMB","Regulatory Quality - Governance estimate (approx. -2.5 to +2.5)","GOV_WGI_RQ_EST","","","","","","","","","","","","","","","","","","","","","","","","","","","","","","","","","","","","","-0.6272072","","-0.355356399999999","","-0.436610599999999","","-0.8378325","-0.8198232","-0.7052006","-0.602853099999999","-0.6561883","-0.502935599999999","-0.434088","-0.4296641","-0.507259","-0.491463899999999","-0.5087396","-0.5262063","-0.441859499999999","-0.3822742","-0.4540807","-0.4527959","-0.437350199999999","-0.5087837","-0.6127925","-0.5122202","-0.45732","-0.465492099999999","-0.420661199999999","",
"Zambia","ZMB","Rule of Law - Governance estimate (approx. -2.5 to +2.5)","GOV_WGI_RL_EST","","","","","","","","","","","","","","","","","","","","","","","","","","","","","","","","","","","","","-0.4599043","","-0.4620717","","-0.416429","","-0.3450802","-0.410630799999999","-0.4700626","-0.3854022","-0.459117799999999","-0.4112994","-0.33141","-0.3426566","-0.379340499999999","-0.323967599999999","-0.4889225","-0.4100551","-0.4213975","-0.3560318","-0.4033579","-0.4504641","-0.4817744","-0.591155099999999","-0.6567755","-0.6026535","-0.6313823","-0.6089819","-0.5611771","",
"Zambia","ZMB","Political Stability - Governance estimate (approx. -2.5 to +2.5)","GOV_WGI_PV_EST","","","","","","","","","","","","","","","","","","","","","","","","","","","","","","","","","","","","","-0.1186795","","0.0332176","","0.0286969","","-0.370585899999999","-0.1153273","-0.1571999","-0.0427972","0.2636446","0.2841869","0.2479511","0.3834137","0.3740582","0.3931833","0.4568964","0.3124934","-0.0580544","0.0822748","-0.2072561","-0.211101999999999","-0.2916638","-0.3690652","-0.3679359","-0.158277199999999","0.0456326","-0.0111463999999999","-0.1007849","",
"Zambia","ZMB","Government Effectiveness - Governance estimate (approx. -2.5 to +2.5)","GOV_WGI_GE_EST","","","","","","","","","","","","","","","","","","","","","","","","","","","","","","","","","","","","","-1.3490638","","-1.3532658","","-1.3518124","","-1.0635366","-1.2111566","-1.0241145","-0.922212599999999","-0.962110599999999","-0.889134499999999","-0.8077746","-0.701066699999999","-0.7193465","-0.5109032","-0.5002823","-0.531229899999999","-0.4462427","-0.529713","-0.5286172","-0.463275899999999","-0.5019925","-0.6197185","-0.7343493","-0.7266708","-0.5899419","-0.5628206","-0.5330555","",
"Zambia","ZMB","Control of Corruption - Governance estimate (approx. -2.5 to +2.5)","GOV_WGI_CC_EST","","","","","","","","","","","","","","","","","","","","","","","","","","","","","","","","","","","","","-0.825604599999999","","-0.8234682","","-0.9273562","","-0.8018168","-0.809389799999999","-0.6055574","-0.603934499999999","-0.392071","-0.3472209","-0.345906899999999","-0.3090289","-0.369043","-0.273636999999999","-0.269322599999999","-0.305174","-0.390403499999999","-0.395175899999999","-0.423830999999999","-0.464061199999999","-0.6165275","-0.6455711","-0.6050749","-0.6928953","-0.4180775","-0.39812","-0.4568294","",
"Zambia","ZMB","Droughts, floods, extreme temperatures (% of population, average 1990-2009)","EN.CLC.MDAT.ZS","","","","","","","","","","","","","","","","","","","","","","","","","","","","","","","","","","","","","","","","","","","","","","","","","","4.19967674421609","","","","","","","","","","","","","","","","",
"Zambia","ZMB","PM2.5 pollution, population exposed to levels exceeding WHO Interim Target-3 value (% of total)","EN.ATM.PM25.MC.T3.ZS","","","","","","","","","","","","","","","","","","","","","","","","","","","","","","","100","","","","","100","","","","","100","","","","","100","","","","","100","100","100","100","100","100","100","100","","","","","","","","",
"Zambia","ZMB","Energy use (kg of oil equivalent per capita)","EG.USE.PCAP.KG.OE","","","","","","","","","","","","","","","","","","","","","","","","","","","","","","","698.99099589317","700.924646643897","694.862241028751","679.43941531731","668.076358195867","663.32497167535","641.707557085146","652.331608511085","641.720228004232","629.370875610787","596.194955485878","597.043898716208","604.562505071608","611.860768536862","612.389510440671","608.665948992328","605.125481169068","598.061137082855","617.614330213647","620.767195294646","629.592553854004","646.451392811859","662.555204548739","671.765266354406","682.457632858367","686.131690105645","682.992655103275","701.837454109419","725.345366775352","740.779623928295","757.478817707939","768.86430207545","791.621385622627","804.223060174856","","",
"Zambia","ZMB","Fossil fuel energy consumption (% of total)","EG.USE.COMM.FO.ZS","","","","","","","","","","","","","","","","","","","","","","","","","","","","","","","15.5093962319792","15.9420214044193","15.3556011737008","13.3624989996262","11.9757521182888","11.539708885692","9.64582907999587","12.0248043887568","11.5810658879218","9.12881092988989","9.25576564995685","9.44608030871859","9.73083535631979","10.0237918108119","9.91885304740855","10.357170068109","9.52557729696997","6.71471565196651","7.06969597129854","7.17055131638604","7.25453829353748","7.96546071428558","9.86283664956885","9.83092355369592","10.4315138005058","4.52914112792288","0","0","0","0","0","0","0","0","","",
"Zambia","ZMB","GDP per unit of energy use (PPP $ per kg of oil equivalent)","EG.GDP.PUSE.KO.PP","","","","","","","","","","","","","","","","","","","","","","","","","","","","","","","2.17688665283627","2.18853953367111","2.16593504506375","2.36469860343864","2.19145027251332","2.26343214344464","2.46932055875238","2.50052751877569","2.4942773838744","2.62776140332601","2.86569939980031","2.98984231763663","3.03866984186161","3.17427641805937","3.37683328882192","3.63551144791518","3.92975088935548","4.27161910009091","4.3846265608162","4.62728089606621","4.92010902277842","4.99416843779622","5.01638670918337","5.17633459474266","5.04253276796735","4.86418732293663","4.8512252524872","4.83249741812579","4.74570215739605","4.53764843742718","4.1681694844882","4.55611595534833","4.85095008228039","5.07366133118849","","",
"Zambia","ZMB","Renewable electricity output (% of total electricity output)","EG.ELC.RNEW.ZS","","","","","","","","","","","","","","","","","","","","","","","","","","","","","","","99.2262573318358","99.2815297888803","99.0725254675384","99.2925103683825","99.3980343980344","99.3311458859162","99.288206559665","99.3073920161189","99.1582270156517","99.3302421432251","99.9955340053592","","","","94.7622557622558","97.5373816155989","","","","","","","99.8744672295939","99.8695196767919","97.1923844935619","97.0116253239541","94.3085558768498","86.2374338169566","84.5982795698925","84.2912444264289","85.4817657090384","92.001184566787","","","","",
"Zambia","ZMB","Electric power transmission and distribution losses (% of output)","EG.ELC.LOSS.ZS","","","","","","","","","","","","","","","","","","","","","","","","","","","","","","","3.23224759765381","3.73604509782248","3.83153413410369","3.1837033422786","3.43980343980344","2.82685512367491","1.92602930914166","2.06523107920917","2.23595948967513","2.89799072642968","3.17723618731658","3.47030819343523","3.7353515625","4.00095831336847","3.97800397800398","5.05849582172702","5.86359428042382","12.7736472532012","22.5752508361204","18.6387855634865","18.1697108066971","24.1761093331027","8.11419380780056","8.9929672302858","15.3549542105626","9.90003702332469","16.6950161592107","11.5932063535722","10.7035330261137","5.37765166869342","14.7251738160829","13.312274368231","11.460524290771","5.34209985617423","","",
"Zambia","ZMB","Access to electricity (% of population)","EG.ELC.ACCS.ZS","","","","","","","","","","","","","","","","","","","","","","","","","","","","","","","13.9","12.7527027130127","19.2","14.213207244873","14.9417591094971","15.6682720184326","17.3","17.1124591827393","19","18.5402450561523","16.7","20.2","17.4","18.5","20.3","23.3","24.1","18.5","25.7","26.6","22","28.3","29.2","30.1","27.9","31.1","35.4","40.3","40.2","43","44.6","46.7","47.8","51.1","53.6","",
"Zambia","ZMB","Access to clean fuels and technologies for cooking (% of population)","EG.CFT.ACCS.ZS","","","","","","","","","","","","","","","","","","","","","","","","","","","","","","","","","","","","","","","","","13.8","14.3","14.6","15","15.5","15.6","15.9","16.2","16.2","16.2","16.1","15.8","15.4","15.1","14.5","14","13.3","12.8","12.1","11.5","10.9","10.2","9.7","9.2","","",
"Zambia","ZMB","Multilateral debt service (TDS, current US$)","DT.TDS.MLAT.CD","","","","","","","","","","","7862000","8264000","8906000","9616000","13330000","15570000","18857000","25845205.7","32798427.1","42409001.4","51397835","47627484.9","48090743.9","59958235","58867221.3","53523931.2","83573794.7","64740029.7","42476162.9","25955302.3","70086504.9","410178733.6","163726150.5","140924845","160348966.2","185192405.7","134098885.9","115566844.3","86696940.3","71859046.6","83972038.7","40564805.8","28586596.4","35953739.2","58954866.6","46548438.7","42532802.5","37711569.4","34394797","32642196.3","30238657.8","31704895.7","31428815.2","22533359.2","27273212.5","27731548.3","29853493.8","35845402.3","40564976.8","47313303.9","58715250.6","143859073.3","117524110.5","153997284","181266623","",
"Zambia","ZMB","Debt service (PPG and IMF only, % of exports of goods, services and primary income)","DT.TDS.DPPF.XP.ZS","","","","","","","","","","","","","","","","","","","","18.9274704379562","22.8430845467413","32.4592875064135","29.896260020393","28.744659271911","24.9819577919408","15.724139857077","52.0764652942765","18.9909765123765","15.1045344419571","13.3158513985279","14.5124022909171","46.6535336309759","","","","","","18.3009978171789","19.6310413760799","14.6164684552846","18.5102970708011","16.2651195893052","18.6088212315314","40.238458672538","17.9076040622187","6.54621817387523","1.67654327078968","0.873180341893397","1.31392967001537","1.49674109736335","0.835809488069384","0.851844578610099","1.54299331238755","2.41327016528153","2.22075268690956","4.62795939487587","7.79512827214147","6.85007776253222","8.75939647714595","13.1032166101651","8.37336443950872","2.94157935132368","3.70710364593484","3.65682595090165","5.91122276057564","",
"Zambia","ZMB","Debt service on external debt, total (TDS, current US$)","DT.TDS.DECT.CD","","","","","","","","","","","75574365.5","90664136.1","126450725.3","384034822.7","135094423.5","169588942.2","179789874.1","258159375.9","296884084.6","339223106.4","411977280.8","421478908.1","335520853.1","298317778.9","243024485.4","136422637.4","385782454.9","171089707.4","188927516.8","189950620.2","200652406.8","593206468.1","349494570.5","361635926","374529250.4","2612571455.7","250709066.2","245827662.3","202081414.5","152072921.5","189381235","187020283.3","226838931.4","559291457.6","469146090.9","284393321.6","145359733","125295129.6","164961190.6","169894968","156091880.6","226253190.5","241368992.3","353497094.7","436221921.2","578207323.8","782057720.1","905826011.9","1371148236.2","2723539891.8","2046504996","1719814787.7","1464925791.7","946860783.2","3912853421.5","",
"Zambia","ZMB","Net official development assistance received (constant 2023 US$)","DT.ODA.ODAT.KD","10576409.3399048","10100291.2521362","62867805.480957","56796459.197998","213585052.490234","107139495.849609","264106231.689453","559559204.101563","285176330.566406","173812103.271484","102377815.246582","154173385.620117","136610809.326172","235000579.833984","264881835.9375","345255004.882813","254150177.001953","389941802.978516","568950317.382813","772007385.253906","792015625","601543273.925781","844928283.691406","583058654.785156","684931396.484375","883363769.53125","1007418273.92578","827795288.085938","816154663.085938","638309997.558594","754414672.851563","1307458374.02344","1485278808.59375","1318296630.85938","1020127990.72266","2615052246.09375","830138000.488281","901771606.445313","525356872.558594","914878295.898438","1275250122.07031","916213134.765625","1256797119.14063","1068768554.6875","1387769653.32031","1386224121.09375","1805025756.83594","1120681640.625","1197033081.05469","1413572998.04688","993232666.015625","1101177856.44531","1047845947.26563","1212671142.57813","1065357543.94531","929647705.078125","1137439086.91406","1215033813.47656","1128203247.07031","1063191772.46094","1123084228.51563","1133319702.14844","1908131835.9375","1421932006.83594","","",
"Zambia","ZMB","Net official aid received (constant 2023 US$)","DT.ODA.OATL.KD","","","","","","","","","","","","","","","","","","","","","","","","","","","","","","","","","","","","","","","","","","","","","","","","","","","","","","","","","","","","","","","","","","",
"Zambia","ZMB","Net official flows from UN agencies, WTO-ITC (current US$)","DT.NFL.WITC.CD","","","","","","","","","","","","","","","","","","","","","","","","","","","","","","","","","","","","","","","","","","","","","","","","","","","","","","","","","","","","","154608.994722366","44064.000248909","77659.0034365654","","","",
"Zambia","ZMB","Net official flows from UN agencies, UNWOMEN (current US$)","DT.NFL.UNWN.CD","","","","","","","","","","","","","","","","","","","","","","","","","","","","","","","","","","","","","","","","","","","","","","","","","","","","","","","","","","","","","","","","","","",
"Zambia","ZMB","Net official flows from UN agencies, UNIDO (current US$)","DT.NFL.UNIDO.CD","","","","","","","","","","","","","","","","","","","","","","","","","","","","","","","","","","","","","","","","","","","","","","","","","","","","","","","","","","","","","-297.999999020249","13416.999951005","31396.0015773773","70504.0022730827","","",
"Zambia","ZMB","Net official flows from UN agencies, UNECE (current US$)","DT.NFL.UNEC.CD","","","","","","","","","","","","","","","","","","","","","","","","","","","","","","","","","","","","","","","","","","","","","","","","","","","","","","","","","","","","","","","","","","",
"Zambia","ZMB","Net official flows from UN agencies, UNHCR (current US$)","DT.NFL.UNCR.CD","","","","","","","","","","310000.002384186","180000.007152557","349999.994039536","509999.990463257","779999.971389771","540000.021457672","540000.021457672","689999.997615814","1399999.97615814","2069999.9332428","5860000.1335144","2819999.9332428","2750000","3099999.90463257","2579999.92370605","3170000.07629395","1929999.94754791","2819999.9332428","3559999.94277954","3990000.00953674","4110000.1335144","3450000.04768372","1919999.95708466","3710000.03814697","3240000.00953674","4909999.84741211","2089999.91416931","2289999.96185303","2829999.92370605","2799999.95231628","3269999.98092651","8640000.34332275","11680000.3051758","16059999.4659424","11159999.8474121","10409999.8474121","2220000.02861023","1820000.05245209","2579999.92370605","3119999.88555908","3700000.04768372","2390000.10490417","8340000.15258789","6954599.85733032","2290146.11244202","","2649410.00938416","4200169.0864563","7655459.88082886","4081567.76428223","5939435.9588623","5625239.84909058","6178150.17700195","6683499.81307983","1503200.0541687","","",
"Zambia","ZMB","Net bilateral aid flows from DAC donors, Korea, Rep. (current US$)","DC.DAC.KORL.CD","","","","","","","","","","","","","","","","","","","","","","","","","","","","","","","","219999.998807907","219999.998807907","189999.997615814","150000.005960464","209999.993443489","250000","140000.000596046","50000.0007450581","","19999.9995529652","50000.0007450581","90000.0035762787","119999.997317791","19999.9995529652","109999.999403954","209999.993443489","1049999.95231628","680000.007152557","920000.016689301","620000.004768372","170000.001788139","579999.983310699","276686.996221542","132287.994027138","245625.004172325","365166.991949081","3962841.03393555","1459319.94915009","1584750.05626678","1943961.02428436","1262469.05326843","778433.978557587","812551.975250244","","",
"Zambia","ZMB","Net bilateral aid flows from DAC donors, Ireland (current US$)","DC.DAC.IRLL.CD","","","","","","","","","","","","","","","29999.9993294477","","19999.9995529652","90000.0035762787","400000.005960464","579999.983310699","569999.992847443","730000.019073486","1289999.96185303","1389999.98569489","1250000","2390000.10490417","2779999.97138977","3309999.94277954","2789999.96185303","3039999.96185303","3250000","3089999.91416931","3569999.9332428","4980000.01907349","5679999.82833862","7690000.05722046","9880000.11444092","10640000.3433228","9500000","8789999.96185303","7769999.98092651","11859999.6566772","20500000","20510000.2288818","25440000.5340576","27579999.9237061","31129999.1607666","37139999.3896484","43409999.8474121","38159999.8474121","33020000.4577637","28750000","26329999.9237061","26280000.6866455","23239999.7711182","19290000.9155273","12470593.4524536","13779041.2902832","6946608.06655884","7031165.12298584","6515954.97131348","5881900.78735352","6439060.21118164","7487489.22348022","","",
"Zambia","ZMB","Net bilateral aid flows from DAC donors, France (current US$)","DC.DAC.FRAL.CD","","","","","","","","","","","","","","","","","","","","","800000.011920929","519999.980926514","949999.988079071","800000.011920929","1730000.01907349","680000.007152557","3279999.97138977","1559999.94277954","1480000.01907349","1409999.9666214","21389999.3896484","20030000.6866455","14529999.7329712","14350000.3814697","11489999.7711182","8029999.73297119","1730000.01907349","3109999.89509583","10430000.3051758","17690000.5340576","13000000","7670000.07629395","10130000.1144409","2109999.89509583","103800003.051758","15810000.4196167","63709999.0844727","1110000.01430511","1220000.02861023","7369999.88555908","839999.973773956","819999.992847443","800000.011920929","600000.023841858","25319999.6948242","29149368.2861328","41912105.5603027","2386271.95358276","-7984002.11334229","-5154727.93579102","-3047442.91305542","4692891.12091064","22588787.0788574","1170688.03310394","","",
"Zambia","ZMB","Net bilateral aid flows from DAC donors, Denmark (current US$)","DC.DAC.DNKL.CD","","","","","","","119999.997317791","129999.995231628","340000.003576279","1659999.9666214","2130000.11444092","1059999.94277954","1460000.03814697","1759999.99046326","2789999.96185303","1879999.99523163","1240000.00953674","1570000.05245209","2309999.94277954","2839999.91416931","3980000.01907349","2759999.99046326","3369999.88555908","6429999.82833862","2210000.03814697","6159999.84741211","9670000.07629395","3500000","8279999.73297119","6409999.84741211","17379999.1607666","17340000.1525879","17649999.6185303","15600000.3814697","17680000.3051758","25579999.9237061","25750000","24010000.2288818","17940000.5340576","25729999.5422363","23069999.6948242","22600000.3814697","32189998.626709","30209999.0844727","45099998.4741211","48430000.3051758","48659999.8474121","49849998.4741211","35080001.8310547","47819999.6948242","24930000.3051758","41790000.9155273","34006805.4199219","28392002.1057129","41768203.7353516","18443967.8192139","1632125.02002716","-2750073.90975952","670804.977416992","78800.9986281395","1940616.01161957","-1834046.0062027","2579915.04669189","2035613.05999756","","",
"Zambia","ZMB","Net bilateral aid flows from DAC donors, European Union institutions (current US$)","DC.DAC.CECL.CD","","","","","","","","","","","","170000.001788139","90000.0035762787","39999.9991059303","","","810000.002384186","7409999.84741211","11649999.6185303","10470000.2670288","20219999.3133545","27590000.1525879","30120000.8392334","8390000.34332275","23909999.8474121","29049999.2370605","16280000.6866455","19870000.8392334","34580001.8310547","33990001.6784668","25899999.6185303","31229999.5422363","94860000.6103516","143710006.713867","45709999.0844727","76940002.4414063","37110000.6103516","28659999.8474121","20469999.3133545","80919998.1689453","25680000.3051758","44200000.7629395","104019996.643066","79379997.253418","123779998.779297","139080001.831055","98269996.6430664","66440002.4414063","134970001.220703","152350006.103516","92529998.7792969","81230003.3569336","68440002.4414063","51432899.4750977","46072795.8679199","76355064.3920898","126894302.368164","54201385.4980469","49006469.7265625","96090988.1591797","54683078.7658691","82510299.6826172","87683471.6796875","102004981.994629","","",
"Zambia","ZMB","Net bilateral aid flows from DAC donors, Australia (current US$)","DC.DAC.AUSL.CD","","","","","","29999.9993294477","79999.9982118607","59999.9986588955","129999.995231628","79999.9982118607","230000.004172325","159999.996423721","129999.995231628","219999.998807907","540000.021457672","200000.002980232","90000.0035762787","100000.001490116","469999.998807907","720000.028610229","550000.011920929","1070000.05245209","3480000.01907349","2839999.91416931","3049999.95231628","2170000.07629395","430000.007152557","360000.014305115","3130000.11444092","680000.007152557","2230000.01907349","2359999.89509583","3079999.92370605","2680000.0667572","2200000.04768372","1159999.9666214","1620000.00476837","1529999.97138977","699999.988079071","589999.973773956","920000.016689301","660000.026226044","610000.014305115","1120000.00476837","810000.002384186","270000.010728836","490000.009536743","1129999.99523163","1129999.99523163","1490000.00953674","1950000.04768372","9090000.15258789","4000000","7070000.17166138","3299999.95231628","2929311.0370636","1301188.94577026","3785593.03283691","1936889.05239105","1134202.95715332","1078428.98368835","2659399.98626709","936673.998832703","2219291.9254303","","",
"Zambia","ZMB","Listed domestic companies, total","CM.MKT.LDOM.NO","","","","","","","","","","","","","","","","","","","","","","","","","","","","","","","","","","","","2","5","6","10","14","8","9","30","10","11","12","14","","","","","20","","","","","","","","","22","21","21","21","19","20",
"Zambia","ZMB","Personal remittances, received (% of GDP)","BX.TRF.PWKR.DT.GD.ZS","","","","","","","","","","","","","","","","","","","","","","","","","","","","","","","","","","","","","","","","","","","","0.740533750328314","0.777996182235087","0.634551414348252","0.452148922045772","0.421855141774828","0.380746682103106","0.269200668811698","0.215426137308377","0.197262177740629","0.285706886938104","0.192530588228428","0.21480509866741","0.221382796923137","0.183527454334704","0.361929111908977","0.40653553151388","0.421556142689402","0.743558162947741","1.08483362686231","0.834891790615501","0.890885868311165","1.32123122514255","",
"Zambia","ZMB","Portfolio equity, net inflows (BoP, current US$)","BX.PEF.TOTL.CD.WD","","","","","","","","","","","","","","","","","","","0","0","0","0","0","0","0","0","0","0","0","0","0","0","","","","","","1400000","800000","12500000","5620000","7520000","-260000","2250000","-80000","5325000","1970000","3841500","-5670000","-13098844","100525920","24600000","-7407558","5465000","6128199","182760","2985698","-2506525","-5356156","-1305015","2918032","283259","-71154","15293.7021325719","-9677847","",
"Zambia","ZMB","Transport services (% of service exports, BoP)","BX.GSR.TRAN.ZS","","","","","","","","","","","","","","","","","","","68.2342502218279","68.7445887445887","56.8031704095112","51.5706806282722","55.0534100246508","56.4908722109533","61.0596026490066","67.1071953010279","60.6382978723404","64.9895178197065","73.4939759036145","71.3950762016413","60.9550561797753","58.9867310012063","","","","","","64.2537980339589","58.203125","47.8424015009381","37.0402573689244","37.2813107470147","34.772806104752","25.8181818181818","20.7937877480587","2.4875057029024","4.26859025045132","4.08460619847663","4.8659564056493","4.96011482608272","7.83830627147309","7.8934251580169","5.76303078726147","8.54062936798689","7.18311838863403","5.06720805521677","4.31714414809256","5.64216994647292","5.64155334441054","4.20689302032665","8.30867533265893","12.7553363179276","7.3297521888073","6.79517815937748","4.90824291976678","",
"Zambia","ZMB","Goods exports (BoP, current US$)","BX.GSR.MRCH.CD","","","","","","","","","","","","","","","","","","","830700000","1407800000","1457300000","996200000","942000000","923100000","892600000","797000000","692500000","852100000","1189500000","1340000000","1253500000","1172200000","","","","","","1110400000","814400000","772000000","756960000","910785000","989149000","1086517000","1844506000","2278227201.329","3984807085.556","4555622324.7","5013122980","4371909782.20937","7483488751.46666","8753615653.40035","9520790727.49357","10843374323.5847","10220151404.16","7361953250.29873","6534819285.80225","8215549658.00705","9029401556.21251","7246057821.1298","8002853404.89726","11201979700.2748","11504782266.4811","10521101208.9997","11366787900.9011","",
"Zambia","ZMB","Communications, computer, etc. (% of service exports, BoP)","BX.GSR.CMCP.ZS","","","","","","","","","","","","","","","","","","","15.1730257320319","14.025974025974","25.2972258916777","25.4581151832461","22.1857025472473","21.8052738336714","19.0728476821192","17.7679882525698","19.7872340425532","16.5618448637317","11.5318416523236","9.26143024618992","23.4082397003745","24.7285886610374","","","","","","9.83020554066131","2.83203125","2.25140712945591","0.712981479871316","3.42960288808664","4.52653485952133","16.9090909090909","35.1164797238999","14.7415355552584","4.30387427051142","3.96480690751097","4.37322140471132","4.18021500385774","4.74758745791135","7.55824552626434","7.84440206326819","8.79259992927628","8.07944989722022","8.54989947765519","8.51732797018485","9.04858326871496","7.51235229265041","5.89973152699076","8.4077872630401","10.0501734510441","3.12882737705739","3.12831536583213","18.5219703606726","",
"Zambia","ZMB","Grants, excluding technical cooperation (BoP, current US$)","BX.GRT.EXTA.CD.WD","930000","1260000","2650000","1380000","14470000","12030000","19900000","27760000","2830000","1920000","1700000","1180000","2530000","15160000","8910000","13940000","9930000","37810000","35830000","57930000","71500000","72660000","68630000","75530000","91550000","122410000","191360000","213340000","242110000","194390000","663340000","425820000","641980000","478200000","355520000","361670000","272790000","250311813","257581813","347321813","414870000","490620000","581819400","804519400","827175233","1740095900","4530151479","853155516","947245743","874856100","705350000","863980813","794753829","986650917","798498584","612559195","705524976","878743466","815047872","674330696","773796125","855700659","776193161","970386928","","",
"Zambia","ZMB","Portfolio investment, net (BoP, current US$)","BN.KLT.PTXL.CD","","","","","","","","","","","","","","","","","","","","","","","","","","","","","","","","","","","","","","-1400000","-800000","-12500000","-5620000","-7520000","260000","-2250000","80000","-122391894","-50420000","-41791500","6070000","74876218.3194586","-73625920","-70705750","-899327209.35866","-96495000","-1205518199","-1221383415.09052","-413849920.294563","-234761147.920509","238126037.028261","53028776.7809854","-198731490.482298","-1001912551.45162","150755699.673057","-178253323.569347","319340549.90714","",
"Zambia","ZMB","Net trade in goods and services (BoP, current US$)","BN.GSR.GNFS.CD","","","","","","","","","","","","","","","","","","","-82200000","311300000","-156500000","-500800000","-348400000","-23400000","65500000","39200000","22900000","91500000","271300000","207800000","-536800000","140100000","","","","","","-115400000","-332200000","-297200000","-440346600","-564731600","-474321000","-544413000","-97934000","254704736.506342","1397247573.82847","781610499.437952","242684693.993283","815291850.985746","2456328690.62676","1871775832.89178","1251408783.64499","589795131.520804","831835103.423319","-645149166.648263","-511897651.362031","350869419.130876","-210418903.757477","222169787.657448","2692282687.97675","4036755514.81567","2421779088.79185","573653219.464092","688730955.617595","",
"Zambia","ZMB","Current account balance (BoP, current US$)","BN.CAB.XOKA.CD","","","","","","","","","","","","","","","","","","","-280600000","78000000","-516300000","-720600000","-560600000","-263000000","-146600000","-395300000","-347600000","-245200000","-293200000","-218600000","-594400000","-305700000","","","","","","-182000000","-570400000","-386400000","-662446600","-737031600","-663224351.95531","-663221346.97218","-444734000","-232041263.493659","592523573.828467","-174028007.262049","-596535306.006716","912561850.985757","1525082951.62677","1092799716.81816","1371805759.22779","-161482092.974","-387327907.89247","-767651770.971024","-953961606.220667","-435005244.996172","-342356590.789126","140712285.049613","2138616083.71869","2629551251.44439","1093013821.99342","-837683232.292493","-1116132887.97606","",
"Zambia","ZMB","Foreign direct investment, net outflows (BoP, current US$)","BM.KLT.DINV.CD.WD","","","","","","","","","","","","","","","","","","","0","0","0","0","0","0","0","0","0","0","0","0","","","","","","","","","","","","","","","-25000000","","","","","269558000","1095400000","-1400000","-701897000","409468000","-976000000","-141579350.959998","176719767.545437","-72047870.1951715","45322767.3038231","696213536.488048","64038642.3556711","-280081939.653222","-252762203.685868","153215005.572279","310544340.041932","",
"Zambia","ZMB","Charges for the use of intellectual property, payments (BoP, current US$)","BM.GSR.ROYL.CD","","","","","","","","","","","","","","","","","","","","","","","","","","","","","","","","","","","","","","-100000","200000","200000","400000","400000","400000","400000","","400000","400000","1172724","1289996.4","444400","548844","3733435","3770201","1770000","1885050","2007578.25","2138070.83625","2287735.7947875","35002237.6954569","16903078.7011778","14573362.6173358","34364712.3214942","20230940.2268242","17197476.8059894","32540734.126264","",
"Zambia","ZMB","Unemployment, male (% of male labor force) (modeled ILO estimate)","SL.UEM.TOTL.MA.ZS","","","","","","","","","","","","","","","","","","","","","","","","","","","","","","","","16.168","17.805","18.928","18.02","16.273","14.847","13.268","12.435","13.35","14.213","14.641","15.338","15.843","16.389","16.845","13.877","10.953","8.122","10.79","13.38","10.643","7.872","7.244","6.497","5.825","5.075","4.322","4.986","5.798","5.59","4.769","5.736","5.71","5.747","5.712",
"Zambia","ZMB","Share of youth not in education, employment or training, total (% of youth population)","SL.UEM.NEET.ZS","","","","","","","","","","","","","","","","","","","","","","","","","","","","","","","","","","","","","","","","","","","","","","","","","12.94","","","","","","","41.371","","29.342","32.826","32.543","31.055","31.361","29.368","28.926","26.694","",
"Zambia","ZMB","Share of youth not in education, employment or training, female (% of female youth population)","SL.UEM.NEET.FE.ZS","","","","","","","","","","","","","","","","","","","","","","","","","","","","","","","","","","","","","","","","","","","","","","","","","16.42","","","","","","","46.791","","34.485","36.88","37.569","35.512","36.166","33.469","32.336","31.37","",
"Zambia","ZMB","Unemployment with intermediate education, female (% of female labor force with intermediate education)","SL.UEM.INTM.FE.ZS","","","","","","","","","","","","","","","","","","","","","","","","","","","","","","","","","","","","","","","","","","","","","","","","","","","","","","","","8.215","","14.819","16.323","14.307","17.299","13.273","14.807","16.211","14.683","",
"Zambia","ZMB","Unemployment with advanced education (% of total labor force with advanced education)","SL.UEM.ADVN.ZS","","","","","","","","","","","","","","","","","","","","","","","","","","","","","","","","","","","","","","","","","","","","","","","","","","","","","","","","0.646","","5.981","7.585","8.319","8.977","7.455","10.436","9.702","9.104","",
"Zambia","ZMB","Unemployment, youth total (% of total labor force ages 15-24) (national estimate)","SL.UEM.1524.NE.ZS","","","","","","","","","","","","","","","","","","","","","","","","","","","","","","","","","","","","","","","","","21.359","","","","","","","","14.006","","28.683","","15.216","","","30.909","","8.384","8.73","10.304","11.01","9.301","9.816","10.009","10.807","",
"Zambia","ZMB","Unemployment, youth female (% of female labor force ages 15-24) (national estimate)","SL.UEM.1524.FE.NE.ZS","","","","","","","","","","","","","","","","","","","","","","","","","","","","","","","","","","","","","","","","","19.482","","","","","","","","","","","","15.844","","","34.661","","7.991","8.022","8.209","10.638","9.983","9.874","9.752","11.202","",
"Zambia","ZMB","Part time employment, male (% of total male employment)","SL.TLF.PART.MA.ZS","","","","","","","","","","","","","","","","","","","","","","","","","","","","","","","","","","","","","","","","","","","","","","","","","","","","","","","","","","15.328","15.859","16.316","14.877","16.305","13.491","15.408","16.235","",
"Zambia","ZMB","Labor force with intermediate education, female (% of female working-age population with intermediate education)","SL.TLF.INTM.FE.ZS","","","","","","","","","","","","","","","","","","","","","","","","","","","","","","","","","","","","","","","","","","","","","","","","","","","","","","","","42.739","","37.798","37.885","39.272","45.16","44.18","45.845","46.032","44.605","",
"Zambia","ZMB","Labor force participation rate, male (% of male population ages 15+) (national estimate)","SL.TLF.CACT.MA.NE.ZS","","","","","","","","","","40.977","","","","","","","","","","","80.262","","","","","","","","","","62.154","70.5","","","","","","","68","","67.072","","","","","86","","","78.8","","65.6","","80","","","57.316","","69.474","65.244","67.475","67.85","66.323","65.329","67.765","69.228","",
"Zambia","ZMB","Labor force participation rate, female (% of female population ages 15+) (national estimate)","SL.TLF.CACT.FE.NE.ZS","","","","","","","","","","16.427","","","","","","","","","","","39.008","","","","","","","","","","31.907","55.8","","","","","","","57","","44.927","","","","","74","","","70.3","","59.1","","69.5","","","44.539","","56.478","52.3","52.401","54.635","54.154","53.998","56.366","57.373","",
"Zambia","ZMB","Labor force with advanced education (% of total working-age population with advanced education)","SL.TLF.ADVN.ZS","","","","","","","","","","","","","","","","","","","","","","","","","","","","","","","","","","","","","","","","","","","","","","","","","","","","","","","","83.644","","76.94","78.906","77.134","78.312","79.927","79.822","85.618","85.019","",
"Zambia","ZMB","Labor force participation rate, male (% of male population ages 15-64) (modeled ILO estimate)","SL.TLF.ACTI.MA.ZS","","","","","","","","","","","","","","","","","","","","","","","","","","","","","","","69.419","69.337","69.262","69.253","69.195","69.226","69.276","69.265","69.205","69.149","69.034","68.832","68.618","68.438","68.273","68.111","67.942","67.773","67.595","67.421","67.26","67.112","66.966","66.775","66.538","66.266","65.968","65.641","65.302","67.291","67.796","66.64","65.476","67.963","67.859","67.864",
"Zambia","ZMB","Labor force participation rate for ages 15-24, male (%) (modeled ILO estimate)","SL.TLF.ACTI.1524.MA.ZS","","","","","","","","","","","","","","","","","","","","","","","","","","","","","","","46.101","45.932","45.788","45.731","45.661","45.712","45.786","45.752","45.638","45.51","45.266","44.84","44.391","43.998","43.641","43.301","42.951","42.6","42.229","41.859","41.509","41.183","40.853","40.439","39.931","39.353","38.722","38.039","37.337","40.046","41.544","41.826","37.889","39.578","39.343","39.376",
"Zambia","ZMB","Children in employment, total (% of children ages 7-14)","SL.TLF.0714.ZS","","","","","","","","","","","","","","","","","","","","","","","","","","","","","","","","","","","","","","","","","","","","","","47.86269","","","34.4","","","","","","","","","","","","","","","","","",
"Zambia","ZMB","Average working hours of children, working only, male, ages 7-14 (hours per week)","SL.TLF.0714.WK.MA.TM","","","","","","","","","","","","","","","","","","","","","","","","","","","","","","","","","","","","","","","","","","","","","","","","","5","","","","","","","","","","","","","","","","","",
"Zambia","ZMB","Average working hours of children, study and work, ages 7-14 (hours per week)","SL.TLF.0714.SW.TM","","","","","","","","","","","","","","","","","","","","","","","","","","","","","","","","","","","","","","","","","","","","","","","","","4.2","","","","","","","","","","","","","","","","","",
"Zambia","ZMB","Average working hours of children, study and work, female, ages 7-14 (hours per week)","SL.TLF.0714.SW.FE.TM","","","","","","","","","","","","","","","","","","","","","","","","","","","","","","","","","","","","","","","","","","","","","","","","","4.3","","","","","","","","","","","","","","","","","",
"Zambia","ZMB","Employment in services, male (% of male employment) (modeled ILO estimate)","SL.SRV.EMPL.MA.ZS","","","","","","","","","","","","","","","","","","","","","","","","","","","","","","","","23.7176087486874","23.6265986501804","23.5867672663958","24.3531962642054","24.4275998466227","24.740085101106","24.9049734162854","24.8354212144735","24.8436218499669","25.1138078617879","24.0424755968372","23.2129375847371","22.5726253806593","22.1368156150258","21.8789870481345","21.7337057573773","21.6138361102791","21.4944106875292","23.6006875445596","25.8935213180245","28.1462321605847","30.6053838946869","30.1302017921763","29.7637895821758","29.4031405279092","29.5445983014477","29.712284711573","30.548335181873","32.8670579051247","32.2535968975438","30.7268431290439","32.203860471985","31.6272639877965","32.0728050920795","32.4444795154935",
"Zambia","ZMB","Child employment in services, female (% of female economically active children ages 7-14)","SL.SRV.0714.FE.ZS","","","","","","","","","","","","","","","","","","","","","","","","","","","","","","","","","","","","","","","","","","","","","","4.23","","","8.63","","","","","","","","","","","","","","","","","",
"Zambia","ZMB","Child employment in manufacturing (% of economically active children ages 7-14)","SL.MNF.0714.ZS","","","","","","","","","","","","","","","","","","","","","","","","","","","","","","","","","","","","","","","","","","","","","","0.57","","","0.65","","","","","","","","","","","","","","","","","",
"Zambia","ZMB","Employment in industry, male (% of male employment) (modeled ILO estimate)","SL.IND.EMPL.MA.ZS","","","","","","","","","","","","","","","","","","","","","","","","","","","","","","","","10.3396551297418","10.0869200668304","10.1971993244865","9.75179070100988","9.57792980969102","9.52543344985003","9.40225572272852","9.06452060219038","8.32525812576539","7.60934015515564","7.91060567401088","8.18190389798712","8.57011081767523","8.97704394794991","9.33664441106931","9.51626316123917","9.72908017342404","9.95629334235574","10.6461326092563","11.5630898228145","12.2102745175349","13.157789427348","13.8394869897254","14.5596963931869","15.2261537130447","15.2795763326956","15.3195881214933","15.6789206410269","14.0286697449639","13.0802370860735","15.5603735535686","14.8245237415093","15.4408006419543","15.6025382633713","16.0017853355888",
"Zambia","ZMB","Contributing family workers, male (% of male employment) (modeled ILO estimate)","SL.FAM.WORK.MA.ZS","","","","","","","","","","","","","","","","","","","","","","","","","","","","","","","","8.8554649242834","9.00458072010928","9.01670892262578","9.22761518278227","9.42213073399124","9.47769002425924","9.44467102189727","9.50218223249604","9.49665475749098","9.43274227076435","9.36931834121279","9.28754198244947","9.14770792384787","8.96660937883624","8.77104492260108","8.53818037148469","8.28978809037819","8.03474136119942","7.54734690472218","7.02817231219477","6.79085903781569","6.53182245548866","6.04988269002354","5.65424364705176","5.19592979171816","4.92018037612354","4.83114953192718","4.61079076686441","1.47800325603092","1.58440452700513","2.33341378263597","2.36702365740749","1.50967830782554","1.41849396066342","1.32556235605115",
"Zambia","ZMB","Children in employment, unpaid family workers, female (% of female children in employment, ages 7-14)","SL.FAM.0714.FE.ZS","","","","","","","","","","","","","","","","","","","","","","","","","","","","","","","","","","","","","","","","","","","","","","","","","93.55","","","","","","","","","","","","","","","","","",
"Zambia","ZMB","Vulnerable employment, total (% of total employment) (modeled ILO estimate)","SL.EMP.VULN.ZS","","","","","","","","","","","","","","","","","","","","","","","","","","","","","","","","80.4042814764549","80.5929709260723","80.8845984514734","81.0820701611476","81.3751505808419","81.4794400625553","81.5920993662602","81.9295769345852","82.2160709621378","82.3000596311757","82.5314066821256","82.6845233014119","82.8174099769878","82.8720037658289","82.9977607644914","82.8973147923693","82.8638949113129","82.8442693062049","81.4209063694042","79.8929400787164","80.0728210869618","80.3499046032117","77.7627371499541","75.4257354059882","73.3670077243661","73.0561645772012","72.8150326235867","72.5424232879474","73.1409816315656","73.2657081622874","69.676612598138","70.8828492060876","70.7345316379205","70.5071363665442","70.1693727926212",
"Zambia","ZMB","Employment to population ratio, 15+, total (%) (national estimate)","SL.EMP.TOTL.SP.NE.ZS","","","","","","","","","","","","","","","","","","","","","","","","","","","62","","","","39.619","49.3","","","","","56.4","","54","","48.497","","","","","66.8","","","68.595","","53.6","","68.726","","","44.711","","59.833","55.533","56.246","57.2","56.975","55.964","58.329","59.658","",
"Zambia","ZMB","Employment to population ratio, 15+, female (%) (national estimate)","SL.EMP.TOTL.SP.FE.NE.ZS","","","","","","","","","","","","","","","","","","","","","","","","","","","53.5","","","","26.565","41.9","","","","","","","50","","39.845","","","","","","","","64.891","","","","","","","36.18","","53.784","49.64","49.664","51.061","51.067","50.6","52.963","53.798","",
"Zambia","ZMB","Self-employed, female (% of female employment) (modeled ILO estimate)","SL.EMP.SELF.FE.ZS","","","","","","","","","","","","","","","","","","","","","","","","","","","","","","","","93.4468713576529","93.3774241659683","93.3339998258519","93.3140348756603","93.3481137726613","93.3407031771867","93.318460352858","93.3606178065152","93.4069839716462","93.412183308136","93.6016827507875","93.7518146005434","93.898942501254","94.0275152874833","94.1911033356461","94.0851709230331","93.9874818907613","93.8864304611958","93.0758130005239","92.1992727382549","92.3219315500892","92.4159853749955","90.2864202923603","88.0478573072087","85.6863146165999","85.358172897569","85.07469963234","84.7359355812146","83.3924797243728","83.6438577186851","82.6601968673408","82.6270987665077","80.6550558861004","80.4096958208859","80.1219715332744",
"Zambia","ZMB","Employment to population ratio, ages 15-24, total (%) (modeled ILO estimate)","SL.EMP.1524.SP.ZS","","","","","","","","","","","","","","","","","","","","","","","","","","","","","","","","27.83","27.367","27.257","28.076","29.441","30.613","32.045","32.975","32.572","32.143","31.295","30.267","29.349","28.406","27.502","29.203","30.969","32.761","30.146","27.509","29.64","31.771","32.072","32.398","32.646","32.919","33.188","32.624","32.866","34.997","34.64","31.904","33.349","33.194","33.03",
"Zambia","ZMB","Employment to population ratio, ages 15-24, female (%) (modeled ILO estimate)","SL.EMP.1524.SP.FE.ZS","","","","","","","","","","","","","","","","","","","","","","","","","","","","","","","","21.968","22.334","23.022","23.95","25.376","26.593","28.376","29.678","29.64","29.618","28.92","28.064","27.28","26.459","25.656","27.192","28.798","30.455","28.131","25.781","27.813","29.837","30.202","30.606","30.958","31.342","31.734","31.439","30.589","33.167","31.191","29.669","31.206","31.133","30.946",
"Zambia","ZMB","Employment in agriculture, female (% of female employment) (modeled ILO estimate)","SL.AGR.EMPL.FE.ZS","","","","","","","","","","","","","","","","","","","","","","","","","","","","","","","","85.9189392211989","86.0607030291096","85.9745249359576","85.6852553791352","85.6443507606779","85.497370376991","85.385485419657","85.5600039058686","86.2939060516293","86.1979643128834","86.4705541848993","86.6948903904867","86.7645338069433","86.765178728611","86.7484367484367","86.5691749346248","86.3361325564914","86.0485766980337","83.0893767954677","79.6151239312789","75.9187432333227","71.3505149901189","70.7705763125536","69.8416112641154","68.6220866964333","68.3219658280184","68.0471198246834","67.0037236177824","62.6325736104415","64.4999015307493","62.7032149310049","59.6970484912739","59.5074876358117","58.8149373650828","57.9932853909867",
"Zambia","ZMB","Prosperity gap (average shortfall from a prosperity standard of $28/day)","SI.SPR.PGAP","","","","","","","","","","","","","","","","","","","","","","","","","","","","","","","","32.8","","23.5","","","14.3","","15.2","","","","15.4","","21.3","","23.2","","","","21","","","","","22.9","","","","","","","22.9","","","",
"Zambia","ZMB","Survey mean consumption or income per capita, bottom 40% of population (2021 PPP $ per day)","SI.SPR.PC40","","","","","","","","","","","","","","","","","","","","","","","","","","","","","","","","","","","","","","","","","","","","","","","","","","","","","","","","0.8","","","","","","","0.8","","","",
"Zambia","ZMB","Poverty headcount ratio at $8.30 a day (2021 PPP) (% of population)","SI.POV.UMIC","","","","","","","","","","","","","","","","","","","","","","","","","","","","","","","","90","","92.8","","","90.2","","90.6","","","","95.7","","92.7","","93.3","","","","93.5","","","","","92","","","","","","","94","","","",
"Zambia","ZMB","Multidimensional poverty headcount ratio (UNDP & OPHI) (% of population)","SI.POV.MPUN","","","","","","","","","","","","","","","","","","","","","","","","","","","","","","","","","","","","","","","","","","","","","","","","","","","","","","","","","","","47.9","","","","","","","",
"Zambia","ZMB","Poverty gap at $3.00 a day (2021 PPP) (%)","SI.POV.GAPS","","","","","","","","","","","","","","","","","","","","","","","","","","","","","","","","40.6","","37","","","25.1","","25.9","","","","29.1","","37.2","","40.2","","","","38.4","","","","","38","","","","","","","39.8","","","",
"Zambia","ZMB","Proportion of people living below 50 percent of median income (%)","SI.DST.50MD","","","","","","","","","","","","","","","","","","","","","","","","","","","","","","","","34.6","","25.7","","","20","","20.7","","","","13.2","","22","","22.3","","","","19.5","","","","","24.7","","","","","","","21.9","","","",
"Zambia","ZMB","Income share held by third 20%","SI.DST.03RD.20","","","","","","","","","","","","","","","","","","","","","","","","","","","","","","","","10.7","","12.3","","","12.9","","12.8","","","","14.2","","11.2","","11.1","","","","11.6","","","","","10.9","","","","","","","11.9","","","",
"Zambia","ZMB","UHC service coverage sub-index on infectious diseases","SH_UHC_SCI_ID","","","","","","","","","","","","","","","","","","","","","","","","","","","","","","","","","","","","","","","","","7","8","6","7","9","12","19","25","24","22","29","33","36","34","43","41","31","43","43","35","38","35","29","46","","",
"Zambia","ZMB","Proportion of population facing large (but non-impoverishing) out-of-pocket health expenditure (%)","SH_UHC_FH40_LARGE","","","","","","","","","","","","","","","","","","","","","","","","","","","","","","","","","","","","","1.62","","","","","","","","0.66","","0.56","","","","0.1","","","","","0.09","","","","","","","","","","",
"Zambia","ZMB","Domestic private health expenditure per capita, PPP (current international $)","SH.XPD.PVTD.PP.CD","","","","","","","","","","","","","","","","","","","","","","","","","","","","","","","","","","","","","","","","","40.7813415222817","42.2086370923888","39.8253327350096","43.9743638781861","46.6145451073008","48.4933057454478","47.6365244279246","39.1280662894544","32.4006616438963","27.6173472579796","21.8149928129343","18.2390408071113","20.7917117304386","24.2015622362434","23.7129423856603","24.2497302521325","28.2405154549705","25.8115088865462","19.8958745271374","19.4592379961427","19.9431057081017","18.6506825982444","20.2360814989487","27.7289092329531","","",
"Zambia","ZMB","Out-of-pocket expenditure per capita (current US$)","SH.XPD.OOPC.PC.CD","","","","","","","","","","","","","","","","","","","","","","","","","","","","","","","","","","","","","","","","","6.74016975","7.35488019","6.59590698","7.60435877","9.31813535","11.74299569","15.07875323","12.67015481","12.61982006","8.72383805","8.53833505","7.84137746","8.73802662","9.75296968","9.03709007","7.03305738","6.72473526","7.55846954","7.17542343","6.16622984","4.86964251","5.29725562","6.72235174","8.18382903","","",
"Zambia","ZMB","Domestic general government health expenditure (% of general government expenditure)","SH.XPD.GHED.GE.ZS","","","","","","","","","","","","","","","","","","","","","","","","","","","","","","","","","","","","","","","","","6.88475037","6.88475037","6.88475037","5.32276154","5.65226936","5.53764105","6.74704027","7.46810293","8.14711761","9.36578655","8.63391781","8.0581131","7.05769587","5.45231676","7.78466225","7.56145144","7.16456938","10.05217934","7.52910423","7.57306385","10.56005478","9.25484943","8.88877583","8.88877583","","",
"Zambia","ZMB","External health expenditure per capita (current US$)","SH.XPD.EHEX.PC.CD","","","","","","","","","","","","","","","","","","","","","","","","","","","","","","","","","","","","","","","","","0.93236397","1.9391736","7.17770285","10.16495536","10.40467971","20.58317459","23.62658294","17.23755513","23.55299842","29.50889762","27.13677554","29.57755042","32.10716759","46.76559738","21.28419086","20.89150831","23.58237501","22.40233264","30.80007377","49.30328447","19.80793504","37.01632249","31.49811906","38.11397814","","",
"Zambia","ZMB","Current health expenditure (% of GDP)","SH.XPD.CHEX.GD.ZS","","","","","","","","","","","","","","","","","","","","","","","","","","","","","","","","","","","","","","","","","4.12029076","4.77853632","5.88845205","5.99553585","5.46587515","6.33088684","5.5774231","4.55994081","4.49370766","5.22568512","4.13426876","3.95913363","4.04541731","4.57390451","3.82924223","4.42974281","4.46923161","4.78156233","4.76996708","6.75330257","6.3067441","6.63951397","5.21042967","5.97841072","","",
"Zambia","ZMB","Tuberculosis treatment success rate (% of new cases)","SH.TBS.CURE.ZS","","","","","","","","","","","","","","","","","","","","","","","","","","","","","","","","","","","","","","","","","67","74","80","75","83","86","84","83","85","90","89","88","85","85","85","85","88","90","90","89","91","92","93","92","","",
"Zambia","ZMB","Prevalence of wasting, weight for height (% of children under 5)","SH.STA.WAST.ZS","","","","","","","","","","","","","","","","","","","","","","","","","","","","","","","","","6.3","","","","5.3","","","5.9","","","6.2","","","","","5.6","","","","","","6.2","","","","","4.2","","","","","","","",
"Zambia","ZMB","Mortality caused by road traffic injury (per 100,000 population)","SH.STA.TRAF.P5","","","","","","","","","","","","","","","","","","","","","","","","","","","","","","","","","","","","","","","","","27.4","27.2","26.9","26.2","25.9","25.4","24.9","24.1","23.9","23.8","23.6","20.7","20.4","20.4","20.6","20.9","21.2","20.6","20.5","20.5","","","","","","",
"Zambia","ZMB","GNI per capita, PPP (constant 2021 international $)","NY.GNP.PCAP.PP.KD","","","","","","","","","","","","","","","","","","","","","","","","","","","","","","","","","","","","","","","","","","","","","","","","","","","","","","","","","","","","","","3232.15309021238","","","","",
"Zambia","ZMB","GNI per capita (constant 2015 US$)","NY.GNP.PCAP.KD","","","","","","","","","","","","","","","","","","","","","","","","","","","","","","","","","","","","","","","","","","","","","","","","","","","","","","","","1270.39451474195","","","","","","","","","","",
"Zambia","ZMB","GNI, PPP (current international $)","NY.GNP.MKTP.PP.CD","","","","","","","","","","","","","","","","","","","","","","","","","","","","","","","10837930335.8175","10851928418.639","11086440664.4717","12406078634.7847","11744427707.0579","12352356707.3424","13450599492.9116","14189114809.886","14222370580.3554","15332799212.4434","16373191373.8638","17688643415.7243","18858981272.4182","20709889342.6061","21944073636.3271","23965395504.4922","26201821109.9482","28572878466.5087","32508379358.1488","37692144303.7023","40351133308.2133","44313413076.5895","48727848193.1921","51352538032.7256","53588354307.556","53655225404.5101","54313051730.9539","56537327477.793","60912388723.8103","61182014407.4613","57605371746.4404","63361858944.3591","73107643246.2263","79445702785.8766","80192152253.1064","87437580474.8191",
"Zambia","ZMB","GNI: linked series (current LCU)","NY.GNP.MKTP.CN.AD","","","","","","","","","","","","","","","","","","","","","","","","","","","","","","","103680800","193461299.999999","513113600","1366668300","2289520700","3080569800","4096255800","5326988100","6172836800.00001","7738082800","10715350000","14189152500","17785024100","22524702100","27824631300","34369583100","41753826900","50081018000","61849984700","75235496800","90677468100","108405942800","129048393000","145130100000","163655700000","179774822057.541","209425852547.453","235357216985.799","270915705019.277","295377755038.173","318506297033.247","408131920893.624","466633221875.569","523686432873.141","590133307947.63","661149881145.07",
"Zambia","ZMB","Gross domestic income (constant LCU)","NY.GDY.TOTL.KN","","","","","","","","","","","","","","","","","","","","","","","","","","","","","","","","","","","38116684564","39624561597.8825","42145770383.4672","43824656071.5338","43628352319.8148","44919838642.6219","47435846861.4922","50487978634.3419","52933584013.9691","54854341145.7047","58906431627.1848","60093100973.5035","67398657132.1512","75536445548.7735","84487575527.6421","80138874135.9885","97215915400","","","","","","","","","","","","","","","",
"Zambia","ZMB","Total natural resources rents (% of GDP)","NY.GDP.TOTL.RT.ZS","","","","","","","","","","","36.469192995441","23.7033548506908","20.618211755835","38.7052061472885","31.7537931914587","12.743783883532","16.2287807009548","13.9926124704029","10.1628877168039","17.0940640357697","16.8502484876492","9.26859685936868","6.59797348206418","9.2343316784607","6.64439041305602","7.85805278750791","7.55325499515317","10.3706387952951","18.5763258859712","21.141077497866","20.9818246533379","5.81996679113959","5.82419088501016","5.08803802366393","5.46968682858974","7.23321498317749","7.40724986790176","5.78425325323365","7.38004991836173","5.20000710887479","9.12122495945449","6.91796764834799","8.58178422740853","12.6388158009955","13.7756377211636","14.1027021273131","19.2015029596777","21.7874311599282","16.052538455331","16.7968643399172","18.6647201093496","17.4237334954232","13.5753487511819","12.023594729012","10.842259058696","11.1602533885932","11.6772125402718","13.2264399699464","11.7483463033985","7.91506539515975","16.2222307618142","35.2641479964325","","","","",
"Zambia","ZMB","GDP per capita (constant LCU)","NY.GDP.PCAP.KN","6986.32117724763","6863.03819259847","6484.81161514297","6488.70745810548","7055.069964722","7973.07394789829","7292.10530526865","7621.03482851977","7470.86432409737","7205.13493074768","7333.07258826235","7127.52423452879","7567.90983056738","7282.51682599736","7526.49854029098","7138.5091960339","7355.94067624939","6810.16999592643","6643.78296892399","6252.56518070475","6252.40678130837","6437.84889882471","6058.94801717596","5751.38242398807","5558.27485491202","5481.08662602439","5358.36195412534","5345.04170466406","5526.9173259879","5327.79118422773","5168.04125366403","5039.64754154843","4834.29026206235","5041.28247687075","4497.76527531961","4517.74000732776","4682.34089692719","4738.30620187391","4597.90376031067","4684.45805725972","4732.14301864383","4835.29512546264","4900.0007982758","5080.16691256369","5267.36846542987","5465.03404481288","5697.28882012387","5959.17696537668","6197.40888100166","6533.47720365958","6961.10136095894","7108.43364873697","7404.45640695501","7533.75158784692","7641.05649998128","7622.61854911575","7667.89535770744","7698.44254907312","7771.86519271715","7653.81448439732","7227.67037463676","7465.15388724126","7640.08965342919","7828.39038282491","7902.09253070942","7974.94774315121",
"Zambia","ZMB","GDP per capita (current US$)","NY.GDP.PCAP.CD","221.559848922849","209.693206426951","202.28103119051","203.219451227586","229.979245632097","287.42547598963","325.025847276562","340.579940386412","387.087288652294","458.981650783744","413.904675224945","372.144071511389","409.781146356948","517.630055161873","601.101371432691","489.505018740558","533.231631721853","474.362362443019","514.334878626644","595.455849101956","669.419722015371","669.886829361684","626.532533448195","520.45583354177","413.269974271735","332.173737253298","238.23379616097","314.999602622841","504.486020154114","526.361769256072","422.336298804219","423.071256835592","389.254665832226","390.916673784646","426.386598390102","433.312782642118","399.511304742449","465.871942164799","373.084763057408","349.515723095687","359.429500988221","396.548952993504","393.864625518616","446.290104839041","548.685974566277","710.982068171696","1051.71714895686","1118.73162626953","1375.50211006997","1136.24168316848","1451.10616017155","1624.86817763443","1710.05061343728","1820.71854827391","1707.48573136694","1295.87788680068","1239.08527877713","1483.46577328065","1463.89997855593","1258.98619844462","951.644316655957","1127.16077872857","1447.12310138035","1330.72780576709","1187.10943350064","1317.87771619597",
"Zambia","ZMB","GDP (constant LCU)","NY.GDP.MKTP.KN","22032963700","22332916500","21776639400","22489256600","25236105200","29437274700","27797527300","29999007100","30373493700","30240787100","31691471800","31664204600","34580118500","34247440900","36448920700","35621774800","37837796600","36110790200","36310758700","35212746400","36281672400","38519510500","37436040400","36699789800","36576172100","37166990800","37436040400","38437702200","40851877800","40433758100","40239242600","40224702800","39528444500","42215301200","38574044900","39691793000","42160045600","43768032900","43599199400","45626644900","47404862600","49925316700","52174958600","55798495900","59722466600","64043744800","69105566700","74877565100","80698469000","88139149000","97215915400","102630114900","110427315800","116012218100","121457000000","125004000000","129698025600","134271000000","139688155300","141701489100","137755024600","146343943000","153970253100","162235288300","168432754600","174762000000",
"Zambia","ZMB","GDP (current LCU)","NY.GDP.MKTP.CN","499100","487400","485200","503100","587600","758000","885000","957600","1124100","1376000","1277700","1180900","1337500","1588100","1873100","1571200","1922700","1986400","2250700","2660400","3063600","3485400","3595300","4181200","4931000","7071900","12963200","21564000","30823000","55181200","113340000","218275800","569564000","1482122100","2447760000","3289686700","4345083200","5656664100","6587519600","8129497000","11201004800","14784761400","18447049600","23201878000","29729908100","37189302500","45964238300","56262974300","67088703200","77348348100","97215915400","114029665900","131271902900","151331000000","167053000000","183381000000","216098000000","246252000000","275174504800","300448727700","332720846700","442336835100","493964301400","557406152600","662093749700","725641000000",
"Zambia","ZMB","Gross value added at basic prices (GVA) (constant LCU)","NY.GDP.FCST.KN","","","","","","28618450700","27024314300","29164556200","29528628800","29399613300","30809946600","30783434500","33618240000","33294818500","35435060300","34630923900","36785304600","34678801200","34242458600","33903648200","35774379300","38109003500","36117060600","34333320600","34287940700","35191807400","35091939400","36729017600","40901316400","38896857600","37744764500","38755917900","37485970600","40062255700","35362151200","36758297300","39021729100","40467985700","40424401400","42537999500","44105180000","46310555000","48714158200","52331975000","56236823300","60433732300","65463389500","71082244400","76489438000","83418515700","91836294400","96943876400","104310699800","109586204100","114708000000","117887315200","122334555100","126651256300","131777970600","133761302700","130811478000","139243619900","146781710700","154446303800","160943991200","167959000000",
"Zambia","ZMB","Discrepancy in expenditure estimate of GDP (constant LCU)","NY.GDP.DISC.KN","","","","","","","","","","","","","","","","","","","","","","","","","","","","","","","","","","","","","","","","","","","","","","","","","","","115400","","","","","","","","","","","","","","","",
"Zambia","ZMB","Inflation, GDP deflator: linked series (annual %)","NY.GDP.DEFL.KD.ZG.AD","","","","","","","","","","","","","","","","","","","","","","","","","","","","","","","106.388920043291","92.6545782085704","165.533953807921","143.658341657555","80.7421986460103","30.6111247595742","24.3492595595263","25.4025412591637","16.9068728138218","17.9238730663514","32.6138705117288","25.3312584622414","19.390923266941","17.6077236839923","19.7168232055938","16.6501990728872","14.5422526759543","12.9702107335817","10.6402448170694","5.55968566025587","13.9509131934519","11.1074132686175","6.99222724900214","9.73089122030567","5.44052458126617","6.65929211357343","13.5761011694227","10.0728370854916","7.41157094843257","7.63347048076743","13.9138706178858","25.1427776148297","6.14031838965083","7.09462960303757","14.4106633303405","5.62868427126075",
"Zambia","ZMB","Adjusted net savings, excluding particulate emission damage (% of GNI)","NY.ADJ.SVNX.GN.ZS","","","","","","","","","","","","","","","","","","","","","","","","","","","","","","","","","","","","","","","","","","","","","","","","","","","8.29648957687552","10.0601000361486","17.5311814108273","16.9052773741078","17.3608847073233","19.3544845611611","15.6403488405412","20.1297408092832","23.561171285944","23.8513401401023","23.4744704163361","7.93497264276905","","","","",
"Zambia","ZMB","Adjusted net national income per capita (annual % growth)","NY.ADJ.NNTY.PC.KD.ZG","","","","","","","","","","","","","","","","","","","","","","","","","","","","","","","","","","","","","","","","","","","","","","","","","","","","","","","","","","","","","","","","","","",
"Zambia","ZMB","Adjusted net national income (constant 2015 US$)","NY.ADJ.NNTY.KD","","","","","","","","","","","","","","","","","","","","","","","","","","","","","","","","","","","","","","","","","","","","","","","","","","","","","","","","17062740007.3973","","","","","","","","","","",
"Zambia","ZMB","Adjusted savings: gross savings (% of GNI)","NY.ADJ.ICTR.GN.ZS","","","","","","","","","","","","","","","","","","","","","","","","","","","","","","","","","","","","","","","","","","","","","","","","","","","33.6999863171682","32.2613279828138","36.0858528500263","34.3582305915791","32.9735875797491","34.3664956656721","31.4099630204235","37.9338331969501","42.4826551781958","40.4159243945716","46.5254060825636","46.9657809328415","","","","",
"Zambia","ZMB","Adjusted savings: energy depletion (% of GNI)","NY.ADJ.DNGY.GN.ZS","","","","","","","","","","","","0.0161773560912031","0.0192916103208055","0.0203222100764092","0.0217865341034629","0.0509385526603036","0.0476894024928192","0.047017156742534","0.0392628243207292","0.0280633619737498","0.0359970589917923","0.0448657375042484","0.0556819466276783","0.0325980069694522","0.0356621084384103","0.0486708272856781","0.0603100364496285","0.025754939297216","0.0215824305210552","0.0184975456348852","0.0215292686549539","0.019236088669823","0.0219229878964939","0.011857433640706","0.00538776892129257","0.00693185558322992","0.00535021930562623","0.00221511860637739","0.00480742125319514","0.00326226095542719","0.00462212147190673","0.00740936600179425","0.00494264794267793","0.00501676550180162","0.00663406410112691","0.00502347398655881","0.0015534527079714","0.000446933147675841","5.2123652687485E-05","1.93848070845277E-05","2.78136509409083E-05","3.02306244179918E-05","0.00221534581174447","0.00205114745165415","0.0016115178346137","0.00149797396398558","0.00345729716753696","0.00921760819594339","0.0152571219163883","0.0107172693849178","0.0130335660475314","0.023071220580272","","","","",
"Zambia","ZMB","Adjusted savings: consumption of fixed capital (% of GNI)","NY.ADJ.DKAP.GN.ZS","","","","","","","","","","","12.2608047922406","16.2112492788653","17.379920037541","16.0718116538667","13.5507538469399","18.30815868168","17.4851169874014","16.585171572655","15.2550211156719","13.6895241171592","13.5895902683961","12.0525634425914","12.9385440487172","11.7324023064469","15.6091466625788","16.8566280318317","26.1692422027656","22.9447501200083","18.7420968720281","18.0888374493015","17.8616978639084","19.5862996151841","19.1142543769039","17.2391441421285","15.4760217697466","15.989032993588","16.0941343147003","16.0633791117144","16.2957146369603","16.0045122344354","15.9884148654931","16.1059282542845","16.2435824097997","15.8917348012283","16.5038788646797","16.3386154491522","16.7339591895671","17.2667663205405","16.7722246129037","15.9585659420094","17.1596421062093","16.6213736202901","15.9886692126825","15.7360445353026","15.6380400465977","16.2524511797183","16.4697582919015","17.0591672971546","16.9618190218721","17.5936019185921","19.3133395894971","19.7794893675061","","","","",
"Zambia","ZMB","Adjusted savings: carbon dioxide damage (% of GNI)","NY.ADJ.DCO2.GN.ZS","","","","","","","","","","","","","","","","","","","","","","","","","","","","","","","1.10481075819571","1.23184119866054","1.33185699275057","1.16607828870637","0.916231690845139","0.913353364062748","0.826087490634504","0.935561624780536","1.12062455112813","0.96413228393975","0.975348851371818","0.908723321054941","0.956964451761116","0.918446649574774","0.799529364252603","0.691931448787428","0.461343179090981","0.407526072551392","0.3559454589096","0.461228791079345","0.402157854962696","0.407920310220589","0.499429142666521","0.509735299549933","0.593912750607594","0.827637870252164","0.940606614057651","1.03050345704014","1.16909561078524","1.21068673916288","1.70016739060613","1.77210504495493","","","","",
"Zambia","ZMB","Services, value added (% of GDP)","NV.SRV.TOTL.ZS","","","","","","","","","","","","","","","","","","","","","","","","30.6251793743423","35.1206651794768","34.6710219318712","33.2201925450506","38.3198849935077","33.6991856730364","23.6712865976093","24.8448032468678","28.6431203092601","24.3110519625538","21.4548315553759","38.0478886818969","39.6525085504343","41.5435244139859","41.4718491062604","44.8458308951369","47.5025146082224","48.9595335232782","49.0993517149354","49.7243429106408","49.7205872731509","48.8099285446496","48.9576146258726","47.5154757432367","47.4546801554357","49.0298347278234","51.5546034007674","52.8064557009767","50.3856175027169","53.193632268128","53.1376428491188","53.5124177356887","56.2204142195756","54.1825064091292","52.0938849633709","54.2445428614432","54.6037591025552","53.6857479089843","50.9368691958614","55.5345677860761","56.8167642432298","57.1882934058153","57.0328854075224",
"Zambia","ZMB","Services, value added (current LCU)","NV.SRV.TOTL.CN","","","","","","","","","","","","","","","","","","","","","","","","1280500","1731800","2451900","4306400","8263300","10387100","13062100","28159100","62521000","138467000","317986800","931321000","1304443300","1805100700","2345923200","2954227900","3861715500","5483959700","7259222000","9172674200","11536110000","14511146900","18206995400","21840126500","26699414500","32893480300","39876634100","51336279300","57454551300","69828293300","80413726300","89394099200","103097557800","117087312700","128282233600","149267152200","164056299500","178623675000","225312535100","274320939800","316700139600","378640116200","413854000000",
"Zambia","ZMB","Medium and high-tech manufacturing value added (% manufacturing value added)","NV.MNF.TECH.ZS.UN","","","","","","","","","","","","","","","","","","","","","","","","","","","","","","","15.7717260906802","9.77992905942878","9.77992798780336","16.4019430347311","21.0826750404789","21.0826750404789","21.0826750404789","21.0826750404789","21.0826750404789","21.0826750404789","21.0826750404789","21.0826750404789","21.0826750404789","6.0808426310503","6.0808426310503","6.0808426310503","6.0808426310503","6.0808426310503","6.0808426310503","6.0808426310503","6.0808426310503","15.0282947319293","14.7666469289982","9.91935914552737","9.66646186254718","10.0830040958353","9.72547444806409","9.72547444699611","9.72547444699611","9.72547444699611","9.72547444699611","9.72547444699611","9.72547444699611","","","",
"Zambia","ZMB","Chemicals (% of value added in manufacturing)","NV.MNF.CHEM.ZS.UN","","","","2.07182320441989","2.61763391432037","3.18717403901874","2.77577426616834","4.03462920614178","6.17952335641085","6.98153020553833","9.84587501708105","10.1391997107538","8.42001851999831","10.0339591209073","9.64988324780827","9.6920552176851","","","","","8.81022187262314","9.5281775758767","12.9285290296568","","","","","","","","8.58792583495683","8.58792675572133","8.5879258476693","15.7703255653143","15.7703253029783","","","","","","","","","","","","","","","","6.08077751164674","15.0285299181439","14.7663581184281","7.44043299636994","9.66576226980821","10.0829990995678","9.29690376746383","8.70399135301034","13.1454413418281","8.7867857114492","17.1717738395966","15.0986633883409","14.6178315632689","18.2772911065502","18.6082314872974","",
"Zambia","ZMB","Industry (including construction), value added (constant 2015 US$)","NV.IND.TOTL.KD","","","","","","1758927215.17259","1701099943.77495","1781011587.4281","1769969203.36762","1883879581.82611","1842907130.38846","1879230179.77785","2124195266.25638","2141340538.35472","2336614915.4118","2268036692.3303","2330803629.40719","2173595127.67402","2267746221.34121","2151511132.43322","2200620145.84706","2309881122.25729","2295932916.1125","2223576496.59191","2161390878.50792","2187253070.18781","2191030682.25409","2285762322.034","2438030196.70039","2420304755.50404","2530437126.0308","2499634495.79149","2740241405.24028","2521428792.92337","2272976376.86029","2083793370.04144","2074569082.90383","2311872193.53254","2144747658.05812","2100461115.29861","2191956837.75833","2414143524.43866","2679611048.26886","2988230281.70821","3366407674.88274","3772386189.877","4192020592.65484","4636777239.17729","4901646139.03906","5501972611.67586","5908076257.85485","6157678474.55258","6281726854.16725","6445820624.88","6696535412.00905","7152574977.98174","7552358820.70517","7960483133.81474","8329749652.18631","8057518691.68248","8159875604.92946","8742135513.45353","8547502494.9831","8621956605.54106","8925434847.44201","9390305568.45565",
"Zambia","ZMB","Manufacturing, value added (constant LCU)","NV.IND.MANF.KN","","","","","","1125114200","1347936400","1579698800","1762633100","1781201500","1924248500","2149133100","2423533800","2463423200","2680742000","2526006000","2669052100","2427660100","2548013100","2702062800","2637416300","2958583300","2854735900","2631914500","2642918000","2868491000","2924884300","3183467900","3761842700","3741899300","4034868600","4034180300","4518337600","4162785100","3803793900","3796880000","4017733600","4233059300","4325493900","4463204200","4642233300","4860167300","5165932500","5594446500","5897509400","6116753500","6528352200","6795026400","6999884000","7254900400","7367298100","8148039700","8540017100","9070000000","9663723700","10187231300","10383000000","10837097600","11278313800","11551993500","11665342400","13193266000","13814319900","14440069700","14776828400","15831000000",
"Zambia","ZMB","Manufacturing, value added (current US$)","NV.IND.MANF.CD","26319989.4825322","33319986.6853333","32759986.9091092","38639984.5594622","46759981.3147114","67199973.1468907","96739961.3427114","120679951.776291","153159938.797288","157219937.174913","180879927.720381","209579916.496979","253948699.638394","299357753.155326","373605197.484856","388663464.381841","393732332.960064","446989438.019141","537177352.206494","613487394.957983","658326289.09552","711030186.871107","720000000","659094519.459889","557360745.018284","514867673.39623","377007018.624236","582700201.429175","1148750457.44478","1237156240.16865","1047576197.31131","1126026120.4252","1056426934.89802","817593310.407432","332357093.450418","349389493.808145","392658746.584982","464537564.910711","381145650.349155","347625500.467124","340378431.062438","371851722.61478","402017439.65971","497448445.271779","626169611.048625","819894432.620141","1200154949.90425","1220116452.21736","1514178284.43282","1331255464.61624","1535781638.90684","1763254592.95986","1804548928.56449","1688888874.47893","1851013290.00812","1598582684.37399","1610889833.96051","2102809214.60468","1801750575.3546","1582409162.14119","1397302712.10465","1915386967.057","2332038936.58096","2344942276.42188","2289580412.20696","2526681069.13879",
"Zambia","ZMB","Agriculture, forestry, and fishing, value added (% of GDP)","NV.AGR.TOTL.ZS","11.4606291324384","12.7615921214608","12.3454245671888","13.0192804611409","11.9809394145677","14.3139841688654","13.4463276836158","12.8446115288221","11.3868872876079","9.66569767441861","10.6519527275573","13.040901007706","12.8747663551402","11.309111516907","10.6454540601143","13.1109979633401","14.1987829614604","16.3914619412002","16.1283156351357","14.9300857013983","13.9835487661575","15.6251793194468","13.4620198592607","14.1992729359992","14.5447170959237","13.0827641793577","12.1713774376697","10.8838805416435","16.4017130065211","19.1407580842751","18.2025763190401","15.8140297733418","21.2675485107907","30.4787304635698","11.826502598294","14.089372097349","13.2982447838973","13.9825484776443","15.86841123023","18.1899716550729","16.1497734560385","15.5274822358648","15.361429938368","15.6170996158156","15.5809428822284","14.5885513717285","13.2062710587766","12.1055962375597","11.4539997547605","11.5527836333973","9.42094610981773","9.64805782176724","9.32163953570601","8.22652318427817","6.77959785217865","4.98083656431146","6.22847198956029","4.0242711937365","3.34112399209449","2.86077493680796","2.97263384548847","3.00091831533747","3.09401583407622","2.23012034259343","2.83370764465019","4.10574926168725",
"Zambia","ZMB","Agriculture, forestry, and fishing, value added (current LCU)","NV.AGR.TOTL.CN","57200","62200","59900","65500","70400","108500","119000","123000","128000","133000","136100","154000","172200","179600","199400","206000","273000","325600","363000","397200","428400","544600","484000","593700","717200","925200","1577800","2347000","5055500","10562100","20630800","34518200","121132300","451732000","289484400","463496200","577819800","790945800","1045334700","1478753200","1808936900","2295701200","2833730600","3623460400","4632200000","5425380500","6070161900","6810968500","7684339900","8935887300","9158659000","11001648100","12236693600","12449279800","11325521600","9133907900","13459603400","9909848300","9193921400","8595161900","9890572500","13274167100","15283333700","12430828000","18761801200","29793000000",
"Zambia","ZMB","External balance on goods and services (% of GDP)","NE.RSB.GNFS.ZS","","","","","","","","","","","","","","","","","","","","","","","","","","","","","","","","","","","-0.749803902343367","-3.42472126600992","-6.86366373836064","-3.530347506404","-7.01477988771373","-9.69309540307352","-12.5397473269541","-14.4488845115891","-10.6491403373253","-10.9449166140775","-3.73311042962827","-0.978857562601504","7.32909850047488","1.41092771911989","-1.61616971007423","2.38061438315319","6.15094758445282","8.14701290815586","4.79811213279822","0.509192366402125","1.45108013624419","-5.58821715444893","-3.30920975668447","-1.59997912707308","1.02643956861224","0.481180270280106","14.2335235287197","18.2236688431739","11.0906800035408","3.45036089219515","7.42885809181654","",
"Zambia","ZMB","Price level index (GDP)","PA.NUS.GDP.PLI","","","","","","","","","","","","","","","","","","","","","","","","","","","","","","","27.7556250284367","27.5795892107375","25.8636423462819","24.3308713602514","29.1236512981072","28.8607541021365","25.2124149840855","28.5605452409376","23.3086453841556","21.1336322597414","21.0375320269238","22.2147923690179","21.4398751769364","22.9784064525602","26.5330084552027","32.1302514616142","44.2271030778616","43.7912975525844","50.793868046606","39.5563394530562","46.8451761675979","50.3290893192423","51.451244784385","52.3603969823213","49.6172464031301","38.8281151654875","37.3967381696735","43.7390513078165","42.5271309960636","37.4542492318283","30.1410790418921","32.1766926776756","37.6843607603592","32.6130364048754","28.1237977812003","30.0936076398757",
"Zambia","ZMB","Net secondary income (Net current transfers from abroad) (constant LCU)","NY.TRF.NCTR.KN","","","","","","","","","","","","","","","","","","","","","-117346905.023395","-73865977.6821888","-14864818.9702484","-6305139.83629599","-28350762.7100507","-39707347.2590551","-66633067.8562085","-36408018.6954941","-28583452.4332723","-17176203.3392277","-33756795.3669055","-27643452.8562129","-21948205.9452881","-13266586.0303988","-12718048.4619141","-14461293.1113397","-14065079.2428708","-11729356.8768418","-23528066.2251883","-15011710.0103669","17136392.7444411","14176697.1113199","97604146.1774497","154140805.94311","154671789.296333","211444367.710194","322391568.467156","507205651.125109","442921177.313271","340930362.402724","266858938.000933","221966887.082132","288348468.957397","243634080.14097","","","","","","","","","","","","",
"Zambia","ZMB","Taxes less subsidies on products (current LCU)","NY.TAX.NIND.CN","","","","","","64000","75000","80600","95100","116000","107700","99900","112500","134100","158100","132200","162700","189800","246400","237000","221000","357300","345200","632100","547500","722200","1329400","2085400","1805000","5465400","13213800","20210500","60867000","157454000","313329400","392940100","519508100","688131200","791053500","933889900","1304558500","1776027500","2036309700","2442540700","2947126900","3571738600","4082606100","4799256000","5719680900","5157699300","5379621000","6296766900","7185926000","9200910300","11298691900","9427726100","10182300500","16197739800","21818618400","22814528300","10460505800","18712060200","30070547900","32582270000","31326409000","25610000000",
"Zambia","ZMB","Net primary income (Net income from abroad) (current US$)","NY.GSR.NFCY.CD","-72519971.0210195","-64399974.2657703","-68599972.5874509","-68039972.8112268","-96739961.3427114","-63699974.5454901","-81199967.5524929","-70839971.6923473","-72939970.8531876","-66499973.4266106","-46759981.3147114","-50259979.9748935","-89036038.0209585","-188382323.926214","-188201287.085757","-170700993.556505","-249934437.444214","-111557420.650103","-176477935.054121","-288151260.504202","-289856297.548605","-112582654.528031","-236016150.740242","-250595710.881652","-276805222.565483","-266590932.652425","-306800487.348913","-343905519.99979","-410705266.437012","-406900518.71829","-280246492.471444","-383889417.817866","-315453478.625314","-254998089.508197","-236399844.032681","-242000002.314496","-206000000","-250799925.142526","-222700018.098148","-163907531.723994","-156116732.308017","-164945893.515115","-150508400.97804","-143067215.040085","-398687306.11284","-631728329.786042","-1168287002.85865","-1544526495.94004","-1398610006.14037","-418707001.446662","-1363000000","-1156978048.42924","-431975967.983214","-1148846688.28161","-551956133.22502","-417904086.41112","-647102790.52519","-1144710587.25527","-407215928.267329","-393403620.002076","-774884300.180538","-1708666304.6201","-1613634116.18156","-1668300499.57696","-2750106606.19511","-2566683822.23379",
"Zambia","ZMB","Gross savings (current US$)","NY.GNS.ICTR.CD","","","","","","","","","","","","","","","","","","","","","","","","","","","","","","","","","","","","","","","","","","","","","","","","","","","6370159959.65367","8453971333.25848","10450143299.0701","10630428386.4362","10726230035.5404","8016853051.70879","7829323736.53635","11202072401.8041","11023066668.3479","9284771943.22729","8152852409.79185","10187226819.2575","13243299962.7731","9504599784.79335","8136863902.9505","",
"Zambia","ZMB","GNI per capita growth (annual %)","NY.GNP.PCAP.KD.ZG","","","","","","","","","","","","","","","","","","","","","","","","","","","","","","","","","","","","","","","","","","","","","","","","","","","","","","","","","","","","","","","","","","",
"Zambia","ZMB","GNI, PPP (constant 2021 international $)","NY.GNP.MKTP.PP.KD","","","","","","","","","","","","","","","","","","","","","","","","","","","","","","","","","","","","","","","","","","","","","","","","","","","","","","","","","","","","","","63361858944.3591","","","","",
"Zambia","ZMB","GNI (constant 2015 US$)","NY.GNP.MKTP.KD","","","","","","","","","","","","","","","","","","","","","","","","","","","","","","","","","","","","","","","","","","","","","","","","","","","","","","","","20833312712.3651","","","","","","","","","","",
"Zambia","ZMB","GNI, Atlas method (current US$)","NY.GNP.ATLS.CD","","","620504000.964073","640524184.686374","717133267.654849","941372504.484983","996277465.367583","1215057093.39782","1416376911.43502","1610245707.74788","1848788131.18101","1842923420.66014","1917012478.57358","2099027408.83516","2732063328.58677","2845359051.22214","2788521203.35521","2601133339.38762","2705272869.99047","2920577559.1932","3609929729.73484","4288148996.34442","3853472434.93844","3314814946.09768","2843638168.36835","2390432498.90645","1806251812.49637","1919981754.06267","2502985912.14874","3166370493.04177","3490935840.12676","3243618624.50565","3066589315.42082","3264211097.77199","3135656274.54499","3439837064.45335","3761494187.58055","3864073058.85314","3514174041.71131","3573979461.37091","3487043861.72593","3691193326.08369","3945626806.80281","4596361145.52769","5337148248.2389","6661563742.44138","8750872578.68694","11247293876.3","15198111585.0338","16967650963.5454","18277674614.8097","19888819428.8727","24445149302.4654","26269107774.0695","27654188127.7957","25041948586.7986","22389755199.8346","21934426191.3426","25036853481.7636","25624937705.2376","21072860738.0627","20564568883.8823","23514171028.8511","26363320222.8274","25285087873.1968","26194383694.6581",
"Zambia","ZMB","Gross domestic savings (current US$)","NY.GDS.TOTL.CD","","","","","","","","","","","","","","","","","","","","","","","","","","","","","","","","","","","","","","","","","","","","","","","","","","","7301393633.65367","9232947435.55455","10428246323.3151","11377286299.2126","10980794524.7766","8208190203.03157","8264535467.66497","11987947065.9312","11154358032.0114","9355725011.63693","8706519014.04992","11594431082.6288","14572065229.5716","10915936236.55","9941727746.54415","",
"Zambia","ZMB","GDP per capita, PPP (current international $)","NY.GDP.PCAP.PP.CD","","","","","","","","","","","","","","","","","","","","","","","","","","","","","","","1521.62416941257","1534.00129930462","1505.02647933571","1606.66943652201","1464.05611722804","1501.3910624395","1584.58166341712","1631.17313844918","1600.62825148568","1653.83649530752","1708.51552609985","1785.06711386848","1837.0658516814","1942.21520870224","2067.93728458142","2212.81202551776","2377.99239779581","2554.68937618521","2708.00819659546","2872.46418369152","3097.66400489119","3228.48714255039","3323.63312219856","3477.28178777683","3441.31497643775","3337.47306887696","3313.35121570029","3391.62768492775","3442.27307196302","3361.39750299612","3157.30009311643","3503.03491418372","3840.115825721","4080.35544205923","4221.01397093025","4379.26131013191",
"Zambia","ZMB","GDP per capita (current LCU)","NY.GDP.PCAP.CN","0.158257098184403","0.149780921585969","0.14448650858715","0.145156808881485","0.16427095537986","0.205303993460607","0.232161412254922","0.24327148320154","0.276491030951696","0.32784416728058","0.295646314729466","0.265817299846371","0.292713843603048","0.337700122036459","0.386784687860978","0.314864312959737","0.373786753170101","0.374617160272175","0.4118107928204","0.472394973620885","0.527949020762789","0.582522422032431","0.581892090440011","0.655253894429088","0.749336295625402","1.04290650591443","1.85547181116189","2.99863084217807","4.17009405474441","7.27100137879855","14.5565810349095","27.3472026460694","69.6571224506768","176.992605972758","285.410823750981","374.433808423924","482.569704998405","612.387736231744","694.709571661544","834.650187551238","1118.1291065722","1431.9124935776","1732.45097248306","2112.41201082159","2622.10168670542","3173.46846128437","3789.44205940648","4477.72333414378","5152.2182536891","5733.58915743645","6961.10136095894","7897.99675102765","8802.14352254572","9827.3283643084","10509.5746765635","11182.3894607804","12775.9604924153","14118.8854971986","15309.9534544308","16228.3320979512","17457.0518476583","22564.0533958878","24510.7835592011","26896.6943632649","31062.4028358304","33113.3144235474",
"Zambia","ZMB","GDP, PPP (current international $)","NY.GDP.MKTP.PP.CD","","","","","","","","","","","","","","","","","","","","","","","","","","","","","","","11847622937.5309","12243861470.5947","12306119913.0547","13454122934.5498","12556139092.4432","13190866044.9116","14267657280.2359","15067249043.7628","15177810136.9138","16108375733.4777","17115278098.2392","18431148188.1081","19560983498.3451","21332505255.2259","23446682384.1665","25931543608.0661","28843984822.6613","32099889160.3641","35261852122.5252","38750659226.566","43260717840.7244","46612238752.7655","49567431316.5811","53546651818.13","54700785564.6956","54731517891.6164","56043424009.9189","59154463773.684","61869932575.7693","62232372185.4722","60176229608.2428","68672119764.9363","77389616148.5741","84561143368.7951","89970727065.7637","95966580563.3056",
"Zambia","ZMB","GDP: linked series (current LCU)","NY.GDP.MKTP.CN.AD","","","","","","","","","","","","","","","","","","","","","","","","","","","","","","","113340000","218275799.999999","569564000","1482122100","2447760000","3289686700","4345083200","5656664100","6587519600.00001","8129497000","11201004800","14784761400","18447049600","23201878000","29729908100","37189302500","45964238300","56262974300","67088703200","77348348100","97215915400","114029665900.001","131271902900","151331000000","167053000000","183381000000","216098000000","246252000000.001","275174504800.001","300448727700","332720846699.999","442336835100","493964301400.001","557406152600","662093749699.999","725641000000.001",
"Zambia","ZMB","Forest rents (% of GDP)","NY.GDP.FRST.RT.ZS","","","","","","","","","","","1.26650773364919","1.22416611339501","1.22759879834612","1.64636863144414","1.3587661243924","2.32382359432882","2.06690767767645","3.93010695101498","3.68314499008593","3.13679179793683","3.30207229615254","2.84300577669127","3.78922059108048","3.22476208849407","3.47445261992177","3.22917872720989","6.91931143398852","5.02586306979809","3.34026391571439","3.26773060030971","5.16487173689422","5.02008820276686","5.58184399094205","4.93418298057616","5.38568277421331","7.15726981869001","7.33646757783148","5.74581132039095","7.29245175794301","5.14005348995597","8.45245730072474","6.83402107546984","8.52083217363667","12.5816162241119","9.25534912496679","7.34820918660193","5.07183770615575","6.78906548415133","6.46417474762949","7.83439591145351","5.33151906689507","5.33698010259678","5.7647488916204","5.41837881864779","6.18392216726339","8.2115386260719","8.73892844173346","7.44178845010967","5.24264282636525","5.61569934069258","7.85476846748169","6.78387314173671","","","","",
"Zambia","ZMB","Gross value added at basic prices (GVA) (current US$)","NY.GDP.FCST.CD","","","","","","971599611.748795","1133999546.85378","1227799509.37132","1440599424.33647","1763999295.10588","1637999345.45546","1513399397.01559","1714923688.29676","2228705443.35814","2665278343.12199","2237146900.98188","2510756905.83229","2274960975.48212","2503288925.89509","3054705882.35294","3604311073.54184","3597240057.4988","3499434724.09152","2818983320.09531","2417564640.59732","2022428249.7767","1493724841.89989","2046184269.61571","3510514425.01081","3599022347.08489","2905004177.82987","3064142848.21056","2842676725.34227","2925743048.79153","3188710744.86346","3352254261.27651","3167128901.39912","3779794948.33769","3112916921.98302","3013211829.55412","3181273731.5018","3602594314.21502","3730904936.69001","4385833264.14228","5604411352.04415","7531659863.33595","11623777358.3858","12857893391.6302","16383859438.8232","14306226353.0251","19144127577.0778","22164070812.8459","24107003050.1428","26332537767.4849","25305249130.788","20158687468.1315","19970882530.9384","24171687796.165","24225264810.367","21538727649.3406","17567526554.7334","21161677947.9888","27388409085.7296","25965931882.7046","24105986409.5274","27860553122.1103",
"Zambia","ZMB","GDP deflator (base year varies by country)","NY.GDP.DEFL.ZS","0.00226524223792916","0.00218242879294337","0.00222807565064424","0.00223706816525007","0.00232841001154172","0.00257496662895903","0.00318373641816695","0.0031921056480566","0.0037009242700322","0.0045501461170632","0.00403168400654715","0.00372944785734488","0.00386782942921378","0.00463713479975667","0.00513897246894337","0.00441078528181589","0.0050814269666009","0.00550084888477461","0.00619843837082919","0.00755521869773839","0.00844393270030187","0.00904840158859236","0.0096038468854735","0.0113929807848654","0.0134814545013583","0.0190273676931628","0.034627593787937","0.0561011682951225","0.075450632039245","0.136473092269897","0.281665341285524","0.542641175213357","1.44089656753379","3.51086468145346","6.34561401674523","8.28807784017215","10.3061634259712","12.9241908424904","15.1092673504459","17.8174332515955","23.6283878607846","29.6137558602608","35.3561365355832","41.5815473621037","49.7801075416399","58.0685945460204","66.5130762902781","75.1399624505151","83.1350384107039","87.757085219872","100","111.107413268618","118.876296094847","130.444019154565","137.540858081461","146.700105596621","166.616260348068","183.399244810868","196.992009958915","212.029336888599","241.530824495239","302.258382569342","320.818009618509","343.578859100779","393.090851760017","415.216694704798",
"Zambia","ZMB","Exports as a capacity to import (constant LCU)","NY.EXP.CAPM.KN","","","","","","","","","","","","","","","","","","","","","","","","","","","","","","","","","","","838808464","1092747897.88251","1284572583.46721","1590913871.53376","1636179419.81476","2305585842.62187","2951871161.49222","4089450634.34186","5513720313.96905","6564389345.70474","10984126827.1848","12540088773.5035","16502623732.1512","20818875148.7735","22819305027.6421","22700701735.9885","35995100000","","","","","","","","","","","","","","","",
"Zambia","ZMB","Adjusted net savings, including particulate emission damage (current US$)","NY.ADJ.SVNG.CD","","","","","","","","","","","","","","","","","","","","","","","","","","","","","","","","","","","","","","","","","","","","","","","","","","","1171104960.87656","1812073261.10434","3953149069.74905","4080474028.52898","4196475037.35443","3731400195.83704","2900374346.18863","4680606528.67408","5825950245.05225","5229246224.60837","3951732998.90471","","","","","",
"Zambia","ZMB","Adjusted net national income (annual % growth)","NY.ADJ.NNTY.KD.ZG","","","","","","","","","","","","","","","","","","","","","","","","","","","","","","","","","","","","","","","","","","","","","","","","","","","","","","","","","","","","","","","","","","",
"Zambia","ZMB","Adjusted savings: net national savings (current US$)","NY.ADJ.NNAT.CD","","","","","","","","","","","","","","","","","","","","","","","","","","","","","","","","","","","","","","","","","","","","","","","","","","","3126548403.31087","3488106647.2285","5038581882.20059","5007206529.99725","4609360140.40804","3774823540.4415","3034550497.95796","5161634277.69198","6611117739.78004","5227243181.89299","4789774211.03762","5498642440.08241","","","","",
"Zambia","ZMB","Adjusted savings: particulate emission damage (current US$)","NY.ADJ.DPEM.CD","","","","","","","","","","","","","","","","","","","","","","","","","","","","","","","158227960.78389","162916378.305913","151712180.246149","143438792.948366","167590803.81315","161355724.771679","135194882.594949","148066113.109416","114812821.097872","102754482.495761","103090473.640101","110128907.383956","107829412.599324","122840492.451615","155839572.020455","206671633.315097","309286432.341213","329148734.329208","406027358.964959","323960376.901564","397143916.464145","431584296.615738","442108227.200294","465083351.42842","419622020.966097","301921241.086405","276384555.360631","296831704.877218","277520523.083375","233683994.591834","180162425.008787","","","","","",
"Zambia","ZMB","Adjusted savings: mineral depletion (current US$)","NY.ADJ.DMIN.CD","","","","","","","","","","","348273553.647589","203891132.820297","198674177.737048","454697411.803413","512969569.969498","140810741.945248","204151957.859988","128391410.482818","92014009.3284417","245113966.744147","272124749.088801","123745004.276537","47575595.6122821","98454769.9478262","41493532.8630002","50737044.0588691","558080.259978765","62173651.051284","289720194.597207","372910563.141722","274438224.155462","11215468.4080604","210299.072227956","115868.947251414","756316.474184484","134037.623559672","418165.619731063","523071.318212353","1084390.08010062","648379.014992164","10574835.7329031","167930.518969408","353492.398515945","129193.865335321","128683978.888852","272021484.003263","927462459.473125","1131424889.14375","945463297.737285","845291882.072238","1634138437.00983","1710757767.98551","1234208479.9841","1189353382.52608","786240997.66416","389274334.227267","389907078.894512","808335388.319951","1124054128.88333","300831785.096958","983626039.173305","4251462464.12034","","","","",
"Zambia","ZMB","Adjusted savings: net forest depletion (current US$)","NY.ADJ.DFOR.CD","","","","","","","","","","","23117384.7326223","20651682.3329739","23455905.6112564","37351400.3370919","42418413.7933235","60853193.8568242","56772048.4552645","97584555.593702","103620680.36483","104314011.240389","126452858.581161","110100137.045331","151370942.123463","103718271.110857","95180699.2713012","73665900.1321148","114995407.668051","114081801.302238","124044523.703693","130664707.102761","169677264.539012","169622874.385371","177609910.103739","161507545.074112","196935447.675655","272482066.090221","263908949.5801","247258460.414067","257983829.480179","174983456.559617","304346196.467831","254771533.20601","302019778.550329","494528735.806382","448676113.519252","473827840.298345","446443983.766028","563850077.134798","556965480.066886","434340556.098879","252479937.51059","0","0","0","0","0","0","0","0","0","0","0","","","","",
"Zambia","ZMB","Adjusted savings: education expenditure (current US$)","NY.ADJ.AEDU.CD","","","","","","","","","","","63992571.4285715","76878571.4285716","85533285.7142856","92098285.7142859","116800000","126654666.666667","134807142.857143","118643750","123927250","130709250","148837500","150555555.555556","206317222.222222","160575230.769231","127951777.777778","88495354.8387097","51512897.4358973","51982673.6842106","85642784.9256505","86191999.9999999","78612814.1026318","83853195.0464396","63064241.3407822","60365207.5971732","61564643.8601733","71301233.6535124","68662810.4511129","82051518.6808935","82874668.3851565","69977323.9934324","62658358.4802118","79250353.3845336","89540727.5666902","114794111.274819","151964443.058026","143222638.212165","169189273.886352","132631802.823235","234423898.754808","265300731.058779","404342233.795488","557291999.801334","716651608.088265","865315382.522332","951322255.168681","820557579.966694","723867179.599003","881228962.538799","923211186.439203","816270183.499782","627298983.248846","720819580.246001","","","","",
"Zambia","ZMB","Services, value added (constant 2015 US$)","NV.SRV.TOTL.KD","","","","","","2259086010.04311","2048135875.1603","2312985845.41863","2377174045.64941","2236424102.23625","2476586762.73188","2421695254.34882","2603451393.88484","2542771388.17279","2661297163.34223","2569393423.09772","2800980654.50488","2612630744.2574","2445724334.63426","2548347732.51973","2811491011.27214","3017194110.62502","2803972752.42479","2534131035.64769","2546899570.29007","2638065964.58451","2547885572.83369","2734420748.98587","3082687766.41008","2808416792.88364","2605081061.58915","2749518021.65116","2626008279.97447","2816394376.18507","2516387040.19394","2461260680.09677","2877403960.73621","3019346304.82921","3157937168.47484","3401083640.58745","3580530095.53439","3831924848.09518","4064158782.41157","4349986718.33205","4641593295.77518","5051614652.43173","5549987659.34781","6166832926.43006","6886800642.85209","7508385506.44875","8663705942.60748","9182751553.95296","10258577857.6444","11068077305.2478","11689934435.4947","11947522110.972","12282929714.4437","12489064798.5139","13396052482.0007","13867728624.1197","13021417368.5522","13801857376.1924","15464239758.8924","17015758580.7979","17963423337.2307","18113756955.3457",
"Zambia","ZMB","Textiles and clothing (% of value added in manufacturing)","NV.MNF.TXTL.ZS.UN","","","","3.95948434622468","5.44595543637873","5.64033223874831","9.73269512381702","12.7082652727867","8.08259780599578","7.51122341765007","8.56066109045403","8.00476258750631","8.02564596719986","8.53078746716217","9.69672394748249","9.30141262026579","","","","","13.281316023845","11.4196897227015","10.9526196129379","","","","","","","","11.4760313290088","11.4760333163948","11.4760311395135","9.58981405099968","9.58981404249056","","","","","","","","","","","","","","","","12.994804879618","9.18931255171718","9.82425357318842","11.4048127503955","12.3593102336339","13.5896608550938","1.03502964211514","1.06017761365251","1.29319650244002","1.07845399189518","1.44120005071736","3.10385305077577","3.29886523064509","3.51896025355886","3.23021714477926","",
"Zambia","ZMB","Food, beverages and tobacco (% of value added in manufacturing)","NV.MNF.FBTO.ZS.UN","","","","43.9226519337017","42.0736768179787","44.1858219045779","37.0248945424344","36.2789937928781","44.7659984031674","50.3469056364568","49.0783426709723","47.7941864016906","50.7302237911471","46.1220392558895","40.1798822690474","41.6787334684815","","","","","43.9838259863353","46.0226701902287","40.640259609354","","","","","","","","44.08768921977","","","","44.3657327903439","","","","","","","","","","","","","","","","37.4231231042914","30.5581302332658","33.8421065154066","36.8423512205749","37.4020601220141","32.045214874609","35.2688850629604","34.5643195055083","33.8619896251762","31.3553089057968","38.5782871187664","34.6468022227387","40.6507708220799","38.5789548518391","32.9984010548067","",
"Zambia","ZMB","Industry (including construction), value added (annual % growth)","NV.IND.TOTL.KD.ZG","","","","","","","-3.28764436065421","4.69764542322049","-0.620006300825409","6.43572657884451","-2.17489758012725","1.97096472146865","13.035395510064","0.807141997287047","9.11925840656434","-2.93493902778648","2.76745686210209","-6.74481967291048","4.33158376500148","-5.12557744839921","2.28253587320721","4.96500845983915","-0.603849523266874","-3.15150407979283","-2.79664847057461","1.19655319808436","0.172710333237958","4.3236108260454","6.66157951763273","-0.727039444397917","4.55035136696344","-1.2172849474285","9.62568366910799","-7.98515823819262","-9.85363603209355","-8.32314003545302","-0.442668033703683","11.4386699669","-7.22896948810377","-2.06488360498359","4.35598268367437","10.1364535493113","10.9963438852266","11.5173145609593","12.6555639131786","12.0596955034092","11.1238452707706","10.6096007090648","5.71234903466646","12.2474461764081","7.38105539306375","4.22476294827587","2.01453161491487","2.61223982707703","3.88957126981342","6.81008219795068","5.58936947818252","5.40393170926518","4.63874506313562","-3.26817697855276","1.27032796526605","7.13564687398321","-2.22637841944801","0.87106275314521","3.51983030981525","5.20838176469208",
"Zambia","ZMB","Manufacturing, value added (% of GDP)","NV.IND.MANF.ZS","3.76678020436786","4.88305293393517","4.82275350370981","5.48598688133572","5.68413886997958","6.33245382585752","7.80790960451977","9.00167084377611","9.73223022862735","8.16133720930233","10.1119198559912","12.6767719535947","13.5626168224299","12.2977142497324","12.8343387966473","15.9114052953157","14.3548135434545","17.7708417237213","19.1096103434487","18.2942414674485","16.9473821647735","17.7397142365295","18.599282396462","19.8459772314168","20.4948286351653","22.8580720881234","22.6510429523574","25.723427935448","30.8068650034065","30.9701492537313","31.8568907711311","33.3458862594937","33.1916343027298","24.9760799059673","9.08872601889074","9.1775943283596","10.915613767764","10.7949436134983","10.773698494954","10.2114103738522","9.45329654710977","9.08186722580454","9.58587925084779","10.1481367154848","10.0652389840384","9.84046097664779","9.40791898209265","8.67980436647481","8.45396814884328","8.68492781683595","7.57828393600663","7.51615952950012","7.07581325081866","6.02373452894648","6.81998335857482","7.52231130815079","7.68612523021962","8.12723823562854","6.84776647956377","6.78893009670748","7.70383075007966","8.66831474510408","7.99635289190961","8.50295879923877","9.04858570665344","8.74895437275457",
"Zambia","ZMB","Manufacturing, value added (current LCU)","NV.IND.MANF.CN","18800","23800","23400","27600","33400","48000","69100","86200","109400","112300","129200","149700","181400","195300","240400","250000","276000","353000","430100","486700","519200","618300","668700","829800","1010600","1616500","2936300","5547000","9495600","17089700","36106600","72786000","189047600","370176000","222470200","301914100","474292500","610633700","709719500","830136300","1058864200","1342732400","1768311900","2354558300","2992386300","3659598800","4324278300","4883516100","5671657600","6717648200","7367298100","8570651600","9288554700","9115777700","11392986800","13794489700","16609562900","20013486700","18843307500","20397254100","25632250900","38343149100","39499128700","47396015500","59910120400","63486000000",
"Zambia","ZMB","CPIA gender equality rating (1=low to 6=high)","IQ.CPA.GNDR.XQ","","","","","","","","","","","","","","","","","","","","","","","","","","","","","","","","","","","","","","","","","","","","","","3.5","3.5","3.5","3.5","3.5","3.5","3","3","3","3","3","3","3","3","3","3","3","3","3","3","3",
"Zambia","ZMB","CPIA policy and institutions for environmental sustainability rating (1=low to 6=high)","IQ.CPA.ENVR.XQ","","","","","","","","","","","","","","","","","","","","","","","","","","","","","","","","","","","","","","","","","","","","","","3.5","3.5","3.5","3.5","3.5","3.5","3.5","3.5","3.5","3.5","3.5","3.5","3.5","3.5","3.5","3.5","3.5","3.5","3.5","3.5","3",
"Zambia","ZMB","Trademark applications, resident, by count","IP.TMK.RSCT","","","","","","","","","","","","","","","","","","","","","","","","","","","","","","","","","","","","","","","","","","","","","314","240","255","247","358","524","378","470","633","398","527","682","793","1072","1190","1083","1905","1171","","","","",
"Zambia","ZMB","Scientific and technical journal articles","IP.JRN.ARTC.SC","","","","","","","","","","","","","","","","","","","","","","","","","","","","","","","","","","","","","50.89","67.53","56.66","60.22","33.6","52.96","59.17","47.39","42.84","61.04","68.62","67.27","91.74","76.25","87.9","98.98","103.15","118.74","128.8","153.52","174.12","203.98","215.11","206.64","268.45","327.01","362.23","367.3","","",
"Zambia","ZMB","Public private partnerships investment in transport (current US$)","IE.PPN.TRAN.CD","","","","","","","","","","","","","","","","","","","","","","","","","","","","","","","","","","","","","","","","","","","","15550000","","","","","","","","","","","","","","","","","","","","","","",
"Zambia","ZMB","Investment in transport with private participation (current US$)","IE.PPI.TRAN.CD","","","","","","","","","","","","","","","","","","","","","","","","","","","","","","","","","","","","","","","","","","","","15550000","","","","","","","","","","","","","","","","","","","","","","",
"Zambia","ZMB","Firms expected to give gifts in meetings with tax officials (% of firms)","IC.TAX.GIFT.ZS","","","","","","","","","","","","","","","","","","","","","","","","","","","","","","","","","","","","","","","","","","","","","","","","4.893148422","","","","","","10.11457157","","","","","","5.014343739","","","","","","4.346838474",
"Zambia","ZMB","Firms filling taxes electronically (% of firms)","IC.FRM.TAXE.ZS","","","","","","","","","","","","","","","","","","","","","","","","","","","","","","","","","","","","","","","","","","","","","","","","","","","","","","","","","","","","","","","","","","98.36425018",
"Zambia","ZMB","Firms where largest owner is also the top manager (% of firms)","IC.FRM.LOTM.ZS","","","","","","","","","","","","","","","","","","","","","","","","","","","","","","","","","","","","","","","","","","","","","","","","","","","","","","","","","","","","78.33057404","","","","","","72.01842499",
"Zambia","ZMB","Firms with female top manager (% of firms)","IC.FRM.FEMM.ZS","","","","","","","","","","","","","","","","","","","","","","","","","","","","","","","","","","","","","","","","","","","","","","","","","","","","","","22.4725914","","","","","","12.9291029","","","","","","18.42130852",
"Zambia","ZMB","Firms that are partially credit constrained (% of firms)","IC.FRM.CRDC.PT.ZS","","","","","","","","","","","","","","","","","","","","","","","","","","","","","","","","","","","","","","","","","","","","","","","","","","","","","","","","","","","","20.17690277","","","","","","16.43708038",
"Zambia","ZMB","Firms competing against unregistered firms (% of firms)","IC.FRM.CMPU.ZS","","","","","","","","","","","","","","","","","","","","","","","","","","","","","","","","","","","","","","","","","","","","","","","","73.83520508","","","","","","73.33044434","","","","","","65.36241913","","","","","","43.91573334",
"Zambia","ZMB","Firms with a bank loan/line of credit (% of firms)","IC.FRM.BNKL.ZS","","","","","","","","","","","","","","","","","","","","","","","","","","","","","","","","","","","","","","","","","","","","","","","","16.00533485","","","","","","11.81063271","","","","","","10.10828495","","","","","","3.108259916",
"Zambia","ZMB","Average time to clear imports through customs (days)","IC.CUS.DURS.IM","","","","","","","","","","","","","","","","","","","","","","","","","","","","","","","","","","","","","","","","","","","1.610746","","","","","5.332208157","","","","","","13.83256245","","","","","","19.3480587","","","","","","2.829746008",
"Zambia","ZMB","B-READY: Utility Services Pillar 3: Operational Efficiency of Utility Service Provision","IC.BRE.US.P3","","","","","","","","","","","","","","","","","","","","","","","","","","","","","","","","","","","","","","","","","","","","","","","","","","","","","","","","","","","","","","","","","","",
"Zambia","ZMB","B-READY: Taxation Pillar 3: Operational Efficiency of Tax Systems in Practice","IC.BRE.TX.P3","","","","","","","","","","","","","","","","","","","","","","","","","","","","","","","","","","","","","","","","","","","","","","","","","","","","","","","","","","","","","","","","","","",
"Zambia","ZMB","B-READY: Pillar 3: Operational Efficiency","IC.BRE.P3.OE","","","","","","","","","","","","","","","","","","","","","","","","","","","","","","","","","","","","","","","","","","","","","","","","","","","","","","","","","","","","","","","","","","",
"Zambia","ZMB","B-READY: Market Competition Pillar 2: Public Services that Promote Market Competition","IC.BRE.MC.P2","","","","","","","","","","","","","","","","","","","","","","","","","","","","","","","","","","","","","","","","","","","","","","","","","","","","","","","","","","","","","","","","","","",
"Zambia","ZMB","B-READY: Labor Pillar 2: Adequacy of Public Services for Labor","IC.BRE.LB.P2","","","","","","","","","","","","","","","","","","","","","","","","","","","","","","","","","","","","","","","","","","","","","","","","","","","","","","","","","","","","","","","","","","",
"Zambia","ZMB","B-READY: International Trade Pillar 2: Quality of Public Services for the Facilitation of International Trade","IC.BRE.IT.P2","","","","","","","","","","","","","","","","","","","","","","","","","","","","","","","","","","","","","","","","","","","","","","","","","","","","","","","","","","","","","","","","","","",
"Zambia","ZMB","B-READY: Financial Services Pillar 2: Accessibility of Information in Credit Infrastructure","IC.BRE.FS.P2","","","","","","","","","","","","","","","","","","","","","","","","","","","","","","","","","","","","","","","","","","","","","","","","","","","","","","","","","","","","","","","","","","",
"Zambia","ZMB","B-READY: Dispute Resolution Pillar 2: Public Services for Dispute Resolution","IC.BRE.DR.P2","","","","","","","","","","","","","","","","","","","","","","","","","","","","","","","","","","","","","","","","","","","","","","","","","","","","","","","","","","","","","","","","","","",
"Zambia","ZMB","B-READY: Business Location Pillar 2: Quality of Public Services and Transparency of Information for Business Location","IC.BRE.BL.P2","","","","","","","","","","","","","","","","","","","","","","","","","","","","","","","","","","","","","","","","","","","","","","","","","","","","","","","","","","","","","","","","","","",
"Zambia","ZMB","B-READY: Business Insolvency Pillar 2: Quality of Institutional and Operational Infrastructure for Judicial Insolvency Proceedings","IC.BRE.BI.P2","","","","","","","","","","","","","","","","","","","","","","","","","","","","","","","","","","","","","","","","","","","","","","","","","","","","","","","","","","","","","","","","","","",
"Zambia","ZMB","B-READY: Business Entry Pillar 2: Digital Public Services and Transparency of Information for Business Entry","IC.BRE.BE.P2","","","","","","","","","","","","","","","","","","","","","","","","","","","","","","","","","","","","","","","","","","","","","","","","","","","","","","","","","","","","","","","","","","",
"Zambia","ZMB","Human capital index plus (HCI+): overall score, male (scale 0–325)","HD_HCIP_OVRL_MA","","","","","","","","","","","","","","","","","","","","","","","","","","","","","","","","","","","","","","","","","","","","","","","","","","","","","","","","128.082545045055","","","","","128.264702495103","","","","","136.250815651962",
"Zambia","ZMB","Human capital index plus (HCI+): on-the-job learning pillar score, female (scale -30–87)","HD_HCIP_OTJL_FE","","","","","","","","","","","","","","","","","","","","","","","","","","","","","","","","","","","","","","","","","","","","","","","","","","","","","","","","18.3948749222844","","","","","15.618220322566","","","","","20.5427887286633",
"Zambia","ZMB","Human capital index plus (HCI+): education pillar score, total (scale 0–188)","HD_HCIP_EDUC_TO","","","","","","","","","","","","","","","","","","","","","","","","","","","","","","","","","","","","","","","","","","","","","","","","","","","57.6798929895026","","","","","61.5421080984058","","","","","61.5775508420588","","","","","64.5192216387071",
"Zambia","ZMB","Voice and Accountability - Governance score (0-100)","GOV_WGI_VA_SC","","","","","","","","","","","","","","","","","","","","","","","","","","","","","","","","","","","","","45.3294669","","44.0583382","","44.4497918","","48.2757397","48.6357064","49.5977272","52.1742441","54.5786275","54.5687158","55.1698861","54.682083","54.5736183","55.3578926","53.3350074","54.0561414","53.827881","53.4617289","51.3262502","50.3897813","48.5761874","48.4067563","48.6310279","47.1118942","50.0932016","50.3098947","49.7157692","",
"Zambia","ZMB","Regulatory Quality - Governance score (0-100)","GOV_WGI_RQ_SC","","","","","","","","","","","","","","","","","","","","","","","","","","","","","","","","","","","","","44.9708433","","49.2583166","","47.9768224","","41.6489831","41.9330153","43.7407766","45.3549421","44.5137702","46.930783","48.0166074","48.0863786","46.8625968","47.111708","46.8392456","46.563771","47.8940398","48.8337847","47.7012942","47.7215573","47.9651579","46.8385501","45.1981836","46.7843516","47.6502058","47.5213202","48.2283671","",
"Zambia","ZMB","Rule of Law - Governance score (0-100)","GOV_WGI_RL_SC","","","","","","","","","","","","","","","","","","","","","","","","","","","","","","","","","","","","","49.0494339","","49.0121314","","49.7976744","","51.0256374","49.8974655","48.8746024","50.3316675","49.0629701","49.8859584","51.2609112","51.0673493","50.4359936","51.3890001","48.5500103","49.9073737","49.712163","50.8371527","50.0226372","49.2119064","48.6730341","46.7905153","45.6611421","46.5926198","46.0981769","46.4837036","47.3064578","",
"Zambia","ZMB","Carbon dioxide (CO2) emissions from Transport (Energy) (Mt CO2e)","EN.GHG.CO2.TR.MT.CE.AR5","","","","","","","","","","","0.6312","0.6312","0.6854","0.7335","0.6865","0.7366","0.7682","0.6808","0.6337","0.5743","0.8738","0.8429","0.7377","0.7564","0.7812","0.7441","0.7167","0.7564","0.8701","0.7427","0.7734","0.97","0.927","0.6605","0.8108","0.805","0.6256","0.7297","0.6995","0.6727","0.7316","0.7685","0.8054","0.8607","0.9222","0.9899","1.0161","0.904","0.9817","1.1459","1.2333","1.3439","1.613","1.6626","1.8788","2.1008","2.0764","1.8672","1.8449","1.8445","1.9003","2.5246","2.4917","2.5408","2.5854","",
"Zambia","ZMB","Carbon dioxide (CO2) emissions excluding LULUCF per capita (t CO2e/capita)","EN.GHG.CO2.PC.CE.AR5","","","","","","","","","","","0.856233562671141","0.868312502462001","0.933576608629445","0.971741085373849","0.952847826419143","0.957718965164127","0.929830270836468","0.817787148654969","0.755154176091151","0.666172087856516","0.645719082386138","0.576087833965566","0.540264786554057","0.508710338349341","0.484264849578071","0.470612316587359","0.47036622638239","0.452269845626969","0.477484766161939","0.481156419846266","0.38898462132019","0.392926274642461","0.383749883815925","0.339781089408415","0.278337817995215","0.268286317306761","0.220389640087636","0.270692102024204","0.247226231986643","0.198049179646212","0.194876413395542","0.19058254162032","0.194197023295284","0.203867677204048","0.203153975614114","0.211070757215382","0.198597590529511","0.174189032545343","0.200263813418666","0.213107272147601","0.230036760341164","0.239454830917406","0.289620990303567","0.307539510527861","0.346397664972352","0.356605174836236","0.374035815469437","0.46088254788055","0.506471474864007","0.487959304388463","0.500068339000267","0.49379688135964","0.524548827570452","0.548090097623693","0.542961477377669","",
"Zambia","ZMB","Carbon dioxide (CO2) net fluxes from LULUCF - Total excluding non-tropical fires (Mt CO2e)","EN.GHG.CO2.LU.MT.CE.AR5","","","","","","","","","","","","","","","","","","","","","","","","","","","","","","","","","","","","","","","","","-52.4448","-51.3295","-50.2142","-49.0988","-47.9835","-46.8682","-44.5222","-42.1762","-39.8303","-37.4843","-35.1383","-38.514","-37.4181","-36.293","-35.1376","-33.9511","-33.6592","-33.6592","-33.6592","-33.6592","-33.6592","-33.6592","-33.6592","-33.6592","","",
"Zambia","ZMB","Carbon dioxide (CO2) emissions from Industrial Combustion (Energy) (Mt CO2e)","EN.GHG.CO2.IC.MT.CE.AR5","","","","","","","","","","","2.1131","2.1131","2.4549","2.6708","2.6509","2.7598","2.7314","2.3944","2.347","2.0793","1.8007","1.5475","1.5598","1.4537","1.4265","1.4561","1.5798","1.4459","1.596","1.7","1.2896","1.3504","1.3648","1.3281","0.8729","0.7779","0.6598","1.005","0.9612","0.6929","0.6652","0.7068","0.7375","0.7847","0.7323","0.8302","0.6825","0.64","0.9613","0.9872","1.0142","1.1409","1.4637","1.5336","1.9047","2.0136","1.8809","2.0801","1.8281","2.3882","2.5355","3.0918","2.9659","3.1936","3.2546","",
"Zambia","ZMB","Methane (CH4) emissions (total) excluding LULUCF (% change from 1990)","EN.GHG.CH4.ZG.AR5","","","","","","","","","","","","","","","","","","","","","","","","","","","","","","","","2.61002124973053","3.53700224815989","1.57679159865725","-1.33503741800376","-3.83881001509039","-5.49875273320809","4.57177173477872","7.68377937236302","13.5644113208709","10.4847402297435","13.3180376335807","12.4002956484248","13.3334359890364","15.7786948353916","22.4708201164116","29.7988974777494","27.265868005297","31.8730559576237","49.8629546364448","57.0539866342275","53.0273166825783","82.9047457731514","90.8564565304425","95.9040374488005","97.1867204582551","100.475809183579","107.498999106895","117.537187028425","132.168704382372","138.580579594099","154.841242955252","177.372116657941","177.569215607773","181.423423978319","",
"Zambia","ZMB","Methane (CH4) emissions (total) excluding LULUCF (Mt CO2e)","EN.GHG.CH4.MT.CE.AR5","","","","","","","","","","","3.839","3.884","3.9821","4.0507","4.097","4.223","4.5129","4.6434","4.7272","4.8453","4.8677","5.0834","5.32","5.2746","5.2188","5.5917","5.8208","5.9818","6.1303","6.2428","6.4942","6.6637","6.7239","6.5966","6.4075","6.2449","6.1371","6.7911","6.9932","7.3751","7.1751","7.3591","7.2995","7.3601","7.5189","7.9535","8.4294","8.2649","8.5641","9.7324","10.1994","9.9379","11.8782","12.3946","12.7224","12.8057","13.0193","13.4754","14.1273","15.0775","15.4939","16.5499","18.0131","18.0259","18.2762","",
"Zambia","ZMB","Methane (CH4) emissions from Building (Energy) (Mt CO2e)","EN.GHG.CH4.BU.MT.CE.AR5","","","","","","","","","","","0.4922","0.4922","0.5062","0.5207","0.5357","0.5516","0.5683","0.585","0.6014","0.6196","0.6437","0.662","0.6842","0.7051","0.7283","0.7488","0.775","0.8001","0.823","0.8489","0.8687","0.8849","0.9071","0.9283","0.9517","0.986","1.0015","1.0191","1.0447","1.0812","1.1188","1.1474","1.1758","1.2062","1.2385","1.2755","1.3127","1.352","1.4084","1.4533","1.5024","1.55","1.6005","1.6525","1.6933","1.7659","1.8165","1.8644","1.9282","2.0105","2.0736","2.1413","2.211","2.211","2.211","",
"Zambia","ZMB","Total greenhouse gas emissions including LULUCF (Mt CO2e)","EN.GHG.ALL.LU.MT.CE.AR5","","","","","","","","","","","","","","","","","","","","","","","","","","","","","","","","","","","","","","","","","-38.4348","-36.1509","-35.758","-34.0877","-32.7103","-30.5747","-28.2276","-26.408","-23.1277","-19.2218","-15.1974","-18.7351","-14.1489","-11.7393","-9.5896","-7.7402","-6.5981","-4.3746","-2.6945","-1.268","-0.646299999999997","0.490099999999998","3.4499","3.8328","","",
"Zambia","ZMB","Bird species, threatened","EN.BIR.THRD.NO","","","","","","","","","","","","","","","","","","","","","","","","","","","","","","","","","","","","","","","","","","","","","","","","","","","","","","","","","","","20","","","","22","","","",
"Zambia","ZMB","PM2.5 pollution, population exposed to levels exceeding WHO Interim Target-1 value (% of total)","EN.ATM.PM25.MC.T1.ZS","","","","","","","","","","","","","","","","","","","","","","","","","","","","","","","2.5365470185392","","","","","0.929522190398335","","","","","0.796000879472158","","","","","0.050626694387923","","","","","0.00341583459493315","0.00493617975558805","0.02959952902577","0.091259003691102","0.00642573744795709","0.0421709078359255","0.00334082970782081","0.00528204094669695","","","","","","","","",
"Zambia","ZMB","Combustible renewables and waste (% of total energy)","EG.USE.CRNW.ZS","","","","","","","","","","","","","","","","","","","","","","","","","","","","","","","74.5055186184802","74.3002664025411","74.9478728770809","76.6496929193027","77.9533697115725","78.6884372476936","80.7165415522999","79.1018744970886","80.1753745549891","82.3302968198431","81.5232648817261","81.0332469323787","80.5011891554955","80.0654651687629","79.8906799309268","79.2276937295321","79.7264624626188","80.6242352006357","79.8864895206247","80.4420182591359","80.201015945454","78.8867051549769","77.9677158921155","77.6483246518156","75.9409836209955","75.9567052150728","76.7082164336946","74.8010263314504","74.180475784807","75.1376683629224","74.5193993898601","75.2492647245252","74.3110544194771","75.1310187288352","","",
"Zambia","ZMB","Energy imports, net (% of energy use)","EG.IMP.CONS.ZS","","","","","","","","","","","","","","","","","","","","","","","","","","","","","","","10.7947633540182","7.40359435941031","10.4960339156986","7.284278773678","7.60566433362373","8.17052528903807","8.78749297265122","6.61246784339686","8.74870961537706","6.4028098297262","6.76362733794516","6.87783893653582","7.78900912748387","8.5956265679768","9.32511322736744","9.38839960708454","8.92787333854574","8.56569204873407","10.3935382757831","9.78868010737335","9.93768894495314","10.8894539141657","10.9560356125563","10.7465305839703","10.1213113599549","12.8652340849791","12.9336125637149","10.8790165895942","9.33583810905286","11.1753398683147","9.00717205671602","9.7360004937232","9.03001865064098","","","",
"Zambia","ZMB","Electricity production from renewable sources, excluding hydroelectric (% of total)","EG.ELC.RNWX.ZS","","","","","","","","","","","","","","","","","","","","","","","","","","","","","","","0","0","0","0","0","0","0","0","0","0","1.10565267321679","14.1131295414683","2.881103515625","1.09439386679444","-4.21984321984322","-1.43754874651811","2.06326509618352","3.01548946716233","3.57472826086957","7.24349049964813","4.34151445966514","3.93867312516218","0.558021712907117","0.505461619033368","0.50437237485368","0.47700851536468","0.542609287293757","0.367943340438699","0.383225806451613","0.984934468315093","1.57779089597271","1.34233980144404","","","","",
"Zambia","ZMB","Electricity production from nuclear sources (% of total)","EG.ELC.NUCL.ZS","","","","","","","","","","","","","","","","","","","","","","","","","","","","","","","0","0","0","0","0","0","0","0","0","0","0","0","0","0","0","0","0","0","0","0","0","0","0","0","0","0","0","0","0","0","0","0","","","","",
"Zambia","ZMB","Electricity production from oil, gas and coal sources (% of total)","EG.ELC.FOSL.ZS","","","","","","","","","","","","","","","","","","","","","","","","","","","","","","","0.773742668164233","0.718470211119708","0.927474532461609","0.707489631617468","0.601965601965602","0.668854114083796","0.711793440334962","0.692607983881123","0.841772984348284","0.669757856774858","0.612479265024882","0.626409421197695","0.62255859375","0.622903689506469","0.561600561600562","0.590529247910863","0.133731097623701","0.123941334435034","0.125418060200669","0.12063938876043","0.123668188736682","0.129746561716115","0.14475271411339","0.142151728265749","2.82310817324244","2.99148463532025","5.69824800136078","13.65605445919","15.3321452713083","15.3404097086066","14.5407995798595","7.983288166215","11.1219512195122","","","",
"Zambia","ZMB","Access to electricity, rural (% of rural population)","EG.ELC.ACCS.RU.ZS","","","","","","","","","","","","","","","","","","","","","","","","","","","","","","","","","6.67226875555072","","0.572324599248719","1.29155598900718","1.80335801462763","2.75654799307165","2.88768282232819","4.25715558615297","2.1","5.8","2.2","1.9","4.7","6.7","7","0.6","7.4","7.6","4","8.1","8.2","8.4","4.2","4.7","9.9","14","12.4","14.2","14","14.5","15","17.6","31.3","",
"Zambia","ZMB","Access to clean fuels and technologies for cooking, rural (% of rural population)","EG.CFT.ACCS.RU.ZS","","","","","","","","","","","","","","","","","","","","","","","","","","","","","","","","","","","","","","","","","1.4","1.5","1.6","1.7","1.9","1.9","2","2.1","2.2","2.2","2.3","2.3","2.3","2.3","2.3","2.3","2.3","2.3","2.3","2.3","2.3","2.3","2.4","2.3","","",
"Zambia","ZMB","Public and publicly guaranteed debt service (% of GNI)","DT.TDS.DPPG.GN.ZS","","","","","","","","","","","3.67414789015881","5.06950520761737","6.47370071073334","16.5073820758943","4.26749221627372","4.22699215658191","4.85187190006957","8.19135354921717","9.13566529517399","8.3637114404145","8.00177553494651","7.50977106926814","4.77083150264729","3.88506178699589","4.60805510770187","4.35917885381876","11.4878651733824","8.66996508599443","5.67654455862511","4.78958758906882","5.68812740982668","16.3862432213315","8.4611645580735","7.59528749335399","9.03854997976823","10.2631842230606","6.76082862394116","5.5879356240217","5.51648781535229","3.87034564781225","4.51245693495309","3.20556674409645","3.57496132681804","9.23318391494375","2.09418349052904","1.30128745405396","0.622791837896085","0.335276770559057","0.442420686402514","0.474495856773647","0.339642050352154","0.33329841611449","0.59958971215444","0.972126225962257","0.791836583061574","1.53533024975982","2.53046688757268","2.26885420784132","3.14564293434919","4.52714107810924","4.04466589931842","1.67581231664182","1.58805084972333","1.34808151980849","3.04742705438801","",
"Zambia","ZMB","Total debt service (% of GNI)","DT.TDS.DECT.GN.ZS","","","","","","","","","","","4.33831963464923","5.65590594032144","7.09050677785007","17.0995794314339","4.96163570834564","7.46439682540793","7.21200544269931","10.7399064609148","11.2688532475143","11.0665761059298","11.4607671531193","10.8195139139569","9.23002850379506","9.71575868885583","9.9489549005408","6.86968831257527","28.4162312090222","8.90468224705916","5.69372131885446","5.2943884447983","6.67032518372125","19.8203429210032","12.1887343058097","11.9806222741493","10.9498472265177","73.2842551961662","7.39288501130667","6.0660914642934","6.0958931785885","4.69306203246505","5.49805166058356","4.75939691731332","5.61018407313478","11.752777129096","8.05757496290611","3.69335172692741","1.25436563030897","1.0013649407526","0.999022286953646","1.13949802219529","0.82577113820656","1.01447287358802","0.962738539538257","1.31468287325872","1.64060642249919","2.77539790134681","3.85035593376896","3.66302728196284","5.29313162022923","11.8852650907192","11.786667428955","8.43552983912611","5.31730642756499","3.65447068936547","17.3495311540081","",
"Zambia","ZMB","Net ODA received per capita (current US$)","DT.ODA.ODAT.PC.ZS","0.291718158627232","0.279648425464491","1.75099069873786","1.55226326454833","5.86801789622979","2.94142651516709","7.65739180532061","15.5042380146489","7.45278714250553","4.82474156063354","3.06359641492531","4.8148292670606","4.70968377445336","9.54984725718053","11.7908307547249","17.2742507740833","11.9774286633127","20.3659415714477","33.6646687844535","49.1341185964731","54.6646769698659","38.5741024797161","51.061421836948","33.6920114710434","35.8225596767929","47.0863031413021","64.5977057027209","58.7336159418012","64.2337621328587","48.3211969748526","60.9812088022484","109.998555524625","126.063393614142","103.526171659627","83.3847451476642","231.131894173029","67.5318101257949","66.0049448072503","36.7155499901683","63.9847507257119","79.3251442795271","55.2861790714132","76.1394865919425","70.1454671130417","99.5259732128236","99.7579959582531","121.2139873889","81.3755224453563","85.6058897211366","94.2015498409875","63.367871835822","71.5807497015992","64.1791220448528","74.3714891230013","62.7686662496446","48.641789203866","57.1384978180863","59.6568669593781","55.6548057162526","51.2413581738014","53.3611379510934","55.5531808309246","90.4928127562284","68.6129322663853","","",
"Zambia","ZMB","Net ODA received (% of gross capital formation)","DT.ODA.ODAT.GI.ZS","","","","","","","","","","","","","","","","","","","","","","","","","","","","","","","","","","","","","","","","","","","","","","","","","","","14.6158964888433","13.3944427735695","11.907671095097","12.0839400170721","10.7900402179486","8.76899413135446","12.0696145904213","9.80798441314921","9.85218851928611","10.3664069783659","17.3896183268773","15.7127143714547","23.177067523386","16.3969926279783","","",
"Zambia","ZMB","Net official development assistance and official aid received (constant 2023 US$)","DT.ODA.ALLD.KD","10576409.3399048","10100291.2521362","62867805.480957","56796459.197998","213585052.490234","107139495.849609","264106231.689453","559559204.101563","285176330.566406","173812103.271484","102377815.246582","154173385.620117","136610809.326172","235000579.833984","264881835.9375","345255004.882813","254150177.001953","389941802.978516","568950317.382813","772007385.253906","792015625","601543273.925781","844928283.691406","583058654.785156","684931396.484375","883363769.53125","1007418273.92578","827795288.085938","816154663.085938","638309997.558594","754414672.851563","1307458374.02344","1485278808.59375","1318296630.85938","1020127990.72266","2615052246.09375","830138000.488281","901771606.445313","525356872.558594","914878295.898438","1275250122.07031","916213134.765625","1256797119.14063","1068768554.6875","1387769653.32031","1386224121.09375","1805025756.83594","1120681640.625","1197033081.05469","1413572998.04688","993232666.015625","1101177856.44531","1047845947.26563","1212671142.57813","1065357543.94531","929647705.078125","1137439086.91406","1215033813.47656","1128203247.07031","1063191772.46094","1123084228.51563","1133319702.14844","1908131835.9375","1421932006.83594","","",
"Zambia","ZMB","Net official flows from UN agencies, WFP (current US$)","DT.NFL.WFPG.CD","","","","","","","","","","100000.001490116","330000.013113022","189999.997615814","569999.992847443","349999.994039536","379999.995231628","589999.973773956","550000.011920929","300000.011920929","2220000.02861023","4679999.82833862","1429999.94754791","1350000.02384186","180000.007152557","2099999.90463257","3220000.02861023","720000.028610229","2019999.98092651","2230000.01907349","2890000.10490417","639999.985694885","2609999.89509583","3200000.04768372","23879999.1607666","9039999.96185303","6010000.22888184","15050000.1907349","740000.009536743","720000.028610229","2670000.07629395","4250000","4239999.77111816","7579999.92370605","11020000.4577637","2740000.00953674","7659999.84741211","7389999.8664856","16430000.3051758","6030000.20980835","8119999.88555908","5170000.07629395","8050000.19073486","5409999.84741211","1379552.96039581","2583105.08728027","1476089.95437622","1256886.00540161","825852.990150452","2266170.02487183","2837816.95365906","2489180.08804321","1000354.05158997","850290.00043869","2305488.10958862","1991214.03694153","","",
"Zambia","ZMB","Net official flows from UN agencies, UNRWA (current US$)","DT.NFL.UNRW.CD","","","","","","","","","","","","","","","","","","","","","","","","","","","","","","","","","","","","","","","","","","","","","","","","","","","","","","","","","","","","","","","","","","",
"Zambia","ZMB","Net bilateral aid flows from DAC donors, Luxembourg (current US$)","DC.DAC.LUXL.CD","","","","","","","","","","","","","","","","","","","","","","","","","","","","","","","","","","","","29999.9993294477","","","","","","","280000.001192093","","","","9999.99977648258","9999.99977648258","","","","","","","153320.997953415","","89996.0026144981","285392.999649048","329888.999462128","176222.994923592","436268.001794815","379175.007343292","443901.002407074","483687.01338768","","",
"Zambia","ZMB","Net bilateral aid flows from DAC donors, Italy (current US$)","DC.DAC.ITAL.CD","","","","","19999.9995529652","","","17979999.5422363","12449999.8092651","-540000.021457672","-2130000.11444092","-2119999.88555908","-2079999.92370605","-1240000.00953674","-2980000.01907349","189999.997615814","180000.007152557","-1279999.97138977","-1279999.97138977","-1620000.00476837","-1620000.00476837","2339999.91416931","430000.007152557","680000.007152557","3509999.99046326","1299999.95231628","13619999.8855591","36119998.9318848","39490001.6784668","23110000.6103516","12260000.2288818","42220001.2207031","6280000.20980835","51450000.7629395","2440000.05722046","5960000.03814697","1000000","18780000.6866455","2339999.91416931","569999.992847443","24020000.4577637","430000.007152557","959999.978542328","27459999.0844727","1730000.01907349","230000.004172325","51659999.8474121","449999.988079071","5860000.1335144","1950000.04768372","1389999.98569489","829999.983310699","569999.992847443","1100000.02384186","379999.995231628","512791.991233826","1029646.03900909","567207.992076874","1136311.05422974","373667.985200882","872757.017612457","692538.976669312","4019244.19403076","1022655.96389771","","",
"Zambia","ZMB","Net bilateral aid flows from DAC donors, Greece (current US$)","DC.DAC.GRCL.CD","","","","","","","","","","","","","","","","","","","","","","","","","","","","","","","","","","","","","","","","","","29999.9993294477","","","109999.999403954","109999.999403954","159999.996423721","280000.001192093","430000.007152557","100000.001490116","50000.0007450581","39999.9991059303","19999.9995529652","3609.00000669062","3605.99998384714","1632.99997802824","","","11664.9996489286","","2278.99989113212","","","","","",
"Zambia","ZMB","Net bilateral aid flows from DAC donors, Estonia (current US$)","DC.DAC.ESTL.CD","","","","","","","","","","","","","","","","","","","","","","","","","","","","","","","","","","","","","","","","","","","","","","","","","","","","29999.9993294477","","","","","7741.00003764033","1126.99996680021","","","","","","","","",
"Zambia","ZMB","Net bilateral aid flows from DAC donors, Czechia (current US$)","DC.DAC.CZEL.CD","","","","","","","","","","","","","","","","","","","","","","","","","","","","","","","","","","","","","","","","","","","","","","360000.014305115","870000.004768372","409999.996423721","959999.978542328","1309999.94277954","779999.971389771","1029999.97138977","829999.983310699","793527.007102966","670347.988605499","598464.012145996","897454.977035522","1694576.97868347","1905413.98525238","2514362.0967865","3033360.00442505","3461155.89141846","4049787.99819946","3374834.06066895","","",
"Zambia","ZMB","Net bilateral aid flows from DAC donors, Belgium (current US$)","DC.DAC.BELL.CD","","","","","","","","","9999.99977648258","","","9999.99977648258","29999.9993294477","39999.9991059303","29999.9993294477","19999.9995529652","70000.0002980232","479999.989271164","1220000.02861023","2089999.91416931","1940000.05722046","1679999.94754791","1409999.9666214","1120000.00476837","1450000.04768372","1340000.0333786","1450000.04768372","7250000","5150000.09536743","3559999.94277954","3740000.00953674","3109999.89509583","5880000.11444092","2049999.95231628","12550000.1907349","2140000.10490417","2789999.96185303","2430000.0667572","2440000.05722046","2059999.94277954","7800000.19073486","2700000.04768372","2660000.08583069","3259999.99046326","3400000.09536743","3380000.11444092","4159999.84741211","970000.028610229","2170000.07629395","1889999.98569489","1850000.02384186","1600000.02384186","1350000.02384186","1289999.96185303","1000000","1162474.03621674","1526481.03237152","1136309.02767181","1318910.00270844","1214331.03084564","1364712.9535675","1496103.04832458","1204087.97264099","1315230.96561432","","",
"Zambia","ZMB","Stocks traded, total value (% of GDP)","CM.MKT.TRAD.GD.ZS","","","","","","","","","","","","","","","","","","","","","","","","","","","","","","","","","","","0.0109385070431742","0.00577885365192983","0.0739459718515862","0.18590433891947","0.0370292695599722","0.167142298102822","0.0277729012311467","0.122116783027692","0.119222181741193","0.13301046975594","0.0352027198160091","0.133223391323352","0.0943806002328554","","","","0.0988376364144178","0.0873845847162129","0.0713639841660283","","","","","","","","0.103596005747361","0.599327938133543","0.10389598939548","0.627530180419469","0.156857721520642","0.30706577227031",
"Zambia","ZMB","Market capitalization of listed domestic companies (current US$)","CM.MKT.LCAP.CD","","","","","","","","","","","","","","","","","","","","","","","","","","","","","","","","","","","","427960000","217050000","501770000","285830000","273540000","","300000000","","755650000","1649980000","2516720000","2952560000","","","","","3184470000","","","","","","","","","2716490000","4034770000","4037230000","3456230000","7765130000","14907450000",
"Zambia","ZMB","Personal transfers, receipts (BoP, current US$)","BX.TRF.PWKR.CD","","","","","","","","","","","","","","","","","","","","","","","","","","","","","","","","","","","","","","","","","","","","36300000","48400000","52870000","57680000","59300000","68195000","41264000","43657312","46276750.72","72864000","53980262.0605766","58300302.4332848","47046538.1293303","38464441.0005245","93644095.262211","106965625.944343","98259120.8108228","134864831.718129","239709361.210131","243486022.923907","245688116.971317","334313585.697515","",
"Zambia","ZMB","Foreign direct investment, net inflows (BoP, current US$)","BX.KLT.DINV.CD.WD","","","","","","","","","","","9519999.9","8419999.9","29000000","32000000","38000000","38000000","31000000","42960000","38600000","35200000","61700000","-38400000","39000000","25700000","17200000","51500000","28300000","74500000","93300000","163700000","202700000","34300000","45000000","314400000","40000000","107000000","127100000","207400000","198000000","162000000","121700000","145000000","298390000","347000000","364040000","356940000","615789999.999999","1323900000","938620000","694800000","1729300000","1108500000","1731500000","2099800000","1507800000","1582666666.66666","662813935.420472","1107519804.84533","408438491.702336","547967909.612401","245205491.395466","394217415.177069","-65118862.8223029","641091890.665879","2359364621.18767","",
"Zambia","ZMB","Charges for the use of intellectual property, receipts (BoP, current US$)","BX.GSR.ROYL.CD","","","","","","","","","","","","","","","","","","","","","","","","","","","","","","","","","","","","","","","","","","","","","","","","","","","","","","","","","","","","","","","","","","",
"Zambia","ZMB","Exports of goods and services (BoP, current US$)","BX.GSR.GNFS.CD","","","","","","","","","","","","","","","","","","","943400000","1523300000","1608700000","1149000000","1063700000","1021700000","968100000","865100000","739500000","899800000","1247600000","1425300000","1360300000","1255100000","","","","","","1222300000","916800000","878600000","871970000","1054825000","1104469000","1251517000","2076306000","2827695061.69112","4547091169.12716","5227148091.80765","5631664313.64614","4900459150.59378","8054341321.11946","9419019755.12257","10510886465.9716","11601393752.5418","11071017827.7681","8223465324.37232","7419922061.24507","9080489944.95686","9982606351.24093","8257880170.88912","8558478218.53642","11727521532.5729","12443698684.1668","11453900190.2448","12746649254.902","",
"Zambia","ZMB","ICT service exports (BoP, current US$)","BX.GSR.CCIS.CD","","","","","","","","","","","","","","","","","","","","","","","","","","","","","","","","","","","","","","3000000","2900000","2400000","60000","4100000","4300000","4500000","10300000","12000000","21200000","23624700","23960182","18850000","23095000","26105680","27665591","29322982.46","31082361.4076","32947303.092056","34924141.2775794","37019589.7542341","29990640.8941432","18516378.135439","23041240.3015059","42123030.6567516","25624611.9882678","25010275.7770689","25034545.8496101","",
"Zambia","ZMB","Net secondary income (BoP, current US$)","BN.TRF.CURR.CD","","","","","","","","","","","","","","","","","","","-44700000","-63800000","-154800000","-110200000","-23900000","-1500000","-29500000","-24100000","-18200000","-8900000","36200000","81300000","379800000","240000000","","","","","","182200000","-24000000","44500000","13600000","11000000","76100000","46800000","28600000","107044000","362233000","530488000","560100000","515977000","431766326","378001925.56","453872943.738197","401988775.505197","297393268.684222","226566935.08836","211891059.396553","358835923.128219","275924564.603799","322450551.59246","221217695.922483","301462041.248826","284868849.383128","256964047.820375","945242762.601452","",
"Zambia","ZMB","Net errors and omissions (BoP, current US$)","BN.KAC.EOMS.CD","","","","","","","","","","","","","","","","","","","-92200000","-129000000","4500000","-194100000","-81900000","203400000","-93100000","-148700000","312500000","150500000","38100000","-1714600000","319600000","108500000","","","","","","-225400000","-37300000","-229300000","365096600","-193018400","175884351.95531","-94458653.02782","153524000","-110596776.259476","-210918542.946257","-65736413.8369105","-13683705.5845958","-8380489.47984614","-27174712.8935427","-30736284.9425015","-32333384.1916936","-29426830.6148849","-17585363.8742662","15127644.6813764","-70710503.3624251","30703725.3921735","24833833.1050457","-101529402.178783","-216655129.516641","195091440.488157","263529974.731805","-755791376.038986","-1153327287.76826","",
"Zambia","ZMB","Net financial account (BoP, current US$)","BN.FIN.TOTL.CD","","","","","","","","","","","","","","","","","","","-372800000","-51000000","-511800000","-914700000","-642500000","-59600000","-239700000","-544000000","-35100000","-94700000","-255100000","-1933200000","-274800000","-197200000","","","","","","-407400000","-404700000","-419700000","-144650000","-708050000","-251340000","-517680000","-52210000","2217361960.24686","3014405030.88221","-16964421.0989604","-380219011.591312","1141491361.50591","1647601064.82018","1213063431.87566","1562472375.03609","86991076.411116","-353913271.766737","-671524126.289646","-969672109.583092","-345855863.88637","-251342032.394213","135753128.050142","2001802516.40085","2901756513.19309","1432576842.59466","-1515910738.46086","-934113767.691745","",
"Zambia","ZMB","Secondary income, other sectors, payments (BoP, current US$)","BM.TRF.PRVT.CD","","","","","","","","","","","","","","","","","","","70600000","98400000","164600000","145500000","53600000","42200000","41100000","31000000","40600000","17700000","23700000","27600000","15800000","20700000","","","","","","19000000","27000000","16000000","18000000","20000000","20000000","54500000","63900000","76962000","92737000","95900000","110285000","37017000","39163986","41513825.16","68022000","48424470.741963","52299881.1354425","42204698.870737","34505836.4378634","89672172.133991","98030787.6590433","66637143.2578845","63944740.7002589","102567142.819708","112160301.384163","116370067.430154","99582233.1211609","",
"Zambia","ZMB","Transport services (% of service imports, BoP)","BM.GSR.TRAN.ZS","","","","","","","","","","","","","","","","","","","56.9921491658489","61.8640350877193","53.5094455536784","46.4841745081266","56.9505628976995","57.4550898203593","61.1015490533563","68.1335952848723","60.6136820925553","55.1569506726457","56.5894154271878","63.2349628294661","73.6078736078736","56.0363836824697","","","","","","78.8782392616258","73.6690647482014","66.056245912361","60.4633941234797","62.0049390851619","61.1259338313767","58.2300446207238","51.6208361278784","59.9268999238998","55.1821525916547","44.0130777760384","52.6053456818209","51.3800961703822","53.3968583035989","60.9181364721601","61.8278018251985","51.5990470791812","54.9031880647529","57.6134930327637","55.2028695810216","57.0682006267815","57.0696557592639","53.2845005754832","47.688838985491","54.6934107352299","48.0066879280767","52.4329912265968","47.4885940784417","",
"Zambia","ZMB","Goods imports (BoP, current US$)","BM.GSR.MRCH.CD","","","","","","","","","","","","","","","","","","","618000000","756000000","1114100000","1065300000","1003500000","711100000","612100000","571400000","517800000","585300000","687200000","773600000","1511000000","752200000","","","","","","1056000000","971000000","870000000","977690000","1252930000","1203990000","1392530000","1726940000","2160746100","2635803000","3610543500","4554252761.4","3413402100","4709901002.9","6454224834.2","7925533923.9772","9195362058.693","8594794743.1722","7436213012.7","6538529821.02735","7255368978.6582","8515497780.6516","6501712344.9831","4786845597.9","6385838008.7475","8136943618.5009","9148247752.70886","10065613553.5977","",
"Zambia","ZMB","Communications, computer, etc. (% of service imports, BoP)","BM.GSR.CMCP.ZS","","","","","","","","","","","","","","","","","","","28.8763493621197","26.8640350877193","33.927200122869","38.7852865697177","18.0372001957905","32.185628742515","26.1617900172117","17.9174852652259","18.2595573440644","19.2825112107623","21.3766862677274","10.069835548547","7.32970732970733","16.6758544652701","","","","","","-2.98189563365282","-6.51079136690648","-2.648790058862","10.2203470973318","10.010184749279","10.3255069370331","12.8656420426376","23.0717639168343","5.53300655449473","-3.0231075409463","-23.2879283550554","-6.27201785618602","-4.64490940941539","-3.91851690295507","5.60763389016614","7.77358939053738","23.1004289020135","16.2184693524262","8.28865299133363","9.62093529436827","10.1880037527299","12.6298241698973","13.2149985735387","20.3097694195927","19.2775543010293","14.4542760661198","22.274944661379","37.4339846823294","",
"Zambia","ZMB","Livestock production index (2014-2016 = 100)","AG.PRD.LVSK.XD","","12.47","12.45","12.81","13.41","14.06","14.88","15.42","16.37","16.52","17.23","16.81","17.87","18.63","19.01","20.98","22.77","23.02","22.8","22.94","23.76","23.55","24.79","23.18","21.8","23.77","24.3","24.92","25.57","26.44","33.77","44.64","44.54","45.01","42.56","41.79","41.36","42.16","44.28","46.87","47.82","49.9","52.61","53.02","52.08","53.66","52.48","54.49","62.51","77.69","89.54","90.86","96.75","107.1","111.29","94.51","94.2","113.28","106.75","109.31","105.97","110.04","109.06","","","",
"Zambia","ZMB","Internally displaced persons, new displacement associated with disasters (number of cases)","VC.IDP.NWDS","","","","","","","","","","","","","","","","","","","","","","","","","","","","","","","","","","","","","","","","","","","","","","","","","5800","54000","150","","","5500","26000","25","","2800","21","1300","7200","1300","3600","9300","","",
"Zambia","ZMB","Transport services (% of commercial service exports)","TX.VAL.TRAN.ZS.WT","","","","","","","","","","","","","","","","","","","74.8782862706913","76.1996161228407","68.2539682539683","61.3707165109034","69.1434468524252","70.7750952986023","73.76","79.7556719022688","74.4125326370757","76.9230769230769","81.957773512476","78.2776349614396","68.8888888888889","71.17903930131","","","","","","64.2537980339589","58.203125","47.8424015009381","37.2866520787746","37.5","35.0524475524476","30.0847457627119","29.9937772246422","2.82708437989779","4.26859025045132","4.08460619847663","4.8659564056493","4.96011482608272","7.83830627147309","7.8934251580169","5.76303078726147","8.54062936798689","7.18311838863403","5.06720805521677","4.31714414809256","5.64216994647292","5.64155334441054","4.20689302032665","8.30867533265893","12.7553363179276","7.3297521888073","6.79517815937748","4.90824291976678","",
"Zambia","ZMB","Computer, communications and other services (% of commercial service exports)","TX.VAL.OTHR.ZS.WT","","","","","","","","","","","","","","","","","","","6.91333982473223","4.7024952015355","10.2380952380952","11.2928348909658","2.2703818369453","2.03303684879289","2.23999999999998","2.26876090750436","1.56657963446474","1.24069478908187","1.34357005758157","0.514138817480713","13.4391534391534","9.17030567685589","","","","","","9.83020554066131","2.83203125","2.2514071294559","0.0525164113785479","2.86312849162012","3.75874125874127","3.17796610169492","6.40945861854387","3.10258472792071","4.30387427051141","3.96480690751086","4.3732214047113","4.18021500385751","4.74758745791138","7.55824552626449","7.84440206326809","8.79259992927639","8.07944989722019","8.54989947765506","8.51732797018487","9.04858326871509","7.51647102090296","5.90295444678685","8.41571055942882","10.0501734510441","3.67359594546295","6.29668780109648","28.7983706487899","",
"Zambia","ZMB","Merchandise exports by the reporting economy, residual (% of total merchandise exports)","TX.VAL.MRCH.RS.ZS","","","","","0","1.14250804629846E-14","0","0","0","0.00542634208407844","0","-9.28694658947737E-15","0","0","1.12082206221564E-15","0","0","0","0","0.000773949479673765","-9.76859490292652E-15","0","0","-5.11400429988103E-14","7.89810760405095E-14","-2.12665902974563E-14","-4.08986857745862E-14","5.76682314084695E-15","3.41248732972897E-14","-1.14647003410776E-13","3.49134288304234E-14","4.77062217354228E-15","9.70363748751617E-14","-3.52023163965922E-14","-8.40974956305328E-15","-1.07954490327846E-13","1.05132910852927E-13","9.88360447314831E-14","1.04121850544426E-13","1.20938874235742E-13","0","0","-6.81020640129244E-15","0","0","-2.73837825001772E-15","0","0","0","0.000164306882386351","-6.63313697864237E-15","0","-1.22236843725309E-13","6.96327834105204E-06","2.74549309021764E-15","6.875292310119E-15","0.000183227867016973","0.000105093502378183","0","0","0","-2.14009334806357E-15","0","0","","",
"Zambia","ZMB","Merchandise exports to low- and middle-income economies in Latin America & the Caribbean (% of total merchandise exports)","TX.VAL.MRCH.R3.ZS","","","","","","0.076672417097949","0.327429677035273","0.808433469484602","1.03434557750961","1.21727822165672","1.03164090945049","3.03173364121213","6.39417954906181","5.3004089908828","4.18959221051761","2.38852261144434","","0.000592150453587247","","1.38993587054611","0.777001668398436","2.7941794145359","1.24104810945158","1.24104810945158","0.372435225776866","0.215814307383633","0.126629752032932","0.0451910112980779","0.000247884596596982","0.0188659166595761","0.0158318992658021","","","","","0.0354027729136891","0.235230230834209","0.034744372961381","0.0272686557919191","0.437392088529102","0.111796188810952","0.0456819595669242","0.0545745235096239","0.434315294999836","0.01509385109415","0.00807547298255767","0.00186017178916184","0.000431865554777127","0.00467069972711731","0.0183986026481964","0.00533845234574042","0.0354987620541166","0.00486012526565918","0.00470696801707903","0.159742784165968","0.0580783268111174","0.012378933107235","0.0138218742522411","0.0113372197699313","0.013303147219823","0.0215598014957524","0.012526065611761","0.0407990071026041","0.038237300033668","","",
"Zambia","ZMB","Merchandise exports to high-income economies (% of total merchandise exports)","TX.VAL.MRCH.HI.ZS","","","","","84.4046076250854","88.4991374353076","90.8468522101503","89.1840630599677","94.1387083941122","93.3291544262111","87.8333918186779","81.0938111063849","82.7769986737112","85.390907552043","86.6685220216851","89.8938272812724","88.353743641676","90.4940903384732","86.2248491474465","83.9687200578295","85.535247785029","78.5088195848787","77.0205537512341","77.0205537512341","69.4836058160916","68.6023051429683","65.4068405268174","65.3373722833559","78.0813294779988","75.2293595376808","70.2569731265113","59.133647117543","68.7692608771004","64.9650248402128","51.2849817003373","58.0286049872154","42.4055717413415","60.5159755636049","62.2695678456202","40.109850462928","53.3916207958506","64.5047382351108","59.6135532801915","48.0814654043837","47.0954095424036","53.5392551868519","53.8629932691019","57.5159090125846","62.62124657521","60.233980001292","58.9818389663007","59.5543948961252","50.9548943975891","46.5376503782495","65.2579308272456","60.0330049419823","58.3348672838849","61.4898536170444","62.0612216887165","53.7739913552442","59.5484118879596","60.9771528333246","53.4481766153235","50.9635924422655","","",
"Zambia","ZMB","Manufactures exports (% of merchandise exports)","TX.VAL.MANF.ZS.UN","","","","","","","0.15334558987434","0.209510195860336","","","0.160775888270157","0.428797505256937","0.381281522722231","0.337518535372387","0.436044235759244","0.665322709489662","0.402292042550317","0.87695493977799","0.763011992732544","0.737243915705198","","","","","","","","","","","","","","5.24707400348972","","6.94786778603997","9.5565394117547","12.8995253256845","13.9928303317035","17.5417585684107","19.8038121275778","22.5290063579922","21.9703602394313","21.2504346587051","26.0355304520263","15.5401158265059","9.77381824311594","12.2871562700382","11.9755189263571","9.64092624944828","8.06166641366205","9.60902419443937","13.0387099613566","14.1766012370707","13.6910498914177","10.7670991356969","13.0585042192836","10.209724747685","13.2585590011257","14.2918838111775","10.1687352960687","9.99840225276466","11.1418796411847","12.8481942820589","14.1094032201952","",
"Zambia","ZMB","Food exports (% of merchandise exports)","TX.VAL.FOOD.ZS.UN","","","","","","","1.56311686549677","2.88123259849707","","","0.596013945773732","0.975192326600129","0.76390742151222","1.1996831363704","1.60094472673231","1.41737319316128","0.91881762051934","1.53179111730828","1.81188364402355","0.356136523824835","","","","","","","","","","","","","","3.91050073178266","","2.6801577032056","6.37995087616329","4.75891953192799","7.13660085178791","8.00929062129844","9.37297106535929","9.58816553092945","9.70358360886476","10.5711164233121","15.6925293368908","11.5136289481047","5.84388760404606","7.34692316926437","6.05435523641483","8.43589943918145","6.84151683924612","7.93656971301052","12.1672716142432","9.21804869633314","8.80143365510096","9.95645670755505","9.29127812723178","7.2793899831695","6.21095293480376","7.31131847925742","7.48659295480121","7.73444986270927","9.46751165720756","10.6148860130193","8.74864770469916","",
"Zambia","ZMB","Medium and high-tech exports (% manufactured exports)","TX.MNF.TECH.ZS.UN","","","","","","","","","","","","","","","","","","","","","","","","","","","","","","","17.0562816696076","17.0562816696076","17.0562816696076","17.0562816696076","17.0562816696076","14.9278905986162","13.3390016326239","6.15603959055566","20.8797297942195","22.678773844994","3.33199994718343","3.16493696400522","4.89057555200352","3.93389726387248","10.366229387452","6.77115419853315","13.8675921908196","15.492908962542","11.4046599802278","21.5467523114839","11.4554822902299","17.5295204760322","17.1630817711462","22.3759114239579","23.8645503325759","28.400248703461","42.0116814157045","26.781634201646","25.4017841012325","26.4011452033373","21.4318173357947","28.4990571856731","29.2965838881106","","","",
"Zambia","ZMB","Commercial service imports (current US$)","TM.VAL.SERV.CD.WT","","","","","","","","","","","","","","","","","","","397700000","444700000","638400000","562300000","389400000","320800000","280700000","249200000","179200000","207400000","260400000","408100000","370100000","352300000","","","","","","281700000","278000000","297600000","322326600","353126600","360600000","387800000","417800000","387124725.184782","487540595.298691","806904092.369695","804951458.25286","640203275.608027","849415988.152682","1052001710.2244","1290465337.87461","1770149436.62469","1595535627.92716","1380617983.88039","1338399387.47314","1416067612.81477","1615852503.93262","1473517224.46943","1040748876.83508","1276053920.21938","1854305159.62483","1700083042.65233","1960052240.0837","",
"Zambia","ZMB","Merchandise imports by the reporting economy (current US$)","TM.VAL.MRCH.WL.CD","","","","","215553636.363636","290800000","339200000","412585454.545454","447863636.363636","427884545.454545","466729090.90909","545138181.818182","549633636.363636","513470909.090909","754195454.545454","890985454.545454","631629090.909091","646005454.545455","590299090.909091","723921818.181818","1078397272.72727","832711818.181819","961878181.818182","682331253.062094","588532355.258174","660179160.66061","559958203.06717","682881461.42513","861211404.514262","1252854935.33441","1203350082.11147","787224932.04319","827759649.900265","695134060.670491","451002567.528776","777448114.70334","824845788.627612","696509502.680682","1087043372.69516","837692393.886146","1090060081","1079969401","1071776037","1546691332","2150817804","2579556552","3027148576","4002397542","5109118702","3820461573","5315546500","7267172845","8790310716","9659241693","9367640568","8050210708","7536122093","8767414903","9441836326","7220796546","5317967054","7095529113","9042245688","10124460433","","",
"Zambia","ZMB","Merchandise imports from low- and middle-income economies in Middle East & North Africa (% of total merchandise imports)","TM.VAL.MRCH.R4.ZS","","","","","1.4069478594233","0.481430536451169","1.38561320754717","0.223865469192058","2.65705876382828","2.67468072313474","2.44915290552044","2.78394802318679","3.257872599434","5.30755039676498","1.57072859097293","0.523526554866725","0.257631060806686","0.167603425808394","0.101951399059645","0.0522406990207382","0.151403134449524","0.15819070877953","0.0600151597348368","0.0600151597348371","0.0588499887547793","0.0220000135087802","0.0218746832871458","0.0068454450793018","1.97758188007942","0.00885213621634851","4.62356359610949","3.15658199830641","8.8850255866259","0.074665090479195","0.0500785276668405","0.328262520731382","0.747327699167364","0.914631482371445","0.0774746952530566","0.0805331740244201","0.112982212766674","0.154176960797059","0.10304559552305","0.167598857404084","0.237948188381279","0.351169467208486","0.313115784112739","0.373195561991478","0.329295657065358","0.517177482941797","0.595999809238805","0.624374622260687","1.36044246743553","0.708387202378289","0.374743189015149","0.700245124565254","0.395924118953894","0.373986840622547","0.427387476405191","0.383974327809568","0.630579066389229","0.570149193326268","0.588753986973064","0.260058362361521","","",
"Zambia","ZMB","Merchandise imports from low- and middle-income economies outside region (% of total merchandise imports)","TM.VAL.MRCH.OR.ZS","","","","","2.11126528305548","1.65061898211829","3.18396226415094","1.84799182097813","4.19770628235056","4.39774535611773","4.84727367637837","6.27714074163014","7.91965557222415","10.1869982897146","8.94475148110871","5.32229890499182","4.76286428168429","3.91750140021333","4.22466885045947","2.90362846816708","3.16041398135448","3.9620822657189","3.98632977526922","3.98632977526922","3.02768198515632","2.0648170573438","2.57389813735009","1.90426437385791","7.10412366137808","2.91808474672345","8.44744876462489","8.54275803615101","13.0613800596487","2.28454352717508","5.90561192771875","3.87774221294495","5.39566570078087","5.76281183101054","3.94924859596202","4.56879008008811","3.7344585596287","7.77125712286732","7.72970024893363","6.05224850384045","5.55335592712064","7.72659203169894","6.72012644548835","11.5959048577689","9.48578976664379","9.78863854155562","9.4970194315862","14.8979591801631","15.9641164270307","11.4299638738732","14.9274956895421","15.641022697067","14.7588961175818","17.208640000415","19.8954123979802","21.682815975023","25.8810580250729","23.0821630905484","25.993017366462","24.9558477779672","","",
"Zambia","ZMB","Ores and metals imports (% of merchandise imports)","TM.VAL.MMTL.ZS.UN","","","","","","","0.937679940134498","0.669298509701045","","","1.19242537214303","1.32917013129178","1.35845586690061","1.22923420041169","0.982032214503115","0.913245942993133","1.20021704430343","1.10067509637083","1.12044176642307","1.34799193119653","","","","","","","","","","","","","","","","2.13494794483657","2.4100535822541","3.2723335848568","1.99057274196877","0.837710535005962","3.00660413114075","1.67315464332285","1.56370083218167","2.85481585090264","2.74450172366341","3.18232177997271","3.20931154504771","5.81920026292263","13.2507783699884","13.1212910296917","20.9863074881228","17.3611995563448","14.6078611564695","16.5512878496095","20.6130853468887","7.01424439631963","10.6536701893498","13.8820668651364","15.6454547846849","5.11715758596648","3.87889476965344","5.73418314318733","9.55765921851323","5.65979764110302","4.01435191091331","",
"Zambia","ZMB","Fuel imports (% of merchandise imports)","TM.VAL.FUEL.ZS.UN","","","","","","","7.97352291206755","10.2005680953362","","","10.3267149936253","8.07494964674852","6.59079784477539","9.59635019453568","12.0599320376061","13.5737035002583","15.4847365110292","15.2820738771341","17.6477678268629","17.8704651475052","","","","","","","","","","","","","","","","13.1769690298776","11.2933007625982","13.1930990723981","9.64897841440528","8.51233612642836","17.2671552927285","7.38865564616317","5.84323896909584","8.09085999501416","10.9385896895221","11.0476717496818","15.0241834061881","12.8385773108083","15.8706716831837","14.3248258169549","11.6149920421395","7.83418798757256","10.5581882741376","10.2318637986673","13.4818840517764","21.981656568852","23.151858507099","16.7449246481851","14.095811266457","17.5217011215365","9.37187340175816","10.1576560868162","6.319036605701","19.3437033090936","22.9348804021921","",
"Zambia","ZMB","Tariff rate, most favored nation, weighted mean, primary products (%)","TM.TAX.TCOM.WM.FN.ZS","","","","","","","","","","","","","","","","","","","","","","","","","","","","","","","","","","12.44","","","","9.93","","","","22.83","16.86","11.82","19.38","12.24","14.95","9.1","9.46","7.86","6.13","6.81","7.01","8.4","","10.39","11.24","","4.43","","9.44","9.5","9.94","","","",
"Zambia","ZMB","Bound rate, simple mean, primary products (%)","TM.TAX.TCOM.BR.ZS","","","","","","","","","","","","","","","","","","","","","","","","","","","","","","","","","","","","","","120.52","","","","120.52","120.52","120.52","120.56","120.56","120.56","120.55","120.55","120.55","120.55","120.55","120.45","120.45","","120.45","120.45","","120.44","","120.44","120.44","","","","",
"Zambia","ZMB","Tariff rate, most favored nation, simple mean, all products (%)","TM.TAX.MRCH.SM.FN.ZS","","","","","","","","","","","","","","","","","","","","","","","","","","","","","","","","","","26.73","","","","14.15","","","","14.79","13.14","13.96","14.95","13.91","14.8","14.27","14.2","13.59","13.38","13.39","13.65","13.16","","13.03","14.76","","13.37","","13.99","14.38","14.35","","","",
"Zambia","ZMB","Tariff rate, most favored nation, weighted mean, manufactured products (%)","TM.TAX.MANF.WM.FN.ZS","","","","","","","","","","","","","","","","","","","","","","","","","","","","","","","","","","19.96","","","","11.86","","","","12.01","8.76","10.69","10.67","9.98","10.31","9.93","9.7","9.19","8.85","9.21","9.05","8.64","","8.17","19.87","","8.7","","9.3","9.29","8.31","","","",
"Zambia","ZMB","Bound rate, simple mean, manufactured products (%)","TM.TAX.MANF.BR.ZS","","","","","","","","","","","","","","","","","","","","","","","","","","","","","","","","","","","","","","69.08","","","","69.08","69.08","69.08","66.67","66.67","66.67","60.79","60.79","60.79","60.79","60.79","58.41","58.41","","58.41","58.41","","58.91","","58.91","58.91","","","","",
"Zambia","ZMB","International tourism, expenditures (% of total imports)","ST.INT.XPND.MP.ZS","","","","","","","","","","","","","","","","","","","","","","","","","","","","","","","","","","","","","","6.20467967406743","6.48518815052042","8.50484776322504","7.77251465080911","6.29802008772031","6.90402143413627","6.40336761455068","3.9554051070719","3.38127971755012","2.92077994403643","2.69933607593303","3.04324773101599","3.50046863475385","2.98320155782325","2.9547209855394","3.27232280691524","3.24203607747283","3.69170089231108","4.51028737809042","5.33295026017384","4.69665317967767","4.68948117013249","6.35911419936584","8.08019435306442","","","","","",
"Zambia","ZMB","International tourism, expenditures for passenger transport items (current US$)","ST.INT.TRNX.CD","","","","","","","","","","","","","","","","","","","","","","","","","","","","","","","","","","","","","","57000000","57000000","57000000","58000000","58000000","62000000","66000000","31000000","30000000","29000000","47000000","46000000","47000000","62000000","112000000","138000000","147000000","156000000","166000000","176000000","187000000","199000000","213000000","240000000","","","","","",
"Zambia","ZMB","International tourism, number of departures","ST.INT.DPRT","","","","","","","","","","","","","","","","","","","","","","","","","","","","","","","","","","","","","","","","","","","","","","","","","","","","","","","","","","","","","","","","","","",
"Zambia","ZMB","Urban population","SP.URB.TOTL","543186","590582","641293","695837","762098","844071","937458","1037521","1139079","1234803","1324621","1417671","1516422","1619792","1726351","1834668","1942548","2047255","2146098","2236037","2314502","2386461","2463244","2541975","2618661","2694884","2772259","2848514","2922118","2994015","3064947","3133089","3196857","3257401","3316098","3374007","3420124","3452434","3482258","3523159","3593679","3705156","3840779","3996475","4172864","4370766","4589728","4825431","5073494","5327467","5580077","5828314","6080265","6339494","6606645","6880322","7162285","7452606","7748670","8051629","8360299","8671729","8987979","9331708","9691992","10062227",
"Zambia","ZMB","Rural population","SP.RUR.TOTL","2610543","2663504","2716806","2770070","2814919","2848015","2874545","2898822","2926514","2962313","2997097","3024854","3052887","3082901","3116395","3155418","3201294","3255225","3319276","3395691","3488331","3596828","3715393","3839063","3961829","4086069","4214212","4342768","4469322","4595201","4721222","4848561","4979823","5116520","5260171","5411756","5583929","5784629","6000150","6216846","6423952","6620029","6807170","6987120","7165334","7348053","7539825","7739654","7947830","8162922","8385517","8609482","8833364","9059503","9288670","9518767","9752138","9988714","10224899","10462210","10699096","10931878","11164959","11392257","11622964","11851647",
"Zambia","ZMB","Completeness of birth registration, rural (%)","SP.REG.BRTH.RU.ZS","","","","","","","","","","","","","","","","","","","","","","","","","","","","","","","","","","","","","","","","","6","","","","","","","8.6","","","","","","","6.7","","","","8.2","","","","","","","",
"Zambia","ZMB","Population, male","SP.POP.TOTL.MA.IN","1562964","1612261","1663349","1716289","1770739","1827105","1885945","1946950","2010360","2074411","2133009","2188180","2246331","2307842","2372769","2441372","2513174","2587373","2663664","2741631","2822269","2908528","3003706","3102701","3199057","3295334","3394334","3492503","3587396","3680480","3772802","3864053","3954867","4046590","4140908","4239280","4342905","4455644","4575729","4703033","4842281","4999614","5165132","5336751","5518447","5714758","5927677","6153807","6390587","6632998","6876767","7115861","7355209","7599225","7848900","8101736","8360674","8625731","8892364","9162004","9433237","9702842","9973857","10256248","10550240","10848179",
"Zambia","ZMB","Technicians in R&D (per million people)","SP.POP.TECH.RD.P6","","","","","","","","","","","","","","","","","","","","","","","","","","","","","","","","","","","","","15.418","16.46243","15.81112","16.07406","","","","","","","","","64.521","","","","","","","","","","","","","","","","","",
"Zambia","ZMB","Age dependency ratio, old (% of working-age population)","SP.POP.DPND.OL","5.5774154919664","5.61053160845046","5.65829696562922","5.71941321565397","5.77906677794566","5.82569893766762","5.86607237254621","5.9040408681538","5.93929868048959","5.98051867020537","6.05215225954702","6.14526288937622","6.233982885544","6.3167973002776","6.39254065384688","6.46009305863962","6.51968337473421","6.5715317432727","6.61426442416611","6.64390851733479","6.65117856093039","6.62751606901218","6.56772346155403","6.49079486855555","6.41598016217221","6.33790190416133","6.25141445131169","6.16510852533025","6.08287891476446","5.99943178059791","5.91071671894392","5.81805115483872","5.72173948234819","5.62232459835495","5.52049652859825","5.41469665646397","5.30185142045268","5.1762052773502","5.0436679308762","4.90638079093136","4.76110765506535","4.60558560195984","4.45768121837755","4.32084811247161","4.18969425038756","4.06092069476082","3.93483259100555","3.81617247133275","3.70758783323552","3.61225923803497","3.53155600600381","3.46693496806454","3.41174731090065","3.35398938748538","3.30056420797328","3.27365198308328","3.26498838515643","3.26187411030728","3.26737845026701","3.28155129682891","3.29633070676662","3.30493021951048","3.33199005116052","3.38198453842374","3.43974563704802","3.50707611787811",
"Zambia","ZMB","Population ages 80 and above, female (% of female population)","SP.POP.80UP.FE.5Y","0.406691120310039","0.414325269547443","0.420976421013005","0.426092888249638","0.428865561594373","0.429682546448852","0.429322592913244","0.427995085935803","0.425815467151413","0.422668246412007","0.419630837258211","0.41695028557069","0.414145297176855","0.412134285626598","0.41241266367811","0.415287785273713","0.420406448018821","0.427718028740309","0.436501357474784","0.445555979608989","0.453504696845178","0.459840618506609","0.464340799847304","0.466593204634971","0.46641468276911","0.464852871182995","0.462718988724539","0.459908588740851","0.456829686621617","0.453842367455873","0.45088082536195","0.447906873839281","0.44498649691655","0.441889058392928","0.438239462158713","0.433895826730244","0.428832124618227","0.422834727514991","0.416299819837446","0.409601285216722","0.402620073751527","0.395178208087319","0.387647444735069","0.379796185285428","0.37111550209661","0.361538631935951","0.351240495617778","0.340524904666051","0.329782345461749","0.319501933096431","0.309945495919142","0.301225058843743","0.293328499871666","0.28609812479763","0.279335562524704","0.273044926077324","0.267344763097444","0.262336443127787","0.257955854977396","0.254008945409222","0.249777728052161","0.243299356837643","0.238931196244533","0.238514281576393","0.238664005503165","0.23957374570689",
"Zambia","ZMB","Population ages 70-74, female (% of female population)","SP.POP.7074.FE.5Y","0.856726166341351","0.848902380642041","0.840064658485128","0.833124478279122","0.832319738334707","0.838560596981793","0.850987055163202","0.868958958314902","0.889315226059527","0.907898177090081","0.924334636460435","0.939319194861657","0.951925051345751","0.961771935241887","0.968652548454389","0.972529484961929","0.973421774731404","0.971600929834612","0.968355213129698","0.96567693056669","0.963542308847871","0.961131613156274","0.958083813475001","0.954111649578483","0.948562340285909","0.941253189175294","0.932105317809427","0.921358226776759","0.91050483518393","0.900917841471002","0.892368040646176","0.884654326297595","0.877857347322424","0.870398043320241","0.859828643015601","0.845653662402345","0.828197259559233","0.807511326658467","0.785317159464241","0.763583832070521","0.743099428724682","0.723696909928173","0.706425182529346","0.690969974469812","0.675999653937114","0.660877695946127","0.646006143947412","0.631925442015972","0.61898096697245","0.607410222428585","0.597440168874202","0.589420773254717","0.583250203084771","0.579068245781303","0.577138975733977","0.577443226619575","0.579132027371858","0.580925515121623","0.580413061922949","0.582046135111865","0.592650744323398","0.607306545776357","0.624216469050595","0.646105545268371","0.668308450339837","0.686084335416799",
"Zambia","ZMB","Population ages 65 and above, male","SP.POP.65UP.MA.IN","41799","43140","44665","46319","47974","49634","51349","53075","54840","56710","58694","60782","62982","65288","67649","70035","72436","74832","77221","79564","81793","83905","85911","87791","89492","91013","92383","93598","94680","95650","96516","97260","97876","98364","98703","98886","98927","98858","98725","98569","98433","98404","98542","98805","99105","99446","99900","100535","101413","102585","104052","105789","107758","109618","111511","114297","117943","122033","126644","131869","137228","142485","149063","157387","166778","177167",
"Zambia","ZMB","Population ages 65-69, female (% of female population)","SP.POP.6569.FE.5Y","1.21488717692431","1.23246921415546","1.25841532426159","1.28828084522426","1.31496996307875","1.33625990391862","1.35380174267902","1.36757863709113","1.37702148612834","1.38271686362448","1.38691315590306","1.38831869382932","1.38477479544567","1.37826975003241","1.37217849150448","1.36759138773684","1.36491922110292","1.36486358822389","1.36613021442801","1.36619981959083","1.3638523843386","1.35826817108712","1.3483600116034","1.33672936358749","1.32730709140178","1.31959344954225","1.31256129707748","1.3072153414972","1.3017989936235","1.2923615204506","1.27795455510978","1.25926602336266","1.23628151740952","1.21080421289754","1.18537151602446","1.16062239757632","1.13626514326514","1.11273452504372","1.08970831601001","1.06566018886547","1.04062517118406","1.01542144205355","0.991670887428852","0.969851392224454","0.949404798469488","0.929870632560195","0.911312964012824","0.894439385217785","0.88035462724581","0.870002764899542","0.8633092611796","0.85970455346907","0.857202960407069","0.851659564642374","0.848893522836349","0.859497050414575","0.878053587964762","0.898368889290198","0.92369349662297","0.950075471811097","0.969233988823268","0.983742066017922","1.00199124066308","1.02468857344921","1.04943790894603","1.07628124577806",
"Zambia","ZMB","Population ages 55-59, female (% of female population)","SP.POP.5559.FE.5Y","2.38215575524983","2.37908889248922","2.3686967491675","2.35448470623739","2.34175046241523","2.3323287657277","2.32617665879653","2.32367477098531","2.32236442291458","2.31873953281309","2.31325810940191","2.30528106716561","2.29279067334717","2.27826329869025","2.26649837903382","2.25784410140877","2.25248829337486","2.25195586250484","2.25269607716289","2.24860964874189","2.23791499898761","2.22044900400389","2.19515006782825","2.165381081112","2.13677159949643","2.11012735471088","2.08472004269325","2.06192395678736","2.04032892894101","2.01632957559682","1.98869203697195","1.95877595597626","1.9273470985869","1.89462071362472","1.86063793461659","1.82598285311965","1.79097509883831","1.75650784840233","1.72418009733669","1.69546323619262","1.67105590239734","1.64978522494861","1.62937227341347","1.60323168098573","1.58091801686034","1.58049693365874","1.59319534927819","1.6087430923489","1.63314424927425","1.65858244650444","1.67116506017145","1.67892117028097","1.69149107882335","1.70824876087716","1.72917990625764","1.75448132401269","1.78328239465526","1.81433728527241","1.84772835763536","1.8832077465858","1.92005460953089","1.95726775079827","1.99883466886647","2.04724201084152","2.1005851060618","2.16027551816673",
"Zambia","ZMB","Population ages 45-49, female (% of female population)","SP.POP.4549.FE.5Y","3.55916807322263","3.54708720656147","3.52919205511372","3.50916499796956","3.49403773618332","3.48464582624546","3.48045164799078","3.48257155955186","3.48515229173529","3.47905149325978","3.46162887308709","3.43341337873897","3.39411453492652","3.34805867840185","3.30294506731337","3.26070260125251","3.22191868720821","3.18854895747183","3.15816111556177","3.12624455165346","3.09142781510013","3.05521307184526","3.01836480855804","2.98076387803269","2.94248030346897","2.90454866122775","2.8675409651692","2.83221879871963","2.80046744996476","2.77406813865147","2.75302542142613","2.73492039167505","2.71510098681526","2.68230032349043","2.65265923705638","2.65677887721124","2.68006937346765","2.70614225609594","2.74414675503599","2.77993433157206","2.79016851129213","2.78887413408362","2.79259730901104","2.80059066616763","2.81122828010784","2.8239636472714","2.8400358214192","2.85868099475011","2.88031330453915","2.90434760037052","2.93020975120425","2.95990103161269","2.99536146443304","3.0379543810995","3.08884123620014","3.15030005052816","3.22134773886865","3.29972317218091","3.3841929567717","3.47303994638058","3.56624088414917","3.65740388167946","3.74424763885856","3.8260587289473","3.89827784572095","3.95643021066458",
"Zambia","ZMB","Population ages 35-39, female (% of female population)","SP.POP.3539.FE.5Y","5.1809663903845","5.1486881070223","5.10204894466767","5.0473288891264","4.99569002982377","4.95026358170309","4.91026358247352","4.87714336842613","4.84696868919485","4.81079565931206","4.75919714333949","4.69601931026101","4.62944747192934","4.56043080768507","4.49066843726309","4.42148384999575","4.35472960580172","4.2927597867708","4.23866214537945","4.1962259398214","4.16707975955561","4.1491029709301","4.13646784764771","4.10848486466082","4.08486579506381","4.11162264148778","4.16917561885863","4.23084269577105","4.3096247453532","4.38495974146118","4.41970599993796","4.43220888299656","4.44781608661775","4.46533954362857","4.48360398213403","4.5029421643059","4.52302737437215","4.54394396307874","4.56383950043614","4.58101658903569","4.59796877525493","4.62109046690196","4.64958068087992","4.68447466545254","4.72511584042721","4.77511804093929","4.83789098653375","4.91082238901336","4.99236359397153","5.07897171402772","5.16951535141145","5.25772289124704","5.33899280537467","5.41102389986681","5.47153574159823","5.51453611257326","5.54707649242455","5.58235026410036","5.62235958774193","5.66749138885669","5.72030888541883","5.77508851335341","5.82054018432509","5.85484876979383","5.88275676597105","5.9042970188497",
"Zambia","ZMB","Population ages 25-29, female (% of female population)","SP.POP.2529.FE.5Y","7.10497779370303","7.04995535458691","6.99271072644617","6.93396874804422","6.87627091525829","6.82178348686033","6.77079993717737","6.72471790376155","6.68688173068455","6.65591780299194","6.6119555838726","6.55553906887831","6.49651287980897","6.41234181423851","6.33894438309661","6.33970576147309","6.38558221988061","6.44284119241731","6.53254736081667","6.62586757468694","6.67257829850688","6.70335027665565","6.75674526470024","6.81898980809633","6.8775575325609","6.93706053358098","7.00033155751019","7.05854649041568","7.10763428441342","7.14728495349903","7.17776460236064","7.20236827450574","7.22587579958233","7.25165318433616","7.28116688598368","7.32178037397258","7.37577952899157","7.44439046232928","7.52102236135228","7.60106544180367","7.69074481042395","7.78895675431672","7.87429162782562","7.93786689185438","7.97619967106843","7.98395452677779","7.97707822600774","7.9754997384687","7.98395412154033","7.99981975654885","8.02260373965961","8.04284769570444","8.05112708740715","8.0468895787524","8.03688300709801","8.02110673253908","8.00125769414089","7.98058507271438","7.96332094694481","7.9558281389879","7.95904721494042","7.97160037920298","7.9880737760118","8.01098749612738","8.04041723352639","8.06853523434362",
"Zambia","ZMB","Population ages 15-64, total","SP.POP.1564.TO","1612539","1658702","1705955","1753012","1800879","1853563","1910614","1969651","2030829","2091541","2142841","2187441","2234719","2285272","2339508","2397628","2459690","2525606","2595436","2669227","2748776","2837760","2939801","3047485","3151958","3257182","3367030","3476792","3583517","3688716","3794193","3898986","4002961","4106860","4210835","4316179","4425737","4546941","4677231","4815892","4970356","5149812","5339166","5533983","5737865","5955546","6190886","6440537","6703442","6974887","7250062","7521889","7798057","8087056","8391232","8705232","9031977","9372618","9721494","10081939","10455474","10836840","11226234","11635683","12063392","12497248",
"Zambia","ZMB","Population ages 15-64, female","SP.POP.1564.FE.IN","816467","839537","863117","886686","911135","938313","967587","997810","1029096","1060656","1089532","1116629","1145131","1175246","1207102","1240803","1276406","1313890","1353294","1394672","1438578","1486205","1538816","1593901","1648421","1703728","1761021","1818624","1875571","1932371","1989713","2047117","2104388","2161838","2219299","2277056","2336183","2399499","2466282","2536283","2612374","2697909","2787946","2881240","2978630","3081486","3191796","3308608","3431925","3560450","3692540","3826042","3963278","4107003","4257952","4414083","4576140","4744768","4918435","5098672","5286249","5478735","5676305","5882994","6097250","6314714",
"Zambia","ZMB","Population ages 10-14, female (% of female population)","SP.POP.1014.FE.5Y","11.7186070852703","11.8639551328825","12.011355063769","12.1945727025634","12.3631646751855","12.4253511361909","12.4263424118958","12.4297272734584","12.4348188258947","12.448526761844","12.4872898847472","12.5454372455331","12.6032457488817","12.658639860818","12.7083951169596","12.7481128231507","12.7839748717864","12.8231986480088","12.8703921659258","12.9285280044234","13.002922768489","13.0838949759022","13.1545220982755","13.2192307838958","13.2847227787746","13.348317759342","13.394561510321","13.4182541614752","13.4195100555501","13.3929229295609","13.3275518196507","13.2458081740394","13.1827353339981","13.1453675655234","13.1342649599734","13.1529360166969","13.1903985885022","13.2167668217322","13.223320045326","13.2171484392953","13.1947005328431","13.148728437058","13.0921659431639","13.0385120397773","12.9960961391565","12.9589539480029","12.9195665956559","12.8810423693184","12.8462416772072","12.8115907622023","12.7766695392623","12.7437300035756","12.7160702898225","12.6951347228569","12.6903401893676","12.7164779367877","12.7733289812455","12.8436469580929","12.9077033279174","12.9478478878372","12.9520150743414","12.9204497914606","12.8534737074987","12.7497762883731","12.6132136336169","12.4554264327726",
"Zambia","ZMB","Population ages 0-14, total","SP.POP.0014.TO","1451253","1502322","1555617","1612633","1672064","1730540","1789312","1850403","1914147","1980490","2049188","2120660","2195278","2273065","2353684","2437569","2523788","2610903","2698270","2785161","2871231","2957457","3045758","3135747","3226302","3317334","3408954","3500143","3589942","3679199","3767711","3855819","3944680","4036160","4132974","4235876","4343670","4454763","4569273","4687827","4810630","4938193","5070780","5210497","5359933","5521423","5695067","5878766","6069346","6263551","6459492","6655129","6849522","7040702","7227125","7408879","7587552","7762979","7934437","8101056","8259275","8408617","8552648","8694765","8836615","8978338",
"Zambia","ZMB","Population ages 0-14, female","SP.POP.0014.FE.IN","726160","752366","779769","808989","839043","868319","897743","928370","960359","993673","1028183","1064074","1101518","1140537","1180970","1223057","1266333","1310078","1353969","1397648","1440953","1484388","1528947","1574422","1620275","1666468","1713012","1759406","1805172","1850713","1895906","1940895","1986261","2032957","2082305","2134605","2189245","2245419","2303218","2362972","2424765","2488887","2555410","2625293","2699827","2780171","2866380","2957422","3051689","3147574","3244300","3340903","3436850","3531148","3623015","3712588","3800659","3887132","3971777","4054188","4132491","4206364","4277782","4348592","4419294","4489859",
"Zambia","ZMB","Women who were first married by age 18 (% of women ages 20-24)","SP.M18.2024.FE.ZS","","","","","","","","","","","","","","","","","","","","","","","","","","","","","","","","","43.3","","","","44.2","","","","","","42.1","","","","","41.6","","","","","","","31.4","","","","29","","","","","","23.9","",
"Zambia","ZMB","Survival to age 65, male (% of cohort)","SP.DYN.TO65.MA.ZS","44.882478","45.509028","45.871555","46.315724","44.693957","46.825692","47.119579","47.37616","47.605471","48.009929","48.534297","49.150649","49.759739","50.617122","51.187577","51.630827","52.019049","52.098035","52.123921","51.089622","49.802994","48.634076","47.232432","46.011378","44.401873","42.646615","41.125166","39.972903","38.811897","37.332929","36.199033","34.633663","33.495994","32.527074","31.683418","30.70109","29.858854","29.426907","29.086492","29.229311","29.944011","30.918543","32.267674","33.501297","35.165085","36.74434","37.995448","39.475634","40.790992","42.839273","44.199701","45.651583","47.29862","48.734584","49.62447","50.639025","51.376355","51.945361","53.095176","54.750153","55.296103","52.361307","60.587552","63.553384","63.827744","",
"Zambia","ZMB","Life expectancy at birth, total (years)","SP.DYN.LE00.IN","50.648","51.041","51.331","51.605","51.17","52.079","52.29","52.512","52.719","53.044","53.404","53.887","54.375","54.913","55.377","55.742","56.102","56.281","56.335","56.05","55.496","54.986","54.361","53.674","52.877","52.001","51.149","50.421","49.674","48.882","48.204","47.443","46.968","46.678","46.344","46.051","45.757","45.743","45.709","45.924","46.577","47.408","48.461","49.616","50.54","51.615","52.693","53.73","54.835","55.886","56.896","57.843","58.704","59.445","60.109","60.728","61.129","61.564","62.138","62.914","63.361","62.363","65.279","66.349","66.528","",
"Zambia","ZMB","Mortality rate, infant, female (per 1,000 live births)","SP.DYN.IMRT.FE.IN","93.3","92","90.8","89.9","89.3","88.8","88.7","88.7","88.5","87.8","86.5","84.5","82.3","79.9","77.8","76.2","75.3","75.2","75.6","76.2","76.9","77.7","78.7","80.4","82.6","85.3","88","90.5","92.7","94.4","95.4","95.9","95.7","95.1","93.8","92.1","90.5","89.3","88.2","86","82.8","78.2","72.4","66.3","60.1","54.8","51.1","49.2","47.1","45.3","43.8","42.6","41.5","40","38.6","38","36.4","34.8","33.8","32.3","32","32","31.7","31.4","31","",
"Zambia","ZMB","Birth rate, crude (per 1,000 people)","SP.DYN.CBRT.IN","48.947","48.922","48.87","48.943","48.851","48.837","48.789","48.799","48.914","48.93","49.324","49.435","49.588","49.681","49.657","49.954","49.531","49.225","48.696","48.175","47.521","47.33","47.287","47.324","47.308","47.445","47.396","47.273","47.096","47.114","46.969","46.858","46.551","46.632","46.73","46.755","46.578","46.308","46.184","45.901","45.465","44.774","44.332","43.945","43.921","43.838","43.681","43.178","42.632","42.034","41.393","40.661","39.864","38.983","38.114","37.344","36.617","35.938","35.464","35.006","34.408","33.93","33.542","33.081","32.724","",
"Zambia","ZMB","Vitamin A supplementation coverage rate (% of children ages 6-59 months)","SN.ITK.VITA.ZS","","","","","","","","","","","","","","","","","","","","","","","","","","","","","","","","","","","","","","","","","54","75","63","55","","66","71","95","96","91","92","72","","93","","","98","99","99","99","98","95","97","99","","",
"Zambia","ZMB","Prevalence of undernourishment (% of population)","SN.ITK.DEFC.ZS","","","","","","","","","","","","","","","","","","","","","","","","","","","","","","","","","","","","","","","","","","50.3","50.1","50.1","49.5","49.4","48.1","46.8","45.6","44.9","43.9","42.8","41.1","39.1","37.3","35.1","33.4","31.8","31.5","32.1","33.9","35.7","36.2","37.2","","",
"Zambia","ZMB","Refugees under the mandate of the UNRWA by country or territory of asylum","SM.POP.RRWA.EA","","","","","","","","","","","","","","","","","","","","","","","","","","","","","","","","","","","","","","","","","","","","","","","","","","","","","","","","","","","","","","","","","","",
"Zambia","ZMB","Educational attainment, at least Master's or equivalent, population 25+, male (%) (cumulative)","SE.TER.CUAT.MS.MA.ZS","","","","","","","","","","","","","","","","","","","","","","","","","","","","","","","","","","","","","","","","","","","","","","","","","","","","","","","","0.520626371573831","","0.465985548540208","","","","","","0.630740653744964","","",
"Zambia","ZMB","Educational attainment, Doctoral or equivalent, population 25+, female (%) (cumulative)","SE.TER.CUAT.DO.FE.ZS","","","","","","","","","","","","","","","","","","","","","","","","","","","","","","","","","","","","","","","","","","","","","","","","","","","","","","","","","","","","","","","","","","",
"Zambia","ZMB","Adolescents out of school (% of lower secondary school age)","SE.SEC.UNER.LO.ZS","","","","","","","","","","","","","","","","","","","","","","","","","","","","","","","","","","","","","","","","","","","","","","","","","","","","12.3041445914804","","18.69345327616","","","","20.2959809889516","","","","","","","12.3520498275757","",
"Zambia","ZMB","Secondary education, teachers, female","SE.SEC.TCHR.FE","","","","","","","","","","","","","","","","","","1242","1250","1271","","","","","","","","","1417","","","","","","","","","","","","","","","","","","","","","","","","","","","","","","","","","","","","21175","",
"Zambia","ZMB","Trained teachers in upper secondary education, male (% of male teachers)","SE.SEC.TCAQ.UP.MA.ZS","","","","","","","","","","","","","","","","","","","","","","","","","","","","","","","","","","","","","","","","","","","","","","","","","","","","","","","","","","","","","","","","","","",
"Zambia","ZMB","Trained teachers in lower secondary education, male (% of male teachers)","SE.SEC.TCAQ.LO.MA.ZS","","","","","","","","","","","","","","","","","","","","","","","","","","","","","","","","","","","","","","","82.9046401977539","93.1818237304688","","","","","","","","","","","","","89.7196261682243","","","","","","","","","","","","","",
"Zambia","ZMB","Progression to secondary school, male (%)","SE.SEC.PROG.MA.ZS","","","","","","","","","","","","","","","","25.00931","23.86078","","","","","","","","","","","","","","","","","","","","","","","49.91141","","62.33346","","","64.38825","56.81195","62.46381","78.02996","74.40751","72.78129","67.48437","","65.59959","","","","","","","","","","","","","",
"Zambia","ZMB","School enrollment, secondary, female (% net)","SE.SEC.NENR.FE","","","","","","","","","","","","","","","","","","","","","","","","","","","","","","","","","","","","","","","","","","","","","","","","","","","","","","","","","","","","","","","","","","",
"Zambia","ZMB","School enrollment, secondary (% gross)","SE.SEC.ENRR","","","","","","","","","","","12.1826801300049","12.6963396072388","13.2329301834106","12.9788198471069","13.5731601715088","14.3802700042725","14.9440603256226","15.3927297592163","15.741530418396","15.6392297744751","15.8236703872681","15.6692600250244","15.9409103393555","","","18.1847400665283","19.4413604736328","18.9867706298828","19.7370300292969","","20.5650405883789","","","","20.3026103973389","","","","","","","","","","","","","","","","","","","","","","","","","","","","","","56.7889289855957","",
"Zambia","ZMB","Pupil-teacher ratio, secondary","SE.SEC.ENRL.TC.ZS","","","","","","","","","","","","","","","","","","21.14401","22.68169","22.13023","20.89697","20.27747","","","","","22.71736","","25.40639","","","","","","","","","","","","","","","","","","","","","","","","","","","","","","","","","","","","","",
"Zambia","ZMB","Secondary education, pupils (% female)","SE.SEC.ENRL.FE.ZS","","","","","","","","","","","32.56203","","33.13857","","33.31215","","","","","34.7088","35.01113","35.57505","35.39795","","","","37.23789","","37.12236","","","","","","","","","","","","","","","","","","","","","","","","","","","","","","","","","","","","","",
"Zambia","ZMB","Educational attainment, at least completed upper secondary, population 25+, male (%) (cumulative)","SE.SEC.CUAT.UP.MA.ZS","","","","","","","","","","","","","","","","","","","","","","","","","","","","","","","23.226619720459","","","","","","","","","","","","","","","","","","","","","","","","","31.3892835799396","","","26.8122997283936","","","","","","29.9982299804688","",
"Zambia","ZMB","Educational attainment, at least completed post-secondary, population 25+, female (%) (cumulative)","SE.SEC.CUAT.PO.FE.ZS","","","","","","","","","","","","","","","","","","","","","","","","","","","","","","","","","","","","","","","","","","","","","","","","","","","","","","","","5.96086041068141","","7.41192888993925","","","","","","8.52130699254635","","",
"Zambia","ZMB","Lower secondary completion rate, total (% of relevant age group)","SE.SEC.CMPT.LO.ZS","","","","","","","","","","","","","","","","","16.3416595458984","17.8875598907471","17.912109375","17.9418601989746","17.6413593292236","17.573429107666","","18.9851207733154","19.9226398468018","","","","","","","","","","","","","","","","24.8307704925537","27.0966796875","37.7909889221191","","37.2121505737305","41.4483489990234","","50.1676597595215","65.4165573120117","63.6677093505859","59.6934963702698","57.3438338569525","55.4703704137713","55.2962446260285","","","","","","","","","","","","",
"Zambia","ZMB","Children out of school (% of primary school age)","SE.PRM.UNER.ZS","","","","","","","","","","","","","22.94700050354","","","","20.7763595581055","20.9725399017334","22.1509895324707","22.6242008209229","22.6073093414307","22.4119701385498","22.3018894195557","20.6181297302246","19.443229675293","","17.7678108215332","","18.8945198059082","","","","","","24.9461307525635","27.0828609466553","","","30.2277507781982","31.7108306884766","31.9291191101074","32.2070999145508","29.2294101715088","","16.3155193328857","7.84688997268677","9.70995998382568","7.11242008209229","6.39517021179199","9.17751979827881","11.682238031929","7.67855212722857","6.18503999710083","9.34519808716827","","","","14.8279379928335","","","","","","","3.51462006568909","",
"Zambia","ZMB","Children out of school, primary, female","SE.PRM.UNER.FE","","","","","","","","","","","","","126073","","","","127804","131169","139480","144478","148412","151767","156505","152134","150637","","144753","","156767","","","","","","233770","257837","","","306733","330000","335081","342409","322709","","191539","92835","110828","95749","","116739","153718","104536","81634","137596","","","","229960","","","","","","","","",
"Zambia","ZMB","Adjusted net enrollment rate, primary (% of primary school age children)","SE.PRM.TENR","","","","","","","","","","","","","76.32854","","","","79.03076","79.06834","78.00978","77.52895","77.49769","77.54903","77.42984","78.98378","80.04986","","81.30017","","79.22874","","","","","","72.80447","71.00091","","","68.28556","66.95896","66.94255","66.77464","69.81638","","82.63401","90.96693","89.24665","91.74412","92.16696","88.9414","86.01501","89.55993","90.88259","88.23347","","","","85.10354","","","","","","","","",
"Zambia","ZMB","Trained teachers in primary education, male (% of male teachers)","SE.PRM.TCAQ.MA.ZS","","","","","","","","","","","","","","","","","","","","","","","","","","","","","","","","","","","","","","","87.4725570678711","93.2478637695312","","","","","","","","","","","","","89.3716734174673","","","","","100","","","","","","","","",
"Zambia","ZMB","Repeaters, primary, female (% of female enrollment)","SE.PRM.REPT.FE.ZS","","","","","","","","","","","","","1.69826","1.62311","1.73247","1.75461","1.46349","1.11744","1.00175","1.39046","1.5998","1.27388","1.09952","1.30298","1.55881","","1.88724","","","","","","","","2.23698","2.56313","","","6.17028","5.79223","5.8604","","7.06869","","6.81033","6.01386","6.47731","6.15534","5.65548","5.89227","5.66962","5.65246","5.13346","5.3505","","","","","","","","","","","","",
"Zambia","ZMB","Persistence to grade 5, total (% of cohort)","SE.PRM.PRS5.ZS","","","","","","","","","","","","73.3496780395508","73.4893798828125","77.8893890380859","72.1358032226562","79.1108779907227","80.2380599975586","80.1066513061523","81.8891067504883","84.5598373413086","84.3227233886719","","","","","86.0243988037109","","","","","","","","","","","","","78.2000732421875","80.5950393676758","","92.9312515258789","","","","87.6465225219727","88.4860000610352","89.0728302001953","70.9723205566406","79.6797409057617","","","74.4586029052734","","","","","","","","","","","","","",
"Zambia","ZMB","Over-age students, primary (% of enrollment)","SE.PRM.OENR.ZS","","","","","","","","","","","0","0","10.8573","0","0","0","11.96001","12.03127","12.75347","13.03275","13.73373","12.89998","13.58869","14.06302","14.87939","0","15.16607","0","15.09997","0","0","0","0","0","14.46951","14.52625","0","0","14.17958","14.20203","14.41967","14.5002","15.02611","","17.51601","18.21143","18.74233","18.61799","18.16802","17.85558","18.93905","16.57109","15.31114","13.5749","","","","13.95118","","","","","","","","",
"Zambia","ZMB","Net intake rate in grade 1, male (% of official school-age population)","SE.PRM.NINT.MA.ZS","","","","","","","","","","","","","","","","","","","","","","","","","","","","","","","","","","","","","","","36.83837","35.61001","37.39359","","34.17917","","37.5771","46.63033","41.60957","43.20644","47.50422","","44.49844","47.02053","50.19918","48.76016","","","","","","","","","","","","",
"Zambia","ZMB","School enrollment, primary (% net)","SE.PRM.NENR","","","","","","","","","","","","","76.32854","","","","79.03076","79.06834","78.00978","77.52895","77.49769","77.54903","77.42984","78.98378","80.04986","","81.30017","","79.22874","","","","","","72.80447","71.00091","","","68.28556","66.61659","66.27138","66.15033","68.27762","","81.56315","89.74576","89.24665","90.45893","92.16696","87.28261","84.80889","87.93907","89.20566","86.61205","","","","83.16745","","","","","","","","",
"Zambia","ZMB","School enrollment, primary, male (% gross)","SE.PRM.ENRR.MA","","","","","","","","","","","95.5092697143555","96.2514419555664","99.0918197631836","99.3858337402344","101.482116699219","99.2831268310547","99.2845230102539","98.1344223022461","96.8395233154297","96.0791091918945","96.6553421020508","95.4331283569336","96.188591003418","98.8505401611328","101.506927490234","104.339202880859","103.109596252441","","101.259651184082","","","","","","93.3745803833008","90.8196182250977","89.3962326049805","","86.9338073730469","84.9527206420898","84.3000030517578","83.9388580322266","87.2425384521484","","106.02294921875","117.710830688477","117.343620300293","119.12281036377","119.873588562012","112.907829284668","110.502319384431","113.038499117394","112.440556322571","106.762542570772","107.981074264975","104.325493201873","99.6113680767526","98.624987401954","","","","","","","112.796477641318","",
"Zambia","ZMB","Primary education, pupils (% female)","SE.PRM.ENRL.FE.ZS","","","","","","","","","","","44.48069","44.87114","44.88908","45.07648","45.21138","45.43646","45.70802","46.12939","46.46227","46.68316","46.78157","47.07655","47.07906","47.06986","46.94621","47.13502","47.3707","","47.56163","","","","","","47.76422","47.83779","47.71296","","47.92931","47.79377","48.07863","48.17922","48.076","","48.66727","48.67011","49.33719","49.05","49.25295","49.52974","50.10781","49.63909","49.97305","49.89592","49.85046","49.80078","50.18126","50.24968","","","","","","","","",
"Zambia","ZMB","Educational attainment, at least completed primary, population 25+ years, male (%) (cumulative)","SE.PRM.CUAT.MA.ZS","","","","","","","","","","","","","","","","","","","","","","","","","","","","","","","","","","","","","","","","","","","","","","","","","","","","","","","","81.1751049371718","","","71.4667816162109","","","","","","74.7327728271484","",
"Zambia","ZMB","Primary completion rate, female (% of relevant age group)","SE.PRM.CMPT.FE.ZS","","","","","","","","","","","","","48.5210494995117","51.1539688110352","54.8408813476562","57.1333198547363","57.9528312683105","60.7626991271973","65.9551315307617","65.5277633666992","65.8251419067383","67.7374114990234","69.6231994628906","71.6010971069336","74.0588989257812","","76.5712738037109","","","","","","","","","","","","58.4283790588379","55.7847099304199","54.4142799377441","","53.5200996398926","","64.5144195556641","68.3558883666992","77.2517395019531","80.5655288696289","84.5510711669922","79.6254730224609","102.140846375737","84.0099308108473","88.6643932625891","79.768996767856","","","","","","","","","","","","",
"Zambia","ZMB","Trained teachers in preprimary education, female (% of female teachers)","SE.PRE.TCAQ.FE.ZS","","","","","","","","","","","","","","","","","","","","","","","","","","","","","","","","","","","","","","","","","","","","","","","","","","","","","","","","","","","","","","","","","","",
"Zambia","ZMB","Pupil-teacher ratio, preprimary","SE.PRE.ENRL.TC.ZS","","","","","","","","","","","","","","","","","","","","","","","","","","","","","","","","","","","","","","","","","","","","","","","","","","","","","","","","","","","","","","","","","","",
"Zambia","ZMB","Primary school age children out-of-school (%)","SE.LPV.PRIM.SD","","","","","","","","","","","","","","","","","","","","","","","","","","","","","","","","","","","","","","","","","","","","","","","","","","","","","","","","","","","","14.8964614868164","","","","","","",
"Zambia","ZMB","Pupils below minimum reading proficiency at end of primary (%). Low GAML threshold","SE.LPV.PRIM.LD","","","","","","","","","","","","","","","","","","","","","","","","","","","","","","","","","","","","","","","","","","","","","","","","","","","","","","","","","","","","98.2423858642578","","","","","","",
"Zambia","ZMB","School enrollment, secondary (gross), gender parity index (GPI)","SE.ENR.SECO.FM.ZS","","","","","","","","","","","0.483960002660751","","0.497240006923676","","0.502680003643036","","","","","0.53575998544693","0.543489992618561","0.557240009307861","0.553279995918274","","","","0.600319981575012","","0.597769975662231","","","","","","","","","","","","","","","","","","","","","","","","","","","","","","","","","","","","","",
"Zambia","ZMB","Literacy rate, adult total (% of people ages 15 and above)","SE.ADT.LITR.ZS","","","","","","","","","","","","","","","","","","","","","","","","","","","","","","","65","","","","","","","","","68","","","69.1500015258789","","","","","","","","83.1399993896484","","","","","","","","71.129997253418","","81.7530087399265","79.9494621864846","79.9841479741156","","71.7699966430664","",
"Zambia","ZMB","Literacy rate, youth male (% of males ages 15-24)","SE.ADT.1524.LT.MA.ZS","","","","","","","","","","","","","","","","","","","","","","","","","","","","","","","67.2699966430664","","","","","","","","","72.620002746582","","","77.7300033569336","","","","","","","","91.1999969482422","","","","","","","","82.4499969482422","86.2644660745237","88.2581496639392","85.3449819612381","86.7997821894541","86.2909758681407","79.3099975585938","",
"Zambia","ZMB","Coverage of social insurance programs in richest quintile (% of population)","per_si_allsi.cov_q5_tot","","","","","","","","","","","","","","","","","","","","","","","","","","","","","","","","","","","","","","","","","","","","","","","","","","","2.3316674780709","","","","","1.86582578021125","","","","","","","","","","",
"Zambia","ZMB","Coverage of social insurance programs in poorest quintile (% of population)","per_si_allsi.cov_q1_tot","","","","","","","","","","","","","","","","","","","","","","","","","","","","","","","","","","","","","","","","","","","","","","","","","","","0.172613592639883","","","","","0.198393176743038","","","","","","","","","","",
"Zambia","ZMB","Coverage of social safety net programs in richest quintile (% of population)","per_sa_allsa.cov_q5_tot","","","","","","","","","","","","","","","","","","","","","","","","","","","","","","","","","","","","","","","","","","","","","","","","","","","1.38535314930076","","","","","2.40369015252411","","","","","","","","","","",
"Zambia","ZMB","Coverage of social safety net programs in poorest quintile (% of population)","per_sa_allsa.cov_q1_tot","","","","","","","","","","","","","","","","","","","","","","","","","","","","","","","","","","","","","","","","","","","","","","","","","","","0.357073217843041","","","","","0.619804191627166","","","","","","","","","","",
"Zambia","ZMB","Coverage of unemployment benefits and ALMP in richest quintile (% of population)","per_lm_alllm.cov_q5_tot","","","","","","","","","","","","","","","","","","","","","","","","","","","","","","","","","","","","","","","","","","","","","","","","","","","","","","","","","","","","","","","","","","",
"Zambia","ZMB","Coverage of unemployment benefits and ALMP in poorest quintile (% of population)","per_lm_alllm.cov_q1_tot","","","","","","","","","","","","","","","","","","","","","","","","","","","","","","","","","","","","","","","","","","","","","","","","","","","","","","","","","","","","","","","","","","",
"Zambia","ZMB","Coverage of social protection and labor programs (% of population)","per_allsp.cov_pop_tot","","","","","","","","","","","","","","","","","","","","","","","","","","","","","","","","","","","","","","","","","","","","","","","","","","","1.77149449789852","","","","","2.31449956142603","","","","","","","","","","",
"Zambia","ZMB","Price level index (Households and NPISHs Final consumption expenditure)","PA.NUS.PRVT.PLI","","","","","","","","","","","","","","","","","","","","","","","","","","","","","","","26.5798726034682","26.8733005456591","25.0341121240587","27.2285590955292","27.7500033100632","28.2128889777894","28.0544048825651","31.341677476892","27.1157194874646","26.2334990959416","24.5509214501909","24.9700341959198","24.6649666072832","27.2087638665542","30.9623402645346","37.9374638068007","49.6344402524482","48.0720659610921","55.6253307494663","46.9884905927259","52.7643413966726","53.7259421694964","52.3813306407518","53.9930334738203","50.9881104175708","40.1826018624701","38.6171860152183","44.4248250566006","42.483534020267","36.8425918235808","29.2001908317491","30.9193433652386","37.5552941468869","33.5170116567629","28.9167767637745","33.4014442901035",
"Zambia","ZMB","DEC alternative conversion factor (LCU per US$)","PA.NUS.ATLS","0.000714285999714286","0.000714285999714286","0.000714285999714286","0.000714285999714286","0.000714285999714286","0.000714285999714286","0.000714285999714286","0.000714285999714286","0.000714285999714286","0.000714285999714286","0.000714285999714286","0.000714285998878894","0.000714317499","0.000652396665666667","0.000643459999","0.0006432299995","0.000700983833166667","0.000789727832416667","0.000800666666666667","0.000793333333333333","0.000788666666666667","0.000869583333333333","0.00092875","0.001259","0.00181318833275","0.00313964166625","0.00778844916658333","0.009519475","0.008266025","0.0138136958333333","0.0344668006896973","0.0646397083333333","0.17895","0.452763","0.669371","0.864119","1.2079","1.314498","1.862069","2.388019","3.110844","3.610935","4.398595","4.733271","4.778875","4.4635","3.6031","4.0025","3.7457","5.0461","4.7971","4.8607","5.1473","5.3975","6.155","8.6292","10.3108","9.5175","10.458333","12.89","18.344093","20.018487","16.937594","20.212018","26.166419","25.126242",
"Zambia","ZMB","Net secondary income (Net current transfers from abroad) (current US$)","NY.TRF.NCTR.CD","","","","","","","","","","","","","","","","","","","","","-175866441.251057","-123392429.324389","-28209959.6231494","-9769658.45909452","-35296940.1159412","-37997966.8643181","-45002540.6218012","-30001654.5030057","-34998684.3736863","-28001195.6732555","-43000799.9101299","-40000180.4876131","-32900251.4668902","-19000006.6259831","-18999926.7969482","-20000023.1449604","-17000000","-16000024.343894","-27000019.87037","-15513821.2886916","13600006.9434533","11000004.1540487","76264989.1613117","42282599.0736639","19272987.8894091","106814069.676263","361833199.189587","530490993.129294","560094107.910404","515977943.3622","300510183.235705","240811179.459749","319104248.829483","327052709.587772","301352233.956133","226566935.08836","211891059.396553","358835923.12822","275924567.467221","322450601.862243","221217695.922483","301462041.248826","284868849.383128","256964047.820375","945242762.601451","673133954.306478",
"Zambia","ZMB","Adolescents out of school, male (% of male lower secondary school age)","SE.SEC.UNER.LO.MA.ZS","","","","","","","","","","","","","","","","","","","","","","","","","","","","","","","","","","","","","","","","","","","","","","","","","","","","8.44586697354935","","16.9993451803012","","","","19.8357575787859","","","","","","","13.6105499267578","",
"Zambia","ZMB","Secondary education, teachers","SE.SEC.TCHR","","","","","","","","","","","","","","","","","","4222","4172","4400","4882","5161","","","","","6871","","6703","","","","","","","","","","","","","","","","","","","","","","","","","","","","","","","","","","","","42585","",
"Zambia","ZMB","Trained teachers in upper secondary education, female (% of female teachers)","SE.SEC.TCAQ.UP.FE.ZS","","","","","","","","","","","","","","","","","","","","","","","","","","","","","","","","","","","","","","","","","","","","","","","","","","","","","","","","","","","","","","","","","","",
"Zambia","ZMB","Trained teachers in lower secondary education, female (% of female teachers)","SE.SEC.TCAQ.LO.FE.ZS","","","","","","","","","","","","","","","","","","","","","","","","","","","","","","","","","","","","","","","79.4314422607422","95.1679000854492","","","","","","","","","","","","","95.5450846005569","","","","","","","","","","","","","",
"Zambia","ZMB","Progression to secondary school, female (%)","SE.SEC.PROG.FE.ZS","","","","","","","","","","","","","","","","22.81682","22.21331","","","","","","","","","","","","","","","","","","","","","","","49.94935","","68.59554","","","64.79817","68.24834","71.24798","80.09695","74.65693","74.32213","54.2194","","62.22095","","","","","","","","","","","","","",
"Zambia","ZMB","School enrollment, secondary (% net)","SE.SEC.NENR","","","","","","","","","","","","","","","","","","","","","","","","","","","","","","","","","","","","","","","","","","","","","","","","","","","","","","","","","","","","","","","","","","",
"Zambia","ZMB","Secondary education, vocational pupils (% female)","SE.SEC.ENRL.VO.FE.ZS","","","","","","","","","","","27.68194","","28.66064","","27.51585","","","","","39.47651","38.55634","40.82902","33.25535","","","","35.06365","","34.34637","","","","","","","","","","","","","","","","","","","","","","","","","","","","","","","","","","","","","",
"Zambia","ZMB","Pupil-teacher ratio, lower secondary","SE.SEC.ENRL.LO.TC.ZS","","","","","","","","","","","","","","","","","","","","","","","","","","","","","","","","","","","","","","","27.56296","51.22026","49.87407","48.02181","48.09464","","53.54816","56.48266","57.00244","55.35768","54.17773","","52.98369","55.86353","49.22157","47.94506","21.12651","","","","","","","","","","","",
"Zambia","ZMB","Secondary education, pupils","SE.SEC.ENRL","","","","","","","","","","","56182","60235","64695","65494","70812","77672","83637","89270","94628","97373","102019","104652","110416","","","140743","156091","158171","170299","","189796","","","","208640","","","","","","","","","","","","","","","","","","","","","","","","","","","","","","1387186","",
"Zambia","ZMB","Educational attainment, at least completed upper secondary, population 25+, female (%) (cumulative)","SE.SEC.CUAT.UP.FE.ZS","","","","","","","","","","","","","","","","","","","","","","","","","","","","","","","8.87448024749756","","","","","","","","","","","","","","","","","","","","","","","","","17.0886128645535","","21.3370128148029","14.295599937439","","","","","26.4351916002237","19.8756694793701","",
"Zambia","ZMB","Educational attainment, at least completed lower secondary, population 25+, total (%) (cumulative)","SE.SEC.CUAT.LO.ZS","","","","","","","","","","","","","","","","","","","","","13.2283201217651","","","","","","","","","","21.7363204956055","","","","","","","","","","","","","","","","","","","","","","","","","40.3359196150274","","","37.650218963623","","","","","","44.0800514221191","",
"Zambia","ZMB","Lower secondary completion rate, male (% of relevant age group)","SE.SEC.CMPT.LO.MA.ZS","","","","","","","","","","","","","","","","","21.5310497283936","23.5719108581543","","","","","","","","","","","","","","","","","","","","","","","28.01589012146","30.6722793579102","40.6818008422852","","41.4366683959961","45.370418548584","","53.8914413452148","72.2633209228516","69.4149932861328","64.0560179015915","63.2945901539585","57.5895707697765","59.6210850433144","","","","","","","","","","","","",
"Zambia","ZMB","Children out of school, male (% of male primary school age)","SE.PRM.UNER.MA.ZS","","","","","","","","","","","","","16.9184608459473","","","","15.9757995605469","16.6105709075928","18.3276805877686","19.3118705749512","19.5301990509033","19.5037899017334","19.4186000823975","17.6246604919434","16.2870998382568","","15.0960102081299","","16.7411594390869","","","","","","22.5792007446289","24.8315105438232","","","28.161750793457","29.5365295410156","30.2759208679199","30.9535007476807","27.743860244751","","15.3832302093506","7.5719199180603","10.0205497741699","6.33184003829956","","9.3136100769043","11.8054834037196","7.72767576384522","6.60264015197754","9.27150711793706","","","","15.8753484453559","","","","","","","","",
"Zambia","ZMB","Children out of school, primary","SE.PRM.UNER","","","","","","","","","","","","","199266","","","","207116","216591","237205","251280","260455","267845","276336","264923","258470","","250895","","280407","","","","","","424207","472672","","","569412","612379","631488","653063","608632","","359221","177787","226714","171316","158908","234997","308248","208858","173742","271401","","","","493015","","","","","","","136539","",
"Zambia","ZMB","Primary education, teachers (% female)","SE.PRM.TCHR.FE.ZS","","","","","","","","","","","33.5981712341309","34.3146591186523","34.7341003417969","36.0165481567383","36.2843208312988","37.2181701660156","37.948558807373","37.4723510742188","37.5981483459473","38.1753387451172","40.0093193054199","39.8104095458984","41.1847610473633","","41.6285095214844","43.2862091064453","44.1518402099609","","44.7539291381836","","","","","","44.2379493713379","43.3321189880371","43.277271270752","","48.4994087219238","48.891960144043","50.4298706054688","48.310188293457","48.9418983459473","","47.6868896484375","47.982608795166","47.5802307128906","48.0370597839355","50.1349983215332","","50.9905694860735","51.1715797430083","53.1014019498564","","53.9447668856432","54.4539847945133","54.3415056322601","50.4577523399787","","","","","","","59.1507714425076","",
"Zambia","ZMB","Trained teachers in primary education, female (% of female teachers)","SE.PRM.TCAQ.FE.ZS","","","","","","","","","","","","","","","","","","","","","","","","","","","","","","","","","","","","","","","92.5300064086914","95.157600402832","","","","","","","","","","","","","95.5564096499527","","","","","97.5232826655163","","","","","","","","",
"Zambia","ZMB","Persistence to last grade of primary, total (% of cohort)","SE.PRM.PRSL.ZS","","","","","","","","","","","","","67.0502090454102","","66.6728515625","","74.7285079956055","74.2425918579102","","","78.6620101928711","","","","","80.0388107299805","","","","","","","","","","","","","63.6441116333008","66.327262878418","","82.5716400146484","","","","75.0060501098633","74.1932220458984","77.6649627685547","53.1221389770508","69.89794921875","","","55.4890098571777","","","","","","","","","","","","","",
"Zambia","ZMB","Persistence to grade 5, male (% of cohort)","SE.PRM.PRS5.MA.ZS","","","","","","","","","","","","80.4312286376953","80.0924606323242","","77.4226303100586","","84.5857391357422","84.3573532104492","85.6536026000977","","88.386100769043","","","","","88.4587326049805","","","","","","","","","","","","","83.4603576660156","83.0590286254883","","","","","","89.9603805541992","93.7923965454102","90.9720916748047","71.4955368041992","81.2136306762695","","","75.6502380371094","","","","","","","","","","","","","",
"Zambia","ZMB","Over-age students, primary, male (% of male enrollment)","SE.PRM.OENR.MA.ZS","","","","","","","","","","","0","0","13.46301","0","0","0","14.46118","14.29927","14.96346","15.36829","16.15248","15.03567","15.71733","16.14258","17.01622","0","17.17958","0","17.36757","0","0","0","0","0","16.32785","16.36256","0","0","16.15352","16.15844","16.50259","16.90433","17.28363","","19.59387","20.89746","20.77382","20.33962","","19.37225","19.52317","17.85961","16.35213","14.35051","","","","14.83186","","","","","","","","",
"Zambia","ZMB","Net intake rate in grade 1, female (% of official school-age population)","SE.PRM.NINT.FE.ZS","","","","","","","","","","","","","","","","","","","","","","","","","","","","","","","","","","","","","","","37.91828","37.65013","37.91238","","36.09392","","39.65696","43.52217","44.91336","45.5959","51.19988","","47.73059","50.11175","53.17449","52.14488","","","","","","","","","","","","",
"Zambia","ZMB","Gross intake ratio in first grade of primary education, total (% of relevant age group)","SE.PRM.GINT.ZS","","","","","","","","","","","","","100.92614","97.6904","97.83777","95.27948","94.5897","93.86335","92.04171","90.50526","90.72001","90.66574","90.92144","93.2035","96.16778","","96.30898","","","","","","","","","","86.67862","","83.35254","82.44128","88.44106","86.66156","86.54167","","107.90655","122.21118","115.88656","118.94038","118.83018","110.53108","105.01905","111.2054","113.56821","107.58735","105.5769","101.41567","99.60443","107.41871","","","","","","","","",
"Zambia","ZMB","School enrollment, primary, female (% gross)","SE.PRM.ENRR.FE","","","","","","","","","","","75.9585266113281","77.7753524780273","80.1325531005859","80.9734268188477","83.1166229248047","82.0382080078125","82.9219589233398","83.3501510620117","83.3481216430664","83.4320526123047","84.2741622924805","84.2126388549805","84.8987731933594","87.2241897583008","89.1207809448242","92.2905120849609","92.0413284301758","","90.9817962646484","","","","","","84.0209808349609","81.876579284668","80.1156311035156","","78.485107421875","76.2516098022461","76.5178298950195","76.4804382324219","79.15673828125","","98.559928894043","109.481048583984","112.150009155273","112.623222351074","114.35147857666","108.992141723633","109.25478852859","109.786947670833","110.807523344262","105.023234229369","106.166654202094","102.510833872093","99.5320664803684","98.9639085726208","","","","","","","118.300572236867","",
"Zambia","ZMB","Primary education, pupils","SE.PRM.ENRL","","","","","","","","","","","694670","729801","777873","810234","858191","872392","907867","936817","964475","996597","1041938","1073203","1121624","1195149","1266739","1348318","1377516","1391222","1426135","1446847","1461206","1510337","","","1507660","1506349","1516919","","1557260","1555707","1589544","1625647","1731579","","2251357","2572846","2678610","2790312","2909436","2840540","2899131","3030120","3135442","3075161","3217872","3215723","3203220","3284841","","","","","","","4489003","",
"Zambia","ZMB","Educational attainment, at least completed primary, population 25+ years, female (%) (cumulative)","SE.PRM.CUAT.FE.ZS","","","","","","","","","","","","","","","","","","","","","","","","","","","","","","","","","","","","","","","","","","","","","","","","","","","","","","","","","","","52.0742797851562","","","","","","59.9089508056641","",
"Zambia","ZMB","Primary school starting age (years)","SE.PRM.AGES","","","","","","","","","","","7","7","7","7","7","7","7","7","7","7","7","7","7","7","7","7","7","7","7","7","7","7","7","7","7","7","7","7","7","7","7","7","7","7","7","7","7","7","7","7","7","7","7","7","7","7","7","7","7","7","7","7","7","7","7","7",
"Zambia","ZMB","School enrollment, preprimary, male (% gross)","SE.PRE.ENRR.MA","","","","","","","","","","","","","","","","","","","","","","","","","","","","","","","","","","","","","","","","","","","","","","","","","","","","2.37953996658325","2.59680008888245","2.95717000961304","6.14785003662109","6.55019998550415","7.28359985351563","8.28116989135742","","","","","","","","",
"Zambia","ZMB","Preprimary education, duration (years)","SE.PRE.DURS","","","","","","","","","","","","","","","","","","","","","","","","","","","","","","","","","","","","","","","","7","7","7","4","4","4","4","4","4","4","4","4","4","4","4","4","4","4","4","4","4","4","4","4","4","4","4",
"Zambia","ZMB","Learning poverty: Share of Male Children at the End-of-Primary age below minimum reading proficiency adjusted by Out-of-School Children (%)","SE.LPV.PRIM.MA","","","","","","","","","","","","","","","","","","","","","","","","","","","","","","","","","","","","","","","","","","","","","","","","","","","","","","","","","","","","","","","","","","",
"Zambia","ZMB","Learning poverty: Share of Female Children at the End-of-Primary age below minimum reading proficiency adjusted by Out-of-School Children (%)","SE.LPV.PRIM.FE","","","","","","","","","","","","","","","","","","","","","","","","","","","","","","","","","","","","","","","","","","","","","","","","","","","","","","","","","","","","","","","","","","",
"Zambia","ZMB","School enrollment, primary and secondary (gross), gender parity index (GPI)","SE.ENR.PRSC.FM.ZS","","","","","","","","","","","0.7778599858284","","0.791220009326935","","0.802699983119965","","","","","0.847320020198822","0.851859986782074","0.863290011882782","0.863059997558594","","","","0.876250028610229","","0.88129997253418","","","","","","","","","","","","","","","","","","","","","","","","","","","","","","","","","","","","","",
"Zambia","ZMB","Literacy rate, adult male (% of males ages 15 and above)","SE.ADT.LITR.MA.ZS","","","","","","","","","","","","","","","","","","","","","","","","","","","","","","","73.0400009155273","","","","","","","","","76.25","","","80.9100036621094","","","","","","","","88.6800003051758","","","","","","","","81.7200012207031","86.3510072757397","87.2956153782041","85.7768713011789","86.0268754154812","87.111842020417","80.5999984741211","",
"Zambia","ZMB","Literacy rate, youth (ages 15-24), gender parity index (GPI)","SE.ADT.1524.LT.FM.ZS","","","","","","","","","","","","","","","","","","","","","","","","","","","","","","","0.970000028610229","","","","","","","","","0.910000026226044","","","0.850000023841858","","","","","","","","0.949999988079071","","","","","","","","0.879999995231628","","0.949838020405369","0.971954997094556","0.946784874060766","","0.959999978542328","",
"Zambia","ZMB","Coverage of social insurance programs in 4th quintile (% of population)","per_si_allsi.cov_q4_tot","","","","","","","","","","","","","","","","","","","","","","","","","","","","","","","","","","","","","","","","","","","","","","","","","","","1.36916492056635","","","","","1.64752948538886","","","","","","","","","","",
"Zambia","ZMB","Coverage of social insurance programs (% of population)","per_si_allsi.cov_pop_tot","","","","","","","","","","","","","","","","","","","","","","","","","","","","","","","","","","","","","","","","","","","","","","","","","","","1.05257306906133","","","","","0.923653016558798","","","","","","","","","","",
"Zambia","ZMB","Coverage of social safety net programs in 4th quintile (% of population)","per_sa_allsa.cov_q4_tot","","","","","","","","","","","","","","","","","","","","","","","","","","","","","","","","","","","","","","","","","","","","","","","","","","","0.63838135496586","","","","","1.90744059849452","","","","","","","","","","",
"Zambia","ZMB","Coverage of social safety net programs (% of population)","per_sa_allsa.cov_pop_tot","","","","","","","","","","","","","","","","","","","","","","","","","","","","","","","","","","","","","","","","","","","","","","","","","","","0.729851984965153","","","","","1.4608717616904","","","","","","","","","","",
"Zambia","ZMB","Coverage of unemployment benefits and ALMP in 4th quintile (% of population)","per_lm_alllm.cov_q4_tot","","","","","","","","","","","","","","","","","","","","","","","","","","","","","","","","","","","","","","","","","","","","","","","","","","","","","","","","","","","","","","","","","","",
"Zambia","ZMB","Coverage of unemployment benefits and ALMP (% of population)","per_lm_alllm.cov_pop_tot","","","","","","","","","","","","","","","","","","","","","","","","","","","","","","","","","","","","","","","","","","","","","","","","","","","","","","","","","","","","","","","","","","",
"Zambia","ZMB","Benefit incidence of social protection and labor programs to poorest quintile (% of total SPL benefits)","per_allsp.ben_q1_tot","","","","","","","","","","","","","","","","","","","","","","","","","","","","","","","","","","","","","","","","","","","","","","","","","","","2.07996337800522","","","","","0.472407503164541","","","","","","","","","","",
"Zambia","ZMB","PPP conversion factor, GDP (LCU per international $)","PA.NUS.PPP","","","","","","","","","","","","","","","","","","","","","","","","","","","","","","","0.00956647595873103","0.0178273660253522","0.0462829879786715","0.110161183096815","0.194945275930653","0.249391259739841","0.304540760592769","0.37542779598122","0.434023060018293","0.504675153752754","0.654444802807636","0.802161712830198","0.943053277538967","1.08763024888116","1.26797930781357","1.43413377398915","1.59354675099843","1.75274668454219","1.90258591542172","1.99605244514067","2.24720994593584","2.44634604454041","2.64834992278665","2.82615242712079","3.05394151611266","3.35055571386025","3.8559028791987","4.16286420822144","4.44762897491455","4.82785272598267","5.52910757064819","6.44128704071045","6.38282402708496","6.59175278849996","7.35899076614158","7.56139268212565",
"Zambia","ZMB","Terms of trade adjustment (constant LCU)","NY.TTF.GNFS.KN","","","","","","","","","","","","","","","","","","","","","","","","","","","","","","","","","","","-457360336","-67231402.117492","-14275216.5327876","56623171.5337586","29152919.8147614","-706806257.378131","30984261.4922199","562661934.341863","758625413.969054","-944154754.295262","-816034972.815176","-3950643826.49646","-1706909567.84877","658880448.773453","3789106527.64211","-8000274864.01146","0","","","","","","","","","","","","","","","",
"Zambia","ZMB","Taxes less subsidies on products (constant LCU)","NY.TAX.NIND.KN","","","","","","1452485800","1371577900","1480203800","1498680000","1492132100","1563711000","1562367700","1706243600","1689827400","1798453200","1757639500","1866982000","2043331300","2439085200","1939119200","1483133200","1496256500","2017030700","2634077900","2582216800","2409794300","2644191900","2287827000","1290257200","2247251700","2826802700","2198821500","2527294000","2681791300","3211885800","2933487500","3138307800","3300038200","3174789000","3088636000","3299672800","3614751300","3460789700","3466509300","3485631100","3609999400","3642163000","3795305300","4209014400","4720615200","5379621000","5681718100","6111969800","6421082200","6749000000","7116199300","7363000000","7619333700","7910184700","7940186400","6943546600","7100323100","7188542400","7788984400","7488763400","6804000000",
"Zambia","ZMB","Net primary income (Net income from abroad) (current LCU)","NY.GSR.NFCY.CN","-51800","-46000","-49000","-48600","-69100","-45500","-58000","-50600","-52100","-47500","-33400","-35900","-63600","-122900","-121100","-109800","-175200","-88100","-141300","-228600","-228600","-97900","-219200","-315500","-501900","-837000","-2389500","-3273800","-3394900","-5620800","-9659200","-24814500","-56450400","-115453700","-158239200","-209116800","-248827400","-329676000","-414682800","-391414300","-485654800","-595608900","-662025500","-677175900","-1905276800","-2819719400","-4209454900","-6181967300","-5238773500","-2112837400","-6538447300","-5623723200","-2223509900","-6200900000","-3397290000","-3606177942.45884","-6672147452.54713","-10894783014.202","-4258799780.72384","-5070972661.82676","-14214549666.7517","-34204914206.3756","-27331079524.4321","-33719719726.8586","-71960441752.3693","-64491118854.9311",
"Zambia","ZMB","Gross savings (current LCU)","NY.GNS.ICTR.CN","","","","","","","","","","","","","","","","","","","","","","","","","","","","","","","","","","","","","","","","","","","","","","","","","","","30558294342.4546","41092218459.5695","53790022603.3036","57377737215.7893","66019945868.7514","69179028353.8055","80726591182.679","106615724084.171","115282901898.783","119680710348.2","149556682820.496","203932867647.357","224309637989.667","192107141933.039","212912590230.578","",
"Zambia","ZMB","Gross capital formation (current LCU)","NE.GDI.TOTL.CN","","","","","","","","","","","","","","","","","","","","","","","","","","","","","","","","","","","","","","","","","","","","","","","","","","","29045700000","37503457700","41374214100","51154400800","56913727900","78496450600","82562905200","100967803900","106185874200","117961905000","107285341200","138747431600","133274078600","175276747200","157502080700","",
"Zambia","ZMB","Changes in inventories (current US$)","NE.GDI.STKB.CD","","","","","","","","","","","","","","","","","","","","","","","","","","","","","","","","","","","","","","","","","","","","","","","","","","","807133476.475371","1152920361.26484","1948458415.09141","2243705419.17554","822794476.035743","924848189.866963","374242289.638049","567812828.999212","929048635.188801","817036462.373933","439296726.199546","631166581.170695","547165896.171558","1381010050.55507","552943033.588203","",
"Zambia","ZMB","Gross fixed capital formation (constant 2015 US$)","NE.GDI.FTOT.KD","","","","","","","","","","","","","","","","","","","","","","","","","","","","","","","","","","","","","","","","","","","","","","","","","","","","","","","","8171759908.21861","","","","","","","","","","",
"Zambia","ZMB","Gross fixed capital formation, private sector (current LCU)","NE.GDI.FPRV.CN","","","","","","","","","","","","","","","","","","","","","","","","","","","","","","","","","","","","","","","","","","","","","","","","","","","","","","","","","","","","","","","","","","",
"Zambia","ZMB","Exports of goods and services (constant 2015 US$)","NE.EXP.GNFS.KD","","","","","","","","","","","","","","","","","","","","","","","","","","","","","","","","","","","","","","","","","","","","","","","","","","","","","","","","7892388633.94057","","","","","","","","","","",
"Zambia","ZMB","Gross national expenditure (constant LCU)","NE.DAB.TOTL.KN","","","","","","","","","","","","","","","","","","","","","","","","","","","","","","","","","","","","","","","","","","","","","","","","","","","91236100000","","","","","","","","","","","","","","","",
"Zambia","ZMB","Gross national expenditure deflator (base year varies by country)","NE.DAB.DEFL.ZS","","","","","","","","","","","","","","","","","","","","","","","","","","","","","","","","","","","","","","","","","","","","","","","","","","","100","","","","","","","","","","","","","","","",
"Zambia","ZMB","Final consumption expenditure (constant 2015 US$)","NE.CON.TOTL.KD","","","","","","","","","","","","","","","","","","","","","","","","","","","","","","","","","","","","","","","","","","","","","","","","","","","","","","","","13043026595.7447","","","","","","","","","","",
"Zambia","ZMB","Households and NPISHs Final consumption expenditure, PPP (constant 2021 international $)","NE.CON.PRVT.PP.KD","","","","","","","","","","","","","","","","","","","","","","","","","","","","","","","","","","","","","","","","","","","","","","","","","","","","","","","","","","","","","","25725117627.9023","","","","",
"Zambia","ZMB","Households and NPISHs Final consumption expenditure (constant LCU)","NE.CON.PRVT.KN","","","","","","","","","","","","","","","","","","","","","","","","","","","","","","","","","","","","","","","","","","","","","","","","","","","53071900000","","","","","","","","","","","","","","","",
"Zambia","ZMB","Households and NPISHs Final consumption expenditure (current LCU)","NE.CON.PRVT.CN","","","","","","","","","","","","","","","","","","","","","","","","","","","","","","","","","","","","","","","","","","","","","","","","","","","53071900000","57467826400","61976649900","71483469000","75203651500","85446059500","96153029000","98368981100","123547544100","126721309000","124132151900","159227795300","175756760900","262566783000","318010690200","",
"Zambia","ZMB","General government final consumption expenditure (% of GDP)","NE.CON.GOVT.ZS","","","","","","","","","","","","","","","","","","","","","","","","","","","","","","","","","","","","","","","","","","","","","","","","","","","9.37963703009065","10.2458003430842","11.897397961769","12.1843034143698","14.5238685926023","14.7806073693567","16.0718741959666","13.7207952422721","12.7086519245005","17.6842563810264","14.6896417176015","11.5310478017208","14.4528290197612","13.312782708599","12.6785135244118","",
"Zambia","ZMB","General government final consumption expenditure (current LCU)","NE.CON.GOVT.CN","","","","","","","","","","","","","","","","","","","","","","","","","","","","","","","","","","","","","","","","","","","","","","","","","","","9118500000","11683251900","15617940700","18438628200","24262558200","27104825600","34730998700","33787732700","34970970000","53132123300","48875500300","51006071900","71391815900","74206269900","83943645600","",
"Zambia","ZMB","Military expenditure (% of GDP)","MS.MIL.XPND.GD.ZS","","","","","","","","","","","","","","","","","","","","","","","","","3.00141959034679","2.36145873103409","3.66412213740458","3.22068519192655","2.38834408143687","4.19526940334752","3.41082508884576","2.3374458851178","2.7050497634892","1.42939824259298","1.71924538560915","1.45168841419497","1.0518095531385","1.00766103765507","","1.64831846043945","","","","","1.58089960446516","1.84832294449392","1.7439454502704","2.06370699223085","2.08008787697224","1.73163534710359","1.38259276517524","1.3176391076812","1.3578688500397","1.35973638684875","1.6338689575111","1.75323445099498","1.42930472392762","1.30136750851783","1.43749939178333","1.25568409370479","1.16572196732911","0.982237890875063","1.1165478995702","1.33879038934617","1.33268361976463","",
"Zambia","ZMB","Armed forces personnel, total","MS.MIL.TOTL.P1","","","","","","","","","","","","","","","","","","","","","","","","","","16200","","","","17000","16000","16000","16000","16000","16000","23000","23000","23000","23000","23000","23000","23000","23000","19500","16000","16000","16000","16000","16000","16500","16500","16500","16500","16500","16500","16500","16500","16000","16100","16000","16000","","","","","",
"Zambia","ZMB","Logistics performance index: Overall (1=low to 5=high)","LP.LPI.OVRL.XQ","","","","","","","","","","","","","","","","","","","","","","","","","","","","","","","","","","","","","","","","","","","","","","","","2.37","","","2.28","","","","2.462674","","2.429813","","2.53","","","","","","","",
"Zambia","ZMB","Logistics performance index: Efficiency of customs clearance process (1=low to 5=high)","LP.LPI.CUST.XQ","","","","","","","","","","","","","","","","","","","","","","","","","","","","","","","","","","","","","","","","","","","","","","","","2.08","","","2.17","","","","2.539209","","2.246019","","2.18","","","","","","","",
"Zambia","ZMB","Individuals using the Internet, male (% of male population)","IT.NET.USER.MA.ZS","","","","","","","","","","","","","","","","","","","","","","","","","","","","","","","","","","","","","","","","","","","","","","","","","","","","","","","","","","","15.5215","","","","","","","",
"Zambia","ZMB","Fixed broadband subscriptions (per 100 people)","IT.NET.BBND.P2","","","","","","","","","","","","","","","","","","","","","","","","","","","","","","","","","","","","","","","","","0.00020963040064063","0.000300236751205911","0.000450791039664071","0.000828508334475188","0.00220493591662449","0.00213332077234063","0.0192834806031187","0.0318342454507868","0.0437973895742092","0.0793305515504408","0.0735163860556164","0.113694638710784","0.100572436125372","0.0873238692104427","0.129100933199499","0.142629874135082","0.18791063697532","0.205901846878562","0.401856748651311","0.48013272665923","0.431897234933218","0.411108017009319","0.428949863290405","0.681389878819039","0.789797548725881","",
"Zambia","ZMB","Mobile cellular subscriptions (per 100 people)","IT.CEL.SETS.P2","0","","","","","0","","","","","0","","","","","0","0","0","0","0","0","0","0","0","0","0","0","0","0","0","0","0","0","0","0","0.017814096","0.0305661","0.049818486","0.088130826","0.292997637","0.986790190215631","1.17382884665021","1.30627973518656","2.19418141328044","4.095483250513","8.10285575705197","13.7130197625584","21.0028503587521","27.1785188664379","32.6653441943001","39.0029310604332","56.5498570557445","70.5708583739075","67.5095981900639","63.6342658198343","70.4778478853307","71.0460770668914","77.0500111230113","86.0723321005416","93.0147820773422","100.235122888213","103.28257957834","98.4372601156219","102.06156495632","108.704779873813","",
"Zambia","ZMB","Rail lines (total route-km)","IS.RRS.TOTL.KM","","","","","","","","","","","","","","","","","","","","","","","","","","","","","","","","","","","","1273","1273","1273","1273","1273","","","","","","","","","","","","","","","","","","1248","1248","1248","","","","","","",
"Zambia","ZMB","Air transport, freight (million ton-km)","IS.AIR.GOOD.MT.K1","","","","","","","","","","","4.5","5.4000000954","5.8000001907","15.5","21.5","19","18.2000007629","32.5999984741","36.2000007629","78.9000015259","46.9000015259","17.5","22.8999996185","23.3999996185","25.2999992371","25.2999992371","24.5","25.7000007629","24.7999992371","24.8999996185","29.6000003815","21.7000007629","16.5","13.6000003815","15.6999998093","","","0.5","0.5","0.400000006","0.457","0.028","0.028","0.031","0","0","0","","","","0","0","0","93.4325445351864","83.431251799322","79.382095832289","80.3529469986506","81.5576096504393","75.077397732","79.335","69.97121783064","75.18520667","99.5737722","104.3195986179","","",
"Zambia","ZMB","Statistical performance indicators (SPI): Pillar 3 data products score  (scale 0-100)","IQ.SPI.PIL3","","","","","","","","","","","","","","","","","","","","","","","","","","","","","","","","","","","","","","","","","","","","","","54.2375","56.6125","61.0625","64.7875","64.93125","65.31875","64.49375","60.49375","59.76875","61.43125","67.2125","67.6875","71.99375","72.9375","70.4625","74.325","86.70625","77.60625","79.0375","76.025","",
"Zambia","ZMB","CPIA transparency, accountability, and corruption in the public sector rating (1=low to 6=high)","IQ.CPA.TRAN.XQ","","","","","","","","","","","","","","","","","","","","","","","","","","","","","","","","","","","","","","","","","","","","","","3","3","3","3","3","2.5","2.5","3","3","3","3","3","3","2.5","2.5","2.5","2.5","2.5","2.5","2.5","2.5",
"Zambia","ZMB","CPIA efficiency of revenue mobilization rating (1=low to 6=high)","IQ.CPA.REVN.XQ","","","","","","","","","","","","","","","","","","","","","","","","","","","","","","","","","","","","","","","","","","","","","","4","3.5","3.5","3.5","3.5","3.5","3.5","3.5","3.5","3.5","3.5","3.5","3.5","3.5","3.5","3.5","3","3","3","3","3.5",
"Zambia","ZMB","CPIA equity of public resource use rating (1=low to 6=high)","IQ.CPA.PRES.XQ","","","","","","","","","","","","","","","","","","","","","","","","","","","","","","","","","","","","","","","","","","","","","","3.5","3.5","3.5","3.5","3.5","3.5","3.5","3.5","3.5","3.5","3.5","3.5","3.5","3.5","3","3","3","4","4","4","4",
"Zambia","ZMB","CPIA building human resources rating (1=low to 6=high)","IQ.CPA.HRES.XQ","","","","","","","","","","","","","","","","","","","","","","","","","","","","","","","","","","","","","","","","","","","","","","3.5","3.5","3.5","4","4","4","4","4","4","4","4","4","3.5","4","3.5","3.5","3.5","3.5","3.5","3.5","3.5",
"Zambia","ZMB","CPIA quality of budgetary and financial management rating (1=low to 6=high)","IQ.CPA.FINQ.XQ","","","","","","","","","","","","","","","","","","","","","","","","","","","","","","","","","","","","","","","","","","","","","","3","3.5","3.5","3.5","3.5","3.5","3.5","3.5","3.5","3.5","3.5","3.5","3.5","3.5","3","3","3","3","3","3","3",
"Zambia","ZMB","Government Effectiveness - Governance score (0-100)","GOV_WGI_GE_SC","","","","","","","","","","","","","","","","","","","","","","","","","","","","","","","","","","","","","25.109255","","25.0275512","","25.0558111","","30.6610516","27.7907253","31.4275757","33.4089583","32.6331807","34.0521295","35.634093","37.7089236","37.3534908","41.4064665","41.6129795","41.0112337","42.6637265","41.0407283","41.0620351","42.3325326","41.5797263","39.2906596","37.061776","37.2110769","39.8696364","40.3969835","40.9757367","",
"Zambia","ZMB","Control of Corruption - Governance score (0-100)","GOV_WGI_CC_SC","","","","","","","","","","","","","","","","","","","","","","","","","","","","","","","","","","","","","31.1433234","","31.1865675","","29.0837149","","31.624825","31.4715359","35.5974164","35.6302664","39.9187088","40.8265436","40.853141","41.5996083","40.3848308","42.3159947","42.4033248","41.6776374","39.9524615","39.8558608","39.2758376","38.4615167","35.3753648","34.7874778","35.607183","33.8295633","39.3922973","39.7962677","38.6078994","",
"Zambia","ZMB","Primary government expenditures as a proportion of original approved budget (%)","GF.XPD.BUDG.ZS","","","","","","","","","","","","","","","","","","","","","","","","","","","","","","","","","","","","","","","","","","","","","","","","89.7222","97.4516","110.7009","118.5601","132.5348","99.2885","106.6966","93.8908","115.3292","110","96.007","110.4895","108.6307","114.3153","115.3934","81.593","95.619","111.197","",
"Zambia","ZMB","Subsidies and other transfers (% of expense)","GC.XPN.TRFT.ZS","","","","","","","","","","","","","","","","","","","","","","","","","","","","","","","","","","","","","","","18.8806316767301","20.0613732259302","","3.45738382665104","19.0968284414081","8.13689976249968","15.191518143727","17.995600209397","18.5016505685292","25.2004311023186","25.3870142769341","20.0349229563338","19.1980266593883","10.7811925432166","16.1982288749655","19.4775532317777","18.2349369348689","22.9835774993903","9.77527393185849","13.7540406819463","11.8873105379011","9.81549630241807","11.8262837470498","12.5942495133166","","","","",
"Zambia","ZMB","Other expense (% of expense)","GC.XPN.OTHR.ZS","","","","","","","","","","","","","","","","","","","","","","","","","","","","","","","","","","","","","","","0.201269546369407","0.590717299578059","","16.1938193300818","0.78992852413068","2.62117073015819","3.09221938853296","0.677224265967215","1.95775767208705","1.06924245550601","0.799265449627205","1.25378214561073","1.10209227095634","1.3656785725299","1.37210451534773","0.742387955182197","0.369065637563037","0.616888850403387","0.305048419154451","0.394405221448771","0.586921289666513","0.275485954985039","6.13879263787118","7.55707551702261","","","","",
"Zambia","ZMB","Interest payments (current LCU)","GC.XPN.INTP.CN","","","","","","","","","","","","","","","","","","","","","","","","","","","","","","","1670900","14100000","21600000","38965500","","","","","206000000","259300000","","136630758.003","419791288.45886","950684004.65641","1337404816.06649","1426504000","625200000","568558899.03269","1091936242.41527","1052244076.74988","1530585554.36907","1063940429.06894","1829960350.1","2415659854.2","4834111483.56","7197003564.51","10640405485.36","11763253246.53","18659450780.96","27703582520.38","27447236093.78","29500978889.15","31230853627.88","41688772535.71","47290637457.81","",
"Zambia","ZMB","Compensation of employees (current LCU)","GC.XPN.COMP.CN","","","","","","","","","","","","","","","","","","","","","","","","","","","","","","","5020000","12749900","32239600","66401500","","","","","448700000","405800000","","811230353.317","1145286264.57987","1632514753.65755","2010771415.89988","2675800000","2462100000","3541039391.49031","4413319956.8999","5204933767.82501","6394298724.61499","6950180683.92036","10664334340.3","11376196290.4","15366778979.38","16397411731.63","18643269290.6","20028018842.64","20969170609.01","22333156585.74","27333972493.82","31085849067.24","37272132823.52","44891962417.51","53945094824.19","",
"Zambia","ZMB","Tax revenue (% of GDP)","GC.TAX.TOTL.GD.ZS","","","","","","","","","","","","","","","","","","","","","","","","","","","","","","","19.4828833598024","17.4938311988777","18.7109262523615","15.0401711168061","17.2365182861065","15.6895001581762","16.1056179545653","16.0500956738796","16.1881871288854","16.9543084891968","","16.5407044588153","15.4400128684589","14.8595198791408","15.3170586338543","14.7947685977681","13.7115292955915","14.0825145811532","13.2593037826464","11.6875158256987","12.834842405292","14.7159433183957","14.8923642974021","14.3471093166635","15.7610303316911","14.3939639330138","13.3531814269452","15.1848569608409","16.5870654729348","16.6776226628035","16.418005509662","16.7804106778084","16.8022325932803","17.2736737913323","18.8304899930412","",
"Zambia","ZMB","Taxes on international trade (% of revenue)","GC.TAX.INTT.RV.ZS","","","","","","","","","","","","","","","","","","","","","","","","","","","","","","","17.1580042821438","27.585598305683","12.8814515082191","30.4137356307753","34.8443910566768","35.7756672681509","11.6807268007787","13.0210526315789","12.0188222991961","12.7954890479289","","13.0515072720207","12.3719956027114","8.83879918887835","8.51375581072808","9.35550964937445","9.12130713830778","7.47690818832741","9.91179921249791","8.03812748491421","7.74718422577406","7.08120612124028","8.39749644467387","6.69366496203386","5.94897345970043","5.27022460142848","4.38823529198256","5.44256770116764","5.62992642142107","5.87026072274371","4.97242770945138","4.91657091732099","4.42549849008739","4.46986335746798","5.30621873577616","",
"Zambia","ZMB","Taxes on goods and services (% value added of industry and services)","GC.TAX.GSRV.VA.ZS","","","","","","","","","","","","","","","","","","","","","","","","","","","","","","","11.044790013007","7.58062967793376","11.2831741384084","6.34069248130619","6.8247088627684","5.59334131826301","11.2601497797617","11.4539802174322","10.1996758077455","11.5850433050248","","","","8.30785778269183","9.01384049412735","8.34608260348889","7.46883603938485","7.83075418053649","7.0835618985072","5.69032177324864","5.81009303963113","5.93612193223483","6.4046355909056","7.8770728085226","9.23619624351869","7.16742893378236","6.20025321276758","8.16332279995672","8.74620383942839","8.18597633289556","6.60310812363493","5.95046362083151","6.07790701677322","8.18003074829344","8.6731951170757","",
"Zambia","ZMB","Taxes on exports (current LCU)","GC.TAX.EXPT.CN","","","","","","","","","","","","","","","","","","","","","","","","","","","","","","","","","34000","11900","1469400","","","","","","","","","","","","","","","","","273000","2038000","4929000","2047000","2751000","2456000","32703370.67","19591877","119367031","19150618","30796269","46429724","58617299","364754630.99","",
"Zambia","ZMB","Social contributions (current LCU)","GC.REV.SOCL.CN","","","","","","","","","","","","","","","","","","","","","","","","","","","","","","","800","2600","300","1000","1100","900","600","","","","","11960.513","5150","","","","","","","","","","","","","","","","","","","","","","","",
"Zambia","ZMB","Net lending (+) / net borrowing (-) (current LCU)","GC.NLD.TOTL.CN","","","","","","","","","","","","","","","","","","","","","","","","","","","","","","","","","","","","","","","-186800000","-29600000","","240558261.197","-274453559.75182","218117192.24176","514146414.35099","-1490757802.79273","844500000","1204951098.88374","-167900840.34391","-573700818.22179","-1095309882.12534","-1148212293.068","309685165","-6675430336.4","-9451900909.25","-14722627879.57","-12238520924.46","-12998643146.72","-24158276576.5799","-23657438813.78","-43611258317.08","-16059738202.97","-3750853315.96","-19878696167.23","-21061388295.24","",
"Zambia","ZMB","Net incurrence of liabilities, total (current LCU)","GC.LBL.TOTL.CN","","","","","","","","","","","","","","","","","","","","","","","","","","","","","","","8902100","86172900","34645900","101312100","701700000","","","","","","","","","","","","","","","","2699091350.09","4285030567.04233","14220552335.9911","5674061267.05","11205373069.27","21358284490.87","9737137053.95","27135747294.31","17238074138.24","21755440819.17","41989676346.69","23622186491.64","31309448852.76","23829693809.58","5266010261.7","",
"Zambia","ZMB","Net acquisition of financial assets (current LCU)","GC.AST.TOTL.CN","","","","","","","","","","","","","","","","","","","","","","","","","","","","","","","1769700","2771400","6694700","12278000","712900000","","","","","","","","","","","","","-82888984.37334","-273175877.57209","1489350702.23849","1060380046.93193","1679854405.52172","4124685364.68608","-490906434.6","1944076139.92","7831108471.83","-63140383.1299994","-18476409062.95","656395499.07488","1056250521.1549","4679443969.2941","9425337872.5886","26348940154.4466","-12168478216.4805","-1771467879.46871","",
"Zambia","ZMB","Account ownership at a financial institution or with a mobile-money-service provider, secondary education or more (% of population ages 15+)","FX.OWN.TOTL.SO.ZS","","","","","","","","","","","","","","","","","","","","","","","","","","","","","","","","","","","","","","","","","","","","","","","","","","","","32.2197763575488","","","50.9005704490973","","","60.1401219897798","","","","67.1824533390343","","","84.2771295174334","",
"Zambia","ZMB","Account ownership at a financial institution or with a mobile-money-service provider, female (% of population ages 15+)","FX.OWN.TOTL.FE.ZS","","","","","","","","","","","","","","","","","","","","","","","","","","","","","","","","","","","","","","","","","","","","","","","","","","","","23.3373853809143","","","33.2477691575508","","","40.278877907231","","","","44.9844337455222","","","70.172074871881","",
"Zambia","ZMB","Domestic credit provided by financial sector (% of GDP)","FS.AST.DOMS.GD.ZS","","","","","","","","","","","","","","","","","","","","","","","","","","","","","","","","","","","","","","","","","","","","","","","","","","","","21.085073167581","21.93314328846","26.2689077442833","25.8064749959658","29.6673679549682","27.0436322870935","31.2135912134995","31.8753765961807","34.4315892893245","42.3607782168276","34.7546714046752","31.7596164276454","37.1224477318286","35.1689118120588","",
"Zambia","ZMB","Real interest rate (%)","FR.INR.RINR","","","","","","","","","","","","","","","","","","","-3.93275593749377","-10.5060560121595","-2.02474643446923","2.18496843119175","3.16698982878609","-4.74532358554098","-3.20250628236619","-15.9666101332611","-29.9982689494611","-25.1937131971982","-11.9713495440983","-34.546802021159","-34.5390408369169","-25.7738895541915","-41.7902439781861","-12.4559693371288","-5.63447019509948","11.424913920026","23.670485757671","16.9766299739538","12.7393085006183","19.1587954269473","4.6647680701877","16.6774634895963","21.6156242816087","19.5253414742067","9.19693364690934","9.90908518429273","7.51782024205524","5.24087063421901","7.61379538117008","15.6336334619814","6.11294221169531","6.95655957659878","4.82147742594943","-0.191430038192798","5.81636783051129","6.17921585248158","1.69392927805065","2.0914904852687","2.21586529013412","2.46967432530594","-3.89303245264567","","","","","",
"Zambia","ZMB","Wholesale price index (2010 = 100)","FP.WPI.TOTL","","","","","","","0.0215474401910396","0.0212996446288426","0.0231581113451582","0.0253667239647936","0.024747235059409","0.0232065930856419","0.0243917022961491","0.0297624017638196","0.0335816855376275","0.031346138617861","0.037390195591286","0.0455997703042337","0.0530821189104645","0.0659836487249033","0.0747965517629846","0.0758685369124888","0.0809106379171921","0.100411071290083","0.128460451558984","0.189100335116079","0.408302444180009","0.75294836317564","0.839967700387153","1.54719778233745","3.33539829635164","6.39430522703191","14.1490511854055","34.0738506191388","58.1304686729847","100","","","","","","","","","","","","","","","","","","","","","","","","","","","","","","",
"Zambia","ZMB","Broad money to total reserves ratio","FM.LBL.BMNY.IR.ZS","","","","","","0.738414873366673","0.934838506497565","1.2660916235798","1.52184969879051","1.0670695088638","0.966900490213719","1.56018038975368","2.78622644304378","3.02774966122267","3.49937907599111","4.63622105432023","7.71418669333689","9.40965115283309","8.27425455980439","5.49002370369046","5.58005381150206","7.90244359147715","8.95938297354741","8.41187040325465","17.1385156785319","3.3290369126467","7.2941819444186","5.94220064730085","8.79007732542932","9.8415439957385","3.56679794671137","3.92424824838073","","2.3950832868768","1.84981854669363","2.68221845787431","2.5905133976826","2.7730583674106","8.47356276272198","12.8855819956807","3.18936692782475","3.98647985538195","1.43786640069591","3.60734245588386","3.46469587278278","2.30658251970335","3.20138561536473","2.38381245565354","3.12272673043517","1.44506348499937","1.78381487778591","1.93024916018217","1.64113904903049","2.14292868615587","1.8450708087999","1.84558276944001","1.83718181205642","2.72932478947067","3.83858557643079","3.79698307596579","4.70320468800018","1.95227405740168","2.66592088803539","2.60281543734506","1.91807824158115","",
"Zambia","ZMB","Monetary Sector credit to private sector (% GDP)","FM.AST.PRVT.GD.ZS","","","","","","5.63060686015831","7.65536723163842","10.1117376775272","8.23325326928209","8.30305232558139","11.1857243484386","12.8927089508002","11.7405607476636","10.5597884264215","17.4123111419572","24.2337067209776","19.7019815883913","23.2284534836891","18.1996712134003","16.9707562772515","16.1679070374723","19.6571412176508","24.1801796790254","23.1488567875251","14.6410464408842","10.9363820189765","9.70177116761294","8.39102207382675","9.45933231677643","11.3333889078164","8.87559555320275","7.25774455986417","","4.78931526626585","5.73552554171978","7.72021451161292","8.60390123254717","7.26824977993655","6.42859051021268","6.80835607876256","7.68913892932463","6.64793708493666","5.57417624285024","6.00067255828239","7.04625661174977","6.6320258291168","8.16971598534126","9.7049239099177","12.2364548599936","10.0085470929074","9.19793482775128","10.0450008948228","11.965301440502","11.6799629439198","13.3698599997274","15.7508032472422","12.1020123781194","11.1773652411303","11.6715245717559","12.529361214664","12.2751230087405","8.51664401392603","10.2362055113846","12.8131576683118","12.9984132779874","13.7231247958701",
"Zambia","ZMB","Claims on central government (annual growth as % of broad money)","FM.AST.CGOV.ZG.M3","","","","","","","2.7806193620385","12.4630095265364","18.5433478898471","-37.6717789856895","-15.9987426333487","48.6925642686391","35.2739768243752","14.4417013867685","-29.7485455563399","57.6035402246681","45.2363592174019","35.2681721947777","38.9843850634759","13.4152469146307","30.0921044901497","15.3056208864193","50.7292203501272","10.6014535066878","14.1097944239184","31.6249581812449","48.2114483140931","15.396891843214","184.758110981248","151.777704362039","185.794031823046","389.795656202075","","","289.446539468041","185.810006200019","52.2010897838918","-5.18834620042708","177.4595747965","24.5632569841471","161.978190779557","-30.6788867538815","49.5618829416487","-4.98194072416967","12.0836623461184","-41.8362226467613","-36.6516451062128","-8.72281634176301","2.00273785868702","16.2074245991594","11.4897286155385","-1.94386855937647","-8.97940736980375","27.6003639129915","-3.71642348209172","5.01026558840684","7.7723145803665","24.0281843835466","6.80905178476973","8.67176193451285","36.6500843004242","4.04071115572879","-16.5791897776102","12.2642999145848","-1.95959050717875","2.95792914106737",
"Zambia","ZMB","Total reserves (includes gold, current US$)","FI.RES.TOTL.CD","","","","","","203871760","217613970","187327600","201207700","369381600","514838710","285818117.736488","171375429.13001","207974126.907563","195695676.005514","165564753.4106","115298691.780345","94022882.2673962","96515885.1139815","191063141.633702","206121500","142426331.642886","157342358.096252","137306439.119532","54826402.0956977","201091984.182777","71497163.9340452","110764773.221354","139360163.91584","123043283.281205","201213453.144784","192407808.619777","","192326097.610916","268127772.141144","222702264.273228","222709084.988899","239085489.886015","69382429.8275874","45429575.7564944","244824131.796944","183446871.748212","535132846.101975","247729406.935735","337106225.049386","559788508.275448","719716911.583293","1089952022.63547","1095608609.0688","1892077713.20001","2093753266.11924","2324018126.65836","3042223849.42812","2683813403.45786","3078362296.84348","2967626716.43206","2352719004.10271","2082083919.53427","1569229906.13102","1448624290.19899","1203448374.22209","2753875454.2912","2967565317.1942","3173177777.1366","4089834507.97439","",
"Zambia","ZMB","Borrowers from commercial banks (per 1,000 adults)","FB.CBK.BRWR.P3","","","","","","","","","","","","","","","","","","","","","","","","","","","","","","","","","","","","","","","","","","","","","1.5365662110997","2.85587688764765","4.43936003590652","13.1758595424478","11.8638177508617","17.0899084772621","18.0618382217561","22.3726647947291","36.890631535519","36.6498191317726","36.4844333130676","32.2698802363904","23.8669538798167","23.266694157604","21.3576233483133","21.9367867360723","20.571530686696","32.0497829832809","46.3425483328434","61.1821234994845","44.7616393878","",
"Zambia","ZMB","Bank nonperforming loans to total gross loans (%)","FB.AST.NPER.ZS","","","","","","","","","","","","","","","","","","","","","","","","","","","","","","","","","","","","","","","","","","","","","","","","8.29268685998542","6.16079889871222","27.1980586657819","14.8235944117761","10.3765643433032","8.10539058575298","6.95836224281355","6.10431821561777","7.27920989434563","9.66494478806436","11.9837030549505","10.9511985266962","8.90727795611646","11.6305661246946","5.82203274352001","4.98070477108037","4.21601675932856","4.06472934916428","2.77282960709166",
"Zambia","ZMB","Renewable internal freshwater resources per capita (cubic meters)","ER.H2O.INTR.PC","","24645.9374460294","23882.5597458562","23139.686090827","22420.9166464683","21722.1375666764","21038.8082066042","20374.2407610312","19726.5195999698","19108.3591685338","18557.4347979206","18052.7965515107","17551.8880425902","17054.0581747522","16560.852045513","16071.8672984794","15591.4586801072","15124.99811409","14674.201619139","14240.7445814144","13820.8354436531","13403.9990379873","12980.2090655269","12568.4880735705","12187.5422650897","11827.2461112767","11479.3291205245","11152.3925775682","10850.3890987412","10567.6264847383","10300.3158549474","10048.0477094335","9808.38188604666","9577.35330916067","9351.38578325843","9128.40467014646","8907.0999471016","8682.41344678498","8457.76726755482","8234.08201535831","8005.88482446598","7767.41530539162","7531.96695438718","7301.79872801209","7073.43442053138","6843.69303766873","6611.9501683203","6382.76621288276","6159.12790435136","5944.97312123468","5742.68448588725","5554.86446823324","5377.6314269317","5208.13141271474","5045.51183792205","4890.51556461459","4741.51556928664","4598.27581857336","4462.10766487168","4331.89464378512","4207.89851933915","4091.08385002821","3979.56863659284","","","",
"Zambia","ZMB","Level of water stress: freshwater withdrawal as a proportion of available freshwater resources","ER.H2O.FWST.ZS","","","","","","","","","","","","","","","","","","","","","","","","","","","","","","","","","3.151154401","3.114177489","3.077200577","3.046987735","3.016774892","2.986562049","2.956349206","2.926136364","2.895923521","2.865710678","2.835497836","2.835497836","2.835497836","2.835497836","2.835497836","2.835497836","2.835497836","2.835497836","2.835497836","2.835497836","2.835497836","2.835497836","2.835497836","2.835497836","2.835497836","2.835497836","2.835497836","2.835497836","2.835497836","2.835497836","2.835497836","","","",
"Zambia","ZMB","Water productivity, total (constant 2015 US$ GDP per cubic meter of total freshwater withdrawal)","ER.GDP.FWTL.M3.KD","","","","","","","","","","","","","","","","","","","","","","","","","","","","","","","","","3.84659720099212","4.15683897316833","3.8439350994725","3.9945391484937","4.28543425883026","4.49388708681719","4.52230086881259","4.78146128238393","5.01963887291415","5.34226167171092","5.64247265551001","6.03434091338862","6.45869960901339","6.92602521375957","7.47343708382498","8.09765115152235","8.72715411553814","9.53182813090766","10.5134370786999","11.0989569037262","11.9421869521688","12.5461674699693","13.1349946355354","13.5185857498577","14.0262222061761","14.5207675531914","15.1066070338748","15.3243394713839","14.8975481786891","15.826398694584","16.6511477189501","","","",
"Zambia","ZMB","Population in urban agglomerations of more than 1 million (% of total population)","EN.URB.MCTY.TL.ZS","2.8836339457195","3.11005916868823","3.35427871542799","3.62499628524366","3.96050675744622","4.32519719204807","4.72281894846358","5.15630878711535","5.62933869671657","6.14660161882588","6.42158974741064","6.66803225643075","6.92060878351628","7.17693032481602","7.43914712850932","7.70611969412952","7.98037731330006","8.26269971786787","8.55677946285103","8.86376259648904","9.18306627125061","9.24580109702206","9.2715755918336","9.29644988793359","9.33541423207086","9.38084956495053","9.42839381999868","9.48530456739146","9.55678460489431","9.63795206250553","9.7279291009481","9.82631410798519","9.93257654696038","10.0421057232329","10.1528998215891","10.2622959440176","10.3691193288178","10.4655126851468","10.5562743134444","10.6415653790732","10.7140999703423","10.8598732129255","11.0454229260489","11.2312862956072","11.412598368806","11.5808854117467","11.7356426902129","11.8826175867493","12.0275326840804","12.1760017446495","12.336596638854","12.516411784735","12.7093479393915","12.9104187759761","13.1186579190158","13.337204280067","13.5629279225191","13.7961289627161","14.0419746350878","14.2953549504238","14.555199679738","14.8237668710661","15.0935263136323","15.3505856625409","15.595711293047","15.8386691463134",
"Zambia","ZMB","Population living in slums (% of urban population)","EN.POP.SLUM.UR.ZS","","","","","","","","","","","","","","","","","","","","","","","","","","","","","","","","","","","","","","","","","63.78455","","62.23191","","60.67926","","59.12662","","57.57398","","56.02134","","54.4687","","52.91605","","51.36341","","49.81077","","48.25813","","48.25813","","","",
"Zambia","ZMB","Population density (people per sq. km of land area)","EN.POP.DNST","","4.37736047027805","4.51727760663985","4.66229973499778","4.81176367720846","4.96655322240009","5.127864243533","5.29512503531121","5.46899070474448","5.6459139886197","5.81352721989803","5.97603545918024","6.14658389270773","6.326010573185","6.51440831864835","6.71260845585762","6.91943932525323","7.13283740701381","7.35196061286808","7.57573817242632","7.80590672459947","8.04865413847375","8.31143410592018","8.58370169090249","8.85200231372496","9.12166292255747","9.39812346144016","9.67363295174807","9.94288327795639","10.2089293641292","10.4738683598111","10.7368272373855","10.9991794347516","11.2645058448459","11.5367021348148","11.8185111448903","12.1121524368097","12.4255949098051","12.755630288274","13.1021469215351","13.475606343911","13.8893245806373","14.3235031410162","14.7750104252142","15.2520184559921","15.7640256123973","16.3165404431052","16.9024132689436","17.5161409219925","18.1471219682804","18.7863624746096","19.4215633785765","20.0616486635548","20.7145603249976","21.3822018052435","22.0598730141648","22.7530946071376","23.4618706197285","24.1778460834824","24.9046113076582","25.6384872005273","26.3705551594721","27.1095091405588","27.8776483407095","","",
"Zambia","ZMB","Nitrous oxide (N2O) emissions (total) excluding LULUCF (% change from 1990)","EN.GHG.N2O.ZG.AR5","","","","","","","","","","","","","","","","","","","","","","","","","","","","","","","","-20.9014066738157","-12.9628461489939","-13.5416009588091","-11.8747240269981","-14.5571816060052","-12.6663722954646","-37.2216615151706","-13.0653504068631","-17.5455749700372","-23.0019554658424","-7.71935911184003","-19.7486280199331","-14.6581088752917","-14.0415063394941","-7.48754179019744","-13.9563489560336","-16.1909417775815","-12.7814924619946","-10.8197186652369","2.9600075695452","0.670220147606138","11.5167476187473","17.0645934523434","15.4276793036018","19.1746041758658","21.666246136378","22.543051788305","21.9674509556551","30.5699236737526","25.968270989718","24.8833028448874","34.4335457011291","27.8527723459282","36.7186021573204","",
"Zambia","ZMB","Nitrous oxide (N2O) emissions (total) excluding LULUCF (Mt CO2e)","EN.GHG.N2O.MT.CE.AR5","","","","","","","","","","","2.5409","2.5949","2.6696","2.7567","2.8828","2.8828","3.0176","3.08","3.0223","3.0815","3.1225","3.1789","5.8354","5.9225","4.675","5.7969","6.0781","5.4068","5.2631","5.9061","6.3412","5.0158","5.5192","5.4825","5.5882","5.4181","5.538","3.9809","5.5127","5.2286","4.8826","5.8517","5.0889","5.4117","5.4508","5.8664","5.4562","5.3145","5.5307","5.6551","6.5289","6.3837","7.0715","7.4233","7.3195","7.5571","7.7151","7.7707","7.7342","8.2797","7.9879","7.9191","8.5247","8.1074","8.6696","",
"Zambia","ZMB","Nitrous oxide (N2O) emissions from Building (Energy) (Mt CO2e)","EN.GHG.N2O.BU.MT.CE.AR5","","","","","","","","","","","0.0592","0.0592","0.0612","0.0629","0.0647","0.0669","0.0695","0.072","0.0746","0.0767","0.0782","0.0801","0.0823","0.0848","0.0878","0.0905","0.0953","0.0981","0.1001","0.1053","0.104","0.1055","0.1094","0.1106","0.1132","0.1171","0.1183","0.1214","0.1239","0.128","0.1324","0.1359","0.1391","0.1425","0.146","0.15","0.1586","0.1622","0.1685","0.1729","0.1776","0.1831","0.1897","0.1944","0.1996","0.2082","0.2135","0.216","0.2223","0.2314","0.2384","0.2449","0.2494","0.2496","0.2497","",
"Zambia","ZMB","Carbon dioxide (CO2) emissions from Waste (Mt CO2e)","EN.GHG.CO2.WA.MT.CE.AR5","","","","","","","","","","","","","","","","","","","","","","","","","","","","","","","","","","","","","","","","","","","","","","","","","","","","","","","","","","","","","","","","","","",
"Zambia","ZMB","Carbon dioxide (CO2) emissions from Power Industry (Energy) (Mt CO2e)","EN.GHG.CO2.PI.MT.CE.AR5","","","","","","","","","","","0.3563","0.3563","0.3446","0.3403","0.3446","0.3563","0.3052","0.2678","0.2351","0.1743","0.1707","0.1473","0.148","0.1418","0.1372","0.1395","0.1512","0.1253","0.137","0.1087","0.0931","0.0915","0.0891","0.0923","0.0707","0.059","0.0526","0.0801","0.0777","0.0519","0.0551","0.0574","0.0574","0.0597","0.0527","0.0574","0.0349","0.0252","0.0254","0.0222","0.0254","0.0349","0.0317","0.0317","0.2659","0.3007","0.7371","2.2897","3.3586","2.8951","3.0256","1.9923","3.1293","3.6175","3.6934","",
"Zambia","ZMB","Carbon dioxide (CO2) net fluxes from LULUCF - Other Land (Mt CO2e)","EN.GHG.CO2.LU.OL.MT.CE.AR5","","","","","","","","","","","","","","","","","","","","","","","","","","","","","","","","","","","","","","","","","0","0","0","0","0","0","0","0","0","0","0","0","0","0","0","0","0","0","0","0","0","0","0","0","","",
"Zambia","ZMB","Net official flows from UN agencies, UNDP (current US$)","DT.NFL.UNDP.CD","","","","","","","","","819999.992847443","1580000.04291534","2319999.9332428","2900000.09536743","3440000.05722046","3049999.95231628","2690000.05722046","4300000.19073486","3450000.04768372","1980000.01907349","1899999.97615814","2299999.95231628","4460000.03814697","4510000.22888184","3519999.98092651","2319999.9332428","2359999.89509583","2000000","1870000.00476837","1659999.9666214","3630000.11444092","6079999.92370605","6510000.22888184","7110000.1335144","4070000.17166138","3579999.92370605","3799999.95231628","3140000.10490417","5710000.03814697","9500000","5940000.05722046","5519999.98092651","3109999.89509583","2789999.96185303","2769999.98092651","2450000.04768372","4340000.15258789","5269999.98092651","8359999.65667725","3710000.03814697","12609999.6566772","-239999.994635582","6039999.96185303","4000000","4440185.07003784","4265991.2109375","3962634.08660889","3914205.0743103","3807284.116745","2938781.97669983","1908354.99763489","3070410.01319885","2331302.88124084","2434194.08798218","3624142.88520813","","","",
"Zambia","ZMB","Net official flows from UN agencies, UNICEF (current US$)","DT.NFL.UNCF.CD","","","","","","","","","","","100000.001490116","59999.9986588955","9999.99977648258","79999.9982118607","90000.0035762787","409999.996423721","300000.011920929","280000.001192093","479999.989271164","389999.985694885","430000.007152557","419999.986886978","490000.009536743","379999.995231628","349999.994039536","469999.998807907","589999.973773956","2369999.88555908","2230000.01907349","3390000.10490417","2829999.92370605","2740000.00953674","3859999.89509583","6429999.82833862","7170000.07629395","9640000.34332275","8439999.5803833","2819999.9332428","2400000.09536743","2839999.91416931","4480000.01907349","3390000.10490417","3740000.00953674","3630000.11444092","4010000.22888184","4530000.20980835","5750000","10010000.2288818","8810000.4196167","8949999.80926514","8989999.77111816","8460000.03814697","8226784.70611572","8266953.46832275","8605789.18457031","8749936.1038208","9079675.67443848","7774219.98977661","8327240.94390869","9036000.25177002","7307000.16021729","7318999.76730347","8751000.40435791","8274000.16784668","","",
"Zambia","ZMB","Net official flows from UN agencies, SDGFUND (current US$)","DT.NFL.SDGF.CD","","","","","","","","","","","","","","","","","","","","","","","","","","","","","","","","","","","","","","","","","","","","","","","","","","","","","","","","","","","","","","","500000","","","",
"Zambia","ZMB","PPG, other private creditors (NFL, current US$)","DT.NFL.PROP.CD","","","","","","","","","","","318819000","-23806000","33500000","-72248000","-23719000","228423000","38449000","-25837000","-106694000","-30693000","138721000","22698000","46015000","36780000","42224000","4108000","113492000","-38960000","-32703000","10137000","-11232000","-12044000","-23460000","-38677000","-27449000","-42946000","-29519000","-8173000","-47569000","-388000","-548000","-1443000","-326000","-117964000","-2802000","-11526000","","19622000","28940000","8907000","-1364000","-4111000","-7248000","-8038000","-8018000","-8035000","-7307000","40232000","-745000","44038000","271444000","-12868000","-741000","-15991000","-5150000","",
"Zambia","ZMB","PPG, commercial banks (NFL, current US$)","DT.NFL.PCBK.CD","","","","","","","","","","","","","","","","","1227000","6588000","2740000","60275000","5422000","-4268000","15768000","-1663000","-4338000","","","-2000","-16000","-16000","-18000","3000000","","","68000","3660000","-1609000","2113000","-2726000","-3139000","-274000","-332000","16410000","-6214000","","-8372000","-1824000","","","","","","136674000","93963000","37301000","74295000","75328000","1392192000","843215000","925902000","251485000","-23778000","-222322000","-48226000","-21838000","",
"Zambia","ZMB","Net financial flows, others (NFL, current US$)","DT.NFL.MOTH.CD","","","","","","","","","","","","","","","","12700000","","","","281039.6","4309256.1","33446670.6","9772931.9","3939837.9","34079749.7","30190050.3","15063812","14982686.7","20878728.8","26754714.3","5290655.6","16217402.5","6825857.4","10197318.6","7299920.6","-12487141.3","-3885323.2","14759660.8","-8002507.9","11437897.3","-8954011.9","210669.5","7378347.4","22779896.8","29232159.6","4226427.8","30854430.7","-9393705.6","-17227060.8","-14493598.2","-4099276.8","-12307850.5","2348241.5","49465292.2","52116830.8","37547708.3","15611704","12555763.7","20672998.7","160188375.7","508025617.1","-40967119.5","20504378.8","-3005814.8","39124063","",
"Zambia","ZMB","Net financial flows, IMF nonconcessional (NFL, current US$)","DT.NFL.IMFN.CD","","","","","","","","","","","-3570000","19057475","41256600","22656075","","23003577","22271173.1","23351.5","186293384.4","125060345.6","33123637.8","367038611.2","-57700000","64300000","77202414.7","-25286120.4","-32063677.7","-3693706.5","","-17688070.1","-24778333.3","-34377913.1","-36626742.7","-69526382.3","-20942482.6","428190211.1","","13760900.2","","13673925.1","26380100","53495346.9","109821597.3","-70713536.4","-4468267.7","-62760357.8","24288523.6","42116391.5","11044738.9","243593461.4","55299794.7","23799746","-11798774.1","-17785139.3","-35092857.6","-60772377.4","-69340289.3","-65620463.9","-61342424.5","-44118529","-15375282.2","-2621201","187194837.9","373213566.6","760987887.4","",
"Zambia","ZMB","Net official flows from UN agencies, IAEA (current US$)","DT.NFL.IAEA.CD","","","","","","","","","","","","","","","","","","","","","","","","","","","","","","","","","","","","","","","","","","","","","","","490000.009536743","360000.014305115","829999.983310699","340000.003576279","560000.002384186","340000.003576279","349999.994039536","330000.013113022","409999.996423721","241973.996162415","371758.013963699","156949.996948242","521108.984947205","260039.985179901","729348.003864288","240136.995911598","95620.9972500801","393359.005451202","","",
"Zambia","ZMB","Portfolio investment, bonds (PPG + PNG) (NFL, current US$)","DT.NFL.BOND.CD","","","","","","","","","","","-7052000","-205000","-20260000","-3433000","-12037000","-1142000","","1726000","-426000","-3331000","-3201000","-2255000","","","","","","","","","","","","","","","","","","","","","","","","","","","","","","","750000000","","1000000000","1250000000","","","","","","","","","-344722000","",
"Zambia","ZMB","Present value of external debt (current US$)","DT.DOD.PVLX.CD","","","","","","","","","","","","","","","","","","","","","","","","","","","","","","","","","","","","","","","","","","","","","","","","","","","","","","","","","","","","","","","","","13608113410.8","",
"Zambia","ZMB","Short-term debt (% of total external debt)","DT.DOD.DSTC.ZS","","","","","","","","","","","19.6675","19.5931","19.6075","19.5022","19.5597","19.7018","19.715","27.685","25.2067","21.4354","18.0252","16.9176","17.6733","13.6139","11.8688","14.9305","18.4566","17.7043","21.4902","23.6484","20.4664","19.2857","19.8986","20.0108","11.8955","5.9602","6.749","3.8727","4.7754","1.8438","1.3121","2.2767","1.3728","1.2953","1.8132","4.364","18.8145","20.1526","22.0685","12.2543","26.6185","10.1419","13.2862","11.2304","8.48","6.0028","4.8332","3.7924","2.5258","2.855","2.4711","5.2557","9.5849","11.725","9.9308","",
"Zambia","ZMB","External debt stocks, public and publicly guaranteed (PPG) (DOD, current US$)","DT.DOD.DPPG.CD","","","","","","","","","","","623521836.3","633825763","677269149.4","704607624.2","808254084","1141219401.5","1294590442.1","1398608449.5","1460303801.5","1811342334.4","2132206996.4","2168767680.2","2289709720.3","2500314905.4","2543907151.1","3016525693.4","3735388719.6","4341683368.2","4315185045","4103445455.8","4541136917.5","4694782001.8","4506203878.5","4391270795.3","5180462915.9","5290763817.7","5369174780.2","5251475347.6","5326311136.3","4505435570.8","4444649851","4831135975.2","5262028478.1","5580510114.7","5849401795.7","3850761162.2","856619441.1","1012273672.2","1039644288.8","1094470773.8","1259296023.9","2018076181.7","3471895571.3","3752027953.1","5255021917","7020045266","7595455305.8","9571112966.9","10978815896.8","13159433311.5","15057530164.4","15257990669.3","15718791313","15384618393.9","15473254703.4","",
"Zambia","ZMB","External debt stocks (% of GNI)","DT.DOD.DECT.GN.ZS","","","","","","","","","","","46.699932341955","53.4899281117582","52.9059736406643","45.8907665790275","43.9379109211226","74.004975192188","75.9562187557537","97.1830454580142","97.8534089094816","99.1698715630397","90.4832053065349","92.669289137594","100.756323268905","121.981605138484","153.57622700041","225.95569530271","414.942857751139","337.281512810581","201.742108142264","182.660213749883","229.538020722046","232.498520026532","233.666931212624","214.606589149781","199.05592954765","195.170857636692","208.186285512222","164.339726879577","207.250294398503","183.714702165448","168.74595025929","157.635418691761","165.237577725425","144.62151406803","129.644064882373","69.7392192459111","19.4214830465834","21.8985577061852","17.7868258785837","24.4196980321342","22.8577652777151","23.3139842267552","24.6574539542756","24.8009879997029","36.2953659204568","59.0750571840252","77.571432468707","96.0061537858578","95.0251331352744","128.346607422193","167.518099257658","133.551637288097","103.673945530947","110.675742084891","114.201909487961","",
"Zambia","ZMB","Net ODA provided, total (current US$)","DC.ODA.TOTL.CD","","","","","","","","","","","","","","","","","","","","","","","","","","","","","","","","","","","","","","","","","","","","","","","","","","","","","","","","","","","","","","","","","","",
"Zambia","ZMB","Net bilateral aid flows from DAC donors, Total (current US$)","DC.DAC.TOTL.CD","920000.016689301","910000.026226044","5880000.11444092","5379999.88533556","20669999.4634837","13159999.6984005","28489999.95552","60330000.55328","29479999.4062632","17890000.2539158","9990000.02071261","17659999.9442697","16680000.5733967","40459999.9021739","52169999.0816414","67520000.776276","56379999.2147833","103040000.911802","176590001.100674","222920002.648607","254579997.850582","206819999.314845","219919998.807833","188550001.103431","205700000.35502","244489997.917786","365350001.111627","366170000.553131","441989999.933168","348219999.311492","434839998.904616","614200002.260506","794120011.348277","654460004.381836","479889998.322353","516610002.251342","391460003.394634","395870001.494884","277039999.466389","420920003.369451","511940009.716898","318359999.79265","463629993.885755","671379995.279014","869609985.474498","962070004.347712","1214560004.88251","780669987.877831","840190011.389553","854640002.645553","689709997.970611","782569993.669168","719796793.695539","780251173.045719","820792541.461997","641136954.273563","770338951.988816","785539595.655398","725446264.341473","645463984.904346","660848104.712088","698281991.409138","719955568.872392","718515662.326478","","",
"Zambia","ZMB","Net bilateral aid flows from DAC donors, Portugal (current US$)","DC.DAC.PRTL.CD","","","","","","","","","","","","","","","","","","","","","","","","","","","","","","","","","","","9999.99977648258","","","","","","","","","","","","","","","","","","","","","","460.999988717958","","","","","","","6316.99990481138","","",
"Zambia","ZMB","Surface area (sq. km)","AG.SRF.TOTL.K2","","752610","752610","752610","752610","752610","752610","752610","752610","752610","752610","752610","752610","752610","752610","752610","752610","752610","752610","752610","752610","752610","752610","752610","752610","752610","752610","752610","752610","752610","752610","752610","752610","752610","752610","752610","752610","752610","752610","752610","752610","752610","752610","752610","752610","752610","752610","752610","752610","752610","752610","752610","752610","752610","752610","752610","752610","752610","752610","752610","752610","752610","752610","752610","","",
"Zambia","ZMB","Cereal production (metric tons)","AG.PRD.CREL.MT","","766608","748934","676717","773214","816214","892081","893199","823391","830637","687555","1065755","1380494","1027462","1236246","1616425","1744399","1736114","1470553","936139","984244","1050738","797960","982959","924702","1192709","1318756","1158112","2055470","1966639","1209431","1222673.76","608801","1756388","1187964","870488","1572874","1137129","797593","1003092","1208056","950274.2","752881.31","1361067.68","1380463.7","1066787.19","1603437.19","1536798.17","1394781.88","2197285.41","3096213.43","3376059.01","3210649.44","2901568.18","3652300.93","2900164.12","3110868.43","3895117.44","2602942.73","2225768.76","3689518.39","3953632.31","3056715.38","3658965.82","","",
"Zambia","ZMB","Average precipitation in depth (mm per year)","AG.LND.PRCP.MM","","1020","1020","1020","1020","1020","1020","1020","1020","1020","1020","1020","1020","1020","1020","1020","1020","1020","1020","1020","1020","1020","1020","1020","1020","1020","1020","1020","1020","1020","1020","1020","1020","1020","1020","1020","1020","1020","1020","1020","1020","1020","1020","1020","1020","1020","1020","1020","1020","1020","1020","1020","1020","1020","1020","1020","1020","1020","1020","1020","1020","1020","1020","","","",
"Zambia","ZMB","Land area where elevation is below 5 meters (% of total land area)","AG.LND.EL5M.ZS","","","","","","","","","","","","","","","","","","","","","","","","","","","","","","","0","","","","","","","","","","0","","","","","","","","","","","","","","","0","","","","","","","","","","",
"Zambia","ZMB","Rural land area where elevation is below 5 meters (sq. km)","AG.LND.EL5M.RU.K2","","","","","","","","","","","","","","","","","","","","","","","","","","","","","","","0","","","","","","","","","","0","","","","","","","","","","","","","","","0","","","","","","","","","","",
"Zambia","ZMB","Arable land (hectares per person)","AG.LND.ARBL.HA.PC","","0.783322874687393","0.759953771464153","0.743239792643022","0.72714219697586","0.705292346927997","0.697271224602919","0.678802634831365","0.665339594986512","0.651399675396153","0.639329081629111","0.650981142480909","0.63510697131667","0.619219668390005","0.607093578725789","0.586162242494418","0.56436414648817","0.543330667913882","0.498044598594717","0.409465798064111","0.401872671503729","0.399111592303163","0.395556495712566","0.391785787829504","0.38842092306196","0.385196594048064","0.381737790080285","0.378652930033894","0.37597545268581","0.380935263932401","0.371299415668989","0.345166726178171","0.339868993283337","0.331983069818786","0.332312337684371","0.323705522218161","0.315857758722655","0.307890072851078","0.299923816819525","0.291991636554601","0.283899456867597","0.263627237671771","0.242488013419298","0.261662961899087","0.252421063735172","0.232702629846915","0.248401569291135","0.234697974585926","0.234384767631924","0.263150306488568","0.243455452020158","0.249345537227427","0.25480049155038","0.240275389364645","0.232772990028823","0.225622289140574","0.218748224518211","0.217873417837641","0.211421560180952","0.205251865915006","0.199376737824049","0.193841878180888","0.188558114950783","0.183362594947444","","",
"Zambia","ZMB","Fertilizer consumption (kilograms per hectare of arable land)","AG.CON.FERT.ZS","","4.00156924284033","3.3346394984326","3.55201863354037","4.0561322568243","4.22427035330261","4.58991723100075","5.53892215568862","7.06099815157116","6.00182882223848","13.1013391241404","18.4294605809129","14.3911095796003","14.9213598901099","21.0884353741497","18.2222222222222","20.1515673441268","23.4293648038875","18.5892725936811","25.0281873373807","33.704974271012","35.678391959799","34.0360065466448","27.4788","22.0093896713615","30.6856814701378","28.8616422947132","34.9889827396254","31.2486505937388","27.4299550328606","20.5811138014528","22.6827586206897","30.4066210867218","30.7194244604317","20.7017543859649","19.3389592123769","18.0731364275668","19.9367088607595","12.9043600562588","11.9592123769339","11.0376230661041","13.3725202057311","26.074748257165","26.1729297146834","29.9046121593291","27.983865053172","25.6770660471291","32.3343506273313","38.6566186107471","25.7777464788732","29.1735294117647","46.1472222222222","37.626052631579","48.9721621621622","51.8308108108108","57.4216216216216","65.7148648648649","72.0531578947368","52.5134210526316","67.5755263157895","79.7642105263158","63.9044736842105","64.5623684210526","77.271052631579","","",
"Zambia","ZMB","Unemployment, female (% of female labor force) (national estimate)","SL.UEM.TOTL.FE.NE.ZS","","","","","","","","","","","","","","","","","","","","","","","","","","","17.8","","","","16.742","23.004","","20.629","","","15.9","","12","","11.311","","","","","","","","7.708","","","","8.627","","","18.767","","4.771","5.085","5.224","6.542","5.7","6.292","6.037","6.231","",
"Zambia","ZMB","Share of youth not in education, employment or training, male (% of male youth population)  (modeled ILO estimate)","SL.UEM.NEET.MA.ME.ZS","","","","","","","","","","","","","","","","","","","","","","","","","","","","","","","","","","","","","","","","","","","","","","35.168","33.625","32.015","30.4","32.025","33.629","31.86","30.015","29.605","29.182","28.877","28.522","28.18","28.495","27.084","26.091","26.516","25.233","25.444","25.541","25.611",
"Zambia","ZMB","Unemployment with intermediate education, male (% of male labor force with intermediate education)","SL.UEM.INTM.MA.ZS","","","","","","","","","","","","","","","","","","","","","","","","","","","","","","","","","","","","","","","","","","","","","","","","","","","","","","","","3.384","","7.4","9.724","8.567","7.775","7.806","9.293","8.249","9.089","",
"Zambia","ZMB","Unemployment with basic education, female (% of female labor force with basic education)","SL.UEM.BASC.FE.ZS","","","","","","","","","","","","","","","","","","","","","","","","","","","","","","","","","","","","","","","","","","","","","","","","","","","","","","","","21.533","","2.921","3.932","4.44","4.585","5.142","5.087","2.884","3.948","",
"Zambia","ZMB","Unemployment, youth total (% of total labor force ages 15-24) (modeled ILO estimate)","SL.UEM.1524.ZS","","","","","","","","","","","","","","","","","","","","","","","","","","","","","","","","33.631","34.583","34.741","32.762","29.55","26.821","23.357","21.016","21.82","22.543","24.045","25.983","27.737","29.625","31.462","26.773","21.859","16.786","22.898","29.164","23.216","17.161","15.71","14.003","12.364","10.506","8.514","8.745","10.348","11.042","9.364","9.849","10.038","10.102","10.47",
"Zambia","ZMB","Unemployment, youth female (% of female labor force ages 15-24) (modeled ILO estimate)","SL.UEM.1524.FE.ZS","","","","","","","","","","","","","","","","","","","","","","","","","","","","","","","","42.243","41.202","39.277","36.909","33.191","30.014","25.298","21.842","21.836","21.702","23.181","25.091","26.853","28.769","30.669","26.222","21.537","16.661","22.652","28.763","22.851","16.857","15.385","13.666","12.005","10.131","8.123","8.037","8.194","10.764","10.005","9.88","9.788","9.845","10.131",
"Zambia","ZMB","Part time employment, total (% of total employment)","SL.TLF.PART.ZS","","","","","","","","","","","","","","","","","","","","","","","","","","","","","","","","","","","","","","","","","","","","","","","","","","","","","","","","","","16.747","16.228","18.806","16.988","16.904","15.282","16.542","18.001","",
"Zambia","ZMB","Labor force with intermediate education, male (% of male working-age population with intermediate education)","SL.TLF.INTM.MA.ZS","","","","","","","","","","","","","","","","","","","","","","","","","","","","","","","","","","","","","","","","","","","","","","","","","","","","","","","","73.069","","65.352","64.198","66.186","69.4","65.628","67.157","66.283","68.667","",
"Zambia","ZMB","Labor force participation rate, male (% of male population ages 15+) (modeled ILO estimate)","SL.TLF.CACT.MA.ZS","","","","","","","","","","","","","","","","","","","","","","","","","","","","","","","69.298","69.237","69.191","69.165","69.171","69.202","69.235","69.219","69.174","69.108","68.987","68.774","68.551","68.353","68.171","67.994","67.808","67.622","67.429","67.236","67.053","66.896","66.735","66.539","66.296","66.024","65.72","65.388","65.043","67.179","67.566","66.285","65.294","67.759","67.629","67.628",
"Zambia","ZMB","Labor force participation rate, female (% of female population ages 15+) (modeled ILO estimate)","SL.TLF.CACT.FE.ZS","","","","","","","","","","","","","","","","","","","","","","","","","","","","","","","50.996","51.03","51.06","51.083","51.096","51.097","51.094","51.096","51.102","51.109","51.126","51.159","51.196","51.23","51.259","51.284","51.31","51.337","51.37","51.408","51.451","51.495","51.545","51.61","51.691","51.787","51.893","52.012","52.138","52.172","54.406","54.123","53.968","56.361","56.366","56.426",
"Zambia","ZMB","Labor force with basic education, female (% of female working-age population with basic education)","SL.TLF.BASC.FE.ZS","","","","","","","","","","","","","","","","","","","","","","","","","","","","","","","","","","","","","","","","","","","","","","","","","","","","","","","","62.877","","59.413","50.155","51.006","54.948","53.136","53.325","57.114","58.887","",
"Zambia","ZMB","Labor force participation rate, total (% of total population ages 15-64) (modeled ILO estimate)","SL.TLF.ACTI.ZS","","","","","","","","","","","","","","","","","","","","","","","","","","","","","","","59.61","59.573","59.535","59.538","59.488","59.496","59.521","59.524","59.505","59.501","59.481","59.441","59.396","59.365","59.337","59.311","59.283","59.256","59.224","59.194","59.167","59.134","59.102","59.053","58.99","58.913","58.831","58.741","58.648","59.87","61.184","60.514","59.872","62.239","62.208","62.247",
"Zambia","ZMB","Labor force participation rate for ages 15-24, total (%) (national estimate)","SL.TLF.ACTI.1524.NE.ZS","","","","","","","","","","12.093","","","","","","","","","","","47.799","","","","","","","","","","","","","","","","","","","","39.945","","","","","68.605","","","56.094","","","","56.674","","","24.535","","40.598","35.753","36.664","39.352","38.22","35.388","37.07","38.85","",
"Zambia","ZMB","Labor force participation rate for ages 15-24, female (%) (national estimate)","SL.TLF.ACTI.1524.FE.NE.ZS","","","","","","","","","","9.702","","","","","","","","","","","39.718","","","","","","","","","","","","","","","","","","","","36.204","","","","","","","","","","","","","","","23.876","","38.174","34.297","33.699","37.581","34.488","32.792","34.613","36.278","",
"Zambia","ZMB","Children in employment, work only, male (% of male children in employment, ages 7-14)","SL.TLF.0714.WK.MA.ZS","","","","","","","","","","","","","","","","","","","","","","","","","","","","","","","","","","","","","","","","","","","","","","","","","18.7895338343414","","","","","","","","","","","","","","","","","",
"Zambia","ZMB","Children in employment, study and work (% of children in employment, ages 7-14)","SL.TLF.0714.SW.ZS","","","","","","","","","","","","","","","","","","","","","","","","","","","","","","","","","","","","","","","","","","","","","","74.07717","","","81.4246089164914","","","","","","","","","","","","","","","","","",
"Zambia","ZMB","Children in employment, study and work, female (% of female children in employment, ages 7-14)","SL.TLF.0714.SW.FE.ZS","","","","","","","","","","","","","","","","","","","","","","","","","","","","","","","","","","","","","","","","","","","","","","","","","81.6527169227797","","","","","","","","","","","","","","","","","",
"Zambia","ZMB","Employment in services (% of total employment) (modeled ILO estimate)","SL.SRV.EMPL.ZS","","","","","","","","","","","","","","","","","","","","","","","","","","","","","","","","18.1564812786894","17.9976857555693","17.8974565976153","18.5502518758914","18.6266229145357","18.8578143061127","18.9862266351927","18.911369051061","18.7804103922295","19.1226068824007","18.3759174844102","17.7792110298584","17.3303685274665","17.0145419850632","16.8128699907176","16.9311532809297","17.0711270366107","17.2194005212422","19.6348185546417","22.3693705000313","25.2239151069681","28.5558493942458","28.4955315757188","28.6495600942243","28.9466592252126","29.1606506427495","29.3803928466249","30.2807191314516","33.542399392437","32.2171216027503","32.0141703515057","34.211708332653","34.107528168994","34.6642767109741","35.1915560379026",
"Zambia","ZMB","Child employment in services, male (% of male economically active children ages 7-14)","SL.SRV.0714.MA.ZS","","","","","","","","","","","","","","","","","","","","","","","","","","","","","","","","","","","","","","","","","","","","","","2.75","","","5.39","","","","","","","","","","","","","","","","","",
"Zambia","ZMB","Children in employment, self-employed, female (% of female children in employment, ages 7-14)","SL.SLF.0714.FE.ZS","","","","","","","","","","","","","","","","","","","","","","","","","","","","","","","","","","","","","","","","","","","","","","","","","3.03","","","","","","","","","","","","","","","","","",
"Zambia","ZMB","Employment in industry (% of total employment) (modeled ILO estimate)","SL.IND.EMPL.ZS","","","","","","","","","","","","","","","","","","","","","","","","","","","","","","","","7.25101526442482","7.00615817683272","7.03306008849549","6.65832885559131","6.52149720253273","6.48092744951384","6.3700801032881","6.09428731874876","5.4486614871555","4.86742248873119","5.0914349866908","5.29843083487285","5.59665806243805","5.91733153475502","6.21016588978794","6.24705675394493","6.31085262298175","6.38858453602231","6.85011695806919","7.4494237883393","7.85907951420157","8.45342649153181","8.88205405384097","9.33061922574485","9.73687965715641","9.75125239684757","9.75334106605938","9.94584218160959","9.09130024188807","8.67113403880841","10.1766935470216","9.72499185924394","9.9236380116809","10.0113857203036","10.2798379243275",
"Zambia","ZMB","Contributing family workers, total (% of total employment) (modeled ILO estimate)","SL.FAM.WORK.ZS","","","","","","","","","","","","","","","","","","","","","","","","","","","","","","","","11.8640219757199","12.084879941178","12.1686597258817","12.3822531874015","12.5829940414989","12.6540507921398","12.637058165892","12.6846664061308","12.6662131050947","12.5900301118918","12.4837688306785","12.3526305971919","12.154397458737","11.910265945016","11.6380714685289","11.3127345906901","10.9688604670012","10.6189441371867","10.0732378732088","9.49622177373568","9.18086012607394","8.83724995282075","8.27289767683986","7.779191958407","7.15375854145354","6.79103114730293","6.67407544949233","6.39195953940123","2.89142218475796","2.63105243392341","3.49147833143395","3.17152149421459","2.44738889886526","2.29685826527376","2.14665354069538",
"Zambia","ZMB","Children in employment, unpaid family workers, male (% of male children in employment, ages 7-14)","SL.FAM.0714.MA.ZS","","","","","","","","","","","","","","","","","","","","","","","","","","","","","","","","","","","","","","","","","","","","","","","","","92.68","","","","","","","","","","","","","","","","","",
"Zambia","ZMB","Wage and salaried workers, female (% of female employment) (modeled ILO estimate)","SL.EMP.WORK.FE.ZS","","","","","","","","","","","","","","","","","","","","","","","","","","","","","","","","6.55312864234712","6.62257583403169","6.66600017414804","6.68596512433972","6.65188622733876","6.65920273970025","6.68153964714195","6.63938219348484","6.59301602835379","6.58781669186399","6.3982390253938","6.24826180369002","6.10105749874604","5.97248471251675","5.80889666435389","5.91482907696691","6.01251810923869","6.1136284625039","6.92418699947609","7.80072726174511","7.6780684499108","7.58401462500447","9.71357970763965","11.9521426927913","14.3136853834001","14.641827102431","14.92530036766","15.2640644187854","16.6075202756271","16.356178088328","17.3398031326592","17.3729012334923","19.3449749722969","19.5903041791141","19.8780284667256",
"Zambia","ZMB","Employment to population ratio, 15+, total (%) (modeled ILO estimate)","SL.EMP.TOTL.SP.ZS","","","","","","","","","","","","","","","","","","","","","","","","","","","","","","","","48.361","47.948","47.86","48.46","49.571","50.492","51.697","52.446","52.135","51.852","51.523","51.042","50.658","50.246","49.872","51.417","52.958","54.47","52.855","51.272","52.793","54.342","54.63","54.974","55.266","55.597","55.924","55.533","56.247","57.2","56.975","55.964","58.33","58.251","58.268",
"Zambia","ZMB","Employment to population ratio, 15+, female (%) (modeled ILO estimate)","SL.EMP.TOTL.SP.FE.ZS","","","","","","","","","","","","","","","","","","","","","","","","","","","","","","","","39.692","39.979","40.545","41.136","42.152","42.999","44.311","45.237","45.245","45.305","45.066","44.709","44.406","44.061","43.722","44.931","46.165","47.418","46.1","44.786","46.124","47.513","47.839","48.242","48.625","49.065","49.525","49.486","49.452","50.836","51.036","50.571","52.959","52.943","52.951",
"Zambia","ZMB","Self-employed, male (% of male employment) (modeled ILO estimate)","SL.EMP.SELF.MA.ZS","","","","","","","","","","","","","","","","","","","","","","","","","","","","","","","","74.5172028525869","74.589730062506","74.5993829611754","74.8791435007467","75.1414905854574","75.2723932942189","75.3527810940478","75.5656435262819","75.7221342141629","75.8042903741042","76.303984525182","76.7004477044176","77.0484698116414","77.3463663147557","77.7129176642032","77.3593256583037","77.008728228877","76.6610372351244","74.7233988896136","72.7530189994066","73.0187423872253","73.3313998365466","70.4318639410289","68.0170775031942","66.1509969440217","65.885824170779","65.6711937766623","65.3962565512651","67.0964483313614","68.4590616470469","65.5626487904092","66.4768531901949","65.1281922261035","64.8897612275589","64.5175895010431",
"Zambia","ZMB","Employers, female (% of female employment) (modeled ILO estimate)","SL.EMP.MPYR.FE.ZS","","","","","","","","","","","","","","","","","","","","","","","","","","","","","","","","0.496314103862523","0.492413519945489","0.45880484991556","0.453844349880624","0.42797044043283","0.424314839729417","0.420738641925431","0.386511167812247","0.35582747037664","0.359182258514931","0.396829432181123","0.439859171716986","0.483621774830054","0.542318285183035","0.598696616395731","0.567174476881635","0.516842375932116","0.46178503455875","0.487309146022004","0.535892359221536","0.569762401127544","0.571212639598834","0.6084515263686","0.631464900158253","0.638888066523665","0.668157177737013","0.691605601673521","0.710868890290711","0.644483811753012","1.39858612428113","2.2572612337465","1.80838715816929","1.02443707340194","1.02004245910364","1.02226906684741",
"Zambia","ZMB","Employment to population ratio, ages 15-24, male (%) (national estimate)","SL.EMP.1524.SP.MA.NE.ZS","","","","","","","","","","","","","","","","","","","","","","","","","","","","","","","","","","","","","","","","","33.88","","","","","","","","","","","","","","","18.38","","39.648","33.836","35.109","36.722","38.301","34.285","35.54","37.092","",
"Zambia","ZMB","Employment in agriculture, male (% of male employment) (modeled ILO estimate)","SL.AGR.EMPL.MA.ZS","","","","","","","","","","","","","","","","","","","","","","","","","","","","","","","","65.9427361215708","66.2863932091551","66.2160334091177","65.8950130347847","65.9944703436863","65.734558954605","65.6927708609861","66.0999867050362","66.8311200242677","67.2768519830564","68.0469187291519","68.6051585172758","68.8572638016654","68.8861404370243","68.7844280212345","68.7500310813835","68.6570837162969","68.549295970115","65.7531798461842","62.543388859161","59.6434933218804","56.2368266779651","56.0303112180983","55.6765140246373","55.3707057590461","55.1758253658567","54.9681271669337","53.7727441771001","53.104241457787","54.6661660163826","53.7127833173875","52.9716157865057","52.9319353702492","52.3246566445493","51.553759808249",
"Zambia","ZMB","Child employment in agriculture, female (% of female economically active children ages 7-14)","SL.AGR.0714.FE.ZS","","","","","","","","","","","","","","","","","","","","","","","","","","","","","","","","","","","","","","","","","","","","","","95.32","","","90.11","","","","","","","","","","","","","","","","","",
"Zambia","ZMB","Annualized average growth rate in per capita real survey mean consumption or income, bottom 40% of population (%)","SI.SPR.PC40.ZG","","","","","","","","","","","","","","","","","","","","","","","","","","","","","","","","","","","","","","","","","","","","","","","","","","","","","","","","","","","","","","","0.04","","","",
"Zambia","ZMB","Poverty gap at $8.30 a day (2021 PPP) (%)","SI.POV.UMIC.GP","","","","","","","","","","","","","","","","","","","","","","","","","","","","","","","","65.6","","67.1","","","59.1","","59.8","","","","66.5","","67.5","","69.7","","","","68.9","","","","","67.2","","","","","","","69.6","","","",
"Zambia","ZMB","Multidimensional poverty headcount ratio (World Bank) (% of population)","SI.POV.MPWB","","","","","","","","","","","","","","","","","","","","","","","","","","","","","","","","","","","","","","","","","","","","","","","","","","","","","","","","71.4","","","","","","","72.7","","","",
"Zambia","ZMB","Gini index","SI.POV.GINI","","","","","","","","","","","","","","","","","","","","","","","","","","","","","","","","59.4","","52.6","","","48.3","","49.1","","","","42.1","","54.3","","54.6","","","","52","","","","","55.8","","","","","","","51.5","","","",
"Zambia","ZMB","Income share held by lowest 10%","SI.DST.FRST.10","","","","","","","","","","","","","","","","","","","","","","","","","","","","","","","","0.8","","1.1","","","1.7","","1.6","","","","2.4","","1.4","","1.4","","","","1.6","","","","","1.2","","","","","","","1.5","","","",
"Zambia","ZMB","Income share held by fourth 20%","SI.DST.04TH.20","","","","","","","","","","","","","","","","","","","","","","","","","","","","","","","","21.9","","21","","","20.7","","20.5","","","","20.6","","19.4","","19.1","","","","19.4","","","","","19.4","","","","","","","20.5","","","",
"Zambia","ZMB","UHC service coverage sub-index on non-communicable diseases","SH_UHC_SCI_NCD","","","","","","","","","","","","","","","","","","","","","","","","","","","","","","","","","","","","","","","","","54","55","55","56","57","57","58","59","59","60","60","61","61","62","62","63","63","63","64","64","64","64","63","64","","",
"Zambia","ZMB","Proportion of population pushed into poverty (based on the societal poverty line) due to out-of-pocket health expenditure (%)","SH_UHC_FH40_PUSHED","","","","","","","","","","","","","","","","","","","","","","","","","","","","","","","","","","","","","1.13","","","","","","","","0.61","","0.34","","","","0.12","","","","","0.07","","","","","","","","","","",
"Zambia","ZMB","Proportion of population facing financial hardship due to out-of-pocket health expenditure (%)","SH_UHC_FH40","","","","","","","","","","","","","","","","","","","","","","","","","","","","","","","","","","","","","25.49","","","","","","","","26.1","","34.97","","","","23.41","","","","","14.06","","","","","","","","","","",
"Zambia","ZMB","Out-of-pocket expenditure per capita, PPP (current international $)","SH.XPD.OOPC.PP.CD","","","","","","","","","","","","","","","","","","","","","","","","","","","","","","","","","","","","","","","","","32.0387873167461","33.1080304153303","30.7646705636608","33.0934995905655","35.1190333548503","36.5603801010251","34.0803575096512","28.9270188227453","24.840521319954","22.0494020492012","18.2282311565767","15.5833078530155","16.9837798604557","18.6231067118661","18.2111406245194","18.1184890603885","17.9763886281144","17.2808264239445","16.8725787486665","16.4633652062606","16.1561648465428","16.4630204940396","17.8413996515618","25.0730693236476","","",
"Zambia","ZMB","Domestic general government health expenditure per capita (current US$)","SH.XPD.GHED.PC.CD","","","","","","","","","","","","","","","","","","","","","","","","","","","","","","","","","","","","","","","","","5.29778175","7.63380623","7.47626369","6.4880598","7.21766002","8.83702237","13.97853116","16.64833535","21.80924526","18.9534015","22.63248268","25.56283354","26.37169782","23.85359769","32.34112202","27.08312389","21.2485313","37.24079808","30.56645175","28.43190593","34.19879606","31.82053032","36.27853454","32.3916802","","",
"Zambia","ZMB","External health expenditure per capita, PPP (current international $)","SH.XPD.EHEX.PP.CD","","","","","","","","","","","","","","","","","","","","","","","","","","","","","","","","","","","","","","","","","4.43190782160376","8.72919977028132","33.47828647229","44.2369904081925","39.2141002641299","64.0831953592818","53.3997990949182","39.3547742161835","46.3611015791226","74.5834051167232","57.9334746336044","58.7799880698502","62.4055166965582","89.2980024719539","42.890951611761","53.8204857792722","63.0397958685929","51.2181493687282","72.4245300775358","131.636023778269","65.7174039372612","115.040790868222","83.597311168848","116.77106307531","","",
"Zambia","ZMB","Current health expenditure per capita (current US$)","SH.XPD.CHEX.PC.CD","","","","","","","","","","","","","","","","","","","","","","","","","","","","","","","","","","","","","","","","","14.80953312","18.94953918","23.19246864","26.75762367","29.99057961","44.99598694","58.68175507","51.02414322","61.82287216","59.38909531","59.98767853","64.3181076","69.17604828","83.29361725","65.39261627","57.38765335","55.39532089","70.93283844","69.82767487","85.02349854","60.01779938","74.83802795","75.40128326","79.55635071","","",
"Zambia","ZMB","Imports of goods and services (% of GDP)","NE.IMP.GNFS.ZS","","","","","","","","","","","","","","","","","","","","","","","","","","","","","","","","","","","33.7001993659509","36.3257479808032","35.3425729569459","30.90160506437","31.6325434538366","34.7303148029946","36.4636081577253","39.558583610284","37.782818668195","36.6288806449202","37.2730926807002","31.5895698769828","25.2638601867139","32.1802654858934","30.5355294153308","26.8703832861816","30.8749857227595","32.3242097651362","35.2847988615544","39.9735243274676","37.3712097956936","42.7267429559224","38.6338855056502","36.5928368906648","36.9309649794271","34.1550123329079","32.4866629404379","33.9924211751453","29.1033177078897","37.3957630764767","27.5530146573139","",
"Zambia","ZMB","Imports of goods and services (current LCU)","NE.IMP.GNFS.CN","","","","","","","","","","","","","","","","","","","","","","","","","","","","","","","","","","","824900000","1195003300","1535664200","1748000000","2083800000","2823399900","4084290500","5848642200","6969815300","8498588200","11081256200","11747940700","11612340900","18105574500","20485890700","20783797600","30015400000","36859188400","46319026900","60492334100","62429727100","78352728500","83487053900","90110592700","101624600000","102618300000","108089900000","150361000000","143760000000","208446284200","182426787900","",
"Zambia","ZMB","Gross capital formation (annual % growth)","NE.GDI.TOTL.KD.ZG","","","","","","","","","","","","","","","","","","","","","","","","","","","","","","","","","","","","","","","","","","","","","","","","","","","","","","","","","","","","","","","","","","",
"Zambia","ZMB","Changes in inventories (constant LCU)","NE.GDI.STKB.KN","","","","","","","","","","","","","","","","","","","","","","","","","","","","","","","","","","","","","","","","","","","","","","","","","","","3871900000","","","","","","","","","","","","","","","",
"Zambia","ZMB","Gross fixed capital formation (constant LCU)","NE.GDI.FTOT.KN","","","","","","","","","","","","","","","","","","","","","","","","","","","","","","","","","","","","","","","","","","","","","","","","","","","25173800000","","","","","","","","","","","","","","","",
"Zambia","ZMB","Gross fixed capital formation (current US$)","NE.GDI.FTOT.CD","","","","","","","","","","","","","","","","","","","","","","","","","","","","","","","","","","","","","","","","","","","","","","","","","","","5247712159.42966","6562729174.81021","6089583684.6502","7233719462.71422","8423952542.64825","8171759908.21861","7633177619.58335","10040834809.5613","9224182687.62335","8334391388.67339","5409198546.91099","6299798361.38465","7321370721.24884","7290897286.95076","5466301735.82407","",
"Zambia","ZMB","Exports of goods and services (constant LCU)","NE.EXP.GNFS.KN","1311466200","1277782500","1279002900","1361747600","1601194500","1511615500","1291451000","1305608000","1401045200","1759116700","1619500600","1516252700","1722504500","1574832900","1669782200","1614375100","1961951400","1907520000","1784745800","1593383500","1544322300","1347346400","1558723400","1406902800","1310489900","1288278200","1312686100","1234823500","1162574400","1146220800","1063232000","1111804900","1152078800","1191864600","1296168800","1159979300","1298847800","1534290700","1607026500","3012392100","2920886900","3526788700","4755094900","7508544100","11800161800","16490732600","18209533300","20159994700","19030198500","30700976600","35995100000","","","","","","","","","","","","","","","",
"Zambia","ZMB","Exports of goods and services (current US$)","NE.EXP.GNFS.CD","","","","","","","","","","","","","","","","","","","","","","","","","","","","","","","","","","","1204932092.96489","1252536629.79289","1024449292.15995","1177864173.24332","870912946.834945","852338277.040509","861410215.362776","1028101890.50758","1137945889.53973","1258994467.03981","2086559263.42497","2550444807.88619","4157837750.82568","4721899912.55465","5179705635.79571","4483693050.07828","7503512538.82554","9494352665.25398","10222369008.995","11350236220.4724","10536766856.2145","7892388633.94057","7403491271.28836","9053912487.52298","9987165258.55507","8073235065.94259","8473997596.93761","11537884956.0409","11722089926.1135","11264526288.2707","8851528097.90289","",
"Zambia","ZMB","Gross national expenditure (current LCU)","NE.DAB.TOTL.CN","","","","","","","","","","","","","","","","","","","","","","","","","","","","","","","","","","","","","","","","","","","","","","","","","","","91236100000","106654536000","118968804700","141076498000","156379937600","191047335700","213446932900","233124517700","264704388300","297815337300","280292993400","348981298800","380422655400","512049800100","559456416600","",
"Zambia","ZMB","Final consumption expenditure (constant LCU)","NE.CON.TOTL.KN","","","","","","","","","","","","","","","","","","","","","","","","","","","","","","","","","","","","","","","","","","","","","","","","","","","62190400000","","","","","","","","","","","","","","","",
"Zambia","ZMB","Final consumption expenditure (current US$)","NE.CON.TOTL.CD","","","","","","","","","","","","","","","","","","","","","","","","","","","","","","","","","","","","","","","","","","","","","","","","","","","12964165850.2012","14226567840.023","15074814096.7109","16659953163.5016","16160229033.3063","13043026595.7447","12693877070.6444","13885654194.9041","15157149241.6621","13952942769.5888","9431245916.60106","10501985849.3801","14591716910.9143","16662020234.694","15361457595.7069","",
"Zambia","ZMB","Households and NPISHs Final consumption expenditure per capita growth (annual %)","NE.CON.PRVT.PC.KD.ZG","","","","","","","","","","","","","","","","","","","","","","","","","","","","","","","","","","","","","","","","","","","","","","","","","","","","","","","","","","","","","","","","","","",
"Zambia","ZMB","Households and NPISHs Final consumption expenditure (constant 2015 US$)","NE.CON.PRVT.KD","","","","","","","","","","","","","","","","","","","","","","","","","","","","","","","","","","","","","","","","","","","","","","","","","","","","","","","","9901967679.50679","","","","","","","","","","",
"Zambia","ZMB","Households and NPISHs Final consumption expenditure per capita, PPP (constant 2021 international $)","NE.CON.PCAP.PP.KD","","","","","","","","","","","","","","","","","","","","","","","","","","","","","","","","","","","","","","","","","","","","","","","","","","","","","","","","","","","","","","1312.26450458338","","","","",
"Zambia","ZMB","General government final consumption expenditure (annual % growth)","NE.CON.GOVT.KD.ZG","","","","","","","","","","","","","","","","","","","","","","","","","","","","","","","","","","","","","","","","","","","","","","","","","","","","","","","","","","","","","","","","","","",
"Zambia","ZMB","Arms exports (SIPRI trend indicator values)","MS.MIL.XPRT.KD","","","","","","","","","","","","","","","","","","","","","","","","","","","","","","","2000000","","","","","","","","","","","","","","","","","","","","","","","","","","","","","","","","","","","",
"Zambia","ZMB","Military expenditure (current USD)","MS.MIL.XPND.CD","","","","","","","","","","","","","","","","","","","","","","","","","81624098.9637049","53190811.6854162","61629720.9329199","66915490.0430381","86740656.3255351","167587250.338432","139324047.264528","86247306.2220276","97756279.9772376","51128294.4940289","62869469.9949654","55265536.3439526","37835913.5690041","43362495.2453404","","56113432.8858217","","","","","98349404.0444623","139509353.646242","205852231.56919","232278664.441402","278055135.810511","220962285.800349","280187778.551387","309113764.151856","346301423.09","381345802.082696","443604666.534936","372447569.820527","299504759.876729","339664531.368041","378025430.958942","292072462.646125","212142427.391566","217577244.72933","326078759.598148","377172056.162625","349668209.787907","",
"Zambia","ZMB","Logistics performance index: Ability to track and trace consignments (1=low to 5=high)","LP.LPI.TRAC.XQ","","","","","","","","","","","","","","","","","","","","","","","","","","","","","","","","","","","","","","","","","","","","","","","","2.8","","","2.35","","","","2.467993","","2.363155","","1.98","","","","","","","",
"Zambia","ZMB","Logistics performance index: Ease of arranging competitively priced shipments (1=low to 5=high)","LP.LPI.ITRN.XQ","","","","","","","","","","","","","","","","","","","","","","","","","","","","","","","","","","","","","","","","","","","","","","","","2.4","","","2.41","","","","2.128788","","2.514709","","3.05","","","","","","","",
"Zambia","ZMB","Lead time to export, median case (days)","LP.EXP.DURS.MD","","","","","","","","","","","","","","","","","","","","","","","","","","","","","","","","","","","","","","","","","","","","","","","","9.2","","","","","5","","3","","9","","","","","","","","","",
"Zambia","ZMB","Secure Internet servers (per 1 million people)","IT.NET.SECR.P6","","","","","","","","","","","","","","","","","","","","","","","","","","","","","","","","","","","","","","","","","","","","","","","","","","","0.358022723559055","0.900414439987932","1.87747730616069","2.92226824902947","3.96343199238266","5.48810973585179","8.57256555544342","40.9372685094935","39.7806356656266","35.0008445034009","39.0883341260308","44.3285768787346","49.8190387922595","54.9605251697733","80.5068516209933","",
"Zambia","ZMB","Fixed telephone subscriptions (per 100 people)","IT.MLT.MAIN.P2","0.48085708","0.488476","0.488476","0.488476","0.488476","0.467465495","0.478929","0.478929","0.478929","0.478929","0.541844528","0.555148","0.555148","0.555148","0.555148","0.575918885","0.555153955","0.56369872","0.556446385","0.552772307","0.570917821","0.592235805","0.596471607","0.59597175","0.644552033","0.654637462","0.684432243","0.717655706","0.801883656","0.877687593","0.836","0.864","0.928","0.931","0.93","0.874","0.866","0.838","0.819","0.853","0.831793464941961","0.829641309090346","0.823388616906411","0.80507338444289","0.808938069347528","0.807803243654501","0.770242728647956","0.730508388920568","0.695781780716001","0.669669347562921","0.847711883934189","0.593767913052657","0.553466899303986","0.751750260098109","0.719834743759403","0.708362519405804","0.599529762262656","0.581630289450569","0.558842820810936","0.522414611037722","0.376947956637658","0.336228939908865","0.477766566840031","0.392125734626554","0.345710307823296","",
"Zambia","ZMB","Container port traffic (TEU: 20 foot equivalent units)","IS.SHP.GOOD.TU","","","","","","","","","","","","","","","","","","","","","","","","","","","","","","","","","","","","","","","","","","","","","","","","","","","","","","","","","","","","","","","","","","",
"Zambia","ZMB","Railways, goods transported (million ton-km)","IS.RRS.GOOD.MT.K6","","","","","","","","","","","","","","","","","","","","","","","","","","","","","","","","","","","","462","536","473","555","554","","","","","","","","","","","","","","","","","","297","","","","","","","","",
"Zambia","ZMB","Statistical performance indicators (SPI): Pillar 5 data infrastructure score (scale 0-100)","IQ.SPI.PIL5","","","","","","","","","","","","","","","","","","","","","","","","","","","","","","","","","","","","","","","","","","","","","","","","","","","","","","","","","40","40","40","40","40","45","45","50","50","",
"Zambia","ZMB","Statistical performance indicators (SPI): Pillar 1 data use score (scale 0-100)","IQ.SPI.PIL1","","","","","","","","","","","","","","","","","","","","","","","","","","","","","","","","","","","","","","","","","","","","","40","40","40","40","40","40","40","50","40","40","50","80","90","90","90","90","90","80","90","90","90","",
"Zambia","ZMB","CPIA structural policies cluster average (1=low to 6=high)","IQ.CPA.STRC.XQ","","","","","","","","","","","","","","","","","","","","","","","","","","","","","","","","","","","","","","","","","","","","","","3.33333333333333","3.33333333333333","3.66666666666667","3.7","3.5","3.66666666666667","3.66666666666667","3.66666666666667","3.66666666666667","3.66667","3.66667","3.66666666666667","3.83333333333333","3.83333333333333","3.83333333333333","3.83333333333333","3.833333","3.833333","3.833333","3.833333","3.666667",
"Zambia","ZMB","CPIA social protection rating (1=low to 6=high)","IQ.CPA.PROT.XQ","","","","","","","","","","","","","","","","","","","","","","","","","","","","","","","","","","","","","","","","","","","","","","3","3","3","3","3","3","3","2.5","2.5","2.5","2.5","2.5","3","3","2.5","2.5","3","3","3","3","3.5",
"Zambia","ZMB","CPIA macroeconomic management rating (1=low to 6=high)","IQ.CPA.MACR.XQ","","","","","","","","","","","","","","","","","","","","","","","","","","","","","","","","","","","","","","","","","","","","","","3.5","4","4","4","4","4","4","4","4","3.5","3","3","3","3","3","3","3","3","3.5","3.5","3.5",
"Zambia","ZMB","CPIA fiscal policy rating (1=low to 6=high)","IQ.CPA.FISP.XQ","","","","","","","","","","","","","","","","","","","","","","","","","","","","","","","","","","","","","","","","","","","","","","3.5","3.5","3.5","3.5","3","3","3.5","3.5","3","3","2.5","2.5","2.5","2","2","2","2","2","2.5","2.5","3",
"Zambia","ZMB","CPIA economic management cluster average (1=low to 6=high)","IQ.CPA.ECON.XQ","","","","","","","","","","","","","","","","","","","","","","","","","","","","","","","","","","","","","","","","","","","","","","3.33333333333333","3.66666666666667","3.66666666666667","3.7","3.5","3.5","3.66666666666667","3.66666666666667","3.5","3.5","3","3","2.83333333333333","2.66666666666667","2.66666666666667","2.5","2.5","2.5","2.833333","3","3.166667",
"Zambia","ZMB","Trademark applications, nonresident, by count","IP.TMK.NRCT","","","","","","","","","","","","","","","","","","","","","","","","","","","","","","","","","","","","","","","","","","","","","3155","2790","3391","3436","3042","2230","3726","2728","3386","3607","3407","3195","3361","3416","3485","3760","3308","4760","","","","",
"Zambia","ZMB","Industrial design applications, resident, by count","IP.IDS.RSCT","","","","","","","","","","","","","","","","","","","","","","","","","","","","","","","","","","","","","","","","","","","4","6","30","11","7","8","6","19","7","13","9","40","29","21","68","30","39","58","124","46","","","","",
"Zambia","ZMB","Public private partnerships investment in ICT (current US$)","IE.PPN.ICTI.CD","","","","","","","","","","","","","","","","","","","","","","","","","","","","","","","","","","","","","","","","","","","","","","","","","","","","","","","","","","","","","","","","4428571.42857143","","",
"Zambia","ZMB","Investment in ICT with private participation (current US$)","IE.PPI.ICTI.CD","","","","","","","","","","","","","","","","","","","","","","","","","","","","","","","","","","","","","","","","","","","","","","","","","","","489000000","","","","","","","","","","","","","4428571.42857143","","",
"Zambia","ZMB","Management practices index","IC.MNG.IND","","","","","","","","","","","","","","","","","","","","","","","","","","","","","","","","","","","","","","","","","","","","","","","","","","","","","","","","","","","","62.48433685","","","","","","52.74348831",
"Zambia","ZMB","Value lost due to electrical outages (% of sales for affected firms)","IC.FRM.OUTG.ZS","","","","","","","","","","","","","","","","","","","","","","","","","","","","","","","","","","","","","","","","","","","","","","","","0.5","","","","","","0","","","","","","10","","","","","","0",
"Zambia","ZMB","Firms formally registered when operations started (% of firms)","IC.FRM.FREG.ZS","","","","","","","","","","","","","","","","","","","","","","","","","","","","","","","","","","","","","","","","","","","","","","","","96.17588806","","","","","","84.6913147","","","","","","84.52784729","","","","","","84.38337708",
"Zambia","ZMB","Firms exporting directly at least 10% of sales (% of firms)","IC.FRM.EXS.ZS","","","","","","","","","","","","","","","","","","","","","","","","","","","","","","","","","","","","","","","","","","","","","","","","8.739883423","","","","","","6.315507412","","","","","","5.6130023","","","","","","3.430169582",
"Zambia","ZMB","Firms that are fully credit constrained (% of firms)","IC.FRM.CRDC.FL.ZS","","","","","","","","","","","","","","","","","","","","","","","","","","","","","","","","","","","","","","","","","","","","","","","","","","","","","","","","","","","","37.78757858","","","","","","38.10183716",
"Zambia","ZMB","Firms that use a third party to resolve commercial disputes (% of firms)","IC.FRM.CDP.ZS","","","","","","","","","","","","","","","","","","","","","","","","","","","","","","","","","","","","","","","","","","","","","","","","","","","","","","","","","","","","","","","","","","29.32519341",
"Zambia","ZMB","Firms using banks to finance working capital (% of firms)","IC.FRM.BKWC.ZS","","","","","","","","","","","","","","","","","","","","","","","","","","","","","","","","","","","","","","","","","","","","","","","","15.01438808","","","","","","13.20935345","","","","","","13.09790707","","","","","","2.308319092",
"Zambia","ZMB","Average time to clear exports through customs (days)","IC.CUS.DURS.EX","","","","","","","","","","","","","","","","","","","","","","","","","","","","","","","","","","","","","","","","","","","","","","","","2.098968506","","","","","","11.07931709","","","","","","10.84729385","","","","","","1.598209143",
"Zambia","ZMB","B-READY: Utility Services Pillar 2: Quality of Governance and Transparency of Utility Services","IC.BRE.US.P2","","","","","","","","","","","","","","","","","","","","","","","","","","","","","","","","","","","","","","","","","","","","","","","","","","","","","","","","","","","","","","","","","","",
"Zambia","ZMB","B-READY: Taxation Pillar 2: Public Services Provided by the Tax Administration","IC.BRE.TX.P2","","","","","","","","","","","","","","","","","","","","","","","","","","","","","","","","","","","","","","","","","","","","","","","","","","","","","","","","","","","","","","","","","","",
"Zambia","ZMB","B-READY: Pillar 2: Public Services","IC.BRE.P2.PS","","","","","","","","","","","","","","","","","","","","","","","","","","","","","","","","","","","","","","","","","","","","","","","","","","","","","","","","","","","","","","","","","","",
"Zambia","ZMB","B-READY: Market Competition Pillar 1: Quality of Regulations that Promote Market Competition","IC.BRE.MC.P1","","","","","","","","","","","","","","","","","","","","","","","","","","","","","","","","","","","","","","","","","","","","","","","","","","","","","","","","","","","","","","","","","","",
"Zambia","ZMB","B-READY: Labor Pillar 1: Quality of Labor Regulations","IC.BRE.LB.P1","","","","","","","","","","","","","","","","","","","","","","","","","","","","","","","","","","","","","","","","","","","","","","","","","","","","","","","","","","","","","","","","","","",
"Zambia","ZMB","B-READY: International Trade Pillar 1: Quality of Regulations for International Trade","IC.BRE.IT.P1","","","","","","","","","","","","","","","","","","","","","","","","","","","","","","","","","","","","","","","","","","","","","","","","","","","","","","","","","","","","","","","","","","",
"Zambia","ZMB","B-READY: Financial Services Pillar 1: Quality of Regulations for Financial Services","IC.BRE.FS.P1","","","","","","","","","","","","","","","","","","","","","","","","","","","","","","","","","","","","","","","","","","","","","","","","","","","","","","","","","","","","","","","","","","",
"Zambia","ZMB","B-READY: Dispute Resolution Pillar 1: Quality of Regulations for Dispute Resolution","IC.BRE.DR.P1","","","","","","","","","","","","","","","","","","","","","","","","","","","","","","","","","","","","","","","","","","","","","","","","","","","","","","","","","","","","","","","","","","",
"Zambia","ZMB","B-READY: Business Location Pillar 1: Quality of Regulations for Business Location","IC.BRE.BL.P1","","","","","","","","","","","","","","","","","","","","","","","","","","","","","","","","","","","","","","","","","","","","","","","","","","","","","","","","","","","","","","","","","","",
"Zambia","ZMB","B-READY: Business Insolvency Pillar 1: Quality of Regulations for Judicial Insolvency Proceedings","IC.BRE.BI.P1","","","","","","","","","","","","","","","","","","","","","","","","","","","","","","","","","","","","","","","","","","","","","","","","","","","","","","","","","","","","","","","","","","",
"Zambia","ZMB","B-READY: Business Entry Pillar 1: Quality of Regulations for Business Entry","IC.BRE.BE.P1","","","","","","","","","","","","","","","","","","","","","","","","","","","","","","","","","","","","","","","","","","","","","","","","","","","","","","","","","","","","","","","","","","",
"Zambia","ZMB","Human capital index plus (HCI+): overall score, female (scale 0–325)","HD_HCIP_OVRL_FE","","","","","","","","","","","","","","","","","","","","","","","","","","","","","","","","","","","","","","","","","","","","","","","","","","","","","","","","111.92079026977","","","","","112.660251549185","","","","","123.188958071657",
"Zambia","ZMB","Human capital index plus (HCI+): health pillar score, total (scale 0–50)","HD_HCIP_HLTH_TO","","","","","","","","","","","","","","","","","","","","","","","","","","","","","","","","","","","","","","","","","","","","","","","","","","","28.9161850440502","","","","","32.5444952559471","","","","","35.3480275011063","","","","","37.6568502473831",
"Zambia","ZMB","Human capital index plus (HCI+): education pillar score, male (scale 0–188)","HD_HCIP_EDUC_MA","","","","","","","","","","","","","","","","","","","","","","","","","","","","","","","","","","","","","","","","","","","","","","","","","","","59.8508777429263","","","","","63.8543817220697","","","","","63.7982342328294","","","","","65.9979042305228",
"Zambia","ZMB","Voice and Accountability - Governance estimate (approx. -2.5 to +2.5)","GOV_WGI_VA_EST","","","","","","","","","","","","","","","","","","","","","","","","","","","","","","","","","","","","","-0.6581791","","-0.7308047","","-0.7084391","","-0.489844599999999","-0.469278","-0.4143132","-0.267104599999999","-0.1297308","-0.1302971","-0.0959493999999999","-0.1238199","-0.130017","-0.0852077","-0.200784699999999","-0.1595829","-0.1726245","-0.193544499999999","-0.315554499999999","-0.3690594","-0.4726786","-0.482359","-0.4695453","-0.5563406","-0.386004399999999","-0.3736237","-0.407568899999999","",
"Zambia","ZMB","Regulatory Quality - Governance estimate (approx. -2.5 to +2.5)","GOV_WGI_RQ_EST","","","","","","","","","","","","","","","","","","","","","","","","","","","","","","","","","","","","","-0.6272072","","-0.355356399999999","","-0.436610599999999","","-0.8378325","-0.8198232","-0.7052006","-0.602853099999999","-0.6561883","-0.502935599999999","-0.434088","-0.4296641","-0.507259","-0.491463899999999","-0.5087396","-0.5262063","-0.441859499999999","-0.3822742","-0.4540807","-0.4527959","-0.437350199999999","-0.5087837","-0.6127925","-0.5122202","-0.45732","-0.465492099999999","-0.420661199999999","",
"Zambia","ZMB","Rule of Law - Governance estimate (approx. -2.5 to +2.5)","GOV_WGI_RL_EST","","","","","","","","","","","","","","","","","","","","","","","","","","","","","","","","","","","","","-0.4599043","","-0.4620717","","-0.416429","","-0.3450802","-0.410630799999999","-0.4700626","-0.3854022","-0.459117799999999","-0.4112994","-0.33141","-0.3426566","-0.379340499999999","-0.323967599999999","-0.4889225","-0.4100551","-0.4213975","-0.3560318","-0.4033579","-0.4504641","-0.4817744","-0.591155099999999","-0.6567755","-0.6026535","-0.6313823","-0.6089819","-0.5611771","",
"Zambia","ZMB","Political Stability - Governance estimate (approx. -2.5 to +2.5)","GOV_WGI_PV_EST","","","","","","","","","","","","","","","","","","","","","","","","","","","","","","","","","","","","","-0.1186795","","0.0332176","","0.0286969","","-0.370585899999999","-0.1153273","-0.1571999","-0.0427972","0.2636446","0.2841869","0.2479511","0.3834137","0.3740582","0.3931833","0.4568964","0.3124934","-0.0580544","0.0822748","-0.2072561","-0.211101999999999","-0.2916638","-0.3690652","-0.3679359","-0.158277199999999","0.0456326","-0.0111463999999999","-0.1007849","",
"Zambia","ZMB","Government Effectiveness - Governance estimate (approx. -2.5 to +2.5)","GOV_WGI_GE_EST","","","","","","","","","","","","","","","","","","","","","","","","","","","","","","","","","","","","","-1.3490638","","-1.3532658","","-1.3518124","","-1.0635366","-1.2111566","-1.0241145","-0.922212599999999","-0.962110599999999","-0.889134499999999","-0.8077746","-0.701066699999999","-0.7193465","-0.5109032","-0.5002823","-0.531229899999999","-0.4462427","-0.529713","-0.5286172","-0.463275899999999","-0.5019925","-0.6197185","-0.7343493","-0.7266708","-0.5899419","-0.5628206","-0.5330555","",
"Zambia","ZMB","PM2.5 air pollution, population exposed to levels exceeding WHO guideline value (% of total)","EN.ATM.PM25.MC.ZS","","","","","","","","","","","","","","","","","","","","","","","","","","","","","","","100","","","","","100","","","","","100","","","","","100","","","","","100","100","100","100","100","100","100","100","","","","","","","","",
"Zambia","ZMB","PM2.5 air pollution, mean annual exposure (micrograms per cubic meter)","EN.ATM.PM25.MC.M3","","","","","","","","","","","","","","","","","","","","","","","","","","","","","","","21.7282721226055","21.2884604295426","21.4051778979452","21.5218953663478","21.6386128347505","20.6422719802224","21.8720477715557","21.9887652399584","22.105482708361","22.2222001767636","22.8954468066316","25.4677074198447","23.1074612038561","22.3755706249154","21.6406039140068","22.6799735528213","22.7021281626197","23.2540752574444","23.8089370970029","23.0698950518145","24.476528552638","22.4770513593954","22.9983310072879","22.0816121744833","20.5339311723167","22.7617347856024","21.2134188634824","19.8152954320603","21.1144380958661","22.1205330057265","19.448495527814","19.5925009286197","23.4901848842686","20.2430489112714","","",
"Zambia","ZMB","Energy use (kg of oil equivalent) per $1,000 GDP (constant 2021 PPP)","EG.USE.COMM.GD.PP.KD","","","","","","","","","","","","","","","","","","","","","","","","","","","","","","","288.230482329812","296.391309832212","306.309374605208","287.212940525659","316.536368043307","312.895568282247","292.05754039404","293.38614382001","297.4268360836","286.313341752654","268.487909970658","263.134369043041","262.929524996705","256.666344390999","247.758374234426","237.345189285398","226.345311800426","213.871836411768","212.374081142912","202.478389173836","192.741806107928","193.801110088564","190.687922869319","190.020539904221","190.334091425943","191.821635651878","189.8165845314","194.279942689825","198.89042749033","206.255432168509","223.339970070108","219.485195240942","220.807266863269","218.926506022087","","",
"Zambia","ZMB","GDP per unit of energy use (constant 2021 PPP $ per kg of oil equivalent)","EG.GDP.PUSE.KO.PP.KD","","","","","","","","","","","","","","","","","","","","","","","","","","","","","","","3.46944567388169","3.3739180833814","3.26467317981654","3.48173727189936","3.15919464856937","3.19595450165645","3.42398281739555","3.40847726133069","3.36217139370343","3.49267691780811","3.72456249560468","3.80033974139057","3.80330052325821","3.896108788134","4.03619051460926","4.21327267264533","4.41802833045521","4.67569744935792","4.70867252076338","4.93879867417089","5.18828800141075","5.15992916419837","5.24417060584018","5.26258898382273","5.2539195291196","5.21317627493711","5.26824356506413","5.14721173042828","5.0278940651813","4.84835715348824","4.47747888425924","4.55611595534833","4.52883645636189","4.56774292967116","","",
"Zambia","ZMB","Electricity production from renewable sources, excluding hydroelectric (kWh)","EG.ELC.RNWX.KH","","","","","","","","","","","","","","","","","","","","","","","","","","","","","","","0","0","0","0","0","0","0","0","0","0","86650000","1126510000","236020000","91360000","-360670000","-129020000","200570000","292020000","342030000","720510000","456380000","455350000","69390000","67560000","73250000","64420000","63800000","53510000","62370000","145790000","240550000","237970000","","","","",
"Zambia","ZMB","Electricity production from natural gas sources (% of total)","EG.ELC.NGAS.ZS","","","","","","","","","","","","","","","","","","","","","","","","","","","","","","","0","0","0","0","0","0","0","0","0","0","0","0","0","0","0","0","0","0","0","0","0","0","0","0","0","0","0","0","0","0","0","0","","","","",
"Zambia","ZMB","Electricity production from coal sources (% of total)","EG.ELC.COAL.ZS","","","","","","","","","","","","","","","","","","","","","","","","","","","","","","","0.486709097716211","0.464242290261965","0.623384521818458","0.500121980970968","0.233415233415233","0.151438667339727","0.237264480111654","0.302228938420854","0.302512166250164","0.180319422977846","0.178639785632257","0.187922826359308","0.1953125","0.203641590800192","0.152100152100152","0.178272980501393","0","0","0","0","0","0","0","0","0","0","2.77258037081136","8.79460909028398","12.5345622119816","11.2687474665586","12.4229306047488","7.31046931407942","11.1014210229313","10.9204848982946","","",
"Zambia","ZMB","Energy intensity level of primary energy (MJ/$2021 PPP GDP)","EG.EGY.PRIM.PP.KD","","","","","","","","","","","","","","","","","","","","","","","","","","","","","","","","","","","","","","","","","12.77","12.53","12.37","11.94","11.47","11.04","10.47","9.84","9.45","8.88","8.31","8.28","8.07","7.9","7.86","7.83","7.73","7.77","7.69","7.5","7.88","7.82","","","","",
"Zambia","ZMB","Multilateral debt service (% of public and publicly guaranteed debt service)","DT.TDS.MLAT.PG.ZS","","","","","","","","","","","12.2835371284167","10.1693076387728","7.71411351193997","2.59376767738414","11.4721512431274","16.2126631245118","15.5902863681128","13.12613656608","13.6271690562792","16.5419557163579","17.8689438348666","16.2803168698444","27.7300684496147","50.263009989654","52.2977858258633","61.8292398657805","53.586426634946","38.8642319076183","22.550813677923","15.1043853748534","40.9607330633352","83.6371122504991","67.4848188325053","61.4682935232139","51.866831600222","50.615502133733","58.488320977064","51.0340533584522","47.408048923386","57.2975568350845","54.0248411898185","32.2038497491136","19.7765540365348","8.18266727103472","48.35052366807","46.45507343278","58.9333483306721","89.8937161052996","47.0815465014422","46.140256798796","47.0999496540871","42.6519415742917","20.9074331568006","8.62061870862605","12.9538139487386","8.66989780312807","5.80840080119732","6.38884327414313","4.97817422850157","4.5607301799237","8.36077403175943","42.1058624586823","26.8620177482709","44.0895087324019","26.3741631876249","",
"Zambia","ZMB","Debt service on external debt, public and publicly guaranteed (PPG) (TDS, current US$)","DT.TDS.DPPG.CD","","","","","","","","","","","64004365.5","81264136.1","115450725.3","370734822.7","116194423.5","96036042.2","120953519.1","196898802.4","240684084.6","256372354.8","287637789.2","292546424.5","173424540.9","119288986.1","112561593.9","86567344.7","155960753.4","166579979.9","188357562.2","171839513.2","171106568.8","490426704.8","242611824.9","229264287.2","309155121.4","365880803.1","229274637.5","226450451.6","182873883.8","125413805.7","155432273.1","125962598","144547914.4","439388991.5","121932219.4","100200979.7","72171026.6","41951285.4","73053668.7","70745588.7","64201040.6","74334003.4","150323643.1","261389117.9","210541950.1","319860152.1","513970967.6","561062476.6","814856510.4","1037406337","702270512","341660436.1","437510359.8","349283284","687288623","",
"Zambia","ZMB","Total debt service (% of exports of goods, services and primary income)","DT.TDS.DECT.EX.ZS","","","","","","","","","","","","","","","","","","","31.1918559151082","22.1078666840459","25.3540082958951","36.0423215409612","31.1013026603634","29.1155357114972","24.9819577919408","15.724139857077","52.0764652942765","18.9909765123765","15.1045344419571","13.3158513985279","14.7332701960496","46.8752641722639","","","","","","19.3717621985816","21.0348094618507","16.4848695392954","21.2460858005093","17.377433464192","19.7927813595866","43.5749162340662","22.2522769892037","10.0081578759211","3.1829521589912","2.38095615951659","2.91389072035424","3.46305807867041","1.93597331866162","2.39925428436103","2.2941687011157","3.04562891147175","3.93810088911877","7.02412515179906","10.4412398253372","9.8958081866436","13.6976182212181","32.8017323147604","23.8102699810676","14.6490035430637","11.7472202365632","8.22366145607001","30.4672923466845","",
"Zambia","ZMB","Net ODA received (% of imports of goods, services and primary income)","DT.ODA.ODAT.MP.ZS","","","","","","","","","","","","","","","","","","","15.4912861407059","19.870026673494","15.9690893805416","12.9677493567681","19.5289378046657","16.7164299427077","21.6285893868739","25.7741369506718","42.1706220854601","37.1412236297211","30.045563775427","21.241890710189","20.3249003706431","48.4744904319305","","","","","","37.331118876812","23.1007779809682","46.0478640455289","50.6980737867688","31.2916519998047","43.0005425274463","38.6473329206655","43.7104007696538","36.7543552965677","33.9043263287234","17.1360308600407","16.3497932269588","28.1818632207806","12.6979515232173","11.8580255727322","9.96708401027568","9.41027115597186","8.48286546705456","8.64605558177122","11.1653385008726","10.4598859810766","9.41171986539823","11.1809005244736","15.2303656737453","11.5707166400027","15.6375885780935","11.2775611740862","","",
"Zambia","ZMB","Net official development assistance received (current US$)","DT.ODA.ODAT.CD","920000.016689301","910000.026226044","5880000.11444092","5380000.11444092","20989999.7711182","10859999.6566772","29190000.5340576","61029998.7792969","30299999.2370605","20250000","13239999.7711182","21389999.3896484","21520000.4577637","44909999.8474121","57099998.4741211","86199996.9482422","61610000.6103516","107989997.86377","183990005.493164","276709991.455078","317209991.455078","230800003.051758","315489990.234375","214990005.493164","235729995.727539","319290008.544922","451309997.558594","422369995.117188","474779998.779297","366720001.220703","474809997.558594","877969970.703125","1030780029.29688","866919982.910156","715130004.882813","2030670043.94531","608059997.558594","609691833.496094","348151824.951172","623211791.992188","794650024.414063","570840026.855469","810729370.117188","770449401.855469","1128445190.42969","1169045898.4375","1470271484.375","1022490356.44531","1114702026.36719","1270815551.75781","884969970.703125","1033468261.71875","957143615.722656","1145246337.89063","997727722.167969","797681030.273438","966464721.679688","1040494506.83594","1000315490.72266","948674255.371094","1017031005.85938","1089042724.60938","1823696044.92188","1421932006.83594","","",
"Zambia","ZMB","Net official development assistance and official aid received (current US$)","DT.ODA.ALLD.CD","920000.016689301","910000.026226044","5880000.11444092","5380000.11444092","20989999.7711182","10859999.6566772","29190000.5340576","61029998.7792969","30299999.2370605","20250000","13239999.7711182","21389999.3896484","21520000.4577637","44909999.8474121","57099998.4741211","86199996.9482422","61610000.6103516","107989997.86377","183990005.493164","276709991.455078","317209991.455078","230800003.051758","315489990.234375","214990005.493164","235729995.727539","319290008.544922","451309997.558594","422369995.117188","474779998.779297","366720001.220703","474809997.558594","877969970.703125","1030780029.29688","866919982.910156","715130004.882813","2030670043.94531","608059997.558594","609691833.496094","348151824.951172","623211791.992188","794650024.414063","570840026.855469","810729370.117188","770449401.855469","1128445190.42969","1169045898.4375","1470271484.375","1022490356.44531","1114702026.36719","1270815551.75781","884969970.703125","1033468261.71875","957143615.722656","1145246337.89063","997727722.167969","797681030.273438","966464721.679688","1040494506.83594","1000315490.72266","948674255.371094","1017031005.85938","1089042724.60938","1823696044.92188","1421932006.83594","","",
"Zambia","ZMB","Net official flows from UN agencies, UNWTO (current US$)","DT.NFL.UNWT.CD","","","","","","","","","","","","","","","","","","","","","","","","","","","","","","","","","","","","","","","","","","","","","","","","","","","","","","","","","","","","","","","","","","",
"Zambia","ZMB","Net official flows from UN agencies, UNPBF (current US$)","DT.NFL.UNPB.CD","","","","","","","","","","","","","","","","","","","","","","","","","","","","","","","","","","","","","","","","","","","","","","","","","","","","","","","","","","","","","","","","","","",
"Zambia","ZMB","Net official flows from UN agencies, UNEP (current US$)","DT.NFL.UNEP.CD","","","","","","","","","","","","","","","","","","","","","","","","","","","","","","","","","","","","","","","","","","","","","","","","","","","","","","","","","","","","","","","","","","",
"Zambia","ZMB","Net official flows from UN agencies, UNCTAD (current US$)","DT.NFL.UNCTAD.CD","","","","","","","","","","","","","","","","","","","","","","","","","","","","","","","","","","","","","","","","","","","","","","","","","","","","","","","","","","","","","","","","","","",
"Zambia","ZMB","Net bilateral aid flows from DAC donors, United Kingdom (current US$)","DC.DAC.GBRL.CD","920000.016689301","910000.026226044","5880000.11444092","5369999.88555908","20559999.4659424","12069999.6948242","26750000","40130001.0681152","13899999.6185303","13220000.2670288","5250000","12659999.8474121","9770000.45776367","13329999.9237061","18799999.2370605","21250000","16379999.1607666","18860000.6103516","24920000.0762939","59650001.5258789","43119998.9318848","37909999.8474121","21520000.4577637","20430000.3051758","19510000.2288818","22799999.2370605","43970001.2207031","38500000","29559999.4659424","30569999.6948242","42900001.5258789","66830001.8310547","99430000.3051758","40459999.0844727","68860000.6103516","76470001.2207031","60650001.5258789","93709999.0844727","33409999.8474121","63580001.8310547","111410003.662109","55759998.3215332","28129999.1607666","65889999.3896484","282549987.792969","165729995.727539","86769996.6430664","74019996.6430664","61560001.373291","73529998.7792969","79300003.0517578","92589996.3378906","84269996.6430664","93571228.0273438","149916824.34082","77147781.3720703","78060218.8110352","68333770.7519531","37523147.5830078","65084533.6914063","52495082.8552246","38405410.7666016","24005676.2695313","25092546.4630127","","",
"Zambia","ZMB","Net bilateral aid flows from DAC donors, Spain (current US$)","DC.DAC.ESPL.CD","","","","","","","","","","","","","","","","","","","","","","","","","","","","","","9999.99977648258","","","","","59999.9986588955","19999.9995529652","19999.9995529652","170000.001788139","159999.996423721","150000.005960464","140000.000596046","79999.9982118607","","","939999.997615814","200000.002980232","349999.994039536","930000.007152557","1000000","11800000.1907349","159999.996423721","59999.9986588955","39999.9991059303","9999.99977648258","","998.000032268465","8324.00005310774","14671.9999611378","25542.0003086329","9703.00007611513","18934.0002834797","3147352.93388367","3077997.92289734","49917.9996550083","","",
"Zambia","ZMB","Net bilateral aid flows from DAC donors, Switzerland (current US$)","DC.DAC.CHEL.CD","","","","","","50000.0007450581","29999.9993294477","","19999.9995529652","79999.9982118607","39999.9991059303","29999.9993294477","29999.9993294477","50000.0007450581","39999.9991059303","39999.9991059303","29999.9993294477","79999.9982118607","129999.995231628","259999.990463257","239999.994635582","50000.0007450581","200000.002980232","270000.010728836","460000.00834465","4409999.84741211","209999.993443489","1610000.01430511","209999.993443489","589999.973773956","419999.986886978","930000.007152557","2490000.00953674","490000.009536743","460000.00834465","910000.026226044","449999.988079071","529999.971389771","310000.002384186","319999.992847443","439999.997615814","1080000.04291534","1090000.0333786","670000.016689301","620000.004768372","1320000.05245209","639999.985694885","810000.002384186","389999.985694885","469999.998807907","610000.014305115","620000.004768372","810000.002384186","660000.026226044","560000.002384186","465521.00777626","299513.012170792","467963.010072708","254364.013671875","604601.979255676","787531.018257141","736340.999603271","2939517.0211792","2615194.08226013","","",
"Zambia","ZMB","Net bilateral aid flows from DAC donors, Austria (current US$)","DC.DAC.AUTL.CD","","","","","","","","","","","","","150000.005960464","","209999.993443489","1070000.05245209","109999.999403954","79999.9982118607","239999.994635582","1799999.95231628","2309999.94277954","1000000","430000.007152557","400000.005960464","330000.013113022","239999.994635582","360000.014305115","2299999.95231628","670000.016689301","349999.994039536","239999.994635582","1169999.95708466","519999.980926514","1009999.99046326","529999.971389771","810000.002384186","449999.988079071","270000.010728836","400000.005960464","389999.985694885","330000.013113022","360000.014305115","370000.004768372","2470000.02861023","319999.992847443","239999.994635582","8430000.30517578","79999.9982118607","39999.9991059303","","","29999.9993294477","31977.0015776157","34256.000071764","23500.9994357824","32007.0013403893","27567.9994374514","303728.014230728","293949.991464615","229859.992861748","119699.001312256","170325.994491577","113601.997494698","395415.991544724","","",
"Zambia","ZMB","Stocks traded, total value (current US$)","CM.MKT.TRAD.CD","","","","","","","","","","","","","","","","","","","","","","","","","","","","","","","","","","","400000","220000","2660000","8000000","1310000","5690000","1000000","5000000","5000000","6520000","2190000","11100000","12040000","","","","20030000","20500000","18200000","","","","","","","","18790000","132430000","30300000","173060000","39690000","88680000",
"Zambia","ZMB","S&P Global Equity Indices (annual % change)","CM.MKT.INDX.ZG","","","","","","","","","","","","","","","","","","","","","","","","","","","","","","","","","","","","","","","","","","","","","","","","","","16.6780416883","17.3890813568027","-1.2948006779361","-3.47325729988206","39.8671680713953","-3.95724955177771","-45.6083737225729","-19.3295925225028","36.6057462627072","-18.7729104032677","-37.4102903549424","-36.9712735615485","135.728681648744","23.7645428329144","","","",
"Zambia","ZMB","Secondary income receipts (BoP, current US$)","BX.TRF.CURR.CD","","","","","","","","","","","","","","","","","","","26900000","37500000","35000000","29800000","32300000","44300000","14100000","7500000","22800000","10100000","63500000","113500000","397700000","261700000","","","","","","","","","","","","36300000","48400000","52870000","338680000","479800000.000001","499385000","354574000","322647312","285176750.72","398026116.738198","393423779.367541","335652149.819666","268771633.959097","246396895.834417","448508095.26221","373955352.262843","389087694.850344","285162436.622742","404029184.068534","397029150.76729","373334115.250529","1044824995.72261","",
"Zambia","ZMB","Travel services (% of service exports, BoP)","BX.GSR.TRVL.ZS","","","","","","","","","","","","","","","","","","","11.0913930789707","13.0735930735931","13.8705416116248","20.2879581151832","20.3779786359901","18.762677484787","16.8211920529801","11.1600587371512","15.1063829787234","13.2075471698113","8.77796901893287","14.6541617819461","11.9850187265918","12.5452352231604","","","","","","25.9159964253798","38.96484375","49.53095684803","57.8210590383445","55.4012774229381","55.3243149497052","53.1515151515151","39.5599654874892","81.3150046129248","89.9158441030312","89.2701238527314","87.6684661966699","89.7269591768937","86.1359453828686","83.4018776705762","52.3230212570164","72.7565027169518","75.3986946996147","76.626540711208","77.1200716703574","75.4447674513626","77.8628451170324","80.9650443346794","74.0709180434635","74.7793802478574","88.2411406863761","85.8343786380306","64.852131916812","",
"Zambia","ZMB","Service exports (BoP, current US$)","BX.GSR.NFSV.CD","","","","","","","","","","","","","","","","","","","112700000","115500000","151400000","152800000","121700000","98600000","75500000","68100000","47000000","47700000","58100000","85300000","106800000","82900000","","","","","","111900000","102400000","106600000","115010000","144040000","115320000","165000000","231800000","549467860.362124","562284083.571158","671525767.107646","618541333.646143","528549368.3844","570852569.65278","665404101.722232","990095738.478017","758019428.957016","850866423.608197","861512074.073592","885102775.442813","864940286.949804","953204795.028419","1011822349.75931","555624813.639169","525541832.298044","938916417.685748","932798981.245121","1379861354.00094","",
"Zambia","ZMB","Primary income receipts (BoP, current US$)","BX.GSR.FCTY.CD","","","","","","","","","","","","","","","","","","","8400000","11100000","16200000","20400000","15100000","2900000","4700000","2500000","1300000","1100000","3200000","1200000","1600000","10400000","","","","","","46700000","43900000","43900000","19400000","21400000","41600000","32000000","32000000","13920000","19730000","35239000","29536000","5464000","8366935","11126602.2175975","10091881.55","5309000","5943720","8269038.332","70162767.5912596","73143541.2155644","27515219.2087956","45156588.4665341","36573402.5802388","12627090.1252894","26705055.6083489","59958791.6458951","96115300.7357068","",
"Zambia","ZMB","Technical cooperation grants (BoP, current US$)","BX.GRT.TECH.CD.WD","","","","","320000","400000","8460000","12930000","12560000","14860000","13090000","18640000","21390000","25120000","27860000","33720000","38640000","41270000","51490000","70770000","86060000","76370000","73120000","71890000","64930000","71890000","97590000","99110000","117200000","119950000","123020000","123040000","138830000","160140000","131870000","160860000","140230000","132290000","95780000","91850000","107940000","98090000","116300000","122530000","145080000","165760000","183620000","71220000","83390000","82500000","74790000","85520000","76058223","81593030","77403024","84242015","85745949","89002687","79204561","87216875","68022948","78777349","90921918","91162982","","",
"Zambia","ZMB","Reserves and related items (BoP, current US$)","BN.RES.INCL.CD","","","","","","","","","","","","","","","","","","","-342560367.678478","87250261.0003105","-205362690.014044","-445729717.523372","-390518167.252152","-21532203.5663401","-88468212.6142044","-180701878.687918","-133976399.475801","-242108127.604762","-232200000","-106219343.050106","221811826.852267","-179287478.287154","","","","","","-932356340.95833","-671439824.20244","-654233854.102947","-19328428.2957693","-339217877.38232","-164993473.997504","-251214238.582047","27170012.8450373","-2086155653.11406","-1700474133.85874","159812086.414486","-152653232.527363","337918194.415361","-66407162.9778102","106201359.428486","165783528.064253","-262591247.548622","300965772.668784","-446191472.620433","-249818523.376613","10546899.9986255","-388854808.2254","-99322845.8771161","-442335846.431666","1484742261.80832","-1412492727.19176","-1564023005.14558","-829975140.347445","",
"Zambia","ZMB","Net trade in goods (BoP, current US$)","BN.GSR.MRCH.CD","","","","","","","","","","","","","","","","","","","212700000","651800000","343200000","-69100000","-61500000","212000000","280500000","225600000","174700000","266800000","502300000","566400000","-257500000","420000000","","","","","","54400000","-156600000","-98000000","-220730000","-342145000","-214841000","-306013000","117566000","117481101.329","1349004085.556","945078824.7","458870218.6","958507682.209381","2773587748.56667","2299390819.20035","1595256803.51638","1648012264.89175","1625356660.98774","-74259762.4012703","-3710535.2251001","960180679.34885","513903775.560914","744345476.146715","3216007806.99726","4816141691.52732","3367838647.98018","1372853456.29085","1301174347.3034","",
"Zambia","ZMB","Current account balance (% of GDP)","BN.CAB.XOKA.GD.ZS","","","","","","","","","","","","","","","","","","","-9.98209742154293","2.32596602014734","-13.2911803107455","-17.9784744936019","-14.4816079325786","-7.91918587965177","-5.39065928982255","-17.5497440669215","-20.8842332935106","-10.8244076701911","-7.86295470914577","-5.47228749858042","-18.075759952317","-9.05293158357454","","","","","","-4.22932371041795","-16.1232788984795","-11.3504014036785","-18.3980639927089","-18.0007855963506","-15.8142108448002","-13.5299667044381","-7.14878830806073","-2.78498414861087","4.64474506229629","-1.23802039926345","-3.33057905300122","5.95342818479562","7.52549147652089","4.65823655766585","5.37898486156033","-0.575955750525117","-1.4270939600475","-3.61227207947561","-4.55168827542136","-1.6812705761785","-1.30116677554112","0.603690808802686","11.790957110182","11.9003513535048","3.74784661580663","-3.03751016927581","-4.41103708042779","",
"Zambia","ZMB","Foreign direct investment, net outflows (% of GDP)","BM.KLT.DINV.WD.GD.ZS","","","","","","","","","","","","","","","","","","","0","0","0","0","0","0","0","0","0","0","0","0","","","","","","","","","","","","","","","-0.401857532146223","","","","","1.75855937096606","5.40522950216442","-0.00596772773671698","-2.75220694473532","1.46044335265081","-3.59603239690398","-0.666217620857131","0.843192523395632","-0.278460928066592","0.17225454563438","2.98692976802742","0.353067991566328","-1.26754460017223","-0.866698984611388","0.555570554083799","1.2272934646034","",
"Zambia","ZMB","Imports of goods, services and primary income (BoP, current US$)","BM.GSR.TOTL.CD","","","","","","","","","","","","","","","","","","","1187700000","1392600000","1986400000","1779800000","1615500000","1286100000","1089900000","1238800000","1070200000","1137200000","1580200000","1726400000","2336100000","1811200000","","","","","","1633200000","1507100000","1353400000","1567416600","1824256600","1885393351.95531","1993538346.97218","2581640000","3180700325.18478","4336530595.29869","5966903099.06969","6817835619.65286","4509338299.60803","6969391630.49268","8715348566.08201","9603045532.03201","12170173621.021","11761682724.3448","9225953068.76371","8655937494.45354","9947474654.29681","10628402725.8427","8484775025.8985","6677653233.32045","9412059412.50259","11662258767.1649","12608506262.0036","14904140206.2153","",
"Zambia","ZMB","Insurance and financial services (% of service imports, BoP)","BM.GSR.INSF.ZS","","","","","","","","","","","","","","","","","","","4.5387634936212","4.14473684210526","4.03931807710029","3.37040205303678","4.01370533529124","4.10179640718563","4.4750430292599","5.38310412573674","5.43259557344064","4.97757847533632","5.1193358699412","4.52804685740032","5.05050505050505","3.39029768467475","","","","","","-0.035498757543486","0.107913669064748","0.294310006540222","5.91704305634997","6.90075406421684","6.48345784418356","6.96579077838374","7.80236977420076","3.62412864687268","3.53539466847752","2.92459735022747","3.62583799109908","3.53550893583923","3.61370935468253","9.02549346332552","10.8437929374121","7.51690666204893","8.95242156020087","10.6984557678571","10.3546881493086","10.938035231543","8.57228494206853","9.10811318659163","6.64911423603962","2.38621676065779","10.5607973012437","11.3192046320034","7.77195037334205","",
"Zambia","ZMB","Trade in services (% of GDP)","BG.GSR.NFSV.GD.ZS","","","","","","","","","","","","","","","","","","","18.5092134298959","17.0421741091565","20.6588653871263","18.3951280101758","13.6988881317275","13.0260068879747","13.4582626198844","14.322153898277","14.7679647397725","11.9501107517158","9.31111144275379","13.2476420139467","14.9891353978752","13.198860342817","","","","","","9.14649347483793","10.7526214813843","12.1141447693504","12.4877128817086","12.4721924783379","11.6866351429987","11.5955753081712","10.91605800322","11.5425716678569","8.43722335856907","10.7172537758247","8.11389460035963","7.83068739065493","7.19922979875187","7.49556488741107","9.11278669520965","9.181560098698","9.19366360462008","10.7942692134517","10.8710173676462","9.04084364034163","9.99840960083443","10.9222046146216","9.01420187410142","8.28401205018955","9.68287439865229","9.66278339765904","13.3270418489836","",
"Zambia","ZMB","Food production index (2014-2016 = 100)","AG.PRD.FOOD.XD","","15.58","15.44","15.27","16.05","16.8","18.42","18.9","19.25","19.66","19.25","21.87","25.36","22.93","24.16","28.49","32.14","30.64","28.15","24.65","25.74","26.05","25.25","26.35","25.88","28.92","30.35","30.51","37.06","37.59","35.99","41.81","36.78","46.73","41.59","38.97","44.53","40.9","40.03","44.1","45.47","45.46","46.14","51.33","51.14","51.54","55.64","55.14","59.43","77.33","91.58","96.23","95.41","99.51","105.79","92.56","101.64","124.72","114.62","110.94","120.52","127.49","119.91","","","",
"Zambia","ZMB","Rural land area (sq. km)","AG.LND.TOTL.RU.K2","","","","","","","","","","","","","","","","","","","","","","","","","","","","","","","740786.335562","","","","","","","","","","740535.136866","","","","","","","","","","","","","","","740140.219351","","","","","","","","","","",
"Zambia","ZMB","Forest area (% of land area)","AG.LND.FRST.ZS","","","","","","","","","","","","","","","","","","","","","","","","","","","","","","","63.7780976338127","63.7299398700547","63.6817821062968","63.6336243425389","63.585466578781","63.5373088150231","63.4891510512651","63.4409932875072","63.3928355237493","63.3446777599914","63.2965199962335","63.2483622324756","63.2002044687176","63.1520467049597","63.1038889412018","63.0557311774439","63.0075734136859","62.959415649928","62.9112578861701","62.8631001224122","62.8149423586543","62.5618047054709","62.3086670522875","62.0555293991041","61.8023917459207","61.5492540927373","61.2959550168821","61.0428846231453","60.789706614294","60.5365151535533","60.283337144702","60.0301501230848","59.7769691548178","59.523784150984","","",
"Zambia","ZMB","Urban land area where elevation is below 5 meters (sq. km)","AG.LND.EL5M.UR.K2","","","","","","","","","","","","","","","","","","","","","","","","","","","","","","","0","","","","","","","","","","0","","","","","","","","","","","","","","","0","","","","","","","","","","",
"Zambia","ZMB","Land under cereal production (hectares)","AG.LND.CREL.HA","","932380","934554","957356","980145","991094","1016041","1027120","1048636","1073112","1101213","1216205","1370810","1225000","1277501","1232834","1268036","1153785","970400","612200","627910","544245","507570","595308","561740","647232","683064","719168","836443","1145180","894616","745278","797784","762701","838045","653791","822749","804559","658526","757873","718116","676958","462013","790788","756300","559862","747208","680421","637467","1060370","1218530","1229840","1185283","1117680","1316215","958286","1279027","1564347","1200537","927238","1486760","1565771","1243883","1561098","","",
"Zambia","ZMB","Agricultural land (% of land area)","AG.LND.AGRI.ZS","","25.9715627059821","26.0428577193667","26.1020460323652","26.1760314236134","26.2486716259299","26.3751193855177","26.4477595878341","26.5473035687862","26.6401216050794","26.7342848303044","26.975073649094","27.0288812063654","27.0974858418865","27.17550679993","27.2225884125425","27.2602537026325","27.2723604030186","27.1122829201361","26.6078370707166","26.6966195402144","26.8405547559155","26.956241004049","27.0867243304322","27.2024105785658","27.3463457942668","27.4741387427864","27.6046220691696","27.733760206621","27.9261222238663","27.9947268593874","28.0149046933642","28.3364048480609","28.5206957317155","28.8852419322294","29.1273759399508","29.3708551366039","29.6035728218028","29.828219373411","30.0703533811324","30.3017258773995","30.3407363564213","30.4227928812602","30.8169332382733","30.8007909710919","30.6191904653008","31.0039144997915","30.9178224081572","31.0563768681311","31.7276261450921","31.5258478053243","31.7948855916814","32.0639233780384","31.9307496737917","31.9320948627235","31.9334400516553","31.9334400516553","32.0679589448338","32.0679589448338","32.0679589448338","32.0679589448338","32.0679589448338","32.0679589448338","32.0679589448338","","",
"Zambia","ZMB","Prevalence of severe wasting, weight for height, male (% of children under 5)","SH.SVR.WAST.MA.ZS","","","","","","","","","","","","","","","","","","","","","","","","","","","","","","","","","2","","","","2.3","","","1.8","","","2.6","","","","","2.3","","","","","","2.8","","","","","1.6","","","","","","","",
"Zambia","ZMB","Prevalence of wasting, weight for height, female (% of children under 5)","SH.STA.WAST.FE.ZS","","","","","","","","","","","","","","","","","","","","","","","","","","","","","","","","","6.2","","","","4.4","","","4.5","","","5.8","","","","","5.1","","","","","","6","","","","","3.7","","","","","","","",
"Zambia","ZMB","Suicide mortality rate, male (per 100,000 male population)","SH.STA.SUIC.MA.P5","","","","","","","","","","","","","","","","","","","","","","","","","","","","","","","","","","","","","","","","","10.52","10.41","10.31","9.06","10.14","10.08","10.01","9.82","9.72","9.65","9.85","9.86","9.76","9.34","9.1","9.23","9.2","9.29","9.14","9.48","9.81","11.25","","","","",
"Zambia","ZMB","Prevalence of stunting, height for age, male (modeled estimate, % of children under 5)","SH.STA.STNT.ME.MA.ZS","","","","","","","","","","","","","","","","","","","","","","","","","","","","","","","","","","","","","","","","","55.1","55","54.7","54.2","53.5","52.7","51.8","50.6","49.4","48","46.6","45.1","43.8","42.6","41.6","40.7","39.5","38.2","36.9","35.7","34.9","34.5","34.7","34.9","35.3","",
"Zambia","ZMB","People using safely managed sanitation services (% of population)","SH.STA.SMSS.ZS","","","","","","","","","","","","","","","","","","","","","","","","","","","","","","","","","","","","","","","","","","","","","","","","","","","","","","","","","","","","","","","","","","",
"Zambia","ZMB","Mortality rate attributed to unintentional poisoning, female (per 100,000 female population)","SH.STA.POIS.P5.FE","","","","","","","","","","","","","","","","","","","","","","","","","","","","","","","","","","","","","","","","","0.9","0.99","0.91","0.91","0.9","0.81","0.87","0.88","0.83","0.82","0.85","0.77","0.92","0.92","1.04","1.09","1.12","1.05","1","1","1.02","1.02","","","","",
"Zambia","ZMB","Prevalence of overweight, weight for height, male (modeled estimate, % of children under 5)","SH.STA.OWGH.ME.MA.ZS","","","","","","","","","","","","","","","","","","","","","","","","","","","","","","","","","","","","","","","","","8.8","9.1","9.3","9.4","9.4","9.3","9.1","8.8","8.4","8","7.6","7.2","6.9","6.5","6.2","5.9","5.7","5.6","5.5","5.5","5.5","5.6","5.9","6.2","6.8","",
"Zambia","ZMB","Diarrhea treatment (% of children under 5 who received ORS packet)","SH.STA.ORTH","","","","","","","","","","","","","","","","","","","","","","","","","","","51","59","","87","","","52.9","","","","53.9","53.9","","","","","53.2","","","","","59.9","","","","","","","64.1","","","","66.8","66.8","","","","","","",
"Zambia","ZMB","People practicing open defecation, rural (% of rural population)","SH.STA.ODFC.RU.ZS","","","","","","","","","","","","","","","","","","","","","","","","","","","","","","","","","","","","","","","","","43.6340130403173","41.9513275908789","40.2686421414405","38.5859566920026","36.9032712425642","35.2205857931262","33.5379003436879","31.8552148942499","30.1725294448115","28.4898439953731","26.8071585459352","25.1244730964968","23.4417876470588","21.7591021976205","20.0764167481825","18.3937312987441","16.7110458493057","15.0283603998678","13.3456749504294","11.6629895009914","9.98030405155305","8.29761860211511","6.61493315267671","4.93224770323832","3.24956225380038","",
"Zambia","ZMB","Prevalence of underweight, weight for age, male (% of children under 5)","SH.STA.MALN.MA.ZS","","","","","","","","","","","","","","","","","","","","","","","","","","","","","","","","","22.3","","","","21.1","","","21.5","","","24.3","","","","","16.9","","","","","","16.3","","","","","13.5","","","","","","","",
"Zambia","ZMB","People with basic handwashing facilities including soap and water, rural (% of rural population)","SH.STA.HYGN.RU.ZS","","","","","","","","","","","","","","","","","","","","","","","","","","","","","","","","","","","","","","","","","","","","","","","","","9.23328613210251","9.23328613210251","9.23328613210251","9.23328613210251","9.23328613210251","9.23328613210251","9.23328613210251","9.23328613210251","9.23328613210251","9.23328613210251","9.23328613210251","9.23328613210251","9.23328613210251","9.23328613210251","9.23328613210251","9.23328613210251","9.23328613210251","",
"Zambia","ZMB","Births attended by skilled health staff (% of total)","SH.STA.BRTC.ZS","","","","","","","","","","","","","","","","","","","","","","","","","","","","","","","","","49.8","","","","46","46.5","","45.3","","","42.1","","","","","45.2","","","","","","","63.3","","","","80.4","80.4","","","","","","",
"Zambia","ZMB","People using at least basic sanitation services, rural (% of rural population)","SH.STA.BASS.RU.ZS","","","","","","","","","","","","","","","","","","","","","","","","","","","","","","","","","","","","","","","","","7.880502307171","8.79582589153437","9.7229816488632","10.6619695791578","11.6127896824175","12.5754419586427","13.5499264078336","14.5362430299896","15.5343918251111","16.5443727931984","17.5661859342508","18.5998312482686","19.6453087352522","20.7026183952009","21.7717602281151","22.852734233995","23.94554041284","25.0501787646505","26.1666492894268","27.2949519871682","28.435086857875","29.4082795091916","30.3814721605078","31.354664811824","32.3278574631406","",
"Zambia","ZMB","Mortality rate attributed to household and ambient air pollution, age-standardized, male (per 100,000 male population)","SH.STA.AIRP.MA.P5","","","","","","","","","","","","","","","","","","","","","","","","","","","","","","","","","","","","","","","","","","","","","","","","","","","","","","","","","","","","217.9","","","","","","",
"Zambia","ZMB","Risk of catastrophic expenditure for surgical care (% of people at risk)","SH.SGR.CRSK.ZS","","","","","","","","","","","","","","","","","","","","","","","","","","","","","","","","","","","","","","","","","","","","","","","","","","","","","","","","","","","","","","","","","","",
"Zambia","ZMB","Prevalence of anemia among pregnant women (%)","SH.PRG.ANEM","","","","","","","","","","","","","","","","","","","","","","","","","","","","","","","","","","","","","","","","","45.3","44.5","43.8","43","42.3","41.5","40.7","40","39.3","38.6","38.1","37.6","37.2","37","36.8","36.7","36.6","36.4","36.3","36.3","36.2","36.2","36.5","36.7","","",
"Zambia","ZMB","Children with fever receiving antimalarial drugs (% of children under age 5 with fever)","SH.MLR.TRET.ZS","","","","","","","","","","","","","","","","","","","","","","","","","","","","","","","","","","","","","","","","58","","","52","","","","58","38.4","43","","34","","36.9","","39.8","","","","34.9","","","","","","","",
"Zambia","ZMB","Physicians (per 1,000 people)","SH.MED.PHYS.ZS","0.107","","","","","0.088","","","","","0.073","","","","","0.074","","","","","0.076","0.126","","0.14","","0.141","","","","","0.092","","","","","0.069","","","","","","","","","0.132","0.055","0.054","","0.061","0.059","0.06","","","","","","0.09","","0.224","0.237","0.253","0.295","0.324","","","",
"Zambia","ZMB","Immunization, measles (% of children ages 12-23 months)","SH.IMM.MEAS","","","","","","","","","","","","","","","","","","","","","","","","56","57","58","58","80","80","80","90","80","85","91","96","86","86","86","86","85","85","84","84","84","85","85","85","93","87","90","96","83","82","80","85","90","97","96","94","93","96","90","88","83","88","",
"Zambia","ZMB","Incidence of HIV, ages 15-49 (per 1,000 uninfected population ages 15-49)","SH.HIV.INCD.ZS","","","","","","","","","","","","","","","","","","","","","","","","","","","","","","","23.5","23.9","23.2","21.7","20.4","19.1","17.8","16.4","15.4","14.4","13.6","12.7","12.2","11.6","10.9","10.3","9.8","9.1","8.4","8.4","8.6","8.7","8.8","9.1","8.7","8.4","8","8.2","7.8","6.5","5.1","4.2","3.6","3","2.8","",
"Zambia","ZMB","Adults (ages 15+) and children (ages 0-14) newly infected with HIV","SH.HIV.INCD.TL","","","","","","","","","","","","","","","","","","","","","","","","","","","","","","","90000","94000","95000","92000","90000","88000","85000","82000","80000","78000","77000","75000","75000","74000","71000","68000","66000","64000","59000","60000","63000","65000","68000","71000","72000","74000","75000","75000","70000","59000","48000","42000","38000","33000","30000","",
"Zambia","ZMB","Prevalence of HIV, male (% ages 15-24)","SH.HIV.1524.MA.ZS","","","","","","","","","","","","","","","","","","","","","","","","","","","","","","","3.6","3.9","4","4","3.9","3.8","3.6","3.4","3.2","3.1","2.9","2.8","2.7","2.7","2.6","2.6","2.6","2.7","2.7","2.7","2.7","2.8","2.8","2.8","2.6","2.4","2.1","2","2.1","2.1","2","1.9","1.8","1.7","1.6","",
"Zambia","ZMB","People using safely managed drinking water services, urban (% of urban population)","SH.H2O.SMDW.UR.ZS","","","","","","","","","","","","","","","","","","","","","","","","","","","","","","","","","","","","","","","","","43.7856720367765","44.4789427686607","45.1762761066507","45.8776720507466","46.5831306009485","47.2926517572562","48.0062355196698","48.7238818881893","49.4455908628148","50.1713624435461","50.9011966303834","51.6350934233265","52.3730528223755","53.1150748275305","53.0956590937379","52.8202299894389","52.5413194150252","52.2589273704966","51.9730538558531","51.6836988710949","51.3908624162218","51.0945444912339","50.794745096131","50.4914642309136","50.184701895581","",
"Zambia","ZMB","People using at least basic drinking water services, rural (% of rural population)","SH.H2O.BASW.RU.ZS","","","","","","","","","","","","","","","","","","","","","","","","","","","","","","","","","","","","","","","","","26.9717324296438","28.3105826371645","29.6460127236093","30.9780226889784","32.3066125332716","33.6317822564886","34.9535318586301","36.2718613396958","37.5867706996858","38.8982599385998","40.2063290564381","41.5109780532001","42.8122069288867","44.1100156834975","45.4044043170325","46.6953728294916","47.9829212208749","49.267049491182","50.5477576404137","51.8250456685695","53.0989135756495","54.4388381875067","55.778762799364","57.1186874112209","58.4586120230781","",
"Zambia","ZMB","Mortality from CVD, cancer, diabetes or CRD between exact ages 30 and 70, male (%)","SH.DYN.NCOM.MA.ZS","","","","","","","","","","","","","","","","","","","","","","","","","","","","","","","","","","","","","","","","","28.5","28.2","28.9","29.4","28.8","28","27.5","27","26.7","26.6","26.7","27.1","26.9","25.7","25.9","25.6","26.4","26.1","25.9","26.7","28.3","26","","","","",
"Zambia","ZMB","Mortality rate, under-5 (per 1,000 live births)","SH.DYN.MORT","205","201.3","197.8","194.8","192.2","190.3","188.8","187.8","186.3","183.9","180.2","175.4","170","164.6","159.8","156.2","154","153.5","153.9","154.3","154.9","155.6","156.8","159","162.1","165.8","169.8","173.7","176.9","179.4","180.7","180.9","180.2","178.5","175.8","172.2","168.7","165.6","162.5","158.1","151.8","143.2","132.9","122.1","111.7","102.7","94.8","89.1","84.2","78.4","74.3","71.8","69.2","66","62.6","60.2","57.1","55.2","54.7","53.5","52.5","50.4","49.5","49.1","48.4","",
"Zambia","ZMB","Probability of dying among adolescents ages 15-19 years (per 1,000)","SH.DYN.1519","","","","","","","","","","","","","","","","","","","","","","","","","","","","","","","18.1","18.3","18.5","18.6","18.6","18.4","18.1","17.7","17.3","16.7","16.2","15.7","15.1","14.5","13.9","13.3","12.6","12","11.5","10.9","10.3","9.8","9.3","8.8","8.3","7.9","7.5","7.1","6.8","6.4","6.1","5.8","5.5","5.2","5","",
"Zambia","ZMB","Number of neonatal deaths","SH.DTH.NMRT","","","","","","","","","","","7637","7778","7921","8062","8210","8445","8611","8837","9059","9278","9474","9772","10145","10569","10980","11427","11829","12175","12489","12786","12955","13056","13087","13299","13586","13884","14184","14483","14808","14989","15003","14848","14603","14275","14095","13975","13974","13990","14099","14217","14324","14391","14406","14365","14336","14317","14295","14245","14265","14309","14322","14420","14608","14764","14944","",
"Zambia","ZMB","Number of infant deaths","SH.DTH.IMRT","14860","15135","15424","15771","16149","16578","17061","17609","18144","18608","18971","19187","19264","19344","19439","19736","20124","20631","21237","21833","22444","23175","24191","25496","27010","28712","30506","32220","33765","35213","36381","37310","37975","38504","39021","39332","39558","39865","40260","40301","39692","38247","36253","34083","31909","30149","29127","28875","28335","27924","27620","27384","27036","26386","25753","25642","24831","24003","23676","23054","23158","23405","23606","23706","23802","",
"Zambia","ZMB","Number of deaths ages 10-14 years","SH.DTH.1014","","","","","","","","","","","","","","","","","","","","","","","","","","","","","","","2029","2030","2033","2037","2037","2040","2044","2046","2041","2028","2011","1990","1962","1932","1906","1881","1864","1851","1841","1833","1824","1817","1808","1802","1798","1801","1807","1822","1841","1860","1871","1881","1882","1882","1879","",
"Zambia","ZMB","Prevalence of anemia among non-pregnant women (% of women ages 15-49)","SH.ANM.NPRG.ZS","","","","","","","","","","","","","","","","","","","","","","","","","","","","","","","","","","","","","","","","","34.9","33.7","32.5","31.5","30.5","29.6","28.7","27.9","27.1","26.5","26","25.5","25.2","25.1","25.1","25.1","25.1","25.1","25.2","25.2","25.3","25.5","25.8","26.2","","",
"Zambia","ZMB","Total alcohol consumption per capita (liters of pure alcohol, projected estimates, 15+ years of age)","SH.ALC.PCAP.LI","","","","","","","","","","","","","","","","","","","","","","","","","","","","","","","","","","","","","","","","","3.56","3.56","3.45","3.37","3.28","3.33","3.16","3.12","3.04","3.22","3.31","3.34","3.39","3.57","3.67","3.73","3.75","3.83","3.85","3.85","3.62","","","","","",
"Zambia","ZMB","Women who believe a husband is justified in beating his wife when she neglects the children (%)","SG.VAW.NEGL.ZS","","","","","","","","","","","","","","","","","","","","","","","","","","","","","","","","","","","","","","","","","","","60.9","","","","","42.6","","","","","","","33.1","","","","31.3","","","","","","23.1","",
"Zambia","ZMB","Proportion of women subjected to physical and/or sexual violence in the last 12 months (% of ever-partnered women ages 15-49)","SG.VAW.1549.ZS","","","","","","","","","","","","","","","","","","","","","","","","","","","","","","","","","","","","","","","","","","","","","","","","","","","","","","","26.7","","","","","","","","","","","",
"Zambia","ZMB","Women making their own informed decisions regarding sexual relations, contraceptive use and reproductive health care (% of women age 15-49)","SG.DMK.SRCR.FN.ZS","","","","","","","","","","","","","","","","","","","","","","","","","","","","","","","","","","","","","","","","","","","","","","","","39.5","","","","","","","46.6","","","","46.5","","","","","","50.2","",
"Zambia","ZMB","Expenditure on tertiary education (% of government expenditure on education)","SE.XPD.TERT.ZS","","","","","","","","","","","14.18226","18.30647","14.76643","15.43898","14.23005","16.06815","17.23334","17.58817","17.99438","21.70023","18.69236","18.71473","18.05561","13.05641","11.34211","17.33347","19.15257","15.05165","","","","20.84587","24.7041","28.78335","20.80363","22.06442","","","","","19.41007","","","","18.04966","25.75265","","","","","","","","","","11.83535","12.33514","8.91604","","","","","","","","",
"Zambia","ZMB","Expenditure on primary education (% of government expenditure on education)","SE.XPD.PRIM.ZS","","","","","","","","","","","38.62262","37.86052","38.57278","36.58956","38.35066","38.98184","41.03383","42.27688","45.07966","48.48559","43.36687","38.57474","48.11879","43.50598","41.71945","41.02459","36.61399","33.72816","","","","38.73287","33.66071","38.42412","38.11075","40.87166","","","","","54.80165","","","","63.86121","59.7587","","","","","","","","","","62.71365","67.44895","67.35112","","","","","","","","",
"Zambia","ZMB","Current education expenditure, secondary (% of total expenditure in secondary public institutions)","SE.XPD.CSEC.ZS","","","","","","","","","","","","","","","","","","","","","","","","","","","","","","","","","","","","","","","","","99.3727569580078","","","","100","","","","","","","","","","","63.2230110168457","82.6127777099609","77.3413772583008","","","","","","","","",
"Zambia","ZMB","School enrollment, tertiary, female (% gross)","SE.TER.ENRR.FE","","","","","","","","","","","0.117530003190041","","","","0.51826000213623","0.53371000289917","","","","0.683000028133392","","0.580810010433197","0.627120018005371","","","","","","1.15892994403839","1.12510001659393","","","","","","","","","1.49217998981476","1.4833699464798","","","","","","","","","","","","2.19578748677709","3.40673753489284","","","","","","","","","","","","","",
"Zambia","ZMB","Educational attainment, at least completed short-cycle tertiary, population 25+, male (%) (cumulative)","SE.TER.CUAT.ST.MA.ZS","","","","","","","","","","","","","","","","","","","","","0.716159999370575","","","","","","","","","","0.347220003604889","","","","","","","","","","","","","","","","","","","","","","","","","7.09869069388319","","10.7791210151488","","","","","","11.6620085755453","","",
"Zambia","ZMB","Educational attainment, at least Master's or equivalent, population 25+, female (%) (cumulative)","SE.TER.CUAT.MS.FE.ZS","","","","","","","","","","","","","","","","","","","","","","","","","","","","","","","","","","","","","","","","","","","","","","","","","","","","","","","","0.189365667436323","","","","","","","","","","",
"Zambia","ZMB","Educational attainment, at least Bachelor's or equivalent, population 25+, total (%) (cumulative)","SE.TER.CUAT.BA.ZS","","","","","","","","","","","","","","","","","","","","","","","","","","","","","","","","","","","","","","","","","","","","","","","","","","","","","","","","5.42241224541139","","1.58607046700966","1.8147200345993","","","","","2.80119454477244","3.22604990005493","",
"Zambia","ZMB","Tuberculosis case detection rate (%, all forms)","SH.TBS.DTEC.ZS","","","","","","","","","","","","","","","","","","","","","","","","","","","","","","","","","","","","","","","","","66","62","73","79","76","70","68","66","63","65","64","63","60","60","59","57","60","57","56","59","66","83","91","93","81","",
"Zambia","ZMB","Prevalence of severe wasting, weight for height, female (% of children under 5)","SH.SVR.WAST.FE.ZS","","","","","","","","","","","","","","","","","","","","","","","","","","","","","","","","","2.4","","","","1.1","","","2.1","","","2","","","","","2.4","","","","","","2.2","","","","","1.4","","","","","","","",
"Zambia","ZMB","Mortality rate attributed to unsafe water, unsafe sanitation and lack of hygiene (per 100,000 population)","SH.STA.WASH.P5","","","","","","","","","","","","","","","","","","","","","","","","","","","","","","","","","","","","","","","","","","","","","","","","","","","","","","","","","","","","35.8","","","","","","",
"Zambia","ZMB","Suicide mortality rate, female (per 100,000 female population)","SH.STA.SUIC.FE.P5","","","","","","","","","","","","","","","","","","","","","","","","","","","","","","","","","","","","","","","","","3.39","3.08","3.37","3.12","2.57","2.12","2.84","2.75","2.63","2.19","2.27","2.03","1.87","2.35","2.28","2.26","1.94","2.06","1.97","2.12","2.28","3.09","","","","",
"Zambia","ZMB","Prevalence of stunting, height for age, female (modeled estimate, % of children under 5)","SH.STA.STNT.ME.FE.ZS","","","","","","","","","","","","","","","","","","","","","","","","","","","","","","","","","","","","","","","","","49.2","49.1","48.8","48.3","47.6","46.8","45.8","44.7","43.4","42.1","40.6","39.1","37.8","36.6","35.6","34.7","33.5","32.3","31","29.9","29.1","28.7","28.9","29.1","29.4","",
"Zambia","ZMB","People using safely managed sanitation services, urban (% of urban population)","SH.STA.SMSS.UR.ZS","","","","","","","","","","","","","","","","","","","","","","","","","","","","","","","","","","","","","","","","","","","","","","","","","","","","","","","","","","","","","","","","","","",
"Zambia","ZMB","Mortality rate attributed to unintentional poisoning (per 100,000 population)","SH.STA.POIS.P5","","","","","","","","","","","","","","","","","","","","","","","","","","","","","","","","","","","","","","","","","1.21","1.23","1.21","1.15","1.22","1.15","1.16","1.17","1.11","1.11","1.13","1.04","1.07","1.05","1.13","1.16","1.2","1.14","1.09","1.1","1.12","1.18","","","","",
"Zambia","ZMB","Prevalence of overweight, weight for height, female (modeled estimate, % of children under 5)","SH.STA.OWGH.ME.FE.ZS","","","","","","","","","","","","","","","","","","","","","","","","","","","","","","","","","","","","","","","","","7.7","7.9","8.1","8.2","8.2","8.1","7.9","7.7","7.4","7","6.7","6.3","6","5.7","5.4","5.2","5","4.8","4.8","4.7","4.8","4.9","5.1","5.4","5.9","",
"Zambia","ZMB","Diarrhea treatment (% of children under 5 receiving oral rehydration and continued feeding)","SH.STA.ORCF.ZS","","","","","","","","","","","","","","","","","","","","","","","","","","","","","","","","","","","","","43.4","","","","","","47.8","","","","","56.1","","","","","","","56.2","","","","57.1","57.1","","","","","","",
"Zambia","ZMB","Maternal mortality ratio (national estimate, per 100,000 live births)","SH.STA.MMRT.NE","","","","","","","","","","","","","","","","","","","","","","","","","","","","","","","","","","","","","","","","","","","","","","","","","","","","","","","","","","","252","","","","","","","",
"Zambia","ZMB","Prevalence of underweight, weight for age, female (% of children under 5)","SH.STA.MALN.FE.ZS","","","","","","","","","","","","","","","","","","","","","","","","","","","","","","","","","20.1","","","","18.2","","","16.1","","","22.2","","","","","13","","","","","","13.4","","","","","10.2","","","","","","","",
"Zambia","ZMB","Female genital mutilation prevalence (%)","SH.STA.FGMS.ZS","","","","","","","","","","","","","","","","","","","","","","","","","","","","","","","","","","","","","","","","","","","","","","","","","","","","","","","","","","","","","","","","","","",
"Zambia","ZMB","Exclusive breastfeeding (% of children under 6 months)","SH.STA.BFED.ZS","","","","","","","","","","","","","","","","","","","","","","","","","","","","","","","","","10.2","","","","","18.8","","18.53609","","","39.70217","","","","","59.87176","","","","","","","72.02274","","","","69.9","","","","","","","",
"Zambia","ZMB","ARI treatment (% of children under 5 taken to a health provider)","SH.STA.ARIC.ZS","","","","","","","","","","","","","","","","","","","","","","","","","","","","","","","","","","","","","","","","","","","69","","","","","68","","","","","","","69.7","","","","","75.2","","","","","","",
"Zambia","ZMB","Mortality rate attributed to household and ambient air pollution, age-standardized, female (per 100,000 female population)","SH.STA.AIRP.FE.P5","","","","","","","","","","","","","","","","","","","","","","","","","","","","","","","","","","","","","","","","","","","","","","","","","","","","","","","","","","","","141.5","","","","","","",
"Zambia","ZMB","Prevalence of current tobacco use, males (% of male adults)","SH.PRV.SMOK.MA","","","","","","","","","","","","","","","","","","","","","","","","","","","","","","","","","","","","","","","","","30.6","","","","","29.3","","28.9","","","28.1","","","","","27","","","","","26","","25.6","25.3","25.3","",
"Zambia","ZMB","Lifetime risk of maternal death (%)","SH.MMR.RISK.ZS","","","","","","","","","","","","","","","","","","","","","","","","","","3.90721015472231","4.00704162892318","4.02450647859489","3.9977276466923","3.95132707973494","3.82701832690967","3.68545585850826","3.44119528867204","3.12967481482556","2.95850946564528","2.69392297838539","2.47130937535541","2.27444376061334","2.18796259544897","2.08666189543942","1.86102298027474","1.64907920409263","1.46719790097785","1.33587447194731","1.38655315598161","1.41274720322378","1.41170775667291","1.73655994408295","2.10521558619855","2.1581465804182","1.75013627862477","1.51946462895928","1.31550998818586","1.07538092729655","0.858196048630391","0.748298525598863","0.749391470846663","0.657279632444312","0.536835368888854","0.464491197978426","0.438214877689848","0.607270270793624","0.384519645248173","0.361592699648205","","",
"Zambia","ZMB","Use of insecticide-treated bed nets (% of under-5 population)","SH.MLR.NETS.ZS","","","","","","","","","","","","","","","","","","","","","","","","","","","","","","","","","","","","","","","","1","","","7.3","","","","23","28.5","41","","50","","57","","40.6","","","","51.6","51.6","","","","","","",
"Zambia","ZMB","Nurses and midwives (per 1,000 people)","SH.MED.NUMW.P3","","","","","","","","","","","","","","","","","","","","","","","","","","","","","","","","","","","","","","","","","","","","","","0.714","0.69","","0.698","0.704","0.711","","","","","","","0.9","1.273","1.418","1.626","1.851","2.936","","","",
"Zambia","ZMB","Immunization, DPT (% of children ages 12-23 months)","SH.IMM.IDPT","","","","","","","","","","","","","","","","","","","","","","","","49","59","66","66","83","83","83","91","79","83","86","90","86","84","83","84","84","85","85","84","83","83","82","81","80","87","94","83","81","78","79","86","90","95","94","90","88","84","91","92","90","91","",
"Zambia","ZMB","Incidence of HIV, ages 15-24 (per 1,000 uninfected population ages 15-24)","SH.HIV.INCD.YG.P3","","","","","","","","","","","","","","","","","","","","","","","","","","","","","","","22.2","22.6","22","20.6","19.3","18.1","16.9","15.6","14.6","13.7","12.9","12.1","11.6","11.1","10.4","9.9","9.5","8.9","8.1","8","8.2","8.2","8.3","8.5","6.5","4.8","3.3","5.3","7.2","6.1","4.9","4.1","3.4","2.9","2.7","",
"Zambia","ZMB","Children (ages 0-14) newly infected with HIV","SH.HIV.INCD.14","","","","","","","","","","","","","","","","","","","","","","","","","","","","","","","15000","17000","19000","20000","21000","22000","22000","23000","23000","23000","22000","22000","22000","22000","20000","17000","16000","15000","13000","12000","12000","11000","11000","10000","9400","10000","9500","8600","8100","5500","4700","5000","4800","3900","3000","",
"Zambia","ZMB","Prevalence of HIV, female (% ages 15-24)","SH.HIV.1524.FE.ZS","","","","","","","","","","","","","","","","","","","","","","","","","","","","","","","9.9","11","11.7","12.1","12.2","12.1","11.7","11.2","10.7","10.1","9.6","9.1","8.6","8.3","8","7.7","7.5","7.2","7","6.9","6.8","6.7","6.8","6.8","6.6","6.3","5.7","5.5","5.4","5.3","4.9","4.6","4.2","3.9","3.6","",
"Zambia","ZMB","People using safely managed drinking water services, rural (% of rural population)","SH.H2O.SMDW.RU.ZS","","","","","","","","","","","","","","","","","","","","","","","","","","","","","","","","","","","","","","","","","","","","","","","","","","","","","","","","","","","","","","","","","","",
"Zambia","ZMB","Demand for family planning satisfied by modern methods (% of married women with demand for family planning)","SH.FPL.SATM.ZS","","","","","","","","","","","","","","","","","","","","","","","","","","","","","","","","","19.6","","","","28.1","","","","","","41","","","","","48.5","","","","","","","63.8","","","","68.5","","","","","","73.9","",
"Zambia","ZMB","Mortality from CVD, cancer, diabetes or CRD between exact ages 30 and 70, female (%)","SH.DYN.NCOM.FE.ZS","","","","","","","","","","","","","","","","","","","","","","","","","","","","","","","","","","","","","","","","","23.8","22.9","22.5","21.9","20.9","20.1","19.9","19.8","19.9","20.1","20.3","20.5","20.3","20.2","20.3","20.4","20.6","20.4","20.2","20.4","20.7","21.6","","","","",
"Zambia","ZMB","Prevalence of HIV, total (% of population ages 15-49)","SH.DYN.AIDS.ZS","","","","","","","","","","","","","","","","","","","","","","","","","","","","","","","9.4","10.7","11.8","12.7","13.3","13.7","13.9","14","13.9","13.7","13.5","13.2","12.9","12.6","12.3","12.1","11.9","11.7","11.7","11.7","11.7","11.7","11.8","11.8","11.9","11.9","11.8","11.8","11.7","11.5","11.1","10.7","10.3","9.8","9.4","",
"Zambia","ZMB","Probability of dying among adolescents ages 10-14 years (per 1,000)","SH.DYN.1014","","","","","","","","","","","","","","","","","","","","","","","","","","","","","","","9.5","9.3","9.1","9","8.8","8.6","8.3","8.1","7.9","7.7","7.4","7.2","6.9","6.6","6.3","6.1","5.9","5.6","5.4","5.2","5.1","4.9","4.7","4.6","4.4","4.3","4.1","4","3.9","3.8","3.8","3.7","3.6","3.5","3.5","",
"Zambia","ZMB","Cause of death, by non-communicable diseases (% of total)","SH.DTH.NCOM.ZS","","","","","","","","","","","","","","","","","","","","","","","","","","","","","","","","","","","","","","","","","14.2422345418609","","","","","","","","","","22.3355440760648","","","","","26.4269830470346","","","","29.6619618160959","31.2810406328447","31.1884695184438","","","","",
"Zambia","ZMB","Cause of death, by communicable diseases and maternal, prenatal and nutrition conditions (% of total)","SH.DTH.COMM.ZS","","","","","","","","","","","","","","","","","","","","","","","","","","","","","","","","","","","","","","","","","82.3536222307703","","","","","","","","","","71.9268858126433","","","","","67.1858442955037","","","","63.55778473389","61.4353621822815","58.8379642951577","","","","",
"Zambia","ZMB","Number of deaths ages 5-9 years","SH.DTH.0509","","","","","","","","","","","","","","","","","","","","","","","","","","","","","","","4197","4290","4374","4438","4489","4522","4541","4546","4531","4506","4474","4426","4371","4300","4222","4137","4049","3964","3888","3824","3766","3725","3685","3647","3605","3564","3524","3495","3470","3454","3449","3454","3444","3425","3406","",
"Zambia","ZMB","Prevalence of anemia among children (% of children ages 6-59 months)","SH.ANM.CHLD.ZS","","","","","","","","","","","","","","","","","","","","","","","","","","","","","","","","","","","","","","","","","65.6","64.2","62.6","61.2","59.9","58.7","57.6","56.6","55.8","55","54.3","54","54","53.9","53.9","54.2","54.4","54.6","54.9","55.1","","","","","","",
"Zambia","ZMB","Total alcohol consumption per capita, female (liters of pure alcohol, projected estimates, female 15+ years of age)","SH.ALC.PCAP.FE.LI","","","","","","","","","","","","","","","","","","","","","","","","","","","","","","","","","","","","","","","","","1.43","1.43","1.38","1.34","1.3","1.32","1.24","1.22","1.18","1.25","1.28","1.3","1.31","1.38","1.42","1.44","1.45","1.47","1.48","1.48","1.38","","","","","",
"Zambia","ZMB","Women who believe a husband is justified in beating his wife when she goes out without telling him (%)","SG.VAW.GOES.ZS","","","","","","","","","","","","","","","","","","","","","","","","","","","","","","","","","","","","","","","","","","","78.8","","","","","42.3","","","","","","","29.7","","","","26","","","","","","18.4","",
"Zambia","ZMB","Proportion of time spent on unpaid domestic and care work, male (% of 24 hour day)","SG.TIM.UWRK.MA","","","","","","","","","","","","","","","","","","","","","","","","","","","","","","","","","","","","","","","","","","","","","","","","","","","","","","","","","","","","","","","","","","",
"Zambia","ZMB","Women participating in the three decisions (own health care, major household purchases, and visiting family) (% of women age 15-49)","SG.DMK.ALLD.FN.ZS","","","","","","","","","","","","","","","","","","","","","","","","","","","","","","","","","","","","","","","","","","","18","","","","","38.7","","","","","","","53.8","","","","57.8","","","","","","","",
"Zambia","ZMB","Government expenditure per student, tertiary (% of GDP per capita)","SE.XPD.TERT.PC.ZS","","","","","","","","","","","","","","","","","","","","","","","","","","","","","","","","","","","","","","","","","","","","","","","","","","","","","","","","","","","","","","","","","","",
"Zambia","ZMB","Government expenditure per student, primary (% of GDP per capita)","SE.XPD.PRIM.PC.ZS","","","","","","","","","","","","","","","","","","","","","","","","","","","","","","","","","","","","","","","","","6.42147","","","","8.07122","4.77933","","","","","","","","","","14.32072","12.91385","12.88822","","","","","","","","",
"Zambia","ZMB","Current education expenditure, primary (% of total expenditure in primary public institutions)","SE.XPD.CPRM.ZS","","","","","","","","","","","","","","","","","","","","","","","","","","","","","","","","","","","","","","","","","96.4375305175781","","","","98.6546325683594","","","","","","","","","","","96.1299133300781","99.4839782714844","98.6407165527344","","","","","","","","",
"Zambia","ZMB","School enrollment, tertiary (% gross)","SE.TER.ENRR","","","","","","","","","","","0.39258000254631","","","","1.12231004238129","1.95813000202179","1.98497998714447","1.54306995868683","1.54533004760742","1.49784994125366","","1.4261200428009","1.46257996559143","1.52306997776031","1.46134996414185","","2.24834990501404","1.95634996891022","2.15345001220703","2.03008008003235","2.08488011360169","","","","","","","","2.3989999294281","2.38265991210938","","","","","","","","","","","","3.99062158481189","3.96159738763825","","","","","","","","","","","","","",
"Zambia","ZMB","Educational attainment, at least completed short-cycle tertiary, population 25+, female (%) (cumulative)","SE.TER.CUAT.ST.FE.ZS","","","","","","","","","","","","","","","","","","","","","0.169709995388985","","","","","","","","","","0.228440001606941","","","","","","","","","","","","","","","","","","","","","","","","","3.84515750870217","","7.41192888993925","","","","","","8.52130699254635","","",
"Zambia","ZMB","Educational attainment, Doctoral or equivalent, population 25+, total (%) (cumulative)","SE.TER.CUAT.DO.ZS","","","","","","","","","","","","","","","","","","","","","","","","","","","","","","","","","","","","","","","","","","","","","","","","","","","","","","","","0.0485287470481641","","","","","","","","","","",
"Zambia","ZMB","Educational attainment, at least Bachelor's or equivalent, population 25+, male (%) (cumulative)","SE.TER.CUAT.BA.MA.ZS","","","","","","","","","","","","","","","","","","","","","","","","","","","","","","","","","","","","","","","","","","","","","","","","","","","","","","","","7.09869069388319","","2.19656948024639","2.4573700428009","","","","","3.56344878164582","4.16867017745972","",
"Zambia","ZMB","WBL: Enforcement Perceptions Index (scale 0-100)","GD_WBL_OVL_ENF","","","","","","","","","","","","","","","","","","","","","","","","","","","","","","","","","","","","","","","","","","","","","","","","","","","","","","","","","","","","","","","","","","58.76",
"Zambia","ZMB","Expense (current LCU)","GC.XPN.TOTL.CN","","","","","","","","","","","","","","","","","","","","","","","","","","","","","","","","","","","","","","","1291800000","1303500000","","2085233347.662","2614386226.95862","3652856146.47206","5186640029.65165","7347492182.50973","6543200000","8308207035.77088","10991772907.4398","11215672991.5046","14260462788.0777","16529372473.4953","21702188220.3","27017586101.7","33838655981.26","42606352332.05","48424716528.43","51521030500.96","55339551723.2899","65967011555.95","84418713154.76","111190635327.68","","","","",
"Zambia","ZMB","Interest payments (% of revenue)","GC.XPN.INTP.RV.ZS","","","","","","","","","","","","","","","","","","","","","","","","","","","","","","","7.1265279661523","31.9042059246789","15.0745141609707","12.9062185546413","","","","","13.463172341677","14.0587725005422","","5.27468591871632","14.4621919978934","19.7480418652831","21.0932074874282","17.8897090509229","7.65763558865318","4.6685320271169","9.15267178541263","8.26419539172273","9.4920064203279","4.43067741716747","7.61304218973144","9.01882045666896","15.4540706072977","19.761539814111","24.8398072678116","24.1498854073841","33.2072967358825","44.45389651379","38.7926945843895","27.3532697361451","24.3226031375528","28.4655013657034","28.3255923899655","",
"Zambia","ZMB","Compensation of employees (% of expense)","GC.XPN.COMP.ZS","","","","","","","","","","","","","","","","","","","","","","","","","","","","","","","","","","","","","","","34.7344790215204","31.1315688530878","","38.9035766297602","43.8070799474877","44.6914602764809","38.7682855259753","36.417867940977","37.628377552268","42.6209815937953","40.1511202429659","46.4076812133122","44.8393493229467","42.0474563995996","49.1394426776038","42.1066347214646","45.4119069855794","38.4858379892223","38.4994908120001","38.8734826301015","37.891833157342","33.8550376301314","32.3790442572966","27.9572546515538","","","","",
"Zambia","ZMB","Taxes on income, profits and capital gains (current LCU)","GC.TAX.YPKG.CN","","","","","","","","","","","","","","","","","","","","","","","","","","","","","","","9253800","13528400","44246600","75606000","131993600","162200000","242700000","305100000","395800000","477700000","","927526083.159","1236297150.274","1598556558.778","2017318739.526","2403131193.7","2883000000","3516016459.725","3910205242.808","4417241126.014","6424628930.847","9009815000","10193669000","9495297000","10826361000","12233153000","14573122000","16106438111","20206000281","23213897711","28899019237","42111502397","47486904169","44872929581","58636950110","",
"Zambia","ZMB","Other taxes (current LCU)","GC.TAX.OTHR.CN","","","","","","","","","","","","","","","","","","","","","","","","","","","","","","","25100","67100","136900","134600","633200","935400","1400400","600000","2100000","2300000","","","","1092","","","","","","","","328228000","173761000","208328000","302364000","430013000","470317000","664455388","918970271","1212000300","1582821498","2394063919","2561547589","2951402389.54","4099181666","",
"Zambia","ZMB","Customs and other import duties (current LCU)","GC.TAX.IMPT.CN","","","","","","","","","","","","","","","","","","","","","","","","","","","","","","","3959000","12190800","18423600","91811000","161900200","216900000","90000000","123700000","183900000","236000000","","","","","","","","910578028.175","1182502010.497","1023459832.839","1249233063.898","1700140000","2016483000","1787946000","1858822000","1916625000","1877293000","2618336214","3143909681","3538968123","3499022037","5271811289","5636025184","6487661805","8494176298","",
"Zambia","ZMB","Taxes on exports (% of tax revenue)","GC.TAX.EXPT.ZS","","","","","","","","","","","","","","","","","","","","","","","","","","","","","","","","","0.0319037033631195","0.00533838880248276","0.348274484094422","","","","","","","","","","","","","","","","","0.00162688437756566","0.0104248243816079","0.0227021249078374","0.00777461619336713","0.0104221145830235","0.00851124055558994","0.0874585041531447","0.0429238128896697","0.238220909856871","0.0350576163307035","0.041489902362319","0.055941427693325","0.060879255252975","0.292563205234728","",
"Zambia","ZMB","Social contributions (% of revenue)","GC.REV.SOCL.ZS","","","","","","","","","","","","","","","","","","","","","","","","","","","","","","","0.00341206677414677","0.00588304506412519","0.000209368252235704","0.00033122168468623","0.000234614213184978","0.000148446752150004","7.78715120051914E-05","","","","","0.00046174046330284","0.000177422187731869","","","","","","","","","","","","","","","","","","","","","","","",
"Zambia","ZMB","Net lending (+) / net borrowing (-) (% of GDP)","GC.NLD.TOTL.GD.ZS","","","","","","","","","","","","","","","","","","","","","","","","","","","","","","","","","","","","","","","-2.83566518724286","-0.364106167946184","","1.62706894408861","-1.48779108693794","0.940084213190673","1.72939119966869","-4.00856618053735","1.8372979325538","2.14164130829418","-0.250266933679395","-0.741710498432468","-1.1266775379511","-1.00694173222865","0.235911233217904","-4.41114532805572","-5.65802524303664","-8.02843690435214","-5.66341239829152","-5.27859393902181","-8.77925685525932","-7.8740352787921","-13.1074619308126","-3.63065811585403","-0.759336920771255","-3.56628574595142","-3.18102811041232","",
"Zambia","ZMB","Net incurrence of liabilities, total (% of GDP)","GC.LBL.TOTL.GD.ZS","","","","","","","","","","","","","","","","","","","","","","","","","","","","","","","7.85433209811188","39.4789069608266","6.08288094050888","6.83561091221837","28.6670261790372","","","","","","","","","","","","","","","","2.77638835059511","3.75782085584654","10.8328987558168","3.74943750259365","6.7076754498692","11.6469451529166","4.50588948252645","11.019503311368","6.26441543004459","7.24098284113652","12.6200918166544","5.34031638723908","6.33840315262102","4.27510419438811","0.795357192857669","",
"Zambia","ZMB","Net acquisition of financial assets (% of GDP)","GC.AST.TOTL.GD.ZS","","","","","","","","","","","","","","","","","","","","","","","","","","","","","","","1.56140815246162","1.26967808616438","1.17540785583358","0.828406782410167","29.1245873778475","","","","","","","","","","","","","-0.147324213489616","-0.407186105174396","1.92551067840903","1.09074737667072","1.47317313636163","3.14209307061556","-0.324392513496904","1.16374811581953","4.27040340702145","-0.0292184023591146","-7.50304934089875","0.238537905083887","0.351557661515403","1.40641742641192","2.13080555917478","5.33417902463156","-2.18305416252065","-0.267555445172436","",
"Zambia","ZMB","Account ownership at a financial institution or with a mobile-money-service provider, young adults (% of population ages 15-24)","FX.OWN.TOTL.YG.ZS","","","","","","","","","","","","","","","","","","","","","","","","","","","","","","","","","","","","","","","","","","","","","","","","","","","","12.8176299414459","","","28.8433610116085","","","41.5426341020674","","","","44.506118008212","","","61.515767600297","",
"Zambia","ZMB","Account ownership at a financial institution or with a mobile-money-service provider, male (% of population ages 15+)","FX.OWN.TOTL.MA.ZS","","","","","","","","","","","","","","","","","","","","","","","","","","","","","","","","","","","","","","","","","","","","","","","","","","","","19.3929234877127","","","38.1350851453337","","","51.6809247376072","","","","52.4849790092609","","","75.4614346484177","",
"Zambia","ZMB","Domestic credit to private sector (% of GDP)","FS.AST.PRVT.GD.ZS","","","","","","","","","","","","","","","","","","","","","","","","","","","","","","","","","","","","","","","","","","","","","","","","","","","","13.6929591153621","15.8590190469567","15.8169736426664","17.0881246939801","19.7648340604039","15.4421205069545","14.9060105438137","14.973719234617","15.6261899079478","15.1635545633961","11.3595044648168","12.9750888260207","15.6263060649433","17.0073799722572","",
"Zambia","ZMB","Risk premium on lending (lending rate minus treasury bill rate, %)","FR.INR.RISK","","","","","","","","","","","","","","","","","","","3.870000001","4.64333333383333","5","3.75","3.5","5.5","6.87500000000003","5.3941666666667","3.145","4.6958333333333","3.2233333333333","-0.109999999999999","9.1875","6","7.5666666666667","-10.716666666667","-3.6525","5.725","1.0083333333333","17.2083333333334","6.8639166666667","4.3230916666667","7.433625","1.9541666666666","10.6615583333334","10.5962326388888","18.1235287037037","11.8933333333334","12.785","6.9391666666666","5.5966666666667","6.6683333333333","14.6391666666667","9.2841666666667","2.0233333333333","-1.92499999999997","-3.7825","-5.7658333333333","-8.7816666666667","-2.1108333333333","-5.07166666666663","-10.8383333333333","-11.3223729166666","","","","","",
"Zambia","ZMB","Deposit interest rate (%)","FR.INR.DPST","","","","","","","","","","","","","","","","","","","6.25","6.75","7","6.16666666666667","6","7","7.70833333333333","15.3333333333333","17.7416666666667","13.2341666666667","11.44","11.44","25.6541666666667","31.5","48.5","88.1333333333333","46.1416666666667","30.2416666666667","42.125","34.475","13.0833333333333","20.2666666666667","20.2416666666667","23.4083333333333","23.325","21.95","11.5102272727273","11.1891666666667","10.325","9.21666666666667","6.55083333333333","7.09","7.4","7.02416666666667","7","6.49083333333333","7.87666666666667","8.99333333333333","10.7841666666667","8.8875","6.8","8.28583333333333","8.71592682661453","","","","","",
"Zambia","ZMB","Broad money growth (annual %)","FM.LBL.BMNY.ZG","","","","","","","35.134381102948","16.5852315738765","29.1069004191016","28.7216532553036","26.2946650564751","-10.4198891920016","7.08275775461509","20.4438841327548","7.26369854677345","12.0481107454896","26.2769878883623","12.0629370629371","-8.48444946972191","30.1449774010416","9.00547971543934","7.89659353985228","33.7702941567133","11.0674050028642","17.1646666437438","23.3637564196625","93.2515308234331","54.2572468228215","61.6092020065149","65.1973133895003","47.8786429532207","97.3068029300949","","","59.1871668215386","55.4728328149595","35.0089077523051","25.0597057035766","25.6143240576834","27.6936121418328","73.7626553656042","8.71328332418044","28.1665119722777","24.9776016863202","31.9566420859544","3.25496701207701","44.0480880478724","25.266457072071","23.2286245715782","7.66123120594909","29.8590751203246","21.7019803670348","17.8594271854124","20.7915795117709","12.6180852988294","35.1924714884861","-5.70227249362343","21.3561456656206","16.4780078048778","12.5452246885134","46.4435493408135","3.65702508304102","24.503893776855","24.5799613166838","22.9614259337844","8.70878720650156",
"Zambia","ZMB","Claims on private sector (annual growth as % of broad money)","FM.AST.PRVT.ZG.M3","","","","","","","23.3144238817074","20.0123873098892","-2.52641520571395","9.92136064374543","10.1832776870072","2.62395590179149","1.50069069446189","3.12829834642899","38.5701419147538","12.393055713151","-0.394944707740916","13.248219670238","-7.41244328672229","6.54822414413287","5.26701595846952","20.9249255870356","18.8223514145883","7.52721023486729","-16.9136609015576","3.02039618488628","23.0396658118479","13.584684547169","17.6553205683742","32.9678631847257","22.7511582723061","23.3756730971362","","","33.2799192939757","34.2105537412974","23.2241150229618","5.35157953969109","1.41641403641318","11.8749969739305","22.0167826122861","5.00692364469094","1.71883853222592","10.7548531135997","16.609920478787","6.65686388241288","22.3613489763111","20.539116983877","26.4340641086817","-3.65063556243394","8.70057802861594","14.0229359487841","19.5039712007517","7.65915689197063","15.0097139292725","18.7339476340837","-5.78004740867714","3.07912823343052","8.49141123044184","8.77381670853332","4.50998406473201","-3.05275744279965","11.9775642588254","15.5659656798355","8.77009069792466","6.58606837565826",
"Zambia","ZMB","Claims on other sectors of the domestic economy (annual growth as % of broad money)","FM.AST.DOMO.ZG.M3","","","","","","","","","","","","","","","","","","","","","","","","","","","","","","","","","","","","","","","","","","","-11.4201475294706","11.6727555706619","17.6216005936806","7.94090394353099","22.6865879701121","22.5643590973071","24.5923243258868","-3.42403590512947","8.17112616609934","14.0092952031688","22.2287154491134","6.11583594375056","15.2577436148682","19.1354822885795","-5.84379940065514","3.43030209281205","9.17050279608956","8.65402849461744","4.98715746978098","-3.30977311533216","12.7399479162238","18.4765294406986","8.90742441876526","6.96840757056276",
"Zambia","ZMB","Total reserves (% of total external debt)","FI.RES.TOTL.DT.ZS","","","","","","","","","","","","33.3337666840745","18.163510773432","20.1789618897507","16.3579651229372","9.84700497731232","6.08908253204283","4.02490516694806","3.74382590256812","6.28528553337018","6.33717557755796","3.94535748712266","4.29592675773916","3.66601420390041","1.46148103148933","4.48148615041095","1.26918381963103","1.70924244418257","2.08181955658387","1.8775392981408","2.91410378568372","2.76508054784992","","2.96895062644583","3.93812048606761","3.20075301266255","3.15449416953012","3.58995381789709","1.00986965813409","0.763131136423497","4.21204241602999","2.96155443837508","8.00962727486297","3.59953974676757","4.46591430694416","10.4243305129052","31.9785926444574","39.7786520071578","37.3035683405447","51.9674899389065","48.4586286539631","44.6960083441316","49.2118641035973","40.2456079103037","31.8981483317815","24.1059303154785","14.932427982912","8.77064357310276","6.3748426196843","4.92786160325023","4.07514672518242","10.2209380297614","10.4405689268511","10.9131995443089","14.5453908868032","",
"Zambia","ZMB","Depositors with commercial banks (per 1,000 adults)","FB.CBK.DPTR.P3","","","","","","","","","","","","","","","","","","","","","","","","","","","","","","","","","","","","","","","","","","","","","13.0939327714646","16.6582868030379","21.9754926811558","24.2987210152551","26.6178920589219","25.8977716118723","127.141890691067","143.700353619138","179.863436831877","245.489540629996","274.624690967779","290.766956500459","302.030981236901","315.53589607971","282.795962838221","222.006931288206","206.156438494018","211.132301145423","214.476448433616","226.877597845243","246.276888890919","",
"Zambia","ZMB","Automated teller machines (ATMs) (per 100,000 adults)","FB.ATM.TOTL.P5","","","","","","","","","","","","","","","","","","","","","","","","","","","","","","","","","","","","","","","","","","","","","0.903272103193819","1.35540798102945","2.06698716882747","2.78179967183737","4.24339662754974","5.96388074563176","6.51469964037259","6.69436325619482","7.97360451690435","8.90133693534387","9.95594235936222","10.7005286862042","10.8932566988435","11.0142843696042","10.9969666700268","9.66120200526602","9.55544938389573","8.40554569499392","7.99117953085655","8.36298340704286","7.70134427324914","",
"Zambia","ZMB","Terrestrial protected areas (% of total land area)","ER.LND.PTLD.ZS","","","","","","","","","","","","","","","","","","","","","","","","","","","","","","","","","","","","","","","","","","","","","","","","","","","","","","38","38","38","38","37.9","37.9","41.3","41.3","41.3","41.3","41.3","41.3","41.3",
"Zambia","ZMB","Annual freshwater withdrawals, total (billion cubic meters)","ER.H2O.FWTL.K3","","","","","","","","","","","","","","","","","","","","","","","","","","","","","","","","","1.747","1.7265","1.706","1.68925","1.6725","1.65575","1.639","1.62225","1.6055","1.58875","1.572","1.572","1.572","1.572","1.572","1.572","1.572","1.572","1.572","1.572","1.572","1.572","1.572","1.572","1.572","1.572","1.572","1.572","1.572","1.572","1.572","","","",
"Zambia","ZMB","Annual freshwater withdrawals, agriculture (% of total freshwater withdrawal)","ER.H2O.FWAG.ZS","","","","","","","","","","","","","","","","","","","","","","","","","","","","","","","","","76.64567831","76.94758181","77.25674091","76.73386898","76.201373","75.65898479","75.10642611","74.5434082","73.96963124","73.63051326","73.28244275","73.28244275","73.28244275","73.28244275","73.28244275","73.28244275","73.28244275","73.28244275","73.28244275","73.28244275","73.28244275","73.28244275","73.28244275","73.28244275","73.28244275","73.28244275","73.28244275","73.28244275","73.28244275","73.28244275","73.28244275","","","",
"Zambia","ZMB","Aquaculture production (metric tons)","ER.FSH.AQUA.MT","0","0","0","0","0","0","0","0","0","0","0","0","0","0","0","0","0","3","8","15","27","45","72","202","340","363","695","1091","1147","1180","1460","2470","3700","4655","4530","4081","4770","4718","4159","4180","4240","4520","4630","4501","5125","5125","5210","5876","5640","8505","10290","10530","12988","20271","19281","22754","21600","21567","29565","38480","45670","63355","75648","81550","88950","",
"Zambia","ZMB","Population in largest city","EN.URB.LCTY","98968","106863","115399","125639","141668","159690","180034","202970","228866","257980","277523","296229","316224","337509","360259","384542","410498","438128","467660","499183","532878","553203","572857","593210","614316","636111","658712","682115","706384","731445","757433","784302","812155","840918","870740","901621","933641","966706","1000989","1036489","1073299","1121302","1176111","1233599","1293983","1357143","1423481","1493061","1566144","1642590","1722879","1807094","1895425","1988075","2085252","2187180","2294091","2406227","2523844","2646619","2774133","2905993","3041789","3181250","3324219","3470866",
"Zambia","ZMB","Rural population living in areas where elevation is below 5 meters (% of total population)","EN.POP.EL5M.RU.ZS","","","","","","","","","","","","","","","","","","","","","","","","","","","","","","","0","","","","","","","","","","0","","","","","","","","","","","","","","","0","","","","","","","","","","",
"Zambia","ZMB","Total greenhouse gas emissions excluding LULUCF (% change from 1990)","EN.GHG.TOT.ZG.AR5","","","","","","","","","","","","","","","","","","","","","","","","","","","","","","","","-6.60863206863296","-3.04524051159536","-5.92280684060237","-9.33743483714803","-11.6230986945367","-13.8967858245977","-16.3362560750373","-6.39115991452399","-8.39253408639633","-11.6873948096646","-4.32107714903462","-8.87475494985534","-5.37692021608537","-3.72476219892715","2.70674037606924","2.71367427083793","-0.604509553015931","5.28551887595261","15.1184120120272","25.6982747209107","24.6771011277034","46.6783492287618","54.7752472563839","61.0428577732112","65.2214749024527","70.5807452045814","84.5966679483866","95.1872466764582","104.179247483311","108.098158735762","115.26150238589","133.918722146229","136.332347879804","142.806084177482","",
"Zambia","ZMB","Nitrous oxide (N2O) emissions from Power Industry (Energy) (Mt CO2e)","EN.GHG.N2O.PI.MT.CE.AR5","","","","","","","","","","","0.0013","0.0013","0.0012","0.0012","0.0012","0.0013","0.0011","0.001","0.0008","0.0006","0.0006","0.0005","0.0005","0.0005","0.0004","0.0005","0.0005","0.0004","0.0005","0.0004","0.0003","0.0003","0.0003","0.0003","0.0002","0.0002","0.0002","0.0002","0.0002","0.0002","0.0012","0.0012","0.0012","0.0012","0.0011","0.0012","0.0011","0.001","0.0009","0.0014","0.0017","0.0017","0.0018","0.0017","0.0024","0.0023","0.0749","0.3043","0.4838","0.3962","0.4492","0.3062","0.4991","0.5768","0.5888","",
"Zambia","ZMB","Nitrous oxide (N2O) emissions from Fugitive Emissions (Energy) (Mt CO2e)","EN.GHG.N2O.FE.MT.CE.AR5","","","","","","","","","","","0.0142","0.014","0.0143","0.0147","0.0151","0.0155","0.0158","0.0161","0.0164","0.0168","0.017","0.0174","0.0178","0.0183","0.0186","0.019","0.0205","0.021","0.0214","0.0217","0.0221","0.0226","0.0232","0.0237","0.0243","0.0247","0.0251","0.0261","0.0272","0.0282","0.0286","0.029","0.03","0.0314","0.0328","0.0343","0.036","0.0377","0.042","0.0446","0.0477","0.0507","0.0543","0.0581","0.0598","0.0621","0.0656","0.0685","0.0748","0.0824","0.0867","0.0934","0.1014","0.1014","0.1014","",
"Zambia","ZMB","Carbon dioxide (CO2) emissions (total) excluding LULUCF (% change from 1990)","EN.GHG.CO2.ZG.AR5","","","","","","","","","","","","","","","","","","","","","","","","","","","","","","","","3.54937762076137","3.6022055667448","-6.05540330835013","-21.1840063393535","-22.1745303265428","-34.4801399940569","-17.4431274144022","-22.5971538944101","-36.309307623733","-35.5433024069733","-35.0282299336349","-31.7264833096708","-26.0672895961964","-23.9475682636115","-18.3312972562486","-20.4642255753294","-27.7346716412983","-13.9003532868888","-5.07808630765676","6.07191204146993","14.1479842836861","42.6123419288804","56.3641166176908","81.797470862086","93.0861425694192","108.888301911711","165.407600620728","200.561296926074","198.279790008915","214.689470730016","219.615676692971","249.03423911249","275.032192029584","282.117740284611","",
"Zambia","ZMB","Carbon intensity of GDP (kg CO2e per constant 2015 US$ of GDP)","EN.GHG.CO2.RT.GDP.KD","","","","","","","","","","","0.686825437837588","0.716601082690777","0.725628147774993","0.784890688310512","0.744681687518436","0.789170191271559","0.7435421123041","0.706354045501141","0.668590651437149","0.626712436101186","0.607486321873338","0.526366247327925","0.524504892803353","0.52028155094055","0.512487216169267","0.505052739896659","0.51635001310038","0.497721777025783","0.508178936872143","0.531225847696681","0.442737764889936","0.458617914207093","0.466934154838903","0.396458998873735","0.364011864763106","0.34931513133858","0.276865125634483","0.336041233621703","0.316282222125309","0.248687411169693","0.242237583061211","0.231846335578853","0.233123753067923","0.236053531174482","0.226867212329813","0.227182725138917","0.205043424822112","0.171939093563007","0.190078256579918","0.191864222558006","0.19438349814117","0.198148047631668","0.23007898983976","0.240120772104974","0.266662319984334","0.275184242642368","0.286930767830487","0.352149842379731","0.383327379102389","0.375012531479989","0.40697818369265","0.389089657068968","0.403856962135355","0.411831526206871","0.404172737074949","",
"Zambia","ZMB","Carbon dioxide (CO2) net fluxes from LULUCF - Organic Soil (Mt CO2e)","EN.GHG.CO2.LU.OS.MT.CE.AR5","","","","","","","","","","","","","","","","","","","","","","","","","","","","","","","","","","","","","","","","","0","0","0","0","0","0","0","0","0","0","0","0","0","0","0","0","0","0","0","0","0","","","","","",
"Zambia","ZMB","Carbon dioxide (CO2) net fluxes from LULUCF - Deforestation (Mt CO2e)","EN.GHG.CO2.LU.DF.MT.CE.AR5","","","","","","","","","","","","","","","","","","","","","","","","","","","","","","","","","","","","","","","","","29.0212","29.0269","29.0325","29.0382","29.0438","29.0495","30.3653","31.6812","32.997","34.3129","35.6287","31.7075","31.7075","31.7075","31.7075","31.7075","31.7075","31.7075","31.7075","31.7075","31.7075","31.7075","31.7075","31.7075","","",
"Zambia","ZMB","Carbon dioxide (CO2) emissions from Building (Energy) (Mt CO2e)","EN.GHG.CO2.BU.MT.CE.AR5","","","","","","","","","","","0.2674","0.2674","0.2961","0.3274","0.3268","0.346","0.3744","0.3294","0.2903","0.3002","0.3614","0.3388","0.314","0.2945","0.3241","0.2922","0.2722","0.3163","0.3523","0.4902","0.3376","0.2431","0.2543","0.2198","0.2042","0.2896","0.2273","0.2407","0.2104","0.183","0.18","0.1831","0.192","0.1981","0.1971","0.2021","0.1869","0.155","0.2175","0.1798","0.2009","0.2048","0.2391","0.3754","0.2799","0.2781","0.2731","0.3736","0.4258","0.3119","0.3724","0.292","0.4543","0.4632","0.4714","",
"Zambia","ZMB","Methane (CH4) emissions from Transport (Energy) (Mt CO2e)","EN.GHG.CH4.TR.MT.CE.AR5","","","","","","","","","","","0.0055","0.0054","0.0058","0.0062","0.0056","0.006","0.0064","0.0055","0.005","0.0045","0.0053","0.0051","0.0045","0.0045","0.0047","0.0044","0.0042","0.0048","0.0056","0.0045","0.0046","0.0061","0.0057","0.0042","0.0053","0.0057","0.0041","0.0052","0.0049","0.0046","0.0049","0.0052","0.0054","0.0058","0.0063","0.0067","0.007","0.0053","0.0057","0.0068","0.0072","0.008","0.0099","0.0107","0.0122","0.0145","0.0141","0.0129","0.0122","0.0125","0.0125","0.0158","0.015","0.0153","0.0155","",
"Zambia","ZMB","Methane (CH4) emissions from Industrial Combustion (Energy) (Mt CO2e)","EN.GHG.CH4.IC.MT.CE.AR5","","","","","","","","","","","0.0206","0.0206","0.0217","0.0223","0.0219","0.0225","0.0227","0.0223","0.0228","0.0224","0.0229","0.0225","0.0232","0.0235","0.0237","0.0244","0.0254","0.0256","0.0266","0.0269","0.0267","0.0274","0.0281","0.0285","0.028","0.028","0.0284","0.0298","0.0304","0.0311","0.0174","0.0188","0.0214","0.024","0.0244","0.0214","0.0218","0.0226","0.0239","0.0262","0.028","0.0297","0.0319","0.0329","0.0353","0.0354","0.0353","0.0368","0.0377","0.0449","0.0484","0.0534","0.0532","0.0538","0.0539","",
"Zambia","ZMB","Total greenhouse gas emissions excluding LULUCF per capita (t CO2e/capita)","EN.GHG.ALL.PC.CE.AR5","","","","","","","","","","","2.33247518695112","2.3266948413346","2.38931094395236","2.41931591111731","2.39413754097365","2.38170243959723","2.3938138068782","2.27435086978169","2.17308092730708","2.07369745129736","2.0226672041053","1.95698385954615","2.34574389141165","2.26345619631163","1.98776990771204","2.15011075876798","2.17350075596106","2.03595130882087","2.01891647635643","2.08198053659298","2.03747182985625","1.85622020509544","1.88108131906838","1.78225946960808","1.67704627734974","1.59578627377042","1.5170390489705","1.43687446973134","1.56607899596811","1.49206288908476","1.39853424427392","1.47005598446904","1.35765113074828","1.36668367688357","1.34705708967157","1.39037048016528","1.34338008993406","1.25492187279274","1.28271134333191","1.35374154147816","1.42785906564375","1.3699390128521","1.56026410473266","1.594499953471","1.60726604033956","1.59831439417153","1.59988312932697","1.67903576105478","1.72279083803556","1.74956690505951","1.73210639687146","1.74199064488489","1.84137419566318","1.80911326572883","1.80713485873487","",
"Zambia","ZMB","Net official flows from UN agencies, SPRP (current US$)","DT.NFL.SPRP.CD","","","","","","","","","","","","","","","","","","","","","","","","","","","","","","","","","","","","","","","","","","","","","","","","","","","","","","","","","","","","","","260300.010442734","54340.0011956692","56804.9997091293","","",
"Zambia","ZMB","PPG, private creditors (NFL, US$)","DT.NFL.PRVT.CD","","","","","","","","","","","311767000","-24011000","13239000","-75681000","-35755000","227281000","39676000","-17523000","-104380000","26252000","140942000","16175000","61784000","35117000","37886000","4108000","113492000","-38962000","-32719000","10121000","-11250000","-9044000","-23460000","-38677000","-27381000","-39286000","-31127000","-6060000","-50295000","-3527000","-822000","-1775000","16084000","-124178000","-2802000","-19898000","-1824000","19622000","28940000","8907000","-1364000","-4111000","879426000","85925000","1029283000","1316260000","68021000","1432424000","842470000","969940000","522929000","-36646000","-223063000","-64217000","-371710000","",
"Zambia","ZMB","Commercial banks and other lending (PPG + PNG) (NFL, current US$)","DT.NFL.PCBO.CD","","","","","","","","","","","","","","","","","34676000","40751000","-128954000","4582000","119143000","-18270000","55283000","32117000","37886000","","","-38962000","-32719000","10121000","-9302000","-7094000","","","-26981000","-39286000","-28628000","-9560000","-34295000","40782000","-9013000","87720000","77693000","-96408000","","18830000","218744000","","","","","","120013000","380687000","1538048000","1144992000","2974267000","7320590000","3885627000","3559388000","477144000","-1270751000","-601658000","-153896000","-1136502000","",
"Zambia","ZMB","IFC, private nonguaranteed (NFL, US$)","DT.NFL.NIFC.CD","","","","","","","","","","","0","0","0","0","0","0","0","0","0","0","0","0","0","0","0","0","0","0","0","0","0","0","0","0","0","0","0","0","0","0","0","19465800","-19573500","-3843600","-3460300","-3190851.2","-4952818.3","-233981.69","4724300.23","-496930.94","-1193861.4","30622281.42","27477853.23","-6845081","1368056","-8915965","-10493820","-10909401","11300207","26564094","-1249027","89636669","29044727","3828100.92","-21356142.43","",
"Zambia","ZMB","Net financial flows, IBRD (NFL, current US$)","DT.NFL.MIBR.CD","","","","","","","","","","","1396000","3259000","9233000","20224000","44156000","45506000","69675000","39883000","27013000","15157000","10140000","873000","1201000","-2466000","-4144000","26033000","13554000","-3762000","297000","-20000","-4919000","-167535000","-70885000","-51441000","-54917000","-50042000","-47141000","-34481000","-21085000","-8657000","-7752000","-7751000","-6432000","-7194000","-3283000","","","","","","","","","","","","","","","","","","","","","",
"Zambia","ZMB","Net official flows from UN agencies, IFAD (current US$)","DT.NFL.IFAD.CD","","","","","","","","","","","","","","","","","","","","","","","310000.002384186","959999.978542328","1269999.98092651","2150000.09536743","3420000.07629395","4119999.88555908","2539999.96185303","4079999.92370605","4789999.96185303","2720000.02861023","1809999.94277954","2839999.91416931","4940000.05722046","3339999.91416931","3920000.07629395","4429999.82833862","2849999.90463257","1190000.05722046","1889999.98569489","2019999.98092651","1370000.00476837","3480000.01907349","3180000.0667572","2829999.92370605","4480000.01907349","1429999.94754791","939999.997615814","1389999.98569489","1710000.03814697","3029999.97138977","6380000.11444092","6309999.94277954","3319999.9332428","8756496.42944336","7943941.11633301","10782348.6328125","8664139.74761963","8416408.53881836","2708098.88839722","-1350999.95136261","-1177909.97028351","-2798490.04745483","","",
"Zambia","ZMB","Net official flows from UN agencies, CERF (current US$)","DT.NFL.CERF.CD","","","","","","","","","","","","","","","","","","","","","","","","","","","","","","","","","","","","","","","","","","","","","","","","","","","","","","","","","","","6559780.12084961","7988674.16381836","","","","","","",
"Zambia","ZMB","Present value of external debt (% of exports of goods, services and primary income)","DT.DOD.PVLX.EX.ZS","","","","","","","","","","","","","","","","","","","","","","","","","","","","","","","","","","","","","","","","","","","","","","","","","","","","","","","","","","","","","","","","","105.959085330302","",
"Zambia","ZMB","PPG, IBRD (DOD, current US$)","DT.DOD.MIBR.CD","","","","","","","","","","","61433000","64692000","73925000","94149000","138305000","183811000","253486000","293369000","320382000","335539000","345680000","346553000","347754000","345288000","287245000","369773000","460356000","554922000","507838000","501008000","539155000","373065000","288918000","240048000","201044000","163129000","105245000","62419000","41358000","32518000","24686000","16903000","10477000","3283000","0","","","","","","","","","","","","","","","","","","","","","",
"Zambia","ZMB","External debt stocks, short-term (DOD, current US$)","DT.DOD.DSTC.CD","","","","","","","","","","","160000000","168000000","185000000","201000000","234000000","331261031.5","373311539.2","646729839.5","649829891.3","651606387.2","586285244","610721373.8","647303218.3","509893533.7","445249584.2","669959205.3","1039723701.1","1147304287.8","1438591719.7","1549784179","1413169344.3","1341999681.3","1333225827.1","1296284029.3","809911732.8","414702311","476486271.5","257918683.4","328091423.3","109767515.2","76268923","141025235.2","91722396.2","89147742.9","136873000","234348000","423443963.7","552190947.6","648153732.5","446167516.4","1150106702","527343529.9","821343538.6","748911538.6","818371538.6","739002504.2","761516504.2","900304500","621772504.2","839288074.8","729764201.7","1416094285.6","2724376208.2","3409245499.1","2792341916.4","",
"Zambia","ZMB","Use of IMF credit (DOD, current US$)","DT.DOD.DIMF.CD","","","","","","","","","","","0","20617443","41245743","68740672","69778556","88891251","110629452.6","115688980.4","317867732.1","451899517.9","447384518.4","780483733.2","682081117.8","710379098.5","738870817.6","800686933","858205844.8","991355352","940375160","900203542.5","948559977.6","917809696.9","846491250","777215163.2","804692652","1238888343","1198441902.6","1138000591.4","1187577586.9","1265083604.7","1226989434.3","1068048328","1107841579.1","960220440.3","996373943.8","688756637.4","144136564","194878010.2","200709503.2","1080248955.7","1116999952.4","1136719304.5","1126101994.7","1110335573.6","1011128271.4","906917705.6","812764161.2","793620163.5","714790372.9","666541290.5","678334761.6","1968805852.5","2058253693.4","2450342125.8","3129346680.7","",
"Zambia","ZMB","Net ODA provided, total (% of GNI)","DC.ODA.TOTL.GN.ZS","","","","","","","","","","","","","","","","","","","","","","","","","","","","","","","","","","","","","","","","","","","","","","","","","","","","","","","","","","","","","","","","","","",
"Zambia","ZMB","Net bilateral aid flows from DAC donors, United States (current US$)","DC.DAC.USAL.CD","","","","","","740000.009536743","899999.976158142","1039999.96185303","699999.988079071","1000000","1000000","","","","","1000000","5000000","16000000","35000000","43000000","41000000","31000000","22000000","23000000","40000000","36000000","38000000","34000000","18000000","18000000","12000000","22000000","71000000","34000000","13000000","21000000","18000000","48000000","12060000.4196167","26579999.9237061","46080001.8310547","29040000.9155273","48290000.9155273","63599998.4741211","81769996.6430664","110790000.915527","309910003.662109","165289993.286133","226490005.493164","231860000.610352","228199996.948242","275119995.117188","302769989.013672","312820007.324219","321059997.558594","266803863.525391","367970581.054688","495148773.193359","479139678.955078","318409790.039063","391790283.203125","399980529.785156","408518035.888672","433694976.806641","","",
"Zambia","ZMB","Net bilateral aid flows from DAC donors, Slovak Republic (current US$)","DC.DAC.SVKL.CD","","","","","","","","","","","","","","","","","","","","","","","","","","","","","","","","","","","","","","","","","","","","","","","","","","","","","","","","","","","","","","","","","","",
"Zambia","ZMB","Net bilateral aid flows from DAC donors, Norway (current US$)","DC.DAC.NORL.CD","","","","","","","79999.9982118607","70000.0002980232","140000.000596046","289999.99165535","689999.997615814","980000.019073486","1120000.00476837","4530000.20980835","2640000.10490417","4750000","6070000.17166138","7610000.1335144","6920000.07629395","8779999.73297119","10539999.961853","8680000.30517578","13819999.6948242","16129999.1607666","15970000.2670288","16680000.3051758","28709999.0844727","31940000.5340576","40240001.6784668","34939998.626709","55290000.9155273","51569999.6948242","50360000.6103516","33200000.7629395","51189998.626709","35130001.0681152","30569999.6948242","37220001.2207031","31840000.1525879","27350000.3814697","24790000.9155273","20809999.4659424","29049999.2370605","35599998.4741211","37360000.6103516","48970001.2207031","66220001.2207031","74419998.1689453","73269996.6430664","62689998.626709","54049999.2370605","79129997.253418","51922920.2270508","49398651.1230469","30199928.2836914","22270282.7453613","14341143.6080933","12090586.6622925","9798973.08349609","7432441.23458862","5363213.06228638","5513582.22961426","11126558.303833","7555815.21987915","","",
"Zambia","ZMB","Imports of goods and services (BoP, current US$)","BM.GSR.GNFS.CD","","","","","","","","","","","","","","","","","","","1025600000","1212000000","1765200000","1649800000","1412100000","1045100000","902600000","825900000","716600000","808300000","976300000","1217500000","1897100000","1115000000","","","","","","1337700000","1249000000","1175800000","1312316600","1619556600","1578790000","1795930000","2174240000","2572990325.18478","3149843595.29869","4445537592.36969","5388979619.65286","4085167299.60803","5598012630.49268","7547243922.23079","9259477682.3266","11011598621.021","10239182724.3448","8868614491.02059","7931819712.60709","8729620525.82598","10193025254.9984","8035710383.23166","5866195530.55967","7690766017.7572","10021919595.375","10880246970.7807","12057918299.2845","",
"Zambia","ZMB","Cereal yield (kg per hectare)","AG.YLD.CREL.KG","","822.2","801.4","706.9","788.9","823.5","878","869.6","785.2","774","624.4","876.3","1007.1","838.7","967.7","1311.1","1375.7","1504.7","1515.4","1529.1","1567.5","1930.6","1572.1","1651.2","1646.1","1842.8","1930.6","1610.3","2457.4","1717.3","1351.9","1640.6","763.1","2302.9","1417.5","1331.4","1911.7","1413.4","1211.2","1323.6","1682.3","1403.7","1629.6","1721.2","1825.3","1905.4","2145.9","2258.6","2188","2072.2","2540.9","2745.1","2708.8","2596.1","2774.9","3026.4","2432.2","2489.9","2168.1","2400.4","2481.6","2525","2457.4","2343.8","","",
"Zambia","ZMB","Crop production index (2014-2016 = 100)","AG.PRD.CROP.XD","","17.38","17.26","16.74","18.12","18.55","20.56","20.51","20.69","21.22","19.9","25.06","29.76","25.14","26.72","32.47","37.15","34.7","30.58","25.06","26.21","26.76","24.26","27.7","29.16","31.98","34.25","33.34","45.72","45.56","36.46","38.97","29.21","46.84","39.4","34.49","45.03","39.83","36.63","46.37","44.27","43.34","43.37","53.25","56.6","59.87","61.77","59.92","60.88","80.37","94.21","102.95","103.38","95.67","102.67","91.35","105.97","128.94","117.61","107.69","129.22","136.31","123.04","","","",
"Zambia","ZMB","Land area (sq. km)","AG.LND.TOTL.K2","","743390","743390","743390","743390","743390","743390","743390","743390","743390","743390","743390","743390","743390","743390","743390","743390","743390","743390","743390","743390","743390","743390","743390","743390","743390","743390","743390","743390","743390","743390","743390","743390","743390","743390","743390","743390","743390","743390","743390","743390","743390","743390","743390","743390","743390","743390","743390","743390","743390","743390","743390","743390","743390","743390","743390","743390","743390","743390","743390","743390","743390","743390","743390","","",
"Zambia","ZMB","Forest area (sq. km)","AG.LND.FRST.K2","","","","","","","","","","","","","","","","","","","","","","","","","","","","","","","474120","473762","473404","473046","472688","472330","471972","471614","471256","470898","470540","470182","469824","469466","469108","468750","468392","468034","467676","467318","466960","465078.2","463196.4","461314.6","459432.8","457551","455668","453786.7","451904.6","450022.4","448140.3","446258.133","444376.011","442493.859","","",
"Zambia","ZMB","Rural land area where elevation is below 5 meters (% of total land area)","AG.LND.EL5M.RU.ZS","","","","","","","","","","","","","","","","","","","","","","","","","","","","","","","0","","","","","","","","","","0","","","","","","","","","","","","","","","0","","","","","","","","","","",
"Zambia","ZMB","Arable land (% of land area)","AG.LND.ARBL.ZS","","3.42888658712116","3.43292215391652","3.46520668827937","3.49883641157401","3.50287197836936","3.57551218068578","3.59434482573077","3.63873606047969","3.67774653950147","3.71675701852325","3.89028639072358","3.90373828004143","3.91719016935929","3.95485545944928","3.9346776254725","3.90508346897322","3.87548931247394","3.66160427232005","3.10200567669729","3.13698058892371","3.2123111691037","3.28764174928369","3.36297232946367","3.43830290964366","3.51363348982365","3.58761888107185","3.66294946125183","3.73828004143182","3.88894120179179","3.88894120179179","3.70599550706897","3.73828004143182","3.7396252303636","3.83378845558859","3.82571732199788","3.82571732199788","3.82571732199788","3.82571732199788","3.82571732199788","3.82571732199788","3.66160427232005","3.47327782187008","3.86607298995144","3.84993072277001","3.66833021697897","4.05305425146962","3.96696215983535","4.10551661980925","4.77542070783842","4.5736423680706","4.84268015442769","5.11171794078478","4.97719904760624","4.97719904760624","4.97719904760624","4.97719904760624","5.11171794078478","5.11171794078478","5.11171794078478","5.11171794078478","5.11171794078478","5.11171794078478","5.11171794078478","","",
"Zambia","ZMB","Agricultural land (sq. km)","AG.LND.AGRI.K2","","193070","193600","194040","194590","195130","196070","196610","197350","198040","198740","200530","200930","201440","202020","202370","202650","202740","201550","197800","198460","199530","200390","201360","202220","203290","204240","205210","206170","207600","208110","208260","210650","212020","214730","216530","218340","220070","221740","223540","225260","225550","226160","229090","228970","227620","230480","229840","230870","235860","234360","236360","238360","237370","237380","237390","237390","238390","238390","238390","238390","238390","238390","238390","","",
